$Date,$Time,DeltaTPid.Pid_SP
06/22/16,08:00:00,8,204163
06/22/16,08:01:00,15,94242
06/22/16,08:02:00,17,23821
06/22/16,08:03:00,18,09635
06/22/16,08:04:00,19,54125
06/22/16,08:05:00,16,93667
06/22/16,08:06:00,17,34782
06/22/16,08:07:00,17,95719
06/22/16,08:08:00,17,15644
06/22/16,08:09:00,16,79125
06/22/16,08:10:00,17,06664
06/22/16,08:11:00,17,33862
06/22/16,08:12:00,17,40679
06/22/16,08:13:00,16,90189
06/22/16,08:14:00,16,78797
06/22/16,08:15:00,16,58628
06/22/16,08:16:00,17,38779
06/22/16,08:17:00,17,72891
06/22/16,08:18:00,16,8319
06/22/16,08:19:00,17,27253
06/22/16,08:20:00,17,4262
06/22/16,08:21:00,17,24719
06/22/16,08:22:00,16,85353
06/22/16,08:23:00,17,89985
06/22/16,08:24:00,17,28824
06/22/16,08:25:00,16,59511
06/22/16,08:26:00,16,84564
06/22/16,08:27:00,17,02014
06/22/16,08:28:00,16,83736
06/22/16,08:29:00,16,51426
06/22/16,08:30:00,7,112101
06/22/16,08:31:00,0
06/22/16,08:32:00,0
06/22/16,08:33:00,0
06/22/16,08:34:00,0
06/22/16,08:35:00,0
06/22/16,08:36:00,0
06/22/16,08:37:00,0
06/22/16,08:38:00,0
06/22/16,08:39:00,0
06/22/16,08:40:00,0
06/22/16,08:41:00,0
06/22/16,08:42:00,0
06/22/16,08:43:00,0
06/22/16,08:44:00,0
06/22/16,08:45:00,0
06/22/16,08:46:00,13,91263
06/22/16,08:47:00,17,86923
06/22/16,08:48:00,16,83977
06/22/16,08:49:00,17,20916
06/22/16,08:50:00,17,66067
06/22/16,08:51:00,17,58919
06/22/16,08:52:00,16,99238
06/22/16,08:53:00,17,98838
06/22/16,08:54:00,17,37364
06/22/16,08:55:00,17,83973
06/22/16,08:56:00,17,3663
06/22/16,08:57:00,16,83537
06/22/16,08:58:00,16,51804
06/22/16,08:59:00,17,69257
06/22/16,09:00:00,17,51108
06/22/16,09:01:00,17,15205
06/22/16,09:02:00,16,67454
06/22/16,09:03:00,17,31388
06/22/16,09:04:00,16,83808
06/22/16,09:05:00,17,00486
06/22/16,09:06:00,16,7269
06/22/16,09:07:00,17,36723
06/22/16,09:08:00,17,14229
06/22/16,09:09:00,17,22411
06/22/16,09:10:00,15,26278
06/22/16,09:11:00,15,71509
06/22/16,09:12:00,17,24355
06/22/16,09:13:00,16,80001
06/22/16,09:14:00,17,19854
06/22/16,09:15:00,17,55503
06/22/16,09:16:00,17,37849
06/22/16,09:17:00,17,42086
06/22/16,09:18:00,17,96425
06/22/16,09:19:00,17,45164
06/22/16,09:20:00,17,49707
06/22/16,09:21:00,17,99913
06/22/16,09:22:00,16,84786
06/22/16,09:23:00,17,19076
06/22/16,09:24:00,17,33092
06/22/16,09:25:00,16,92306
06/22/16,09:26:00,17,05726
06/22/16,09:27:00,17,5517
06/22/16,09:28:00,17,45582
06/22/16,09:29:00,17,16071
06/22/16,09:30:00,17,55797
06/22/16,09:31:00,17,64491
06/22/16,09:32:00,16,45722
06/22/16,09:33:00,16,79125
06/22/16,09:34:00,17,42417
06/22/16,09:35:00,17,09103
06/22/16,09:36:00,16,65531
06/22/16,09:37:00,17,11236
06/22/16,09:38:00,17,01702
06/22/16,09:39:00,16,8729
06/22/16,09:40:00,16,94924
06/22/16,09:41:00,16,34458
06/22/16,09:42:00,17,11365
06/22/16,09:43:00,17,32078
06/22/16,09:44:00,17,096
06/22/16,09:45:00,17,26706
06/22/16,09:46:00,17,61773
06/22/16,09:47:00,17,4972
06/22/16,09:48:00,17,55467
06/22/16,09:49:00,17,67067
06/22/16,09:50:00,17,5992
06/22/16,09:51:00,17,07412
06/22/16,09:52:00,15,90538
06/22/16,09:53:00,16,36304
06/22/16,09:54:00,16,71584
06/22/16,09:55:00,16,83669
06/22/16,09:56:00,16,81833
06/22/16,09:57:00,16,69382
06/22/16,09:58:00,16,6834
06/22/16,09:59:00,16,53985
06/22/16,10:00:00,17,3858
06/22/16,10:01:00,17,59477
06/22/16,10:02:00,16,71773
06/22/16,10:03:00,6,114253
06/22/16,10:04:00,0
06/22/16,10:05:00,0
06/22/16,10:06:00,0
06/22/16,10:07:00,0
06/22/16,10:08:00,0
06/22/16,10:09:00,0
06/22/16,10:10:00,0
06/22/16,10:11:00,0
06/22/16,10:12:00,0
06/22/16,10:13:00,0
06/22/16,10:14:00,0
06/22/16,10:15:00,0
06/22/16,10:16:00,0
06/22/16,10:17:00,1,399626
06/22/16,10:18:00,13,19222
06/22/16,10:19:00,15,69496
06/22/16,10:20:00,16,2992
06/22/16,10:21:00,17,24072
06/22/16,10:22:00,16,9143
06/22/16,10:23:00,16,30999
06/22/16,10:24:00,16,56464
06/22/16,10:25:00,16,18183
06/22/16,10:26:00,16,1313
06/22/16,10:27:00,15,94266
06/22/16,10:28:00,16,44821
06/22/16,10:29:00,17,19535
06/22/16,10:30:00,17,37266
06/22/16,10:31:00,16,8613
06/22/16,10:32:00,16,28294
06/22/16,10:33:00,16,54519
06/22/16,10:34:00,15,93758
06/22/16,10:35:00,16,02828
06/22/16,10:36:00,16,25355
06/22/16,10:37:00,17,03968
06/22/16,10:38:00,17,27854
06/22/16,10:39:00,16,21508
06/22/16,10:40:00,16,7794
06/22/16,10:41:00,17,10272
06/22/16,10:42:00,16,68049
06/22/16,10:43:00,17,11643
06/22/16,10:44:00,17,80224
06/22/16,10:45:00,16,82375
06/22/16,10:46:00,16,44651
06/22/16,10:47:00,15,14894
06/22/16,10:48:00,17,28068
06/22/16,10:49:00,17,59005
06/22/16,10:50:00,16,38751
06/22/16,10:51:00,16,27848
06/22/16,10:52:00,16,39636
06/22/16,10:53:00,15,53027
06/22/16,10:54:00,15,50859
06/22/16,10:55:00,16,057
06/22/16,10:56:00,16,23496
06/22/16,10:57:00,16,26327
06/22/16,10:58:00,16,07776
06/22/16,10:59:00,16,82867
06/22/16,11:00:00,16,02091
06/22/16,11:01:00,17,22115
06/22/16,11:02:00,17,20199
06/22/16,11:03:00,17,45455
06/22/16,11:04:00,17,66467
06/22/16,11:05:00,16,56172
06/22/16,11:06:00,16,36619
06/22/16,11:07:00,15,85919
06/22/16,11:08:00,15,89671
06/22/16,11:09:00,15,87192
06/22/16,11:10:00,15,70988
06/22/16,11:11:00,17,03369
06/22/16,11:12:00,16,83787
06/22/16,11:13:00,17,01608
06/22/16,11:14:00,16,84336
06/22/16,11:15:00,15,59482
06/22/16,11:16:00,16,36823
06/22/16,11:17:00,16,00387
06/22/16,11:18:00,15,24223
06/22/16,11:19:00,15,25834
06/22/16,11:20:00,14,647
06/22/16,11:21:00,14,22267
06/22/16,11:22:00,15,01183
06/22/16,11:23:00,14,53598
06/22/16,11:24:00,14,52991
06/22/16,11:25:00,14,73508
06/22/16,11:26:00,15,15857
06/22/16,11:27:00,14,58502
06/22/16,11:28:00,15,0447
06/22/16,11:29:00,15,25611
06/22/16,11:30:00,15,106
06/22/16,11:31:00,15,59453
06/22/16,11:32:00,16,24102
06/22/16,11:33:00,16,13851
06/22/16,11:34:00,15,49671
06/22/16,11:35:00,15,85748
06/22/16,11:36:00,15,54528
06/22/16,11:37:00,15,19943
06/22/16,11:38:00,15,6068
06/22/16,11:39:00,15,72379
06/22/16,11:40:00,15,46635
06/22/16,11:41:00,15,29648
06/22/16,11:42:00,14,40885
06/22/16,11:43:00,14,98916
06/22/16,11:44:00,15,61641
06/22/16,11:45:00,15,31235
06/22/16,11:46:00,15,78946
06/22/16,11:47:00,15,37204
06/22/16,11:48:00,14,99693
06/22/16,11:49:00,15,26925
06/22/16,11:50:00,15,5431
06/22/16,11:51:00,16,12781
06/22/16,11:52:00,15,3254
06/22/16,11:53:00,14,74952
06/22/16,11:54:00,15,18442
06/22/16,11:55:00,15,47968
06/22/16,11:56:00,15,94621
06/22/16,11:57:00,16,8302
06/22/16,11:58:00,15,84688
06/22/16,11:59:00,15,36438
06/22/16,12:00:00,15,50069
06/22/16,12:01:00,14,99509
06/22/16,12:02:00,15,55641
06/22/16,12:03:00,15,26789
06/22/16,12:04:00,15,95347
06/22/16,12:05:00,15,64575
06/22/16,12:06:00,15,35523
06/22/16,12:07:00,14,96914
06/22/16,12:08:00,14,5654
06/22/16,12:09:00,15,43464
06/22/16,12:10:00,15,60536
06/22/16,12:11:00,15,32565
06/22/16,12:12:00,15,84431
06/22/16,12:13:00,16,03812
06/22/16,12:14:00,16,33098
06/22/16,12:15:00,16,30031
06/22/16,12:16:00,15,78849
06/22/16,12:17:00,15,57235
06/22/16,12:18:00,15,62053
06/22/16,12:19:00,15,75931
06/22/16,12:20:00,15,63073
06/22/16,12:21:00,16,00742
06/22/16,12:22:00,15,69274
06/22/16,12:23:00,14,50115
06/22/16,12:24:00,15,94126
06/22/16,12:25:00,16,32624
06/22/16,12:26:00,15,74968
06/22/16,12:27:00,15,42009
06/22/16,12:28:00,15,44656
06/22/16,12:29:00,15,14692
06/22/16,12:30:00,15,32388
06/22/16,12:31:00,15,51642
06/22/16,12:32:00,14,29761
06/22/16,12:33:00,2,212639
06/22/16,12:34:00,0
06/22/16,12:35:00,0
06/22/16,12:36:00,0
06/22/16,12:37:00,0
06/22/16,12:38:00,0
06/22/16,12:39:00,0
06/22/16,12:40:00,0
06/22/16,12:41:00,0
06/22/16,12:42:00,0
06/22/16,12:43:00,4,135774
06/22/16,12:44:00,12,87981
06/22/16,12:45:00,15,55097
06/22/16,12:46:00,14,77641
06/22/16,12:47:00,15,95881
06/22/16,12:48:00,18,09322
06/22/16,12:49:00,16,79878
06/22/16,12:50:00,13,6517
06/22/16,12:51:00,16,35917
06/22/16,12:52:00,16,18141
06/22/16,12:53:00,15,74681
06/22/16,12:54:00,15,49408
06/22/16,12:55:00,15,72485
06/22/16,12:56:00,15,08024
06/22/16,12:57:00,15,7629
06/22/16,12:58:00,16,03199
06/22/16,12:59:00,15,98723
06/22/16,13:00:00,15,86918
06/22/16,13:01:00,15,14793
06/22/16,13:02:00,15,66637
06/22/16,13:03:00,15,38253
06/22/16,13:04:00,16,33703
06/22/16,13:05:00,15,48176
06/22/16,13:06:00,16,18137
06/22/16,13:07:00,15,98163
06/22/16,13:08:00,15,70823
06/22/16,13:09:00,15,8331
06/22/16,13:10:00,16,00532
06/22/16,13:11:00,15,18172
06/22/16,13:12:00,15,58151
06/22/16,13:13:00,15,23007
06/22/16,13:14:00,15,49082
06/22/16,13:15:00,15,7422
06/22/16,13:16:00,16,07913
06/22/16,13:17:00,16,56686
06/22/16,13:18:00,15,53279
06/22/16,13:19:00,15,23116
06/22/16,13:20:00,15,4277
06/22/16,13:21:00,16,39659
06/22/16,13:22:00,16,33186
06/22/16,13:23:00,16,54355
06/22/16,13:24:00,16,95911
06/22/16,13:25:00,16,32602
06/22/16,13:26:00,16,3167
06/22/16,13:27:00,16,6046
06/22/16,13:28:00,15,71413
06/22/16,13:29:00,15,31346
06/22/16,13:30:00,16,4671
06/22/16,13:31:00,15,89826
06/22/16,13:32:00,16,64051
06/22/16,13:33:00,15,45805
06/22/16,13:34:00,1,978121
06/22/16,13:35:00,0
06/22/16,13:36:00,0
06/22/16,13:37:00,0
06/22/16,13:38:00,0
06/22/16,13:39:00,0
06/22/16,13:40:00,0
06/22/16,13:41:00,0
06/22/16,13:42:00,0
06/22/16,13:43:00,0
06/22/16,13:44:00,0
06/22/16,13:45:00,0
06/22/16,13:46:00,0
06/22/16,13:47:00,0
06/22/16,13:48:00,0
06/22/16,13:49:00,0
06/22/16,13:50:00,0
06/22/16,13:51:00,0
06/22/16,13:52:00,0
06/22/16,13:53:00,0
06/22/16,13:54:00,0
06/22/16,13:55:00,0
06/22/16,13:56:00,0
06/22/16,13:57:00,0
06/22/16,13:58:00,0
06/22/16,13:59:00,0
06/22/16,14:00:00,0
06/22/16,14:01:00,0
06/22/16,14:02:00,0
06/22/16,14:03:00,0
06/22/16,14:04:00,0
06/22/16,14:05:00,0
06/22/16,14:06:00,0
06/22/16,14:07:00,0
06/22/16,14:08:00,0
06/22/16,14:09:00,9,437775
06/22/16,14:10:00,15,40149
06/22/16,14:11:00,15,88853
06/22/16,14:12:00,16,32169
06/22/16,14:13:00,16,74449
06/22/16,14:14:00,16,7197
06/22/16,14:15:00,15,87642
06/22/16,14:16:00,14,82329
06/22/16,14:17:00,15,6037
06/22/16,14:18:00,16,40705
06/22/16,14:19:00,15,58228
06/22/16,14:20:00,15,79244
06/22/16,14:21:00,15,29895
06/22/16,14:22:00,15,44885
06/22/16,14:23:00,15,72093
06/22/16,14:24:00,16,06047
06/22/16,14:25:00,16,15158
06/22/16,14:26:00,16,15623
06/22/16,14:27:00,15,97209
06/22/16,14:28:00,16,03063
06/22/16,14:29:00,16,2205
06/22/16,14:30:00,15,01955
06/22/16,14:31:00,15,72468
06/22/16,14:32:00,16,18124
06/22/16,14:33:00,16,03665
06/22/16,14:34:00,15,73431
06/22/16,14:35:00,15,85358
06/22/16,14:36:00,15,74794
06/22/16,14:37:00,16,55658
06/22/16,14:38:00,15,95181
06/22/16,14:39:00,15,41288
06/22/16,14:40:00,15,97292
06/22/16,14:41:00,16,16723
06/22/16,14:42:00,15,48875
06/22/16,14:43:00,16,09408
06/22/16,14:44:00,16,31491
06/22/16,14:45:00,15,87835
06/22/16,14:46:00,15,35866
06/22/16,14:47:00,15,59017
06/22/16,14:48:00,15,2346
06/22/16,14:49:00,15,50242
06/22/16,14:50:00,15,84339
06/22/16,14:51:00,15,42001
06/22/16,14:52:00,16,22626
06/22/16,14:53:00,15,13077
06/22/16,14:54:00,15,53531
06/22/16,14:55:00,15,69695
06/22/16,14:56:00,15,33442
06/22/16,14:57:00,14,54088
06/22/16,14:58:00,15,16166
06/22/16,14:59:00,16,07784
06/22/16,15:00:00,14,88084
06/22/16,15:01:00,15,34188
06/22/16,15:02:00,15,99638
06/22/16,15:03:00,15,63525
06/22/16,15:04:00,15,91734
06/22/16,15:05:00,5,284525
06/22/16,15:06:00,0
06/22/16,15:07:00,0
06/22/16,15:08:00,0
06/22/16,15:09:00,0
06/22/16,15:10:00,1,020043
06/22/16,15:11:00,13,11921
06/22/16,15:12:00,15,21142
06/22/16,15:13:00,15,83895
06/22/16,15:14:00,15,71165
06/22/16,15:15:00,16,12734
06/22/16,15:16:00,16,61573
06/22/16,15:17:00,15,71986
06/22/16,15:18:00,16,06904
06/22/16,15:19:00,16,08968
06/22/16,15:20:00,16,03662
06/22/16,15:21:00,16,08507
06/22/16,15:22:00,15,73305
06/22/16,15:23:00,4,637464
06/22/16,15:24:00,0
06/22/16,15:25:00,0
06/22/16,15:26:00,0
06/22/16,15:27:00,0
06/22/16,15:28:00,0
06/22/16,15:29:00,0
06/22/16,15:30:00,0
06/22/16,15:31:00,0
06/22/16,15:32:00,0
06/22/16,15:33:00,0
06/22/16,15:34:00,0
06/22/16,15:35:00,0
06/22/16,15:36:00,0
06/22/16,15:37:00,0
06/22/16,15:38:00,0
06/22/16,15:39:00,0
06/22/16,15:40:00,0
06/22/16,15:41:00,0
06/22/16,15:42:00,0
06/22/16,15:43:00,0
06/22/16,15:44:00,0
06/22/16,15:45:00,0
06/22/16,15:46:00,0
06/22/16,15:47:00,0
06/22/16,15:48:00,0
06/22/16,15:49:00,0
06/22/16,15:50:00,0
06/22/16,15:51:00,0
06/22/16,15:52:00,0
06/22/16,15:53:00,0
06/22/16,15:54:00,0
06/22/16,15:55:00,0
06/22/16,15:56:00,0
06/22/16,15:57:00,0
06/22/16,15:58:00,0
06/22/16,15:59:00,0
06/22/16,16:00:00,0
06/22/16,16:01:00,0
06/22/16,16:02:00,0
06/22/16,16:03:00,0
06/22/16,16:04:00,0
06/22/16,16:05:00,9,629737
06/22/16,16:06:00,1,974964
06/22/16,16:07:00,0
06/22/16,16:08:00,0
06/22/16,16:09:00,0
06/22/16,16:10:00,3,873786
06/22/16,16:11:00,12,59052
06/22/16,16:12:00,15,61131
06/22/16,16:13:00,17,50266
06/22/16,16:14:00,17,04961
06/22/16,16:15:00,16,48695
06/22/16,16:16:00,16,83801
06/22/16,16:17:00,16,92294
06/22/16,16:18:00,16,7878
06/22/16,16:19:00,16,466
06/22/16,16:20:00,16,23702
06/22/16,16:21:00,16,57842
06/22/16,16:22:00,17,03626
06/22/16,16:23:00,16,55822
06/22/16,16:24:00,15,82766
06/22/16,16:25:00,15,49764
06/22/16,16:26:00,15,51921
06/22/16,16:27:00,16,20123
06/22/16,16:28:00,17,00024
06/22/16,16:29:00,16,02193
06/22/16,16:30:00,16,66621
06/22/16,16:31:00,17,22832
06/22/16,16:32:00,16,55186
06/22/16,16:33:00,17,05266
06/22/16,16:34:00,16,09129
06/22/16,16:35:00,16,33362
06/22/16,16:36:00,15,93018
06/22/16,16:37:00,16,24378
06/22/16,16:38:00,16,18817
06/22/16,16:39:00,16,62571
06/22/16,16:40:00,16,20397
06/22/16,16:41:00,15,82322
06/22/16,16:42:00,15,94594
06/22/16,16:43:00,16,04285
06/22/16,16:44:00,16,42126
06/22/16,16:45:00,16,39362
06/22/16,16:46:00,17,00394
06/22/16,16:47:00,17,2725
06/22/16,16:48:00,16,3584
06/22/16,16:49:00,15,91378
06/22/16,16:50:00,16,58398
06/22/16,16:51:00,16,89139
06/22/16,16:52:00,16,15738
06/22/16,16:53:00,15,74655
06/22/16,16:54:00,16,06814
06/22/16,16:55:00,15,6932
06/22/16,16:56:00,15,52252
06/22/16,16:57:00,15,44586
06/22/16,16:58:00,15,6863
06/22/16,16:59:00,15,68015
06/22/16,17:00:00,15,64466
06/22/16,17:01:00,15,3597
06/22/16,17:02:00,16,30988
06/22/16,17:03:00,16,19501
06/22/16,17:04:00,16,30791
06/22/16,17:05:00,15,63913
06/22/16,17:06:00,17,3498
06/22/16,17:07:00,15,86971
06/22/16,17:08:00,16,4643
06/22/16,17:09:00,15,90061
06/22/16,17:10:00,15,76919
06/22/16,17:11:00,16,00595
06/22/16,17:12:00,16,13964
06/22/16,17:13:00,16,43492
06/22/16,17:14:00,16,26473
06/22/16,17:15:00,17,03326
06/22/16,17:16:00,15,64129
06/22/16,17:17:00,14,51704
06/22/16,17:18:00,16,24329
06/22/16,17:19:00,15,62905
06/22/16,17:20:00,14,8587
06/22/16,17:21:00,15,14829
06/22/16,17:22:00,15,89876
06/22/16,17:23:00,15,64348
06/22/16,17:24:00,15,40979
06/22/16,17:25:00,15,80045
06/22/16,17:26:00,15,4239
06/22/16,17:27:00,15,54981
06/22/16,17:28:00,15,31922
06/22/16,17:29:00,15,78464
06/22/16,17:30:00,16,16199
06/22/16,17:31:00,15,15774
06/22/16,17:32:00,14,97232
06/22/16,17:33:00,15,7633
06/22/16,17:34:00,15,11748
06/22/16,17:35:00,15,15535
06/22/16,17:36:00,14,69656
06/22/16,17:37:00,14,49733
06/22/16,17:38:00,15,16157
06/22/16,17:39:00,16,72432
06/22/16,17:40:00,16,01459
06/22/16,17:41:00,14,95075
06/22/16,17:42:00,15,77879
06/22/16,17:43:00,15,81675
06/22/16,17:44:00,14,82111
06/22/16,17:45:00,16,29305
06/22/16,17:46:00,15,92971
06/22/16,17:47:00,15,77886
06/22/16,17:48:00,15,31175
06/22/16,17:49:00,15,31377
06/22/16,17:50:00,15,06601
06/22/16,17:51:00,16,15866
06/22/16,17:52:00,16,49871
06/22/16,17:53:00,15,43268
06/22/16,17:54:00,15,0186
06/22/16,17:55:00,14,95031
06/22/16,17:56:00,14,92001
06/22/16,17:57:00,15,47931
06/22/16,17:58:00,15,90448
06/22/16,17:59:00,16,11585
06/22/16,18:00:00,15,96961
06/22/16,18:01:00,15,41406
06/22/16,18:02:00,16,39627
06/22/16,18:03:00,16,62343
06/22/16,18:04:00,16,2525
06/22/16,18:05:00,15,90943
06/22/16,18:06:00,15,82927
06/22/16,18:07:00,16,28227
06/22/16,18:08:00,16,11347
06/22/16,18:09:00,16,33443
06/22/16,18:10:00,16,29003
06/22/16,18:11:00,15,25326
06/22/16,18:12:00,14,69023
06/22/16,18:13:00,15,50719
06/22/16,18:14:00,15,65732
06/22/16,18:15:00,16,13616
06/22/16,18:16:00,15,50745
06/22/16,18:17:00,15,51143
06/22/16,18:18:00,15,2928
06/22/16,18:19:00,15,37749
06/22/16,18:20:00,14,82311
06/22/16,18:21:00,15,01492
06/22/16,18:22:00,15,07807
06/22/16,18:23:00,15,08686
06/22/16,18:24:00,14,94703
06/22/16,18:25:00,15,25174
06/22/16,18:26:00,15,62804
06/22/16,18:27:00,15,29335
06/22/16,18:28:00,15,61399
06/22/16,18:29:00,15,39863
06/22/16,18:30:00,15,21438
06/22/16,18:31:00,14,80502
06/22/16,18:32:00,14,9377
06/22/16,18:33:00,15,28182
06/22/16,18:34:00,15,29316
06/22/16,18:35:00,15,54799
06/22/16,18:36:00,15,79303
06/22/16,18:37:00,17,26228
06/22/16,18:38:00,16,7292
06/22/16,18:39:00,16,42804
06/22/16,18:40:00,16,3518
06/22/16,18:41:00,15,96373
06/22/16,18:42:00,16,28919
06/22/16,18:43:00,16,89741
06/22/16,18:44:00,15,69775
06/22/16,18:45:00,15,34302
06/22/16,18:46:00,14,96808
06/22/16,18:47:00,15,90264
06/22/16,18:48:00,15,74683
06/22/16,18:49:00,16,77031
06/22/16,18:50:00,15,69035
06/22/16,18:51:00,15,79642
06/22/16,18:52:00,15,84459
06/22/16,18:53:00,15,5413
06/22/16,18:54:00,15,19826
06/22/16,18:55:00,16,0486
06/22/16,18:56:00,15,79667
06/22/16,18:57:00,16,61788
06/22/16,18:58:00,16,73153
06/22/16,18:59:00,16,60521
06/22/16,19:00:00,15,92892
06/22/16,19:01:00,16,19905
06/22/16,19:02:00,16,33056
06/22/16,19:03:00,16,54593
06/22/16,19:04:00,16,72063
06/22/16,19:05:00,16,37552
06/22/16,19:06:00,16,15547
06/22/16,19:07:00,16,6155
06/22/16,19:08:00,16,69737
06/22/16,19:09:00,16,32169
06/22/16,19:10:00,15,77555
06/22/16,19:11:00,15,92943
06/22/16,19:12:00,16,48649
06/22/16,19:13:00,16,99901
06/22/16,19:14:00,16,75123
06/22/16,19:15:00,15,94187
06/22/16,19:16:00,16,22443
06/22/16,19:17:00,16,67682
06/22/16,19:18:00,16,53243
06/22/16,19:19:00,16,04621
06/22/16,19:20:00,16,1694
06/22/16,19:21:00,16,07654
06/22/16,19:22:00,16,17686
06/22/16,19:23:00,15,56053
06/22/16,19:24:00,15,53576
06/22/16,19:25:00,16,23628
06/22/16,19:26:00,15,50074
06/22/16,19:27:00,15,64114
06/22/16,19:28:00,16,07119
06/22/16,19:29:00,16,1072
06/22/16,19:30:00,15,0611
06/22/16,19:31:00,14,73425
06/22/16,19:32:00,15,30182
06/22/16,19:33:00,16,31963
06/22/16,19:34:00,14,7734
06/22/16,19:35:00,15,7178
06/22/16,19:36:00,16,11938
06/22/16,19:37:00,15,55366
06/22/16,19:38:00,16,07724
06/22/16,19:39:00,15,30942
06/22/16,19:40:00,15,40361
06/22/16,19:41:00,15,09657
06/22/16,19:42:00,14,98681
06/22/16,19:43:00,15,39822
06/22/16,19:44:00,16,01544
06/22/16,19:45:00,16,74111
06/22/16,19:46:00,16,27724
06/22/16,19:47:00,16,25249
06/22/16,19:48:00,15,96844
06/22/16,19:49:00,16,14399
06/22/16,19:50:00,16,58882
06/22/16,19:51:00,15,84534
06/22/16,19:52:00,15,7126
06/22/16,19:53:00,15,9911
06/22/16,19:54:00,15,51062
06/22/16,19:55:00,15,69099
06/22/16,19:56:00,15,70983
06/22/16,19:57:00,15,37232
06/22/16,19:58:00,15,72305
06/22/16,19:59:00,15,45491
06/22/16,20:00:00,15,91412
06/22/16,20:01:00,15,54644
06/22/16,20:02:00,15,44582
06/22/16,20:03:00,15,43323
06/22/16,20:04:00,15,64956
06/22/16,20:05:00,15,37272
06/22/16,20:06:00,15,03604
06/22/16,20:07:00,16,52718
06/22/16,20:08:00,15,82626
06/22/16,20:09:00,14,48458
06/22/16,20:10:00,16,14186
06/22/16,20:11:00,16,29061
06/22/16,20:12:00,15,79118
06/22/16,20:13:00,16,06576
06/22/16,20:14:00,16,31344
06/22/16,20:15:00,15,82086
06/22/16,20:16:00,16,05633
06/22/16,20:17:00,15,17488
06/22/16,20:18:00,14,97299
06/22/16,20:19:00,15,44289
06/22/16,20:20:00,15,44662
06/22/16,20:21:00,15,77123
06/22/16,20:22:00,15,43305
06/22/16,20:23:00,15,75121
06/22/16,20:24:00,15,57382
06/22/16,20:25:00,15,96811
06/22/16,20:26:00,16,19055
06/22/16,20:27:00,15,05079
06/22/16,20:28:00,15,73681
06/22/16,20:29:00,15,45913
06/22/16,20:30:00,14,90989
06/22/16,20:31:00,14,84682
06/22/16,20:32:00,15,10033
06/22/16,20:33:00,15,35882
06/22/16,20:34:00,15,97765
06/22/16,20:35:00,16,4093
06/22/16,20:36:00,15,84192
06/22/16,20:37:00,15,98259
06/22/16,20:38:00,15,76942
06/22/16,20:39:00,15,95469
06/22/16,20:40:00,16,45375
06/22/16,20:41:00,16,85956
06/22/16,20:42:00,15,97506
06/22/16,20:43:00,16,10973
06/22/16,20:44:00,16,72017
06/22/16,20:45:00,16,15941
06/22/16,20:46:00,15,94986
06/22/16,20:47:00,16,57001
06/22/16,20:48:00,16,02592
06/22/16,20:49:00,15,19203
06/22/16,20:50:00,15,88497
06/22/16,20:51:00,15,85267
06/22/16,20:52:00,15,70768
06/22/16,20:53:00,15,46435
06/22/16,20:54:00,14,86355
06/22/16,20:55:00,15,04798
06/22/16,20:56:00,15,81961
06/22/16,20:57:00,16,24742
06/22/16,20:58:00,16,04286
06/22/16,20:59:00,15,50322
06/22/16,21:00:00,15,48124
06/22/16,21:01:00,15,46548
06/22/16,21:02:00,15,26645
06/22/16,21:03:00,15,83081
06/22/16,21:04:00,15,84321
06/22/16,21:05:00,15,28477
06/22/16,21:06:00,15,34922
06/22/16,21:07:00,14,5541
06/22/16,21:08:00,15,21672
06/22/16,21:09:00,15,07728
06/22/16,21:10:00,14,32757
06/22/16,21:11:00,14,14695
06/22/16,21:12:00,15,75242
06/22/16,21:13:00,15,26835
06/22/16,21:14:00,14,61093
06/22/16,21:15:00,15,40641
06/22/16,21:16:00,15,5671
06/22/16,21:17:00,15,16106
06/22/16,21:18:00,15,37519
06/22/16,21:19:00,15,55037
06/22/16,21:20:00,15,3353
06/22/16,21:21:00,15,33618
06/22/16,21:22:00,14,84679
06/22/16,21:23:00,14,42299
06/22/16,21:24:00,15,31819
06/22/16,21:25:00,15,19805
06/22/16,21:26:00,14,86082
06/22/16,21:27:00,15,04333
06/22/16,21:28:00,15,34085
06/22/16,21:29:00,15,04768
06/22/16,21:30:00,16,80401
06/22/16,21:31:00,15,61509
06/22/16,21:32:00,15,69615
06/22/16,21:33:00,16,67699
06/22/16,21:34:00,16,18395
06/22/16,21:35:00,15,32711
06/22/16,21:36:00,15,89731
06/22/16,21:37:00,17,01086
06/22/16,21:38:00,16,09019
06/22/16,21:39:00,16,31555
06/22/16,21:40:00,17,01917
06/22/16,21:41:00,15,68135
06/22/16,21:42:00,2,986911
06/22/16,21:43:00,0
06/22/16,21:44:00,0
06/22/16,21:45:00,0
06/22/16,21:46:00,0
06/22/16,21:47:00,0
06/22/16,21:48:00,0
06/22/16,21:49:00,0
06/22/16,21:50:00,0
06/22/16,21:51:00,0
06/22/16,21:52:00,0
06/22/16,21:53:00,0
06/22/16,21:54:00,0
06/22/16,21:55:00,0
06/22/16,21:56:00,0
06/22/16,21:57:00,0
06/22/16,21:58:00,0
06/22/16,21:59:00,0
06/22/16,22:00:00,0
06/22/16,22:01:00,0
06/22/16,22:02:00,0
06/22/16,22:03:00,0
06/22/16,22:04:00,0
06/22/16,22:05:00,0
06/22/16,22:06:00,0
06/22/16,22:07:00,0
06/22/16,22:08:00,0
06/22/16,22:09:00,0
06/22/16,22:10:00,0
06/22/16,22:11:00,0
06/22/16,22:12:00,0
06/22/16,22:13:00,0
06/22/16,22:14:00,0
06/22/16,22:15:00,0
06/22/16,22:16:00,0
06/22/16,22:17:00,0
06/22/16,22:18:00,0
06/22/16,22:19:00,0
06/22/16,22:20:00,8,858465
06/22/16,22:21:00,16,50734
06/22/16,22:22:00,17,86482
06/22/16,22:23:00,16,06904
06/22/16,22:24:00,16,36687
06/22/16,22:25:00,16,87423
06/22/16,22:26:00,16,90115
06/22/16,22:27:00,17,22934
06/22/16,22:28:00,16,54912
06/22/16,22:29:00,17,14725
06/22/16,22:30:00,17,21218
06/22/16,22:31:00,16,88214
06/22/16,22:32:00,16,53
06/22/16,22:33:00,16,12549
06/22/16,22:34:00,18,01259
06/22/16,22:35:00,16,52627
06/22/16,22:36:00,16,33159
06/22/16,22:37:00,16,32129
06/22/16,22:38:00,16,42289
06/22/16,22:39:00,14,24205
06/22/16,22:40:00,15,18563
06/22/16,22:41:00,16,59642
06/22/16,22:42:00,16,58864
06/22/16,22:43:00,16,37331
06/22/16,22:44:00,17,08845
06/22/16,22:45:00,16,24538
06/22/16,22:46:00,15,96231
06/22/16,22:47:00,15,88928
06/22/16,22:48:00,15,57047
06/22/16,22:49:00,15,61621
06/22/16,22:50:00,15,96981
06/22/16,22:51:00,15,71927
06/22/16,22:52:00,15,26337
06/22/16,22:53:00,16,14568
06/22/16,22:54:00,16,3427
06/22/16,22:55:00,16,45622
06/22/16,22:56:00,16,06
06/22/16,22:57:00,15,80637
06/22/16,22:58:00,15,4846
06/22/16,22:59:00,16,05527
06/22/16,23:00:00,16,2044
06/22/16,23:01:00,15,93623
06/22/16,23:02:00,15,34478
06/22/16,23:03:00,16,21904
06/22/16,23:04:00,16,66488
06/22/16,23:05:00,16,02589
06/22/16,23:06:00,15,02921
06/22/16,23:07:00,15,82891
06/22/16,23:08:00,16,39099
06/22/16,23:09:00,15,51494
06/22/16,23:10:00,15,6578
06/22/16,23:11:00,16,25925
06/22/16,23:12:00,16,10844
06/22/16,23:13:00,15,52933
06/22/16,23:14:00,15,48757
06/22/16,23:15:00,15,70948
06/22/16,23:16:00,16,43629
06/22/16,23:17:00,17,05457
06/22/16,23:18:00,16,80362
06/22/16,23:19:00,16,15698
06/22/16,23:20:00,15,99836
06/22/16,23:21:00,16,2478
06/22/16,23:22:00,16,87723
06/22/16,23:23:00,16,38694
06/22/16,23:24:00,15,90804
06/22/16,23:25:00,16,32496
06/22/16,23:26:00,15,52049
06/22/16,23:27:00,16,10847
06/22/16,23:28:00,15,84441
06/22/16,23:29:00,16,51627
06/22/16,23:30:00,16,61315
06/22/16,23:31:00,17,17757
06/22/16,23:32:00,16,07146
06/22/16,23:33:00,15,93164
06/22/16,23:34:00,15,46106
06/22/16,23:35:00,15,24443
06/22/16,23:36:00,16,15196
06/22/16,23:37:00,14,86072
06/22/16,23:38:00,14,37458
06/22/16,23:39:00,15,75005
06/22/16,23:40:00,17,07635
06/22/16,23:41:00,16,93259
06/22/16,23:42:00,16,33405
06/22/16,23:43:00,15,3891
06/22/16,23:44:00,15,34599
06/22/16,23:45:00,15,43782
06/22/16,23:46:00,15,27255
06/22/16,23:47:00,15,87888
06/22/16,23:48:00,16,5773
06/22/16,23:49:00,16,59576
06/22/16,23:50:00,16,26446
06/22/16,23:51:00,15,79591
06/22/16,23:52:00,15,67898
06/22/16,23:53:00,15,99401
06/22/16,23:54:00,15,67638
06/22/16,23:55:00,15,67405
06/22/16,23:56:00,14,72719
06/22/16,23:57:00,15,66732
06/22/16,23:58:00,16,51435
06/22/16,23:59:00,16,29482
06/23/16,00:00:00,16,38563
06/23/16,00:01:00,16,62793
06/23/16,00:02:00,15,71228
06/23/16,00:03:00,15,66825
06/23/16,00:04:00,15,99017
06/23/16,00:05:00,15,56387
06/23/16,00:06:00,16,4268
06/23/16,00:07:00,16,73649
06/23/16,00:08:00,15,85829
06/23/16,00:09:00,15,09533
06/23/16,00:10:00,15,64924
06/23/16,00:11:00,16,109
06/23/16,00:12:00,15,73261
06/23/16,00:13:00,16,49255
06/23/16,00:14:00,15,95865
06/23/16,00:15:00,15,09211
06/23/16,00:16:00,15,36668
06/23/16,00:17:00,15,03423
06/23/16,00:18:00,15,24543
06/23/16,00:19:00,16,29511
06/23/16,00:20:00,12,23853
06/23/16,00:21:00,1,043901
06/23/16,00:22:00,0
06/23/16,00:23:00,0
06/23/16,00:24:00,0
06/23/16,00:25:00,0
06/23/16,00:26:00,0
06/23/16,00:27:00,11,40593
06/23/16,00:28:00,16,02107
06/23/16,00:29:00,15,93738
06/23/16,00:30:00,14,8845
06/23/16,00:31:00,15,06429
06/23/16,00:32:00,16,05307
06/23/16,00:33:00,16,12311
06/23/16,00:34:00,15,85463
06/23/16,00:35:00,15,59182
06/23/16,00:36:00,15,36328
06/23/16,00:37:00,16,32691
06/23/16,00:38:00,15,89942
06/23/16,00:39:00,16,06502
06/23/16,00:40:00,16,09341
06/23/16,00:41:00,15,44917
06/23/16,00:42:00,15,22305
06/23/16,00:43:00,15,57521
06/23/16,00:44:00,15,25744
06/23/16,00:45:00,15,25488
06/23/16,00:46:00,16,47751
06/23/16,00:47:00,17,15797
06/23/16,00:48:00,17,29602
06/23/16,00:49:00,17,09112
06/23/16,00:50:00,15,7035
06/23/16,00:51:00,16,07663
06/23/16,00:52:00,16,13475
06/23/16,00:53:00,16,26464
06/23/16,00:54:00,16,7659
06/23/16,00:55:00,16,84519
06/23/16,00:56:00,15,89924
06/23/16,00:57:00,16,50581
06/23/16,00:58:00,16,45591
06/23/16,00:59:00,16,1486
06/23/16,01:00:00,16,1815
06/23/16,01:01:00,15,93576
06/23/16,01:02:00,15,58862
06/23/16,01:03:00,16,40325
06/23/16,01:04:00,17,06408
06/23/16,01:05:00,15,65279
06/23/16,01:06:00,15,4041
06/23/16,01:07:00,16,11778
06/23/16,01:08:00,15,77747
06/23/16,01:09:00,15,6152
06/23/16,01:10:00,15,64271
06/23/16,01:11:00,16,34528
06/23/16,01:12:00,15,89546
06/23/16,01:13:00,17,26073
06/23/16,01:14:00,16,02779
06/23/16,01:15:00,15,5787
06/23/16,01:16:00,16,13726
06/23/16,01:17:00,16,57873
06/23/16,01:18:00,16,39208
06/23/16,01:19:00,16,53677
06/23/16,01:20:00,16,82077
06/23/16,01:21:00,16,6528
06/23/16,01:22:00,17,60339
06/23/16,01:23:00,16,5568
06/23/16,01:24:00,16,1005
06/23/16,01:25:00,16,6246
06/23/16,01:26:00,17,06945
06/23/16,01:27:00,16,08999
06/23/16,01:28:00,15,96509
06/23/16,01:29:00,16,70711
06/23/16,01:30:00,16,52646
06/23/16,01:31:00,16,08358
06/23/16,01:32:00,16,33993
06/23/16,01:33:00,16,33989
06/23/16,01:34:00,17,15003
06/23/16,01:35:00,16,99219
06/23/16,01:36:00,16,53286
06/23/16,01:37:00,16,28891
06/23/16,01:38:00,16,59734
06/23/16,01:39:00,16,76328
06/23/16,01:40:00,17,27667
06/23/16,01:41:00,16,15512
06/23/16,01:42:00,16,6039
06/23/16,01:43:00,16,15462
06/23/16,01:44:00,16,95412
06/23/16,01:45:00,16,58553
06/23/16,01:46:00,16,06326
06/23/16,01:47:00,16,87091
06/23/16,01:48:00,16,38091
06/23/16,01:49:00,16,50399
06/23/16,01:50:00,16,24031
06/23/16,01:51:00,16,39775
06/23/16,01:52:00,16,9641
06/23/16,01:53:00,18,00072
06/23/16,01:54:00,17,88258
06/23/16,01:55:00,15,57433
06/23/16,01:56:00,16,79097
06/23/16,01:57:00,16,60532
06/23/16,01:58:00,16,14758
06/23/16,01:59:00,16,38488
06/23/16,02:00:00,17,68148
06/23/16,02:01:00,16,62157
06/23/16,02:02:00,17,2131
06/23/16,02:03:00,16,86895
06/23/16,02:04:00,16,4298
06/23/16,02:05:00,16,58682
06/23/16,02:06:00,16,68566
06/23/16,02:07:00,16,85508
06/23/16,02:08:00,16,26196
06/23/16,02:09:00,16,28055
06/23/16,02:10:00,16,20694
06/23/16,02:11:00,16,35426
06/23/16,02:12:00,16,39959
06/23/16,02:13:00,16,50767
06/23/16,02:14:00,16,41993
06/23/16,02:15:00,16,21987
06/23/16,02:16:00,16,22046
06/23/16,02:17:00,16,90725
06/23/16,02:18:00,17,23462
06/23/16,02:19:00,15,99346
06/23/16,02:20:00,16,50832
06/23/16,02:21:00,16,81413
06/23/16,02:22:00,16,1623
06/23/16,02:23:00,16,76939
06/23/16,02:24:00,17,19737
06/23/16,02:25:00,16,98137
06/23/16,02:26:00,16,91881
06/23/16,02:27:00,17,13975
06/23/16,02:28:00,16,55721
06/23/16,02:29:00,15,91985
06/23/16,02:30:00,16,40952
06/23/16,02:31:00,15,74545
06/23/16,02:32:00,15,78905
06/23/16,02:33:00,16,58726
06/23/16,02:34:00,16,45651
06/23/16,02:35:00,16,8636
06/23/16,02:36:00,16,8491
06/23/16,02:37:00,15,88807
06/23/16,02:38:00,15,82657
06/23/16,02:39:00,16,78584
06/23/16,02:40:00,16,93093
06/23/16,02:41:00,16,16792
06/23/16,02:42:00,16,75464
06/23/16,02:43:00,16,66664
06/23/16,02:44:00,16,09129
06/23/16,02:45:00,16,62805
06/23/16,02:46:00,17,05899
06/23/16,02:47:00,16,90672
06/23/16,02:48:00,16,56196
06/23/16,02:49:00,17,49262
06/23/16,02:50:00,16,69451
06/23/16,02:51:00,17,14045
06/23/16,02:52:00,15,86265
06/23/16,02:53:00,15,68644
06/23/16,02:54:00,15,84873
06/23/16,02:55:00,16,63204
06/23/16,02:56:00,15,244
06/23/16,02:57:00,16,68835
06/23/16,02:58:00,17,85632
06/23/16,02:59:00,16,44768
06/23/16,03:00:00,16,02418
06/23/16,03:01:00,16,51525
06/23/16,03:02:00,16,52269
06/23/16,03:03:00,16,41818
06/23/16,03:04:00,17,02751
06/23/16,03:05:00,14,96554
06/23/16,03:06:00,15,25006
06/23/16,03:07:00,16,40391
06/23/16,03:08:00,17,14272
06/23/16,03:09:00,16,77896
06/23/16,03:10:00,16,99168
06/23/16,03:11:00,17,13449
06/23/16,03:12:00,17,11941
06/23/16,03:13:00,17,05372
06/23/16,03:14:00,16,92838
06/23/16,03:15:00,16,12631
06/23/16,03:16:00,15,98271
06/23/16,03:17:00,16,11507
06/23/16,03:18:00,17,08895
06/23/16,03:19:00,16,99161
06/23/16,03:20:00,17,35652
06/23/16,03:21:00,16,64736
06/23/16,03:22:00,16,65524
06/23/16,03:23:00,16,79515
06/23/16,03:24:00,17,21953
06/23/16,03:25:00,17,31172
06/23/16,03:26:00,17,12981
06/23/16,03:27:00,15,84983
06/23/16,03:28:00,16,41585
06/23/16,03:29:00,16,54648
06/23/16,03:30:00,15,92014
06/23/16,03:31:00,15,65316
06/23/16,03:32:00,17,4303
06/23/16,03:33:00,18,31432
06/23/16,03:34:00,17,3289
06/23/16,03:35:00,17,2427
06/23/16,03:36:00,16,6638
06/23/16,03:37:00,15,79152
06/23/16,03:38:00,16,43572
06/23/16,03:39:00,17,01676
06/23/16,03:40:00,16,97211
06/23/16,03:41:00,17,19164
06/23/16,03:42:00,16,76917
06/23/16,03:43:00,16,53023
06/23/16,03:44:00,16,59974
06/23/16,03:45:00,16,39925
06/23/16,03:46:00,16,03195
06/23/16,03:47:00,16,46337
06/23/16,03:48:00,16,87243
06/23/16,03:49:00,14,96095
06/23/16,03:50:00,6,068941
06/23/16,03:51:00,0
06/23/16,03:52:00,0
06/23/16,03:53:00,0
06/23/16,03:54:00,0
06/23/16,03:55:00,0
06/23/16,03:56:00,7,408787
06/23/16,03:57:00,14,13902
06/23/16,03:58:00,16,68853
06/23/16,03:59:00,16,85461
06/23/16,04:00:00,16,29699
06/23/16,04:01:00,17,15026
06/23/16,04:02:00,17,49152
06/23/16,04:03:00,16,83518
06/23/16,04:04:00,16,91385
06/23/16,04:05:00,17,83619
06/23/16,04:06:00,17,06156
06/23/16,04:07:00,15,70718
06/23/16,04:08:00,16,45788
06/23/16,04:09:00,17,26245
06/23/16,04:10:00,16,95922
06/23/16,04:11:00,16,96074
06/23/16,04:12:00,16,26666
06/23/16,04:13:00,16,98329
06/23/16,04:14:00,16,55433
06/23/16,04:15:00,16,56824
06/23/16,04:16:00,17,24123
06/23/16,04:17:00,16,73161
06/23/16,04:18:00,16,64569
06/23/16,04:19:00,17,26604
06/23/16,04:20:00,16,54109
06/23/16,04:21:00,16,92087
06/23/16,04:22:00,17,31325
06/23/16,04:23:00,16,84199
06/23/16,04:24:00,17,75496
06/23/16,04:25:00,17,24859
06/23/16,04:26:00,17,00962
06/23/16,04:27:00,17,28497
06/23/16,04:28:00,17,38046
06/23/16,04:29:00,17,2291
06/23/16,04:30:00,16,47856
06/23/16,04:31:00,16,47034
06/23/16,04:32:00,17,07189
06/23/16,04:33:00,16,84408
06/23/16,04:34:00,3,161978
06/23/16,04:35:00,0
06/23/16,04:36:00,0
06/23/16,04:37:00,0
06/23/16,04:38:00,0
06/23/16,04:39:00,0
06/23/16,04:40:00,0
06/23/16,04:41:00,0
06/23/16,04:42:00,0
06/23/16,04:43:00,0
06/23/16,04:44:00,0
06/23/16,04:45:00,0
06/23/16,04:46:00,0
06/23/16,04:47:00,0
06/23/16,04:48:00,0
06/23/16,04:49:00,0
06/23/16,04:50:00,0
06/23/16,04:51:00,11,16035
06/23/16,04:52:00,15,46341
06/23/16,04:53:00,15,36499
06/23/16,04:54:00,15,49106
06/23/16,04:55:00,15,86828
06/23/16,04:56:00,16,44188
06/23/16,04:57:00,17,46627
06/23/16,04:58:00,16,87356
06/23/16,04:59:00,16,88203
06/23/16,05:00:00,16,51026
06/23/16,05:01:00,16,62768
06/23/16,05:02:00,16,93789
06/23/16,05:03:00,16,72777
06/23/16,05:04:00,16,80368
06/23/16,05:05:00,16,49449
06/23/16,05:06:00,16,63603
06/23/16,05:07:00,17,26061
06/23/16,05:08:00,16,24975
06/23/16,05:09:00,16,35784
06/23/16,05:10:00,17,23868
06/23/16,05:11:00,16,52154
06/23/16,05:12:00,15,42875
06/23/16,05:13:00,16,20007
06/23/16,05:14:00,16,64789
06/23/16,05:15:00,16,88014
06/23/16,05:16:00,16,79974
06/23/16,05:17:00,15,56077
06/23/16,05:18:00,15,96614
06/23/16,05:19:00,15,29809
06/23/16,05:20:00,16,10812
06/23/16,05:21:00,16,65203
06/23/16,05:22:00,15,90252
06/23/16,05:23:00,9,376642
06/23/16,05:24:00,0
06/23/16,05:25:00,0
06/23/16,05:26:00,0
06/23/16,05:27:00,0
06/23/16,05:28:00,0
06/23/16,05:29:00,11,36588
06/23/16,05:30:00,15,4195
06/23/16,05:31:00,16,17675
06/23/16,05:32:00,16,41525
06/23/16,05:33:00,16,87393
06/23/16,05:34:00,9,963815
06/23/16,05:35:00,0
06/23/16,05:36:00,0
06/23/16,05:37:00,0
06/23/16,05:38:00,0
06/23/16,05:39:00,0
06/23/16,05:40:00,0
06/23/16,05:41:00,0
06/23/16,05:42:00,0
06/23/16,05:43:00,0
06/23/16,05:44:00,0
06/23/16,05:45:00,0
06/23/16,05:46:00,0
06/23/16,05:47:00,0
06/23/16,05:48:00,0
06/23/16,05:49:00,0
06/23/16,05:50:00,0
06/23/16,05:51:00,0
06/23/16,05:52:00,0
06/23/16,05:53:00,0
06/23/16,05:54:00,0
06/23/16,05:55:00,0
06/23/16,05:56:00,0
06/23/16,05:57:00,0
06/23/16,05:58:00,0
06/23/16,05:59:00,0
06/23/16,06:00:00,0
06/23/16,06:01:00,0
06/23/16,06:02:00,0
06/23/16,06:03:00,0
06/23/16,06:04:00,0
06/23/16,06:05:00,0
06/23/16,06:06:00,0
06/23/16,06:07:00,0
06/23/16,06:08:00,0
06/23/16,06:09:00,0
06/23/16,06:10:00,0
06/23/16,06:11:00,0
06/23/16,06:12:00,0
06/23/16,06:13:00,0
06/23/16,06:14:00,0
06/23/16,06:15:00,0
06/23/16,06:16:00,0
06/23/16,06:17:00,0
06/23/16,06:18:00,0
06/23/16,06:19:00,0
06/23/16,06:20:00,0
06/23/16,06:21:00,0
06/23/16,06:22:00,0
06/23/16,06:23:00,0
06/23/16,06:24:00,0
06/23/16,06:25:00,0
06/23/16,06:26:00,0
06/23/16,06:27:00,0
06/23/16,06:28:00,0
06/23/16,06:29:00,0
06/23/16,06:30:00,0
06/23/16,06:31:00,0
06/23/16,06:32:00,0
06/23/16,06:33:00,0
06/23/16,06:34:00,0
06/23/16,06:35:00,0
06/23/16,06:36:00,0
06/23/16,06:37:00,0
06/23/16,06:38:00,0
06/23/16,06:39:00,0
06/23/16,06:40:00,0
06/23/16,06:41:00,0
06/23/16,06:42:00,0
06/23/16,06:43:00,0
06/23/16,06:44:00,0
06/23/16,06:45:00,3,522389
06/23/16,06:46:00,14,20316
06/23/16,06:47:00,16,62875
06/23/16,06:48:00,16,21756
06/23/16,06:49:00,15,90338
06/23/16,06:50:00,16,54335
06/23/16,06:51:00,17,25696
06/23/16,06:52:00,16,65656
06/23/16,06:53:00,17,04842
06/23/16,06:54:00,17,46965
06/23/16,06:55:00,16,78814
06/23/16,06:56:00,18,20551
06/23/16,06:57:00,18,10387
06/23/16,06:58:00,18,38395
06/23/16,06:59:00,18,8688
06/23/16,07:00:00,18,9542
06/23/16,07:01:00,18,97451
06/23/16,07:02:00,19,02732
06/23/16,07:03:00,19,38168
06/23/16,07:04:00,19,19494
06/23/16,07:05:00,19,37884
06/23/16,07:06:00,19,67003
06/23/16,07:07:00,19,40432
06/23/16,07:08:00,18,85034
06/23/16,07:09:00,19,38897
06/23/16,07:10:00,19,42211
06/23/16,07:11:00,18,90683
06/23/16,07:12:00,19,31111
06/23/16,07:13:00,19,49936
06/23/16,07:14:00,19,34422
06/23/16,07:15:00,19,67283
06/23/16,07:16:00,19,47677
06/23/16,07:17:00,19,17759
06/23/16,07:18:00,19,18655
06/23/16,07:19:00,19,28706
06/23/16,07:20:00,19,83479
06/23/16,07:21:00,19,78736
06/23/16,07:22:00,19,28495
06/23/16,07:23:00,19,27055
06/23/16,07:24:00,18,71181
06/23/16,07:25:00,19,94153
06/23/16,07:26:00,19,6913
06/23/16,07:27:00,20,28075
06/23/16,07:28:00,20,3793
06/23/16,07:29:00,19,42882
06/23/16,07:30:00,20,63248
06/23/16,07:31:00,19,93677
06/23/16,07:32:00,20,13874
06/23/16,07:33:00,20,07524
06/23/16,07:34:00,16,96984
06/23/16,07:35:00,16,4514
06/23/16,07:36:00,17,10615
06/23/16,07:37:00,17,66966
06/23/16,07:38:00,16,64885
06/23/16,07:39:00,16,79556
06/23/16,07:40:00,17,28739
06/23/16,07:41:00,17,56541
06/23/16,07:42:00,16,46986
06/23/16,07:43:00,2,90039
06/23/16,07:44:00,0
06/23/16,07:45:00,0
06/23/16,07:46:00,0
06/23/16,07:47:00,0
06/23/16,07:48:00,0
06/23/16,07:49:00,0
06/23/16,07:50:00,0
06/23/16,07:51:00,0
06/23/16,07:52:00,0
06/23/16,07:53:00,0
06/23/16,07:54:00,0
06/23/16,07:55:00,0
06/23/16,07:56:00,0
06/23/16,07:57:00,0
06/23/16,07:58:00,0
06/23/16,07:59:00,0
06/23/16,08:00:00,0
06/23/16,08:01:00,0
06/23/16,08:02:00,0
06/23/16,08:03:00,0
06/23/16,08:04:00,0
06/23/16,08:05:00,6,607424
06/23/16,08:06:00,15,98227
06/23/16,08:07:00,17,83989
06/23/16,08:08:00,17,90954
06/23/16,08:09:00,17,63254
06/23/16,08:10:00,18,54315
06/23/16,08:11:00,18,87524
06/23/16,08:12:00,18,42523
06/23/16,08:13:00,18,02922
06/23/16,08:14:00,18,46069
06/23/16,08:15:00,17,75712
06/23/16,08:16:00,18,11602
06/23/16,08:17:00,18,07247
06/23/16,08:18:00,17,64064
06/23/16,08:19:00,17,56453
06/23/16,08:20:00,18,13213
06/23/16,08:21:00,17,76216
06/23/16,08:22:00,18,08665
06/23/16,08:23:00,18,6507
06/23/16,08:24:00,17,81052
06/23/16,08:25:00,18,44126
06/23/16,08:26:00,18,93113
06/23/16,08:27:00,18,92312
06/23/16,08:28:00,18,28094
06/23/16,08:29:00,18,5339
06/23/16,08:30:00,18,1694
06/23/16,08:31:00,17,7187
06/23/16,08:32:00,18,10019
06/23/16,08:33:00,18,79451
06/23/16,08:34:00,18,02252
06/23/16,08:35:00,18,34602
06/23/16,08:36:00,18,44479
06/23/16,08:37:00,18,14717
06/23/16,08:38:00,17,44992
06/23/16,08:39:00,18,3759
06/23/16,08:40:00,17,92331
06/23/16,08:41:00,17,97583
06/23/16,08:42:00,18,32977
06/23/16,08:43:00,18,01637
06/23/16,08:44:00,18,46771
06/23/16,08:45:00,18,58399
06/23/16,08:46:00,19,08692
06/23/16,08:47:00,18,77898
06/23/16,08:48:00,18,50872
06/23/16,08:49:00,18,08809
06/23/16,08:50:00,18,37542
06/23/16,08:51:00,18,34673
06/23/16,08:52:00,18,05155
06/23/16,08:53:00,17,55633
06/23/16,08:54:00,17,68895
06/23/16,08:55:00,18,40287
06/23/16,08:56:00,18,43717
06/23/16,08:57:00,17,98606
06/23/16,08:58:00,18,9407
06/23/16,08:59:00,19,77173
06/23/16,09:00:00,19,40127
06/23/16,09:01:00,18,75542
06/23/16,09:02:00,18,54245
06/23/16,09:03:00,17,35116
06/23/16,09:04:00,3,674147
06/23/16,09:05:00,0
06/23/16,09:06:00,0
06/23/16,09:07:00,0
06/23/16,09:08:00,0
06/23/16,09:09:00,0
06/23/16,09:10:00,0
06/23/16,09:11:00,0
06/23/16,09:12:00,0
06/23/16,09:13:00,0
06/23/16,09:14:00,0
06/23/16,09:15:00,0
06/23/16,09:16:00,0
06/23/16,09:17:00,0
06/23/16,09:18:00,0
06/23/16,09:19:00,0
06/23/16,09:20:00,0
06/23/16,09:21:00,0
06/23/16,09:22:00,4,935294
06/23/16,09:23:00,10,52171
06/23/16,09:24:00,0,3052592
06/23/16,09:25:00,0
06/23/16,09:26:00,0
06/23/16,09:27:00,0
06/23/16,09:28:00,0
06/23/16,09:29:00,0
06/23/16,09:30:00,0
06/23/16,09:31:00,0
06/23/16,09:32:00,0
06/23/16,09:33:00,0
06/23/16,09:34:00,0
06/23/16,09:35:00,0
06/23/16,09:36:00,0
06/23/16,09:37:00,0
06/23/16,09:38:00,0
06/23/16,09:39:00,0
06/23/16,09:40:00,0
06/23/16,09:41:00,0
06/23/16,09:42:00,0
06/23/16,09:43:00,0
06/23/16,09:44:00,0
06/23/16,09:45:00,0
06/23/16,09:46:00,1,621037
06/23/16,09:47:00,13,24351
06/23/16,09:48:00,15,73456
06/23/16,09:49:00,15,78326
06/23/16,09:50:00,16,28476
06/23/16,09:51:00,16,56917
06/23/16,09:52:00,16,16105
06/23/16,09:53:00,16,78544
06/23/16,09:54:00,17,09301
06/23/16,09:55:00,16,48416
06/23/16,09:56:00,16,45797
06/23/16,09:57:00,16,25472
06/23/16,09:58:00,15,96155
06/23/16,09:59:00,16,28237
06/23/16,10:00:00,16,41945
06/23/16,10:01:00,16,86059
06/23/16,10:02:00,16,47981
06/23/16,10:03:00,16,51086
06/23/16,10:04:00,15,97601
06/23/16,10:05:00,14,83142
06/23/16,10:06:00,13,92956
06/23/16,10:07:00,14,91074
06/23/16,10:08:00,14,8543
06/23/16,10:09:00,17,00491
06/23/16,10:10:00,16,55026
06/23/16,10:11:00,16,19236
06/23/16,10:12:00,17,20771
06/23/16,10:13:00,17,20175
06/23/16,10:14:00,16,97992
06/23/16,10:15:00,16,9029
06/23/16,10:16:00,17,29434
06/23/16,10:17:00,17,14791
06/23/16,10:18:00,17,08633
06/23/16,10:19:00,17,4868
06/23/16,10:20:00,17,14658
06/23/16,10:21:00,16,97022
06/23/16,10:22:00,17,31187
06/23/16,10:23:00,16,30165
06/23/16,10:24:00,16,30658
06/23/16,10:25:00,16,91936
06/23/16,10:26:00,16,87957
06/23/16,10:27:00,16,83066
06/23/16,10:28:00,17,7534
06/23/16,10:29:00,16,46789
06/23/16,10:30:00,16,6629
06/23/16,10:31:00,17,00345
06/23/16,10:32:00,16,57912
06/23/16,10:33:00,16,33438
06/23/16,10:34:00,17,17607
06/23/16,10:35:00,16,87437
06/23/16,10:36:00,16,4627
06/23/16,10:37:00,16,06209
06/23/16,10:38:00,15,05163
06/23/16,10:39:00,15,23007
06/23/16,10:40:00,15,99176
06/23/16,10:41:00,16,31735
06/23/16,10:42:00,15,81567
06/23/16,10:43:00,15,47214
06/23/16,10:44:00,16,22172
06/23/16,10:45:00,16,162
06/23/16,10:46:00,15,84534
06/23/16,10:47:00,16,48849
06/23/16,10:48:00,16,5909
06/23/16,10:49:00,15,98411
06/23/16,10:50:00,16,78041
06/23/16,10:51:00,16,95391
06/23/16,10:52:00,16,25456
06/23/16,10:53:00,15,9897
06/23/16,10:54:00,16,65564
06/23/16,10:55:00,16,17334
06/23/16,10:56:00,16,01022
06/23/16,10:57:00,15,99154
06/23/16,10:58:00,15,11983
06/23/16,10:59:00,15,41683
06/23/16,11:00:00,15,95632
06/23/16,11:01:00,15,87374
06/23/16,11:02:00,16,93303
06/23/16,11:03:00,17,44354
06/23/16,11:04:00,16,56984
06/23/16,11:05:00,16,57565
06/23/16,11:06:00,17,28981
06/23/16,11:07:00,16,54522
06/23/16,11:08:00,16,01572
06/23/16,11:09:00,16,68262
06/23/16,11:10:00,16,53322
06/23/16,11:11:00,15,3528
06/23/16,11:12:00,15,28349
06/23/16,11:13:00,17,01586
06/23/16,11:14:00,17,63396
06/23/16,11:15:00,18,02206
06/23/16,11:16:00,17,88135
06/23/16,11:17:00,16,92538
06/23/16,11:18:00,16,0778
06/23/16,11:19:00,17,15308
06/23/16,11:20:00,16,58736
06/23/16,11:21:00,16,47933
06/23/16,11:22:00,17,22274
06/23/16,11:23:00,16,88859
06/23/16,11:24:00,16,46724
06/23/16,11:25:00,16,29895
06/23/16,11:26:00,16,35089
06/23/16,11:27:00,15,19729
06/23/16,11:28:00,15,59841
06/23/16,11:29:00,16,54672
06/23/16,11:30:00,16,1154
06/23/16,11:31:00,16,13845
06/23/16,11:32:00,16,59263
06/23/16,11:33:00,16,10564
06/23/16,11:34:00,15,91084
06/23/16,11:35:00,16,49378
06/23/16,11:36:00,16,6816
06/23/16,11:37:00,16,41257
06/23/16,11:38:00,17,24601
06/23/16,11:39:00,16,79731
06/23/16,11:40:00,16,58254
06/23/16,11:41:00,17,37102
06/23/16,11:42:00,17,11064
06/23/16,11:43:00,16,62818
06/23/16,11:44:00,16,97563
06/23/16,11:45:00,17,67156
06/23/16,11:46:00,16,58427
06/23/16,11:47:00,17,27289
06/23/16,11:48:00,16,92116
06/23/16,11:49:00,15,9019
06/23/16,11:50:00,16,49808
06/23/16,11:51:00,16,13012
06/23/16,11:52:00,15,49505
06/23/16,11:53:00,16,20282
06/23/16,11:54:00,18,03435
06/23/16,11:55:00,17,20929
06/23/16,11:56:00,16,31204
06/23/16,11:57:00,16,35821
06/23/16,11:58:00,16,67757
06/23/16,11:59:00,16,0712
06/23/16,12:00:00,17,46104
06/23/16,12:01:00,16,87882
06/23/16,12:02:00,16,19535
06/23/16,12:03:00,17,15386
06/23/16,12:04:00,17,20961
06/23/16,12:05:00,17,43794
06/23/16,12:06:00,17,63019
06/23/16,12:07:00,16,27391
06/23/16,12:08:00,15,51727
06/23/16,12:09:00,16,84409
06/23/16,12:10:00,16,96618
06/23/16,12:11:00,16,93617
06/23/16,12:12:00,16,37174
06/23/16,12:13:00,17,38029
06/23/16,12:14:00,16,67036
06/23/16,12:15:00,16,21902
06/23/16,12:16:00,16,50976
06/23/16,12:17:00,16,37784
06/23/16,12:18:00,17,16298
06/23/16,12:19:00,18,69544
06/23/16,12:20:00,17,43528
06/23/16,12:21:00,16,74131
06/23/16,12:22:00,16,65883
06/23/16,12:23:00,17,39487
06/23/16,12:24:00,16,84671
06/23/16,12:25:00,17,68956
06/23/16,12:26:00,17,40154
06/23/16,12:27:00,16,99432
06/23/16,12:28:00,17,17995
06/23/16,12:29:00,17,55531
06/23/16,12:30:00,17,26885
06/23/16,12:31:00,16,83096
06/23/16,12:32:00,17,52062
06/23/16,12:33:00,17,26874
06/23/16,12:34:00,15,73776
06/23/16,12:35:00,16,58133
06/23/16,12:36:00,16,04675
06/23/16,12:37:00,15,49433
06/23/16,12:38:00,16,59324
06/23/16,12:39:00,16,66832
06/23/16,12:40:00,15,33267
06/23/16,12:41:00,17,39947
06/23/16,12:42:00,16,79919
06/23/16,12:43:00,16,29941
06/23/16,12:44:00,17,98903
06/23/16,12:45:00,16,61355
06/23/16,12:46:00,15,51448
06/23/16,12:47:00,15,88955
06/23/16,12:48:00,16,83645
06/23/16,12:49:00,16,23312
06/23/16,12:50:00,16,66445
06/23/16,12:51:00,17,60461
06/23/16,12:52:00,17,1854
06/23/16,12:53:00,16,38744
06/23/16,12:54:00,16,95556
06/23/16,12:55:00,16,73662
06/23/16,12:56:00,16,04557
06/23/16,12:57:00,17,13004
06/23/16,12:58:00,17,38049
06/23/16,12:59:00,16,02637
06/23/16,13:00:00,16,52701
06/23/16,13:01:00,16,37652
06/23/16,13:02:00,15,86029
06/23/16,13:03:00,16,13334
06/23/16,13:04:00,16,68682
06/23/16,13:05:00,16,01151
06/23/16,13:06:00,16,4581
06/23/16,13:07:00,16,36827
06/23/16,13:08:00,15,53058
06/23/16,13:09:00,15,14936
06/23/16,13:10:00,2,731881
06/23/16,13:11:00,0
06/23/16,13:12:00,0
06/23/16,13:13:00,0
06/23/16,13:14:00,0
06/23/16,13:15:00,0
06/23/16,13:16:00,0
06/23/16,13:17:00,0
06/23/16,13:18:00,0
06/23/16,13:19:00,0
06/23/16,13:20:00,0
06/23/16,13:21:00,0
06/23/16,13:22:00,0
06/23/16,13:23:00,0
06/23/16,13:24:00,0
06/23/16,13:25:00,0
06/23/16,13:26:00,0
06/23/16,13:27:00,0
06/23/16,13:28:00,0
06/23/16,13:29:00,0
06/23/16,13:30:00,0
06/23/16,13:31:00,0
06/23/16,13:32:00,0
06/23/16,13:33:00,0
06/23/16,13:34:00,0
06/23/16,13:35:00,0
06/23/16,13:36:00,0
06/23/16,13:37:00,0
06/23/16,13:38:00,0
06/23/16,13:39:00,0
06/23/16,13:40:00,0
06/23/16,13:41:00,0
06/23/16,13:42:00,0
06/23/16,13:43:00,0
06/23/16,13:44:00,0
06/23/16,13:45:00,0
06/23/16,13:46:00,0
06/23/16,13:47:00,0
06/23/16,13:48:00,0
06/23/16,13:49:00,0
06/23/16,13:50:00,0
06/23/16,13:51:00,0
06/23/16,13:52:00,0
06/23/16,13:53:00,0
06/23/16,13:54:00,0
06/23/16,13:55:00,0
06/23/16,13:56:00,0
06/23/16,13:57:00,0
06/23/16,13:58:00,0
06/23/16,13:59:00,0
06/23/16,14:00:00,0
06/23/16,14:01:00,0
06/23/16,14:02:00,0
06/23/16,14:03:00,0
06/23/16,14:04:00,0
06/23/16,14:05:00,0
06/23/16,14:06:00,0
06/23/16,14:07:00,0
06/23/16,14:08:00,0
06/23/16,14:09:00,0
06/23/16,14:10:00,0
06/23/16,14:11:00,0
06/23/16,14:12:00,0
06/23/16,14:13:00,0
06/23/16,14:14:00,0
06/23/16,14:15:00,0
06/23/16,14:16:00,0
06/23/16,14:17:00,0
06/23/16,14:18:00,0
06/23/16,14:19:00,0
06/23/16,14:20:00,0
06/23/16,14:21:00,0
06/23/16,14:22:00,0
06/23/16,14:23:00,0,007542504
06/23/16,14:24:00,13,94983
06/23/16,14:25:00,18,60392
06/23/16,14:26:00,18,35849
06/23/16,14:27:00,17,6934
06/23/16,14:28:00,17,97382
06/23/16,14:29:00,17,41671
06/23/16,14:30:00,17,1287
06/23/16,14:31:00,17,95642
06/23/16,14:32:00,18,74635
06/23/16,14:33:00,17,90755
06/23/16,14:34:00,16,44068
06/23/16,14:35:00,16,7713
06/23/16,14:36:00,17,03459
06/23/16,14:37:00,17,30261
06/23/16,14:38:00,17,52897
06/23/16,14:39:00,17,41754
06/23/16,14:40:00,16,60995
06/23/16,14:41:00,16,37955
06/23/16,14:42:00,16,09425
06/23/16,14:43:00,16,20417
06/23/16,14:44:00,17,62453
06/23/16,14:45:00,17,60704
06/23/16,14:46:00,17,11605
06/23/16,14:47:00,17,32447
06/23/16,14:48:00,16,91576
06/23/16,14:49:00,16,41225
06/23/16,14:50:00,17,18173
06/23/16,14:51:00,16,67692
06/23/16,14:52:00,15,86258
06/23/16,14:53:00,16,54067
06/23/16,14:54:00,16,59415
06/23/16,14:55:00,16,18933
06/23/16,14:56:00,17,02876
06/23/16,14:57:00,17,67528
06/23/16,14:58:00,15,58083
06/23/16,14:59:00,15,29262
06/23/16,15:00:00,15,90638
06/23/16,15:01:00,16,13399
06/23/16,15:02:00,15,90109
06/23/16,15:03:00,16,99904
06/23/16,15:04:00,15,92102
06/23/16,15:05:00,15,48521
06/23/16,15:06:00,15,86384
06/23/16,15:07:00,16,44234
06/23/16,15:08:00,15,61308
06/23/16,15:09:00,16,39779
06/23/16,15:10:00,15,91783
06/23/16,15:11:00,15,0423
06/23/16,15:12:00,15,68807
06/23/16,15:13:00,16,50161
06/23/16,15:14:00,16,27933
06/23/16,15:15:00,15,72443
06/23/16,15:16:00,16,13787
06/23/16,15:17:00,15,99914
06/23/16,15:18:00,15,82409
06/23/16,15:19:00,16,71387
06/23/16,15:20:00,15,84828
06/23/16,15:21:00,15,83096
06/23/16,15:22:00,16,51948
06/23/16,15:23:00,15,94178
06/23/16,15:24:00,15,12462
06/23/16,15:25:00,16,24121
06/23/16,15:26:00,16,92833
06/23/16,15:27:00,16,20729
06/23/16,15:28:00,16,34977
06/23/16,15:29:00,16,97747
06/23/16,15:30:00,16,25742
06/23/16,15:31:00,16,18439
06/23/16,15:32:00,16,90561
06/23/16,15:33:00,16,47109
06/23/16,15:34:00,16,7052
06/23/16,15:35:00,16,45724
06/23/16,15:36:00,15,88858
06/23/16,15:37:00,15,7387
06/23/16,15:38:00,15,9498
06/23/16,15:39:00,15,87548
06/23/16,15:40:00,16,23054
06/23/16,15:41:00,16,91678
06/23/16,15:42:00,16,97658
06/23/16,15:43:00,16,00901
06/23/16,15:44:00,16,85272
06/23/16,15:45:00,16,55064
06/23/16,15:46:00,16,20835
06/23/16,15:47:00,16,95683
06/23/16,15:48:00,17,80926
06/23/16,15:49:00,16,73785
06/23/16,15:50:00,16,15686
06/23/16,15:51:00,16,02377
06/23/16,15:52:00,17,16819
06/23/16,15:53:00,16,65026
06/23/16,15:54:00,15,75222
06/23/16,15:55:00,16,61156
06/23/16,15:56:00,15,24681
06/23/16,15:57:00,14,08283
06/23/16,15:58:00,13,67777
06/23/16,15:59:00,14,93273
06/23/16,16:00:00,16,60347
06/23/16,16:01:00,16,03364
06/23/16,16:02:00,16,15545
06/23/16,16:03:00,16,42249
06/23/16,16:04:00,16,53157
06/23/16,16:05:00,16,47389
06/23/16,16:06:00,17,06382
06/23/16,16:07:00,17,07774
06/23/16,16:08:00,16,54773
06/23/16,16:09:00,7,440782
06/23/16,16:10:00,0
06/23/16,16:11:00,0
06/23/16,16:12:00,0
06/23/16,16:13:00,0
06/23/16,16:14:00,0
06/23/16,16:15:00,0
06/23/16,16:16:00,0
06/23/16,16:17:00,0
06/23/16,16:18:00,0,6554363
06/23/16,16:19:00,11,93298
06/23/16,16:20:00,14,95617
06/23/16,16:21:00,16,11637
06/23/16,16:22:00,15,84431
06/23/16,16:23:00,15,57126
06/23/16,16:24:00,16,02288
06/23/16,16:25:00,17,12211
06/23/16,16:26:00,16,9094
06/23/16,16:27:00,16,48772
06/23/16,16:28:00,15,68397
06/23/16,16:29:00,16,10893
06/23/16,16:30:00,16,50499
06/23/16,16:31:00,15,87241
06/23/16,16:32:00,15,64039
06/23/16,16:33:00,15,59558
06/23/16,16:34:00,15,86704
06/23/16,16:35:00,15,85297
06/23/16,16:36:00,15,76182
06/23/16,16:37:00,16,39317
06/23/16,16:38:00,16,06267
06/23/16,16:39:00,15,80662
06/23/16,16:40:00,16,82943
06/23/16,16:41:00,16,36755
06/23/16,16:42:00,16,18732
06/23/16,16:43:00,16,50348
06/23/16,16:44:00,16,72548
06/23/16,16:45:00,16,81335
06/23/16,16:46:00,16,38344
06/23/16,16:47:00,17,09539
06/23/16,16:48:00,16,7098
06/23/16,16:49:00,17,29894
06/23/16,16:50:00,17,35952
06/23/16,16:51:00,16,29226
06/23/16,16:52:00,16,39486
06/23/16,16:53:00,16,31528
06/23/16,16:54:00,16,23897
06/23/16,16:55:00,16,77701
06/23/16,16:56:00,16,99805
06/23/16,16:57:00,17,2937
06/23/16,16:58:00,16,69467
06/23/16,16:59:00,16,35689
06/23/16,17:00:00,16,96836
06/23/16,17:01:00,16,25314
06/23/16,17:02:00,16,96085
06/23/16,17:03:00,17,64104
06/23/16,17:04:00,17,38321
06/23/16,17:05:00,16,93756
06/23/16,17:06:00,17,33585
06/23/16,17:07:00,16,53211
06/23/16,17:08:00,17,00366
06/23/16,17:09:00,17,42453
06/23/16,17:10:00,15,86761
06/23/16,17:11:00,15,15482
06/23/16,17:12:00,16,50581
06/23/16,17:13:00,16,40538
06/23/16,17:14:00,16,27248
06/23/16,17:15:00,16,98804
06/23/16,17:16:00,16,06013
06/23/16,17:17:00,16,13083
06/23/16,17:18:00,15,41926
06/23/16,17:19:00,16,38553
06/23/16,17:20:00,16,64589
06/23/16,17:21:00,16,1092
06/23/16,17:22:00,16,21631
06/23/16,17:23:00,15,54152
06/23/16,17:24:00,16,19747
06/23/16,17:25:00,16,30238
06/23/16,17:26:00,16,52309
06/23/16,17:27:00,16,41875
06/23/16,17:28:00,16,70103
06/23/16,17:29:00,16,82296
06/23/16,17:30:00,16,86728
06/23/16,17:31:00,17,4882
06/23/16,17:32:00,16,68036
06/23/16,17:33:00,15,66985
06/23/16,17:34:00,16,37553
06/23/16,17:35:00,16,79921
06/23/16,17:36:00,16,31648
06/23/16,17:37:00,16,29378
06/23/16,17:38:00,16,25992
06/23/16,17:39:00,16,25765
06/23/16,17:40:00,14,91358
06/23/16,17:41:00,15,9375
06/23/16,17:42:00,16,54206
06/23/16,17:43:00,16,07027
06/23/16,17:44:00,16,69831
06/23/16,17:45:00,16,59336
06/23/16,17:46:00,15,52069
06/23/16,17:47:00,16,92991
06/23/16,17:48:00,17,6117
06/23/16,17:49:00,17,12216
06/23/16,17:50:00,17,3272
06/23/16,17:51:00,17,88558
06/23/16,17:52:00,17,62256
06/23/16,17:53:00,17,60106
06/23/16,17:54:00,18,19156
06/23/16,17:55:00,17,15727
06/23/16,17:56:00,16,74688
06/23/16,17:57:00,18,15935
06/23/16,17:58:00,17,27215
06/23/16,17:59:00,16,67894
06/23/16,18:00:00,16,8298
06/23/16,18:01:00,16,74159
06/23/16,18:02:00,16,32408
06/23/16,18:03:00,16,97027
06/23/16,18:04:00,17,25768
06/23/16,18:05:00,16,61378
06/23/16,18:06:00,16,95427
06/23/16,18:07:00,15,88839
06/23/16,18:08:00,16,1324
06/23/16,18:09:00,16,50284
06/23/16,18:10:00,16,60903
06/23/16,18:11:00,16,26408
06/23/16,18:12:00,15,77343
06/23/16,18:13:00,15,97633
06/23/16,18:14:00,15,57831
06/23/16,18:15:00,16,10184
06/23/16,18:16:00,17,10716
06/23/16,18:17:00,16,53397
06/23/16,18:18:00,17,04213
06/23/16,18:19:00,17,54889
06/23/16,18:20:00,17,7741
06/23/16,18:21:00,16,56472
06/23/16,18:22:00,15,90622
06/23/16,18:23:00,16,05178
06/23/16,18:24:00,16,12873
06/23/16,18:25:00,16,85231
06/23/16,18:26:00,16,47129
06/23/16,18:27:00,16,16087
06/23/16,18:28:00,15,90764
06/23/16,18:29:00,16,84242
06/23/16,18:30:00,16,58797
06/23/16,18:31:00,16,82613
06/23/16,18:32:00,18,15793
06/23/16,18:33:00,18,44478
06/23/16,18:34:00,17,77104
06/23/16,18:35:00,18,25618
06/23/16,18:36:00,17,87297
06/23/16,18:37:00,17,78158
06/23/16,18:38:00,18,12351
06/23/16,18:39:00,19,09757
06/23/16,18:40:00,17,57842
06/23/16,18:41:00,17,82355
06/23/16,18:42:00,19,0023
06/23/16,18:43:00,17,78929
06/23/16,18:44:00,17,8908
06/23/16,18:45:00,17,66152
06/23/16,18:46:00,17,06833
06/23/16,18:47:00,17,90259
06/23/16,18:48:00,18,49853
06/23/16,18:49:00,17,83098
06/23/16,18:50:00,17,72961
06/23/16,18:51:00,18,62922
06/23/16,18:52:00,18,42764
06/23/16,18:53:00,16,92366
06/23/16,18:54:00,17,83599
06/23/16,18:55:00,17,90196
06/23/16,18:56:00,18,49888
06/23/16,18:57:00,18,62596
06/23/16,18:58:00,17,927
06/23/16,18:59:00,17,58771
06/23/16,19:00:00,18,14767
06/23/16,19:01:00,18,41671
06/23/16,19:02:00,17,46152
06/23/16,19:03:00,17,72205
06/23/16,19:04:00,18,37125
06/23/16,19:05:00,18,6571
06/23/16,19:06:00,18,13543
06/23/16,19:07:00,17,73222
06/23/16,19:08:00,17,66744
06/23/16,19:09:00,17,23179
06/23/16,19:10:00,18,50841
06/23/16,19:11:00,17,80516
06/23/16,19:12:00,18,21614
06/23/16,19:13:00,18,44346
06/23/16,19:14:00,18,13154
06/23/16,19:15:00,17,71116
06/23/16,19:16:00,17,68382
06/23/16,19:17:00,17,45516
06/23/16,19:18:00,18,03537
06/23/16,19:19:00,17,98465
06/23/16,19:20:00,18,72363
06/23/16,19:21:00,17,68457
06/23/16,19:22:00,17,38172
06/23/16,19:23:00,18,60907
06/23/16,19:24:00,18,05558
06/23/16,19:25:00,17,70666
06/23/16,19:26:00,17,74461
06/23/16,19:27:00,17,9243
06/23/16,19:28:00,19,18866
06/23/16,19:29:00,18,87218
06/23/16,19:30:00,18,08542
06/23/16,19:31:00,18,34969
06/23/16,19:32:00,17,64293
06/23/16,19:33:00,17,51412
06/23/16,19:34:00,17,58526
06/23/16,19:35:00,17,43355
06/23/16,19:36:00,17,67314
06/23/16,19:37:00,17,94409
06/23/16,19:38:00,17,07627
06/23/16,19:39:00,17,34996
06/23/16,19:40:00,18,01016
06/23/16,19:41:00,18,36382
06/23/16,19:42:00,17,84119
06/23/16,19:43:00,6,998331
06/23/16,19:44:00,0
06/23/16,19:45:00,0
06/23/16,19:46:00,0
06/23/16,19:47:00,0
06/23/16,19:48:00,0
06/23/16,19:49:00,9,214889
06/23/16,19:50:00,14,69268
06/23/16,19:51:00,16,07931
06/23/16,19:52:00,16,9786
06/23/16,19:53:00,16,56546
06/23/16,19:54:00,16,41839
06/23/16,19:55:00,16,80305
06/23/16,19:56:00,16,18553
06/23/16,19:57:00,16,57903
06/23/16,19:58:00,16,38691
06/23/16,19:59:00,16,52565
06/23/16,20:00:00,15,9943
06/23/16,20:01:00,16,50062
06/23/16,20:02:00,16,30507
06/23/16,20:03:00,16,83172
06/23/16,20:04:00,16,46932
06/23/16,20:05:00,16,55449
06/23/16,20:06:00,16,68582
06/23/16,20:07:00,16,20656
06/23/16,20:08:00,16,27891
06/23/16,20:09:00,15,92728
06/23/16,20:10:00,15,86442
06/23/16,20:11:00,16,22845
06/23/16,20:12:00,16,34314
06/23/16,20:13:00,16,53095
06/23/16,20:14:00,16,59506
06/23/16,20:15:00,16,14545
06/23/16,20:16:00,16,0867
06/23/16,20:17:00,15,9309
06/23/16,20:18:00,16,36086
06/23/16,20:19:00,16,43875
06/23/16,20:20:00,17,64176
06/23/16,20:21:00,16,62411
06/23/16,20:22:00,17,39063
06/23/16,20:23:00,17,14473
06/23/16,20:24:00,16,5616
06/23/16,20:25:00,16,68997
06/23/16,20:26:00,17,53295
06/23/16,20:27:00,15,88139
06/23/16,20:28:00,15,91468
06/23/16,20:29:00,16,40015
06/23/16,20:30:00,15,92582
06/23/16,20:31:00,16,02426
06/23/16,20:32:00,16,14121
06/23/16,20:33:00,17,14861
06/23/16,20:34:00,16,99811
06/23/16,20:35:00,16,06025
06/23/16,20:36:00,16,96566
06/23/16,20:37:00,16,88714
06/23/16,20:38:00,17,41393
06/23/16,20:39:00,17,66291
06/23/16,20:40:00,16,98547
06/23/16,20:41:00,17,00733
06/23/16,20:42:00,17,1285
06/23/16,20:43:00,16,5645
06/23/16,20:44:00,15,85316
06/23/16,20:45:00,15,9207
06/23/16,20:46:00,16,21308
06/23/16,20:47:00,16,57402
06/23/16,20:48:00,17,71699
06/23/16,20:49:00,17,06483
06/23/16,20:50:00,16,47459
06/23/16,20:51:00,16,08319
06/23/16,20:52:00,16,45129
06/23/16,20:53:00,16,01302
06/23/16,20:54:00,16,80718
06/23/16,20:55:00,17,74603
06/23/16,20:56:00,17,4525
06/23/16,20:57:00,17,18232
06/23/16,20:58:00,16,62214
06/23/16,20:59:00,16,70205
06/23/16,21:00:00,17,17798
06/23/16,21:01:00,18,06077
06/23/16,21:02:00,16,71273
06/23/16,21:03:00,16,76264
06/23/16,21:04:00,17,48378
06/23/16,21:05:00,16,74724
06/23/16,21:06:00,16,62839
06/23/16,21:07:00,16,68756
06/23/16,21:08:00,17,82717
06/23/16,21:09:00,16,30265
06/23/16,21:10:00,16,3372
06/23/16,21:11:00,16,98813
06/23/16,21:12:00,16,2045
06/23/16,21:13:00,16,73789
06/23/16,21:14:00,17,3231
06/23/16,21:15:00,16,45306
06/23/16,21:16:00,15,3059
06/23/16,21:17:00,16,96545
06/23/16,21:18:00,17,03401
06/23/16,21:19:00,16,52676
06/23/16,21:20:00,16,80484
06/23/16,21:21:00,16,45243
06/23/16,21:22:00,16,54612
06/23/16,21:23:00,16,18299
06/23/16,21:24:00,17,09895
06/23/16,21:25:00,16,58589
06/23/16,21:26:00,17,09758
06/23/16,21:27:00,17,80964
06/23/16,21:28:00,16,8103
06/23/16,21:29:00,17,31731
06/23/16,21:30:00,17,84025
06/23/16,21:31:00,18,0286
06/23/16,21:32:00,17,05086
06/23/16,21:33:00,16,71502
06/23/16,21:34:00,17,57389
06/23/16,21:35:00,16,83575
06/23/16,21:36:00,3,802955
06/23/16,21:37:00,0
06/23/16,21:38:00,0
06/23/16,21:39:00,0
06/23/16,21:40:00,0
06/23/16,21:41:00,0
06/23/16,21:42:00,0
06/23/16,21:43:00,0
06/23/16,21:44:00,0
06/23/16,21:45:00,0
06/23/16,21:46:00,0
06/23/16,21:47:00,0
06/23/16,21:48:00,0
06/23/16,21:49:00,0
06/23/16,21:50:00,0
06/23/16,21:51:00,0
06/23/16,21:52:00,0
06/23/16,21:53:00,0
06/23/16,21:54:00,0
06/23/16,21:55:00,0
06/23/16,21:56:00,0
06/23/16,21:57:00,0
06/23/16,21:58:00,0
06/23/16,21:59:00,0
06/23/16,22:00:00,0
06/23/16,22:01:00,0
06/23/16,22:02:00,0
06/23/16,22:03:00,0
06/23/16,22:04:00,0
06/23/16,22:05:00,0
06/23/16,22:06:00,0
06/23/16,22:07:00,0
06/23/16,22:08:00,0
06/23/16,22:09:00,0
06/23/16,22:10:00,0
06/23/16,22:11:00,0
06/23/16,22:12:00,0
06/23/16,22:13:00,0
06/23/16,22:14:00,0
06/23/16,22:15:00,0
06/23/16,22:16:00,0
06/23/16,22:17:00,0
06/23/16,22:18:00,10,22007
06/23/16,22:19:00,16,29407
06/23/16,22:20:00,18,01515
06/23/16,22:21:00,18,76278
06/23/16,22:22:00,18,4422
06/23/16,22:23:00,18,0143
06/23/16,22:24:00,18,32517
06/23/16,22:25:00,18,0157
06/23/16,22:26:00,17,7134
06/23/16,22:27:00,17,739
06/23/16,22:28:00,17,37597
06/23/16,22:29:00,17,65111
06/23/16,22:30:00,17,83592
06/23/16,22:31:00,17,9268
06/23/16,22:32:00,18,24807
06/23/16,22:33:00,18,5079
06/23/16,22:34:00,18,27176
06/23/16,22:35:00,17,84931
06/23/16,22:36:00,17,43536
06/23/16,22:37:00,17,20606
06/23/16,22:38:00,17,56205
06/23/16,22:39:00,17,70384
06/23/16,22:40:00,16,9902
06/23/16,22:41:00,16,61144
06/23/16,22:42:00,16,73062
06/23/16,22:43:00,17,71163
06/23/16,22:44:00,16,22818
06/23/16,22:45:00,15,55923
06/23/16,22:46:00,16,23716
06/23/16,22:47:00,16,9375
06/23/16,22:48:00,17,76775
06/23/16,22:49:00,17,95662
06/23/16,22:50:00,18,26074
06/23/16,22:51:00,18,0508
06/23/16,22:52:00,17,91243
06/23/16,22:53:00,18,14945
06/23/16,22:54:00,18,08995
06/23/16,22:55:00,18,64166
06/23/16,22:56:00,18,46855
06/23/16,22:57:00,17,24637
06/23/16,22:58:00,17,76624
06/23/16,22:59:00,18,27483
06/23/16,23:00:00,10,626
06/23/16,23:01:00,0
06/23/16,23:02:00,0
06/23/16,23:03:00,0
06/23/16,23:04:00,0
06/23/16,23:05:00,0
06/23/16,23:06:00,0
06/23/16,23:07:00,0
06/23/16,23:08:00,0
06/23/16,23:09:00,0
06/23/16,23:10:00,0
06/23/16,23:11:00,0
06/23/16,23:12:00,0
06/23/16,23:13:00,0
06/23/16,23:14:00,0
06/23/16,23:15:00,0
06/23/16,23:16:00,0
06/23/16,23:17:00,0
06/23/16,23:18:00,0
06/23/16,23:19:00,0
06/23/16,23:20:00,0
06/23/16,23:21:00,0
06/23/16,23:22:00,10,89124
06/23/16,23:23:00,15,83325
06/23/16,23:24:00,17,59741
06/23/16,23:25:00,17,43821
06/23/16,23:26:00,16,28893
06/23/16,23:27:00,16,85064
06/23/16,23:28:00,16,67383
06/23/16,23:29:00,16,63555
06/23/16,23:30:00,17,26619
06/23/16,23:31:00,16,6896
06/23/16,23:32:00,16,89529
06/23/16,23:33:00,17,15175
06/23/16,23:34:00,16,37564
06/23/16,23:35:00,16,03245
06/23/16,23:36:00,16,11306
06/23/16,23:37:00,16,56577
06/23/16,23:38:00,17,21909
06/23/16,23:39:00,17,3814
06/23/16,23:40:00,16,97456
06/23/16,23:41:00,16,34494
06/23/16,23:42:00,16,81626
06/23/16,23:43:00,17,63537
06/23/16,23:44:00,17,58547
06/23/16,23:45:00,17,78563
06/23/16,23:46:00,17,66579
06/23/16,23:47:00,16,5327
06/23/16,23:48:00,15,85217
06/23/16,23:49:00,16,36534
06/23/16,23:50:00,16,86851
06/23/16,23:51:00,17,24574
06/23/16,23:52:00,17,45979
06/23/16,23:53:00,18,20152
06/23/16,23:54:00,17,84486
06/23/16,23:55:00,18,38399
06/23/16,23:56:00,18,5802
06/23/16,23:57:00,18,46627
06/23/16,23:58:00,18,77834
06/23/16,23:59:00,18,61801
06/24/16,00:00:00,17,71049
06/24/16,00:01:00,17,78974
06/24/16,00:02:00,18,13721
06/24/16,00:03:00,18,44759
06/24/16,00:04:00,18,38206
06/24/16,00:05:00,18,16758
06/24/16,00:06:00,18,53205
06/24/16,00:07:00,17,71721
06/24/16,00:08:00,18,63447
06/24/16,00:09:00,18,8264
06/24/16,00:10:00,18,49212
06/24/16,00:11:00,18,99197
06/24/16,00:12:00,18,73777
06/24/16,00:13:00,18,18528
06/24/16,00:14:00,18,49317
06/24/16,00:15:00,18,45548
06/24/16,00:16:00,17,95501
06/24/16,00:17:00,18,42756
06/24/16,00:18:00,19,20997
06/24/16,00:19:00,19,2133
06/24/16,00:20:00,19,12479
06/24/16,00:21:00,17,46461
06/24/16,00:22:00,10,37949
06/24/16,00:23:00,0,4640385
06/24/16,00:24:00,0
06/24/16,00:25:00,0
06/24/16,00:26:00,0
06/24/16,00:27:00,0
06/24/16,00:28:00,0
06/24/16,00:29:00,0
06/24/16,00:30:00,0
06/24/16,00:31:00,0
06/24/16,00:32:00,8,452707
06/24/16,00:33:00,15,97147
06/24/16,00:34:00,17,2422
06/24/16,00:35:00,16,25174
06/24/16,00:36:00,16,11706
06/24/16,00:37:00,16,3812
06/24/16,00:38:00,16,34458
06/24/16,00:39:00,16,48355
06/24/16,00:40:00,16,94126
06/24/16,00:41:00,16,59982
06/24/16,00:42:00,17,00332
06/24/16,00:43:00,16,9614
06/24/16,00:44:00,16,59086
06/24/16,00:45:00,16,76015
06/24/16,00:46:00,17,09979
06/24/16,00:47:00,16,2333
06/24/16,00:48:00,13,1502
06/24/16,00:49:00,2,848719
06/24/16,00:50:00,0
06/24/16,00:51:00,0
06/24/16,00:52:00,0
06/24/16,00:53:00,0
06/24/16,00:54:00,0
06/24/16,00:55:00,0
06/24/16,00:56:00,0
06/24/16,00:57:00,0
06/24/16,00:58:00,0
06/24/16,00:59:00,0
06/24/16,01:00:00,0
06/24/16,01:01:00,0
06/24/16,01:02:00,0
06/24/16,01:03:00,0
06/24/16,01:04:00,0
06/24/16,01:05:00,0
06/24/16,01:06:00,0
06/24/16,01:07:00,0
06/24/16,01:08:00,0
06/24/16,01:09:00,0
06/24/16,01:10:00,0
06/24/16,01:11:00,0
06/24/16,01:12:00,0
06/24/16,01:13:00,0
06/24/16,01:14:00,0
06/24/16,01:15:00,0
06/24/16,01:16:00,0
06/24/16,01:17:00,0
06/24/16,01:18:00,0
06/24/16,01:19:00,0
06/24/16,01:20:00,0
06/24/16,01:21:00,0
06/24/16,01:22:00,0
06/24/16,01:23:00,0
06/24/16,01:24:00,0
06/24/16,01:25:00,0
06/24/16,01:26:00,0
06/24/16,01:27:00,0
06/24/16,01:28:00,0
06/24/16,01:29:00,0
06/24/16,01:30:00,0
06/24/16,01:31:00,0
06/24/16,01:32:00,0
06/24/16,01:33:00,0
06/24/16,01:34:00,0
06/24/16,01:35:00,0
06/24/16,01:36:00,0
06/24/16,01:37:00,0
06/24/16,01:38:00,0
06/24/16,01:39:00,0
06/24/16,01:40:00,0
06/24/16,01:41:00,0
06/24/16,01:42:00,0
06/24/16,01:43:00,0
06/24/16,01:44:00,0
06/24/16,01:45:00,0
06/24/16,01:46:00,0
06/24/16,01:47:00,0
06/24/16,01:48:00,0
06/24/16,01:49:00,0
06/24/16,01:50:00,0
06/24/16,01:51:00,0
06/24/16,01:52:00,0
06/24/16,01:53:00,0
06/24/16,01:54:00,0
06/24/16,01:55:00,0
06/24/16,01:56:00,0
06/24/16,01:57:00,0
06/24/16,01:58:00,0
06/24/16,01:59:00,0
06/24/16,02:00:00,0
06/24/16,02:01:00,0
06/24/16,02:02:00,0
06/24/16,02:03:00,0
06/24/16,02:04:00,0
06/24/16,02:05:00,0
06/24/16,02:06:00,0
06/24/16,02:07:00,0
06/24/16,02:08:00,0
06/24/16,02:09:00,0
06/24/16,02:10:00,0
06/24/16,02:11:00,0
06/24/16,02:12:00,0
06/24/16,02:13:00,0
06/24/16,02:14:00,0
06/24/16,02:15:00,0
06/24/16,02:16:00,0
06/24/16,02:17:00,0
06/24/16,02:18:00,0
06/24/16,02:19:00,0
06/24/16,02:20:00,0
06/24/16,02:21:00,0
06/24/16,02:22:00,0
06/24/16,02:23:00,0
06/24/16,02:24:00,0
06/24/16,02:25:00,0
06/24/16,02:26:00,0
06/24/16,02:27:00,0
06/24/16,02:28:00,0
06/24/16,02:29:00,0
06/24/16,02:30:00,0
06/24/16,02:31:00,0
06/24/16,02:32:00,0
06/24/16,02:33:00,0
06/24/16,02:34:00,0
06/24/16,02:35:00,0
06/24/16,02:36:00,0
06/24/16,02:37:00,0
06/24/16,02:38:00,0
06/24/16,02:39:00,0
06/24/16,02:40:00,0
06/24/16,02:41:00,0,2892481
06/24/16,02:42:00,0,6278266
06/24/16,02:43:00,1,013864
06/24/16,02:44:00,1,340771
06/24/16,02:45:00,1,525226
06/24/16,02:46:00,1,775778
06/24/16,02:47:00,1,908118
06/24/16,02:48:00,2,067031
06/24/16,02:49:00,2,117941
06/24/16,02:50:00,2,321121
06/24/16,02:51:00,2,158693
06/24/16,02:52:00,2,173947
06/24/16,02:53:00,2,251717
06/24/16,02:54:00,2,456118
06/24/16,02:55:00,2,263993
06/24/16,02:56:00,2,150306
06/24/16,02:57:00,2,351987
06/24/16,02:58:00,2,327283
06/24/16,02:59:00,2,355745
06/24/16,03:00:00,2,50505
06/24/16,03:01:00,2,5845
06/24/16,03:02:00,2,689853
06/24/16,03:03:00,2,829011
06/24/16,03:04:00,2,895024
06/24/16,03:05:00,3,045135
06/24/16,03:06:00,3,245107
06/24/16,03:07:00,3,172486
06/24/16,03:08:00,3,250148
06/24/16,03:09:00,3,567227
06/24/16,03:10:00,3,827449
06/24/16,03:11:00,3,855116
06/24/16,03:12:00,3,88101
06/24/16,03:13:00,4,078075
06/24/16,03:14:00,3,968124
06/24/16,03:15:00,1,380906
06/24/16,03:16:00,0
06/24/16,03:17:00,0
06/24/16,03:18:00,0
06/24/16,03:19:00,0
06/24/16,03:20:00,0
06/24/16,03:21:00,0
06/24/16,03:22:00,0
06/24/16,03:23:00,0
06/24/16,03:24:00,0,1400421
06/24/16,03:25:00,0,1220968
06/24/16,03:26:00,0,2129092
06/24/16,03:27:00,0,3557456
06/24/16,03:28:00,0,4277298
06/24/16,03:29:00,0,6015048
06/24/16,03:30:00,0,8952953
06/24/16,03:31:00,1,104976
06/24/16,03:32:00,1,310229
06/24/16,03:33:00,1,633975
06/24/16,03:34:00,1,88451
06/24/16,03:35:00,2,062626
06/24/16,03:36:00,2,017567
06/24/16,03:37:00,2,355295
06/24/16,03:38:00,2,343858
06/24/16,03:39:00,2,492452
06/24/16,03:40:00,2,524697
06/24/16,03:41:00,2,639084
06/24/16,03:42:00,2,580763
06/24/16,03:43:00,2,547281
06/24/16,03:44:00,2,636325
06/24/16,03:45:00,2,741183
06/24/16,03:46:00,2,593789
06/24/16,03:47:00,2,666475
06/24/16,03:48:00,2,882821
06/24/16,03:49:00,2,628879
06/24/16,03:50:00,2,83059
06/24/16,03:51:00,2,731927
06/24/16,03:52:00,2,900039
06/24/16,03:53:00,3,095737
06/24/16,03:54:00,2,950395
06/24/16,03:55:00,3,302966
06/24/16,03:56:00,3,061745
06/24/16,03:57:00,3,275157
06/24/16,03:58:00,3,205763
06/24/16,03:59:00,3,292322
06/24/16,04:00:00,3,484255
06/24/16,04:01:00,3,574645
06/24/16,04:02:00,3,559217
06/24/16,04:03:00,3,70925
06/24/16,04:04:00,3,913207
06/24/16,04:05:00,3,797864
06/24/16,04:06:00,3,915854
06/24/16,04:07:00,4,105453
06/24/16,04:08:00,4,112416
06/24/16,04:09:00,4,260445
06/24/16,04:10:00,4,235925
06/24/16,04:11:00,4,211716
06/24/16,04:12:00,4,460032
06/24/16,04:13:00,4,56128
06/24/16,04:14:00,4,678536
06/24/16,04:15:00,4,732656
06/24/16,04:16:00,4,685667
06/24/16,04:17:00,4,751346
06/24/16,04:18:00,5,004484
06/24/16,04:19:00,5,133225
06/24/16,04:20:00,4,968241
06/24/16,04:21:00,5,061102
06/24/16,04:22:00,5,232783
06/24/16,04:23:00,5,289288
06/24/16,04:24:00,5,557716
06/24/16,04:25:00,5,383534
06/24/16,04:26:00,5,526542
06/24/16,04:27:00,5,723548
06/24/16,04:28:00,5,68974
06/24/16,04:29:00,6,060225
06/24/16,04:30:00,6,034717
06/24/16,04:31:00,5,926167
06/24/16,04:32:00,6,003177
06/24/16,04:33:00,6,104839
06/24/16,04:34:00,6,289761
06/24/16,04:35:00,6,26489
06/24/16,04:36:00,6,384908
06/24/16,04:37:00,6,549079
06/24/16,04:38:00,6,550966
06/24/16,04:39:00,6,932691
06/24/16,04:40:00,6,642416
06/24/16,04:41:00,6,750223
06/24/16,04:42:00,6,776624
06/24/16,04:43:00,6,899184
06/24/16,04:44:00,6,990408
06/24/16,04:45:00,7,057426
06/24/16,04:46:00,7,152296
06/24/16,04:47:00,7,319085
06/24/16,04:48:00,7,454103
06/24/16,04:49:00,7,410511
06/24/16,04:50:00,7,489657
06/24/16,04:51:00,7,524842
06/24/16,04:52:00,7,471128
06/24/16,04:53:00,7,668784
06/24/16,04:54:00,7,844572
06/24/16,04:55:00,7,931847
06/24/16,04:56:00,7,979596
06/24/16,04:57:00,8,129193
06/24/16,04:58:00,8,061442
06/24/16,04:59:00,8,055159
06/24/16,05:00:00,8,132594
06/24/16,05:01:00,8,278833
06/24/16,05:02:00,8,377156
06/24/16,05:03:00,8,464824
06/24/16,05:04:00,8,503403
06/24/16,05:05:00,8,518926
06/24/16,05:06:00,8,550288
06/24/16,05:07:00,8,619061
06/24/16,05:08:00,8,747946
06/24/16,05:09:00,8,927436
06/24/16,05:10:00,8,807375
06/24/16,05:11:00,8,896356
06/24/16,05:12:00,8,9491
06/24/16,05:13:00,9,05514
06/24/16,05:14:00,9,116258
06/24/16,05:15:00,9,197748
06/24/16,05:16:00,9,287379
06/24/16,05:17:00,9,268601
06/24/16,05:18:00,9,456686
06/24/16,05:19:00,9,366091
06/24/16,05:20:00,9,351683
06/24/16,05:21:00,9,335646
06/24/16,05:22:00,9,676845
06/24/16,05:23:00,9,695747
06/24/16,05:24:00,9,477136
06/24/16,05:25:00,9,57155
06/24/16,05:26:00,9,82561
06/24/16,05:27:00,9,696794
06/24/16,05:28:00,9,833608
06/24/16,05:29:00,9,877171
06/24/16,05:30:00,9,895778
06/24/16,05:31:00,9,93713
06/24/16,05:32:00,10,06874
06/24/16,05:33:00,10,10247
06/24/16,05:34:00,10,15116
06/24/16,05:35:00,10,36684
06/24/16,05:36:00,10,49245
06/24/16,05:37:00,10,27344
06/24/16,05:38:00,10,61141
06/24/16,05:39:00,10,37629
06/24/16,05:40:00,10,48458
06/24/16,05:41:00,10,33223
06/24/16,05:42:00,10,51094
06/24/16,05:43:00,10,51446
06/24/16,05:44:00,10,57534
06/24/16,05:45:00,10,68438
06/24/16,05:46:00,10,82269
06/24/16,05:47:00,10,72208
06/24/16,05:48:00,10,84403
06/24/16,05:49:00,10,83857
06/24/16,05:50:00,11,03605
06/24/16,05:51:00,11,03187
06/24/16,05:52:00,11,01764
06/24/16,05:53:00,11,10484
06/24/16,05:54:00,11,01304
06/24/16,05:55:00,11,05182
06/24/16,05:56:00,11,11018
06/24/16,05:57:00,11,23458
06/24/16,05:58:00,11,19868
06/24/16,05:59:00,11,21787
06/24/16,06:00:00,11,45813
06/24/16,06:01:00,11,30374
06/24/16,06:02:00,11,4984
06/24/16,06:03:00,11,48643
06/24/16,06:04:00,11,56502
06/24/16,06:05:00,11,59667
06/24/16,06:06:00,11,7025
06/24/16,06:07:00,11,71703
06/24/16,06:08:00,11,71017
06/24/16,06:09:00,11,76662
06/24/16,06:10:00,11,80519
06/24/16,06:11:00,11,81621
06/24/16,06:12:00,11,83239
06/24/16,06:13:00,12,01335
06/24/16,06:14:00,11,96596
06/24/16,06:15:00,12,09843
06/24/16,06:16:00,11,98767
06/24/16,06:17:00,12,16069
06/24/16,06:18:00,12,14306
06/24/16,06:19:00,12,14244
06/24/16,06:20:00,12,15359
06/24/16,06:21:00,12,16664
06/24/16,06:22:00,12,29112
06/24/16,06:23:00,12,47874
06/24/16,06:24:00,9,830976
06/24/16,06:25:00,4,972885
06/24/16,06:26:00,1,029638
06/24/16,06:27:00,0,4615618
06/24/16,06:28:00,0,2108414
06/24/16,06:29:00,0,1688958
06/24/16,06:30:00,0,2499435
06/24/16,06:31:00,0,2162389
06/24/16,06:32:00,0,327971
06/24/16,06:33:00,0,283139
06/24/16,06:34:00,0,4547166
06/24/16,06:35:00,0,2287814
06/24/16,06:36:00,0,1415421
06/24/16,06:37:00,0
06/24/16,06:38:00,0
06/24/16,06:39:00,0,0786431
06/24/16,06:40:00,0,1017146
06/24/16,06:41:00,0
06/24/16,06:42:00,0,1417685
06/24/16,06:43:00,0,1972857
06/24/16,06:44:00,1,618608
06/24/16,06:45:00,2,219878
06/24/16,06:46:00,2,301034
06/24/16,06:47:00,2,557282
06/24/16,06:48:00,2,894659
06/24/16,06:49:00,3,324164
06/24/16,06:50:00,3,536279
06/24/16,06:51:00,3,954073
06/24/16,06:52:00,4,308099
06/24/16,06:53:00,4,588548
06/24/16,06:54:00,4,882321
06/24/16,06:55:00,3,767731
06/24/16,06:56:00,1,498115
06/24/16,06:57:00,0,4178011
06/24/16,06:58:00,0,364192
06/24/16,06:59:00,0,2828431
06/24/16,07:00:00,0,2079153
06/24/16,07:01:00,0,3663844
06/24/16,07:02:00,0
06/24/16,07:03:00,0
06/24/16,07:04:00,0
06/24/16,07:05:00,0
06/24/16,07:06:00,0
06/24/16,07:07:00,0
06/24/16,07:08:00,0
06/24/16,07:09:00,0
06/24/16,07:10:00,0
06/24/16,07:11:00,7,659237
06/24/16,07:12:00,17,06708
06/24/16,07:13:00,20,43379
06/24/16,07:14:00,21,13819
06/24/16,07:15:00,20,51981
06/24/16,07:16:00,20,46552
06/24/16,07:17:00,20,42415
06/24/16,07:18:00,20,66811
06/24/16,07:19:00,20,35355
06/24/16,07:20:00,19,2322
06/24/16,07:21:00,19,28466
06/24/16,07:22:00,19,00717
06/24/16,07:23:00,19,07458
06/24/16,07:24:00,18,23624
06/24/16,07:25:00,18,22699
06/24/16,07:26:00,18,72204
06/24/16,07:27:00,19,11206
06/24/16,07:28:00,18,08785
06/24/16,07:29:00,17,9922
06/24/16,07:30:00,17,80128
06/24/16,07:31:00,18,31195
06/24/16,07:32:00,17,32322
06/24/16,07:33:00,17,40971
06/24/16,07:34:00,17,80138
06/24/16,07:35:00,17,71606
06/24/16,07:36:00,17,88796
06/24/16,07:37:00,17,3892
06/24/16,07:38:00,16,65471
06/24/16,07:39:00,17,54905
06/24/16,07:40:00,17,51938
06/24/16,07:41:00,16,83313
06/24/16,07:42:00,16,96157
06/24/16,07:43:00,17,01722
06/24/16,07:44:00,16,87644
06/24/16,07:45:00,17,52603
06/24/16,07:46:00,17,46808
06/24/16,07:47:00,17,36351
06/24/16,07:48:00,16,70427
06/24/16,07:49:00,18,22464
06/24/16,07:50:00,18,36746
06/24/16,07:51:00,17,44825
06/24/16,07:52:00,17,14375
06/24/16,07:53:00,16,94224
06/24/16,07:54:00,17,30637
06/24/16,07:55:00,17,63914
06/24/16,07:56:00,16,20234
06/24/16,07:57:00,16,05755
06/24/16,07:58:00,15,62356
06/24/16,07:59:00,15,46824
06/24/16,08:00:00,15,34905
06/24/16,08:01:00,16,27378
06/24/16,08:02:00,15,67002
06/24/16,08:03:00,15,38708
06/24/16,08:04:00,16,78021
06/24/16,08:05:00,16,77923
06/24/16,08:06:00,16,93539
06/24/16,08:07:00,16,54651
06/24/16,08:08:00,16,71494
06/24/16,08:09:00,16,90048
06/24/16,08:10:00,15,3542
06/24/16,08:11:00,16,20242
06/24/16,08:12:00,17,56722
06/24/16,08:13:00,16,55381
06/24/16,08:14:00,16,04167
06/24/16,08:15:00,15,70672
06/24/16,08:16:00,7,804664
06/24/16,08:17:00,0
06/24/16,08:18:00,0
06/24/16,08:19:00,0
06/24/16,08:20:00,0
06/24/16,08:21:00,0
06/24/16,08:22:00,0
06/24/16,08:23:00,0
06/24/16,08:24:00,0
06/24/16,08:25:00,0
06/24/16,08:26:00,0
06/24/16,08:27:00,0
06/24/16,08:28:00,0
06/24/16,08:29:00,0
06/24/16,08:30:00,0
06/24/16,08:31:00,0
06/24/16,08:32:00,0
06/24/16,08:33:00,9,303722
06/24/16,08:34:00,14,53016
06/24/16,08:35:00,15,45007
06/24/16,08:36:00,15,74446
06/24/16,08:37:00,15,96444
06/24/16,08:38:00,16,00326
06/24/16,08:39:00,16,65668
06/24/16,08:40:00,16,98341
06/24/16,08:41:00,16,26212
06/24/16,08:42:00,17,07312
06/24/16,08:43:00,17,00852
06/24/16,08:44:00,16,69244
06/24/16,08:45:00,17,11841
06/24/16,08:46:00,8,317169
06/24/16,08:47:00,12,73289
06/24/16,08:48:00,15,83174
06/24/16,08:49:00,16,35103
06/24/16,08:50:00,16,70353
06/24/16,08:51:00,17,86145
06/24/16,08:52:00,17,88478
06/24/16,08:53:00,17,2442
06/24/16,08:54:00,16,69525
06/24/16,08:55:00,17,61314
06/24/16,08:56:00,17,40997
06/24/16,08:57:00,16,90265
06/24/16,08:58:00,16,19973
06/24/16,08:59:00,17,02369
06/24/16,09:00:00,16,96595
06/24/16,09:01:00,17,80825
06/24/16,09:02:00,17,81645
06/24/16,09:03:00,17,82789
06/24/16,09:04:00,17,68541
06/24/16,09:05:00,17,08244
06/24/16,09:06:00,16,27031
06/24/16,09:07:00,17,33333
06/24/16,09:08:00,20,09042
06/24/16,09:09:00,18,81971
06/24/16,09:10:00,18,46554
06/24/16,09:11:00,19,33735
06/24/16,09:12:00,19,39342
06/24/16,09:13:00,17,22683
06/24/16,09:14:00,17,81184
06/24/16,09:15:00,18,90935
06/24/16,09:16:00,19,68796
06/24/16,09:17:00,19,50169
06/24/16,09:18:00,18,89062
06/24/16,09:19:00,18,883
06/24/16,09:20:00,18,28203
06/24/16,09:21:00,18,54939
06/24/16,09:22:00,18,11683
06/24/16,09:23:00,18,98493
06/24/16,09:24:00,19,16041
06/24/16,09:25:00,19,26935
06/24/16,09:26:00,19,60771
06/24/16,09:27:00,18,78765
06/24/16,09:28:00,18,65929
06/24/16,09:29:00,18,33397
06/24/16,09:30:00,17,99594
06/24/16,09:31:00,18,76868
06/24/16,09:32:00,19,08169
06/24/16,09:33:00,19,37267
06/24/16,09:34:00,19,71587
06/24/16,09:35:00,18,99675
06/24/16,09:36:00,18,92104
06/24/16,09:37:00,18,69971
06/24/16,09:38:00,18,12936
06/24/16,09:39:00,4,484116
06/24/16,09:40:00,0
06/24/16,09:41:00,0
06/24/16,09:42:00,0
06/24/16,09:43:00,0
06/24/16,09:44:00,0
06/24/16,09:45:00,0
06/24/16,09:46:00,0
06/24/16,09:47:00,0
06/24/16,09:48:00,0
06/24/16,09:49:00,0
06/24/16,09:50:00,0
06/24/16,09:51:00,7,127877
06/24/16,09:52:00,14,49904
06/24/16,09:53:00,15,55368
06/24/16,09:54:00,16,19151
06/24/16,09:55:00,16,46198
06/24/16,09:56:00,16,4494
06/24/16,09:57:00,16,60566
06/24/16,09:58:00,16,27376
06/24/16,09:59:00,14,79708
06/24/16,10:00:00,15,72535
06/24/16,10:01:00,16,98602
06/24/16,10:02:00,16,4874
06/24/16,10:03:00,15,64675
06/24/16,10:04:00,16,5266
06/24/16,10:05:00,16,13933
06/24/16,10:06:00,16,88062
06/24/16,10:07:00,17,8205
06/24/16,10:08:00,17,32716
06/24/16,10:09:00,16,71945
06/24/16,10:10:00,16,56458
06/24/16,10:11:00,17,48575
06/24/16,10:12:00,16,56719
06/24/16,10:13:00,16,5895
06/24/16,10:14:00,17,40381
06/24/16,10:15:00,16,59748
06/24/16,10:16:00,16,1766
06/24/16,10:17:00,17,65447
06/24/16,10:18:00,17,34206
06/24/16,10:19:00,16,39765
06/24/16,10:20:00,16,61718
06/24/16,10:21:00,16,28904
06/24/16,10:22:00,15,87676
06/24/16,10:23:00,16,48542
06/24/16,10:24:00,16,85786
06/24/16,10:25:00,17,12222
06/24/16,10:26:00,16,18874
06/24/16,10:27:00,16,25164
06/24/16,10:28:00,16,30583
06/24/16,10:29:00,16,84343
06/24/16,10:30:00,17,18078
06/24/16,10:31:00,16,74136
06/24/16,10:32:00,16,84761
06/24/16,10:33:00,16,77278
06/24/16,10:34:00,17,22883
06/24/16,10:35:00,16,6593
06/24/16,10:36:00,16,77558
06/24/16,10:37:00,16,43911
06/24/16,10:38:00,15,87894
06/24/16,10:39:00,16,97244
06/24/16,10:40:00,16,22706
06/24/16,10:41:00,15,94314
06/24/16,10:42:00,16,76814
06/24/16,10:43:00,16,78313
06/24/16,10:44:00,16,70401
06/24/16,10:45:00,16,2843
06/24/16,10:46:00,16,5251
06/24/16,10:47:00,15,87332
06/24/16,10:48:00,16,31468
06/24/16,10:49:00,17,04974
06/24/16,10:50:00,16,86824
06/24/16,10:51:00,17,35064
06/24/16,10:52:00,17,53982
06/24/16,10:53:00,17,19671
06/24/16,10:54:00,16,76466
06/24/16,10:55:00,17,83613
06/24/16,10:56:00,16,82869
06/24/16,10:57:00,16,53602
06/24/16,10:58:00,16,49435
06/24/16,10:59:00,17,27242
06/24/16,11:00:00,17,50055
06/24/16,11:01:00,17,33092
06/24/16,11:02:00,17,26953
06/24/16,11:03:00,15,86013
06/24/16,11:04:00,17,27146
06/24/16,11:05:00,16,29185
06/24/16,11:06:00,16,29937
06/24/16,11:07:00,16,74865
06/24/16,11:08:00,17,63103
06/24/16,11:09:00,17,72837
06/24/16,11:10:00,18,78494
06/24/16,11:11:00,18,86803
06/24/16,11:12:00,17,07016
06/24/16,11:13:00,17,25445
06/24/16,11:14:00,16,96536
06/24/16,11:15:00,16,77726
06/24/16,11:16:00,17,3068
06/24/16,11:17:00,16,35622
06/24/16,11:18:00,16,46447
06/24/16,11:19:00,16,79969
06/24/16,11:20:00,17,8668
06/24/16,11:21:00,16,25358
06/24/16,11:22:00,17,16353
06/24/16,11:23:00,17,47021
06/24/16,11:24:00,17,28518
06/24/16,11:25:00,17,00954
06/24/16,11:26:00,17,97387
06/24/16,11:27:00,16,19547
06/24/16,11:28:00,16,4999
06/24/16,11:29:00,16,27716
06/24/16,11:30:00,17,60037
06/24/16,11:31:00,17,68748
06/24/16,11:32:00,17,21094
06/24/16,11:33:00,16,10763
06/24/16,11:34:00,16,62395
06/24/16,11:35:00,17,7377
06/24/16,11:36:00,16,57895
06/24/16,11:37:00,16,51706
06/24/16,11:38:00,16,29557
06/24/16,11:39:00,16,58516
06/24/16,11:40:00,17,30538
06/24/16,11:41:00,18,25243
06/24/16,11:42:00,17,80498
06/24/16,11:43:00,17,49868
06/24/16,11:44:00,17,69643
06/24/16,11:45:00,17,0132
06/24/16,11:46:00,16,50443
06/24/16,11:47:00,16,35626
06/24/16,11:48:00,17,24034
06/24/16,11:49:00,16,8907
06/24/16,11:50:00,17,09312
06/24/16,11:51:00,16,93987
06/24/16,11:52:00,17,56158
06/24/16,11:53:00,17,70056
06/24/16,11:54:00,17,3946
06/24/16,11:55:00,17,54734
06/24/16,11:56:00,17,63677
06/24/16,11:57:00,17,37493
06/24/16,11:58:00,17,20486
06/24/16,11:59:00,17,90244
06/24/16,12:00:00,18,60448
06/24/16,12:01:00,17,0693
06/24/16,12:02:00,17,10258
06/24/16,12:03:00,17,49425
06/24/16,12:04:00,16,41704
06/24/16,12:05:00,16,55624
06/24/16,12:06:00,16,82957
06/24/16,12:07:00,17,46642
06/24/16,12:08:00,17,38711
06/24/16,12:09:00,17,51099
06/24/16,12:10:00,17,28766
06/24/16,12:11:00,16,99035
06/24/16,12:12:00,17,2412
06/24/16,12:13:00,17,12134
06/24/16,12:14:00,17,29174
06/24/16,12:15:00,16,9165
06/24/16,12:16:00,17,13283
06/24/16,12:17:00,16,49506
06/24/16,12:18:00,17,43407
06/24/16,12:19:00,17,65995
06/24/16,12:20:00,17,68606
06/24/16,12:21:00,17,56012
06/24/16,12:22:00,17,38337
06/24/16,12:23:00,17,72106
06/24/16,12:24:00,17,70287
06/24/16,12:25:00,18,84528
06/24/16,12:26:00,17,49342
06/24/16,12:27:00,16,57133
06/24/16,12:28:00,17,04935
06/24/16,12:29:00,17,17615
06/24/16,12:30:00,17,41322
06/24/16,12:31:00,5,740881
06/24/16,12:32:00,0
06/24/16,12:33:00,0
06/24/16,12:34:00,0
06/24/16,12:35:00,0
06/24/16,12:36:00,0
06/24/16,12:37:00,0
06/24/16,12:38:00,0
06/24/16,12:39:00,0
06/24/16,12:40:00,0
06/24/16,12:41:00,0
06/24/16,12:42:00,10,3747
06/24/16,12:43:00,16,61215
06/24/16,12:44:00,17,34837
06/24/16,12:45:00,16,83
06/24/16,12:46:00,17,141
06/24/16,12:47:00,16,68764
06/24/16,12:48:00,17,35297
06/24/16,12:49:00,16,51724
06/24/16,12:50:00,16,98514
06/24/16,12:51:00,17,06496
06/24/16,12:52:00,17,7299
06/24/16,12:53:00,17,80589
06/24/16,12:54:00,17,26233
06/24/16,12:55:00,16,58032
06/24/16,12:56:00,16,53695
06/24/16,12:57:00,17,03025
06/24/16,12:58:00,16,60019
06/24/16,12:59:00,16,74029
06/24/16,13:00:00,16,91987
06/24/16,13:01:00,16,89949
06/24/16,13:02:00,16,46686
06/24/16,13:03:00,16,67788
06/24/16,13:04:00,17,17175
06/24/16,13:05:00,16,3347
06/24/16,13:06:00,17,1012
06/24/16,13:07:00,16,72181
06/24/16,13:08:00,15,70903
06/24/16,13:09:00,15,30221
06/24/16,13:10:00,16,16978
06/24/16,13:11:00,16,64588
06/24/16,13:12:00,16,44446
06/24/16,13:13:00,11,32264
06/24/16,13:14:00,0
06/24/16,13:15:00,0
06/24/16,13:16:00,0
06/24/16,13:17:00,0
06/24/16,13:18:00,0
06/24/16,13:19:00,0
06/24/16,13:20:00,0
06/24/16,13:21:00,0
06/24/16,13:22:00,0
06/24/16,13:23:00,0
06/24/16,13:24:00,0
06/24/16,13:25:00,0
06/24/16,13:26:00,0
06/24/16,13:27:00,0
06/24/16,13:28:00,0
06/24/16,13:29:00,0
06/24/16,13:30:00,0
06/24/16,13:31:00,0
06/24/16,13:32:00,0
06/24/16,13:33:00,0
06/24/16,13:34:00,0
06/24/16,13:35:00,0
06/24/16,13:36:00,0
06/24/16,13:37:00,0
06/24/16,13:38:00,0
06/24/16,13:39:00,0
06/24/16,13:40:00,0
06/24/16,13:41:00,0
06/24/16,13:42:00,0
06/24/16,13:43:00,0
06/24/16,13:44:00,0
06/24/16,13:45:00,0
06/24/16,13:46:00,0
06/24/16,13:47:00,0
06/24/16,13:48:00,0
06/24/16,13:49:00,0
06/24/16,13:50:00,0
06/24/16,13:51:00,0
06/24/16,13:52:00,0
06/24/16,13:53:00,0
06/24/16,13:54:00,0
06/24/16,13:55:00,0
06/24/16,13:56:00,0
06/24/16,13:57:00,0
06/24/16,13:58:00,0
06/24/16,13:59:00,0
06/24/16,14:00:00,0
06/24/16,14:01:00,0
06/24/16,14:02:00,0
06/24/16,14:03:00,0
06/24/16,14:04:00,0
06/24/16,14:05:00,0
06/24/16,14:06:00,0
06/24/16,14:07:00,0
06/24/16,14:08:00,0
06/24/16,14:09:00,0,834081
06/24/16,14:10:00,14,29165
06/24/16,14:11:00,16,51918
06/24/16,14:12:00,17,30004
06/24/16,14:13:00,17,57878
06/24/16,14:14:00,18,33884
06/24/16,14:15:00,17,56596
06/24/16,14:16:00,17,99046
06/24/16,14:17:00,18,74526
06/24/16,14:18:00,18,06375
06/24/16,14:19:00,18,65247
06/24/16,14:20:00,18,8501
06/24/16,14:21:00,18,66134
06/24/16,14:22:00,17,94037
06/24/16,14:23:00,18,32817
06/24/16,14:24:00,17,85371
06/24/16,14:25:00,17,60029
06/24/16,14:26:00,17,5042
06/24/16,14:27:00,18,15995
06/24/16,14:28:00,17,90998
06/24/16,14:29:00,17,71041
06/24/16,14:30:00,17,56816
06/24/16,14:31:00,17,72821
06/24/16,14:32:00,17,36674
06/24/16,14:33:00,16,80491
06/24/16,14:34:00,16,16726
06/24/16,14:35:00,16,35714
06/24/16,14:36:00,16,60679
06/24/16,14:37:00,18,25359
06/24/16,14:38:00,18,8144
06/24/16,14:39:00,18,07219
06/24/16,14:40:00,17,37155
06/24/16,14:41:00,17,24208
06/24/16,14:42:00,17,13794
06/24/16,14:43:00,16,32559
06/24/16,14:44:00,15,3582
06/24/16,14:45:00,7,36063
06/24/16,14:46:00,5,041701
06/24/16,14:47:00,8,439501
06/24/16,14:48:00,14,69721
06/24/16,14:49:00,16,33506
06/24/16,14:50:00,16,63039
06/24/16,14:51:00,16,81963
06/24/16,14:52:00,17,94518
06/24/16,14:53:00,17,77479
06/24/16,14:54:00,17,91346
06/24/16,14:55:00,18,82306
06/24/16,14:56:00,19,60443
06/24/16,14:57:00,18,67071
06/24/16,14:58:00,18,3027
06/24/16,14:59:00,17,43929
06/24/16,15:00:00,16,64918
06/24/16,15:01:00,17,3457
06/24/16,15:02:00,18,03936
06/24/16,15:03:00,20,73613
06/24/16,15:04:00,17,75287
06/24/16,15:05:00,15,41705
06/24/16,15:06:00,14,81965
06/24/16,15:07:00,16,58559
06/24/16,15:08:00,15,77685
06/24/16,15:09:00,16,36685
06/24/16,15:10:00,15,4902
06/24/16,15:11:00,16,26713
06/24/16,15:12:00,16,20249
06/24/16,15:13:00,15,71128
06/24/16,15:14:00,15,82666
06/24/16,15:15:00,16,06031
06/24/16,15:16:00,16,65742
06/24/16,15:17:00,16,69868
06/24/16,15:18:00,16,25842
06/24/16,15:19:00,17,07098
06/24/16,15:20:00,16,43812
06/24/16,15:21:00,15,95869
06/24/16,15:22:00,16,21496
06/24/16,15:23:00,16,56228
06/24/16,15:24:00,16,5738
06/24/16,15:25:00,15,98359
06/24/16,15:26:00,15,96829
06/24/16,15:27:00,16,66227
06/24/16,15:28:00,17,32996
06/24/16,15:29:00,16,95395
06/24/16,15:30:00,16,25581
06/24/16,15:31:00,15,22513
06/24/16,15:32:00,16,05175
06/24/16,15:33:00,15,52274
06/24/16,15:34:00,16,44992
06/24/16,15:35:00,15,80125
06/24/16,15:36:00,15,40375
06/24/16,15:37:00,16,17616
06/24/16,15:38:00,15,99384
06/24/16,15:39:00,16,52704
06/24/16,15:40:00,16,22351
06/24/16,15:41:00,17,39299
06/24/16,15:42:00,17,54419
06/24/16,15:43:00,16,85215
06/24/16,15:44:00,16,04893
06/24/16,15:45:00,15,92704
06/24/16,15:46:00,15,14753
06/24/16,15:47:00,16,46274
06/24/16,15:48:00,16,81064
06/24/16,15:49:00,17,12545
06/24/16,15:50:00,17,42238
06/24/16,15:51:00,16,32011
06/24/16,15:52:00,14,73023
06/24/16,15:53:00,15,66369
06/24/16,15:54:00,16,842
06/24/16,15:55:00,15,78934
06/24/16,15:56:00,15,97035
06/24/16,15:57:00,17,17152
06/24/16,15:58:00,16,50809
06/24/16,15:59:00,16,24174
06/24/16,16:00:00,16,79827
06/24/16,16:01:00,16,88177
06/24/16,16:02:00,16,41999
06/24/16,16:03:00,16,9566
06/24/16,16:04:00,15,61527
06/24/16,16:05:00,16,41038
06/24/16,16:06:00,17,15972
06/24/16,16:07:00,16,36451
06/24/16,16:08:00,15,25445
06/24/16,16:09:00,16,5756
06/24/16,16:10:00,16,954
06/24/16,16:11:00,14,94743
06/24/16,16:12:00,14,89905
06/24/16,16:13:00,15,17626
06/24/16,16:14:00,14,74069
06/24/16,16:15:00,14,95055
06/24/16,16:16:00,14,92774
06/24/16,16:17:00,15,07244
06/24/16,16:18:00,14,72127
06/24/16,16:19:00,15,38258
06/24/16,16:20:00,16,00263
06/24/16,16:21:00,15,04161
06/24/16,16:22:00,16,33433
06/24/16,16:23:00,16,64873
06/24/16,16:24:00,15,80353
06/24/16,16:25:00,15,74604
06/24/16,16:26:00,16,03376
06/24/16,16:27:00,15,48645
06/24/16,16:28:00,16,13877
06/24/16,16:29:00,18,3878
06/24/16,16:30:00,17,62616
06/24/16,16:31:00,17,15315
06/24/16,16:32:00,17,39682
06/24/16,16:33:00,17,45486
06/24/16,16:34:00,16,19569
06/24/16,16:35:00,17,15051
06/24/16,16:36:00,17,28365
06/24/16,16:37:00,17,47768
06/24/16,16:38:00,16,83132
06/24/16,16:39:00,15,81773
06/24/16,16:40:00,16,39856
06/24/16,16:41:00,16,5566
06/24/16,16:42:00,16,36167
06/24/16,16:43:00,15,08656
06/24/16,16:44:00,14,67715
06/24/16,16:45:00,15,87826
06/24/16,16:46:00,15,65097
06/24/16,16:47:00,17,22599
06/24/16,16:48:00,17,05287
06/24/16,16:49:00,16,72333
06/24/16,16:50:00,17,7617
06/24/16,16:51:00,18,19525
06/24/16,16:52:00,17,71218
06/24/16,16:53:00,16,58105
06/24/16,16:54:00,16,93781
06/24/16,16:55:00,17,08086
06/24/16,16:56:00,17,03199
06/24/16,16:57:00,18,55924
06/24/16,16:58:00,18,46695
06/24/16,16:59:00,16,84344
06/24/16,17:00:00,16,43618
06/24/16,17:01:00,16,70431
06/24/16,17:02:00,16,70542
06/24/16,17:03:00,16,84363
06/24/16,17:04:00,16,69778
06/24/16,17:05:00,17,02054
06/24/16,17:06:00,17,49674
06/24/16,17:07:00,18,33719
06/24/16,17:08:00,17,44959
06/24/16,17:09:00,16,24235
06/24/16,17:10:00,16,83974
06/24/16,17:11:00,16,81189
06/24/16,17:12:00,17,13899
06/24/16,17:13:00,8,462243
06/24/16,17:14:00,0
06/24/16,17:15:00,0
06/24/16,17:16:00,0
06/24/16,17:17:00,0
06/24/16,17:18:00,0
06/24/16,17:19:00,0
06/24/16,17:20:00,0
06/24/16,17:21:00,0
06/24/16,17:22:00,0
06/24/16,17:23:00,0
06/24/16,17:24:00,0
06/24/16,17:25:00,0
06/24/16,17:26:00,0
06/24/16,17:27:00,0
06/24/16,17:28:00,0
06/24/16,17:29:00,6,568028
06/24/16,17:30:00,14,9843
06/24/16,17:31:00,16,98053
06/24/16,17:32:00,17,44059
06/24/16,17:33:00,17,62587
06/24/16,17:34:00,17,34695
06/24/16,17:35:00,16,2126
06/24/16,17:36:00,16,44313
06/24/16,17:37:00,17,16269
06/24/16,17:38:00,17,13771
06/24/16,17:39:00,17,14774
06/24/16,17:40:00,17,17771
06/24/16,17:41:00,16,61282
06/24/16,17:42:00,16,48754
06/24/16,17:43:00,16,2972
06/24/16,17:44:00,16,80745
06/24/16,17:45:00,16,84573
06/24/16,17:46:00,17,15215
06/24/16,17:47:00,16,10529
06/24/16,17:48:00,15,14485
06/24/16,17:49:00,14,70681
06/24/16,17:50:00,15,00641
06/24/16,17:51:00,15,96238
06/24/16,17:52:00,16,78342
06/24/16,17:53:00,15,84289
06/24/16,17:54:00,15,29446
06/24/16,17:55:00,15,98052
06/24/16,17:56:00,16,39231
06/24/16,17:57:00,16,50505
06/24/16,17:58:00,16,95214
06/24/16,17:59:00,16,7145
06/24/16,18:00:00,17,61959
06/24/16,18:01:00,17,86884
06/24/16,18:02:00,17,29156
06/24/16,18:03:00,16,10909
06/24/16,18:04:00,15,75296
06/24/16,18:05:00,16,43862
06/24/16,18:06:00,16,56837
06/24/16,18:07:00,16,59083
06/24/16,18:08:00,16,57562
06/24/16,18:09:00,16,37645
06/24/16,18:10:00,16,52638
06/24/16,18:11:00,17,53414
06/24/16,18:12:00,17,35115
06/24/16,18:13:00,18,01401
06/24/16,18:14:00,18,18313
06/24/16,18:15:00,16,83174
06/24/16,18:16:00,16,4206
06/24/16,18:17:00,15,46953
06/24/16,18:18:00,15,94724
06/24/16,18:19:00,17,69875
06/24/16,18:20:00,17,61552
06/24/16,18:21:00,17,327
06/24/16,18:22:00,17,19159
06/24/16,18:23:00,15,7571
06/24/16,18:24:00,15,44311
06/24/16,18:25:00,16,25438
06/24/16,18:26:00,16,98392
06/24/16,18:27:00,17,15544
06/24/16,18:28:00,16,78476
06/24/16,18:29:00,17,40405
06/24/16,18:30:00,17,16067
06/24/16,18:31:00,15,5871
06/24/16,18:32:00,16,38482
06/24/16,18:33:00,16,33926
06/24/16,18:34:00,16,04402
06/24/16,18:35:00,16,72377
06/24/16,18:36:00,17,44869
06/24/16,18:37:00,16,54321
06/24/16,18:38:00,17,23101
06/24/16,18:39:00,18,24289
06/24/16,18:40:00,17,06025
06/24/16,18:41:00,17,2476
06/24/16,18:42:00,17,47251
06/24/16,18:43:00,16,40151
06/24/16,18:44:00,15,41494
06/24/16,18:45:00,17,18121
06/24/16,18:46:00,17,67126
06/24/16,18:47:00,17,48553
06/24/16,18:48:00,17,2292
06/24/16,18:49:00,16,6621
06/24/16,18:50:00,16,91574
06/24/16,18:51:00,16,94642
06/24/16,18:52:00,16,63784
06/24/16,18:53:00,16,18055
06/24/16,18:54:00,16,9153
06/24/16,18:55:00,16,47802
06/24/16,18:56:00,16,90116
06/24/16,18:57:00,17,46888
06/24/16,18:58:00,16,62501
06/24/16,18:59:00,16,32242
06/24/16,19:00:00,16,80197
06/24/16,19:01:00,16,11068
06/24/16,19:02:00,15,86771
06/24/16,19:03:00,15,89428
06/24/16,19:04:00,16,29832
06/24/16,19:05:00,16,01452
06/24/16,19:06:00,16,29448
06/24/16,19:07:00,17,23341
06/24/16,19:08:00,15,46499
06/24/16,19:09:00,15,16999
06/24/16,19:10:00,15,85973
06/24/16,19:11:00,15,46948
06/24/16,19:12:00,16,28462
06/24/16,19:13:00,17,03804
06/24/16,19:14:00,15,07302
06/24/16,19:15:00,15,33872
06/24/16,19:16:00,16,39492
06/24/16,19:17:00,15,25164
06/24/16,19:18:00,16,17579
06/24/16,19:19:00,17,04815
06/24/16,19:20:00,16,89975
06/24/16,19:21:00,16,96569
06/24/16,19:22:00,17,79578
06/24/16,19:23:00,17,59321
06/24/16,19:24:00,17,17858
06/24/16,19:25:00,17,7075
06/24/16,19:26:00,17,16811
06/24/16,19:27:00,17,17158
06/24/16,19:28:00,17,4913
06/24/16,19:29:00,17,21089
06/24/16,19:30:00,17,30892
06/24/16,19:31:00,18,26077
06/24/16,19:32:00,17,21092
06/24/16,19:33:00,16,99839
06/24/16,19:34:00,10,08564
06/24/16,19:35:00,0
06/24/16,19:36:00,0
06/24/16,19:37:00,0
06/24/16,19:38:00,0
06/24/16,19:39:00,0
06/24/16,19:40:00,0
06/24/16,19:41:00,11,01008
06/24/16,19:42:00,16,20671
06/24/16,19:43:00,17,61371
06/24/16,19:44:00,17,50589
06/24/16,19:45:00,16,77702
06/24/16,19:46:00,17,97745
06/24/16,19:47:00,17,86141
06/24/16,19:48:00,17,82379
06/24/16,19:49:00,17,81233
06/24/16,19:50:00,17,90044
06/24/16,19:51:00,17,66214
06/24/16,19:52:00,17,34813
06/24/16,19:53:00,16,34413
06/24/16,19:54:00,15,78364
06/24/16,19:55:00,16,09736
06/24/16,19:56:00,16,26906
06/24/16,19:57:00,16,22264
06/24/16,19:58:00,16,39004
06/24/16,19:59:00,15,86601
06/24/16,20:00:00,15,24362
06/24/16,20:01:00,16,4896
06/24/16,20:02:00,15,84881
06/24/16,20:03:00,15,58401
06/24/16,20:04:00,13,65378
06/24/16,20:05:00,1,632987
06/24/16,20:06:00,0
06/24/16,20:07:00,0
06/24/16,20:08:00,0
06/24/16,20:09:00,0
06/24/16,20:10:00,0
06/24/16,20:11:00,0
06/24/16,20:12:00,0
06/24/16,20:13:00,0
06/24/16,20:14:00,0
06/24/16,20:15:00,0
06/24/16,20:16:00,0
06/24/16,20:17:00,0
06/24/16,20:18:00,0
06/24/16,20:19:00,0
06/24/16,20:20:00,0
06/24/16,20:21:00,0
06/24/16,20:22:00,0
06/24/16,20:23:00,0
06/24/16,20:24:00,0
06/24/16,20:25:00,0
06/24/16,20:26:00,0
06/24/16,20:27:00,0
06/24/16,20:28:00,0
06/24/16,20:29:00,0
06/24/16,20:30:00,0
06/24/16,20:31:00,0
06/24/16,20:32:00,0
06/24/16,20:33:00,0
06/24/16,20:34:00,0
06/24/16,20:35:00,0
06/24/16,20:36:00,0
06/24/16,20:37:00,0
06/24/16,20:38:00,0
06/24/16,20:39:00,0
06/24/16,20:40:00,0
06/24/16,20:41:00,0
06/24/16,20:42:00,0
06/24/16,20:43:00,0
06/24/16,20:44:00,0
06/24/16,20:45:00,0
06/24/16,20:46:00,0
06/24/16,20:47:00,0
06/24/16,20:48:00,0
06/24/16,20:49:00,0
06/24/16,20:50:00,0
06/24/16,20:51:00,0
06/24/16,20:52:00,0
06/24/16,20:53:00,0
06/24/16,20:54:00,0
06/24/16,20:55:00,0
06/24/16,20:56:00,0
06/24/16,20:57:00,0
06/24/16,20:58:00,0
06/24/16,20:59:00,0
06/24/16,21:00:00,0
06/24/16,21:01:00,0
06/24/16,21:02:00,0
06/24/16,21:03:00,0
06/24/16,21:04:00,0
06/24/16,21:05:00,0
06/24/16,21:06:00,0
06/24/16,21:07:00,0
06/24/16,21:08:00,0
06/24/16,21:09:00,0
06/24/16,21:10:00,0
06/24/16,21:11:00,0
06/24/16,21:12:00,0
06/24/16,21:13:00,0
06/24/16,21:14:00,0
06/24/16,21:15:00,0
06/24/16,21:16:00,0
06/24/16,21:17:00,0
06/24/16,21:18:00,0
06/24/16,21:19:00,0
06/24/16,21:20:00,0
06/24/16,21:21:00,0
06/24/16,21:22:00,0
06/24/16,21:23:00,0
06/24/16,21:24:00,0
06/24/16,21:25:00,0
06/24/16,21:26:00,0
06/24/16,21:27:00,0
06/24/16,21:28:00,0
06/24/16,21:29:00,0
06/24/16,21:30:00,0
06/24/16,21:31:00,0
06/24/16,21:32:00,0
06/24/16,21:33:00,0
06/24/16,21:34:00,0
06/24/16,21:35:00,0
06/24/16,21:36:00,0
06/24/16,21:37:00,0
06/24/16,21:38:00,0
06/24/16,21:39:00,0
06/24/16,21:40:00,0
06/24/16,21:41:00,0
06/24/16,21:42:00,0
06/24/16,21:43:00,0
06/24/16,21:44:00,0
06/24/16,21:45:00,0
06/24/16,21:46:00,0
06/24/16,21:47:00,0
06/24/16,21:48:00,0
06/24/16,21:49:00,0
06/24/16,21:50:00,0
06/24/16,21:51:00,0
06/24/16,21:52:00,0
06/24/16,21:53:00,0
06/24/16,21:54:00,0
06/24/16,21:55:00,0
06/24/16,21:56:00,0
06/24/16,21:57:00,0
06/24/16,21:58:00,0
06/24/16,21:59:00,0
06/24/16,22:00:00,0
06/24/16,22:01:00,0
06/24/16,22:02:00,0
06/24/16,22:03:00,0
06/24/16,22:04:00,0
06/24/16,22:05:00,0
06/24/16,22:06:00,0
06/24/16,22:07:00,0
06/24/16,22:08:00,0
06/24/16,22:09:00,0
06/24/16,22:10:00,0
06/24/16,22:11:00,0
06/24/16,22:12:00,0
06/24/16,22:13:00,0
06/24/16,22:14:00,0
06/24/16,22:15:00,0
06/24/16,22:16:00,0
06/24/16,22:17:00,0
06/24/16,22:18:00,0
06/24/16,22:19:00,0
06/24/16,22:20:00,0
06/24/16,22:21:00,0
06/24/16,22:22:00,0
06/24/16,22:23:00,0
06/24/16,22:24:00,0
06/24/16,22:25:00,0,016149
06/24/16,22:26:00,0,459583
06/24/16,22:27:00,0,6249357
06/24/16,22:28:00,1,27945
06/24/16,22:29:00,1,186027
06/24/16,22:30:00,1,346905
06/24/16,22:31:00,1,677377
06/24/16,22:32:00,1,875914
06/24/16,22:33:00,2,154681
06/24/16,22:34:00,1,950168
06/24/16,22:35:00,2,166572
06/24/16,22:36:00,2,115417
06/24/16,22:37:00,2,096205
06/24/16,22:38:00,2,113718
06/24/16,22:39:00,2,242784
06/24/16,22:40:00,2,143091
06/24/16,22:41:00,2,253925
06/24/16,22:42:00,2,305761
06/24/16,22:43:00,2,329544
06/24/16,22:44:00,2,511084
06/24/16,22:45:00,2,647337
06/24/16,22:46:00,2,693189
06/24/16,22:47:00,2,916855
06/24/16,22:48:00,3,972816
06/24/16,22:49:00,5,929031
06/24/16,22:50:00,0,6348239
06/24/16,22:51:00,0
06/24/16,22:52:00,0
06/24/16,22:53:00,0
06/24/16,22:54:00,0
06/24/16,22:55:00,0
06/24/16,22:56:00,0
06/24/16,22:57:00,0
06/24/16,22:58:00,0,2751617
06/24/16,22:59:00,1,000732
06/24/16,23:00:00,8,523542
06/24/16,23:01:00,14,23559
06/24/16,23:02:00,19,51651
06/24/16,23:03:00,24,04059
06/24/16,23:04:00,27,6992
06/24/16,23:05:00,30
06/24/16,23:06:00,30
06/24/16,23:07:00,30
06/24/16,23:08:00,30
06/24/16,23:09:00,30
06/24/16,23:10:00,30
06/24/16,23:11:00,30
06/24/16,23:12:00,30
06/24/16,23:13:00,30
06/24/16,23:14:00,30
06/24/16,23:15:00,30
06/24/16,23:16:00,30
06/24/16,23:17:00,30
06/24/16,23:18:00,30
06/24/16,23:19:00,30
06/24/16,23:20:00,30
06/24/16,23:21:00,30
06/24/16,23:22:00,30
06/24/16,23:23:00,30
06/24/16,23:24:00,30
06/24/16,23:25:00,30
06/24/16,23:26:00,30
06/24/16,23:27:00,30
06/24/16,23:28:00,30
06/24/16,23:29:00,30
06/24/16,23:30:00,30
06/24/16,23:31:00,30
06/24/16,23:32:00,30
06/24/16,23:33:00,30
06/24/16,23:34:00,30
06/24/16,23:35:00,30
06/24/16,23:36:00,30
06/24/16,23:37:00,30
06/24/16,23:38:00,30
06/24/16,23:39:00,30
06/24/16,23:40:00,30
06/24/16,23:41:00,30
06/24/16,23:42:00,30
06/24/16,23:43:00,30
06/24/16,23:44:00,30
06/24/16,23:45:00,30
06/24/16,23:46:00,30
06/24/16,23:47:00,30
06/24/16,23:48:00,30
06/24/16,23:49:00,30
06/24/16,23:50:00,30
06/24/16,23:51:00,30
06/24/16,23:52:00,30
06/24/16,23:53:00,30
06/24/16,23:54:00,30
06/24/16,23:55:00,30
06/24/16,23:56:00,30
06/24/16,23:57:00,30
06/24/16,23:58:00,30
06/24/16,23:59:00,30
06/25/16,00:00:00,30
06/25/16,00:01:00,30
06/25/16,00:02:00,30
06/25/16,00:03:00,30
06/25/16,00:04:00,30
06/25/16,00:05:00,30
06/25/16,00:06:00,30
06/25/16,00:07:00,30
06/25/16,00:08:00,30
06/25/16,00:09:00,30
06/25/16,00:10:00,30
06/25/16,00:11:00,30
06/25/16,00:12:00,30
06/25/16,00:13:00,30
06/25/16,00:14:00,30
06/25/16,00:15:00,30
06/25/16,00:16:00,30
06/25/16,00:17:00,30
06/25/16,00:18:00,30
06/25/16,00:19:00,30
06/25/16,00:20:00,30
06/25/16,00:21:00,30
06/25/16,00:22:00,30
06/25/16,00:23:00,30
06/25/16,00:24:00,30
06/25/16,00:25:00,30
06/25/16,00:26:00,19,78747
06/25/16,00:27:00,6,458003
06/25/16,00:28:00,5,152325
06/25/16,00:29:00,2,06747
06/25/16,00:30:00,0,9983594
06/25/16,00:31:00,1,552013
06/25/16,00:32:00,3,332551
06/25/16,00:33:00,4,209274
06/25/16,00:34:00,4,690148
06/25/16,00:35:00,4,817476
06/25/16,00:36:00,4,963584
06/25/16,00:37:00,4,229506
06/25/16,00:38:00,2,336912
06/25/16,00:39:00,1,184908
06/25/16,00:40:00,0,9076526
06/25/16,00:41:00,0,8067711
06/25/16,00:42:00,0,6968666
06/25/16,00:43:00,0,8553474
06/25/16,00:44:00,0,8213913
06/25/16,00:45:00,0,7668445
06/25/16,00:46:00,0,9838227
06/25/16,00:47:00,0,8298832
06/25/16,00:48:00,0,9493065
06/25/16,00:49:00,0,9424153
06/25/16,00:50:00,0,9851429
06/25/16,00:51:00,1,022551
06/25/16,00:52:00,1,011611
06/25/16,00:53:00,1,056143
06/25/16,00:54:00,0,9548122
06/25/16,00:55:00,1,064037
06/25/16,00:56:00,1,202455
06/25/16,00:57:00,1,204968
06/25/16,00:58:00,1,159519
06/25/16,00:59:00,1,274387
06/25/16,01:00:00,1,216108
06/25/16,01:01:00,1,257022
06/25/16,01:02:00,1,139776
06/25/16,01:03:00,1,172121
06/25/16,01:04:00,1,024843
06/25/16,01:05:00,0,950754
06/25/16,01:06:00,0,1646532
06/25/16,01:07:00,2,512179
06/25/16,01:08:00,4,772118
06/25/16,01:09:00,5,890111
06/25/16,01:10:00,6,676669
06/25/16,01:11:00,6,702169
06/25/16,01:12:00,7,990156
06/25/16,01:13:00,9,385845
06/25/16,01:14:00,10,2165
06/25/16,01:15:00,9,57301
06/25/16,01:16:00,9,231336
06/25/16,01:17:00,7,890348
06/25/16,01:18:00,4,139846
06/25/16,01:19:00,1,463026
06/25/16,01:20:00,2,985449
06/25/16,01:21:00,1,081084
06/25/16,01:22:00,1,604759
06/25/16,01:23:00,0,6046891
06/25/16,01:24:00,0,4156698
06/25/16,01:25:00,0,6840614
06/25/16,01:26:00,0,306045
06/25/16,01:27:00,0,5123328
06/25/16,01:28:00,0,1298903
06/25/16,01:29:00,0,2762927
06/25/16,01:30:00,0,396389
06/25/16,01:31:00,0,8987155
06/25/16,01:32:00,0,5461479
06/25/16,01:33:00,0,6342741
06/25/16,01:34:00,0,4756996
06/25/16,01:35:00,0,4126383
06/25/16,01:36:00,3,92818
06/25/16,01:37:00,4,082358
06/25/16,01:38:00,3,866363
06/25/16,01:39:00,0,3860985
06/25/16,01:40:00,0
06/25/16,01:41:00,0,6420426
06/25/16,01:42:00,0
06/25/16,01:43:00,0
06/25/16,01:44:00,0
06/25/16,01:45:00,0
06/25/16,01:46:00,0
06/25/16,01:47:00,0
06/25/16,01:48:00,0
06/25/16,01:49:00,0
06/25/16,01:50:00,0
06/25/16,01:51:00,0
06/25/16,01:52:00,
06/25/16,01:53:00,
06/25/16,01:54:00,
06/25/16,01:55:00,
06/25/16,01:56:00,
06/25/16,01:57:00,
06/25/16,01:58:00,
06/25/16,01:59:00,
06/25/16,02:00:00,
06/25/16,02:01:00,
06/25/16,02:02:00,
06/25/16,02:03:00,
06/25/16,02:04:00,
06/25/16,02:05:00,
06/25/16,02:06:00,
06/25/16,02:07:00,
06/25/16,02:08:00,
06/25/16,02:09:00,0,06877098
06/25/16,02:10:00,0,4529287
06/25/16,02:11:00,0,2460612
06/25/16,02:12:00,0
06/25/16,02:13:00,0
06/25/16,02:14:00,0
06/25/16,02:15:00,0
06/25/16,02:16:00,0
06/25/16,02:17:00,0
06/25/16,02:18:00,0
06/25/16,02:19:00,0
06/25/16,02:20:00,0
06/25/16,02:21:00,0
06/25/16,02:22:00,0
06/25/16,02:23:00,0
06/25/16,02:24:00,0
06/25/16,02:25:00,0
06/25/16,02:26:00,0
06/25/16,02:27:00,0
06/25/16,02:28:00,0
06/25/16,02:29:00,0
06/25/16,02:30:00,0
06/25/16,02:31:00,0
06/25/16,02:32:00,0
06/25/16,02:33:00,0
06/25/16,02:34:00,0
06/25/16,02:35:00,0
06/25/16,02:36:00,0
06/25/16,02:37:00,0
06/25/16,02:38:00,0
06/25/16,02:39:00,0
06/25/16,02:40:00,0
06/25/16,02:41:00,0
06/25/16,02:42:00,0
06/25/16,02:43:00,0
06/25/16,02:44:00,0
06/25/16,02:45:00,0
06/25/16,02:46:00,0
06/25/16,02:47:00,0
06/25/16,02:48:00,0
06/25/16,02:49:00,0
06/25/16,02:50:00,0
06/25/16,02:51:00,0
06/25/16,02:52:00,0
06/25/16,02:53:00,0
06/25/16,02:54:00,0
06/25/16,02:55:00,0
06/25/16,02:56:00,0
06/25/16,02:57:00,0,274888
06/25/16,02:58:00,0
06/25/16,02:59:00,0
06/25/16,03:00:00,0
06/25/16,03:01:00,0
06/25/16,03:02:00,0
06/25/16,03:03:00,0
06/25/16,03:04:00,0
06/25/16,03:05:00,0
06/25/16,03:06:00,0
06/25/16,03:07:00,0
06/25/16,03:08:00,0
06/25/16,03:09:00,0
06/25/16,03:10:00,0,1389241
06/25/16,03:11:00,0,5383799
06/25/16,03:12:00,0,2655604
06/25/16,03:13:00,0,4236695
06/25/16,03:14:00,0,2315866
06/25/16,03:15:00,0,2720149
06/25/16,03:16:00,0,3343989
06/25/16,03:17:00,0,2430023
06/25/16,03:18:00,0,4656594
06/25/16,03:19:00,0,5984175
06/25/16,03:20:00,1,029321
06/25/16,03:21:00,1,214927
06/25/16,03:22:00,2,392936
06/25/16,03:23:00,7,197451
06/25/16,03:24:00,15,89211
06/25/16,03:25:00,23,99101
06/25/16,03:26:00,27,49155
06/25/16,03:27:00,29,122
06/25/16,03:28:00,30
06/25/16,03:29:00,30
06/25/16,03:30:00,30
06/25/16,03:31:00,30
06/25/16,03:32:00,30
06/25/16,03:33:00,30
06/25/16,03:34:00,30
06/25/16,03:35:00,30
06/25/16,03:36:00,30
06/25/16,03:37:00,30
06/25/16,03:38:00,30
06/25/16,03:39:00,30
06/25/16,03:40:00,30
06/25/16,03:41:00,30
06/25/16,03:42:00,30
06/25/16,03:43:00,30
06/25/16,03:44:00,30
06/25/16,03:45:00,30
06/25/16,03:46:00,30
06/25/16,03:47:00,30
06/25/16,03:48:00,30
06/25/16,03:49:00,30
06/25/16,03:50:00,30
06/25/16,03:51:00,30
06/25/16,03:52:00,30
06/25/16,03:53:00,30
06/25/16,03:54:00,30
06/25/16,03:55:00,30
06/25/16,03:56:00,30
06/25/16,03:57:00,30
06/25/16,03:58:00,30
06/25/16,03:59:00,30
06/25/16,04:00:00,30
06/25/16,04:01:00,30
06/25/16,04:02:00,30
06/25/16,04:03:00,30
06/25/16,04:04:00,30
06/25/16,04:05:00,30
06/25/16,04:06:00,27,55927
06/25/16,04:07:00,4,746678
06/25/16,04:08:00,1,991293
06/25/16,04:09:00,0,5565424
06/25/16,04:10:00,0,8498624
06/25/16,04:11:00,0,7288145
06/25/16,04:12:00,0,7847964
06/25/16,04:13:00,0,7494248
06/25/16,04:14:00,0,9650917
06/25/16,04:15:00,0,8743461
06/25/16,04:16:00,0,8155513
06/25/16,04:17:00,0,8215717
06/25/16,04:18:00,0,7888942
06/25/16,04:19:00,0,9621657
06/25/16,04:20:00,0,9085649
06/25/16,04:21:00,0,8913051
06/25/16,04:22:00,0,9938712
06/25/16,04:23:00,0,9903961
06/25/16,04:24:00,0,9913327
06/25/16,04:25:00,1,068463
06/25/16,04:26:00,1,027422
06/25/16,04:27:00,1,063349
06/25/16,04:28:00,1,10998
06/25/16,04:29:00,0,9991972
06/25/16,04:30:00,0,9558972
06/25/16,04:31:00,1,157624
06/25/16,04:32:00,1,171928
06/25/16,04:33:00,1,085095
06/25/16,04:34:00,1,095557
06/25/16,04:35:00,1,065562
06/25/16,04:36:00,1,140569
06/25/16,04:37:00,1,148905
06/25/16,04:38:00,1,074158
06/25/16,04:39:00,1,094223
06/25/16,04:40:00,1,11862
06/25/16,04:41:00,1,067567
06/25/16,04:42:00,1,156939
06/25/16,04:43:00,1,139001
06/25/16,04:44:00,1,121568
06/25/16,04:45:00,1,156232
06/25/16,04:46:00,1,115985
06/25/16,04:47:00,1,244522
06/25/16,04:48:00,1,258861
06/25/16,04:49:00,1,236525
06/25/16,04:50:00,1,182782
06/25/16,04:51:00,1,089955
06/25/16,04:52:00,1,090569
06/25/16,04:53:00,1,134795
06/25/16,04:54:00,1,252795
06/25/16,04:55:00,1,238074
06/25/16,04:56:00,1,229632
06/25/16,04:57:00,1,279059
06/25/16,04:58:00,1,329315
06/25/16,04:59:00,1,164232
06/25/16,05:00:00,1,182198
06/25/16,05:01:00,1,180017
06/25/16,05:02:00,1,102516
06/25/16,05:03:00,1,147576
06/25/16,05:04:00,1,088356
06/25/16,05:05:00,1,107142
06/25/16,05:06:00,1,165195
06/25/16,05:07:00,1,177137
06/25/16,05:08:00,1,240143
06/25/16,05:09:00,1,282359
06/25/16,05:10:00,1,245539
06/25/16,05:11:00,1,206314
06/25/16,05:12:00,1,252476
06/25/16,05:13:00,1,145364
06/25/16,05:14:00,1,193698
06/25/16,05:15:00,1,256362
06/25/16,05:16:00,1,082593
06/25/16,05:17:00,1,092233
06/25/16,05:18:00,1,077378
06/25/16,05:19:00,1,189096
06/25/16,05:20:00,0,9649147
06/25/16,05:21:00,1,046464
06/25/16,05:22:00,1,198835
06/25/16,05:23:00,1,118794
06/25/16,05:24:00,1,148378
06/25/16,05:25:00,1,108633
06/25/16,05:26:00,1,195264
06/25/16,05:27:00,1,122352
06/25/16,05:28:00,1,13574
06/25/16,05:29:00,1,046324
06/25/16,05:30:00,1,174597
06/25/16,05:31:00,1,080116
06/25/16,05:32:00,1,12533
06/25/16,05:33:00,1,092988
06/25/16,05:34:00,1,139059
06/25/16,05:35:00,1,169724
06/25/16,05:36:00,1,144943
06/25/16,05:37:00,1,167316
06/25/16,05:38:00,1,042074
06/25/16,05:39:00,1,151845
06/25/16,05:40:00,1,106612
06/25/16,05:41:00,1,132994
06/25/16,05:42:00,1,188484
06/25/16,05:43:00,1,050158
06/25/16,05:44:00,1,103519
06/25/16,05:45:00,1,293747
06/25/16,05:46:00,1,085422
06/25/16,05:47:00,1,089771
06/25/16,05:48:00,1,092673
06/25/16,05:49:00,1,129627
06/25/16,05:50:00,1,131526
06/25/16,05:51:00,1,070611
06/25/16,05:52:00,1,271054
06/25/16,05:53:00,1,232612
06/25/16,05:54:00,1,099542
06/25/16,05:55:00,1,049249
06/25/16,05:56:00,1,192147
06/25/16,05:57:00,1,019422
06/25/16,05:58:00,1,012489
06/25/16,05:59:00,1,180942
06/25/16,06:00:00,1,035517
06/25/16,06:01:00,1,170944
06/25/16,06:02:00,1,18236
06/25/16,06:03:00,1,209067
06/25/16,06:04:00,1,133371
06/25/16,06:05:00,1,018763
06/25/16,06:06:00,1,173324
06/25/16,06:07:00,1,107302
06/25/16,06:08:00,1,037371
06/25/16,06:09:00,1,007174
06/25/16,06:10:00,1,042296
06/25/16,06:11:00,1,042034
06/25/16,06:12:00,1,059793
06/25/16,06:13:00,1,156343
06/25/16,06:14:00,1,210459
06/25/16,06:15:00,1,06449
06/25/16,06:16:00,1,106618
06/25/16,06:17:00,1,128899
06/25/16,06:18:00,1,061978
06/25/16,06:19:00,1,093866
06/25/16,06:20:00,1,026409
06/25/16,06:21:00,1,071795
06/25/16,06:22:00,1,063105
06/25/16,06:23:00,1,079119
06/25/16,06:24:00,1,011965
06/25/16,06:25:00,1,011471
06/25/16,06:26:00,1,071112
06/25/16,06:27:00,1,078128
06/25/16,06:28:00,1,025071
06/25/16,06:29:00,1,190612
06/25/16,06:30:00,1,067998
06/25/16,06:31:00,1,069625
06/25/16,06:32:00,1,076832
06/25/16,06:33:00,1,070664
06/25/16,06:34:00,1,074234
06/25/16,06:35:00,1,008557
06/25/16,06:36:00,1,078108
06/25/16,06:37:00,0,9792315
06/25/16,06:38:00,1,135322
06/25/16,06:39:00,1,112993
06/25/16,06:40:00,1,14624
06/25/16,06:41:00,1,252195
06/25/16,06:42:00,1,096324
06/25/16,06:43:00,1,220984
06/25/16,06:44:00,1,114545
06/25/16,06:45:00,0,9771689
06/25/16,06:46:00,1,023141
06/25/16,06:47:00,1,114413
06/25/16,06:48:00,1,121536
06/25/16,06:49:00,1,148581
06/25/16,06:50:00,1,053719
06/25/16,06:51:00,1,052189
06/25/16,06:52:00,1,049617
06/25/16,06:53:00,1,063633
06/25/16,06:54:00,1,080191
06/25/16,06:55:00,0,9572679
06/25/16,06:56:00,1,138318
06/25/16,06:57:00,1,030817
06/25/16,06:58:00,1,019072
06/25/16,06:59:00,1,128295
06/25/16,07:00:00,1,048867
06/25/16,07:01:00,1,055066
06/25/16,07:02:00,1,063713
06/25/16,07:03:00,0,8937969
06/25/16,07:04:00,1,152598
06/25/16,07:05:00,1,048775
06/25/16,07:06:00,1,160449
06/25/16,07:07:00,2,395407
06/25/16,07:08:00,4,006329
06/25/16,07:09:00,5,070311
06/25/16,07:10:00,7,726023
06/25/16,07:11:00,10,05111
06/25/16,07:12:00,10,12496
06/25/16,07:13:00,9,743534
06/25/16,07:14:00,7,366217
06/25/16,07:15:00,4,033197
06/25/16,07:16:00,2,257151
06/25/16,07:17:00,1,391564
06/25/16,07:18:00,1,187476
06/25/16,07:19:00,1,220008
06/25/16,07:20:00,1,367878
06/25/16,07:21:00,1,278076
06/25/16,07:22:00,1,328957
06/25/16,07:23:00,1,330851
06/25/16,07:24:00,1,461726
06/25/16,07:25:00,1,428064
06/25/16,07:26:00,1,429014
06/25/16,07:27:00,1,399907
06/25/16,07:28:00,1,313346
06/25/16,07:29:00,1,505266
06/25/16,07:30:00,1,427719
06/25/16,07:31:00,1,441861
06/25/16,07:32:00,1,22699
06/25/16,07:33:00,1,461043
06/25/16,07:34:00,1,439209
06/25/16,07:35:00,1,363009
06/25/16,07:36:00,1,427986
06/25/16,07:37:00,1,350172
06/25/16,07:38:00,1,441651
06/25/16,07:39:00,1,420594
06/25/16,07:40:00,1,334519
06/25/16,07:41:00,1,624842
06/25/16,07:42:00,1,67928
06/25/16,07:43:00,1,577241
06/25/16,07:44:00,1,655625
06/25/16,07:45:00,1,954776
06/25/16,07:46:00,1,584397
06/25/16,07:47:00,1,828775
06/25/16,07:48:00,2,213731
06/25/16,07:49:00,2,762976
06/25/16,07:50:00,3,319873
06/25/16,07:51:00,2,866688
06/25/16,07:52:00,2,598468
06/25/16,07:53:00,2,388589
06/25/16,07:54:00,2,236117
06/25/16,07:55:00,1,500395
06/25/16,07:56:00,1,592933
06/25/16,07:57:00,1,360369
06/25/16,07:58:00,1,578871
06/25/16,07:59:00,1,373679
06/25/16,08:00:00,1,447483
06/25/16,08:01:00,1,52126
06/25/16,08:02:00,1,427375
06/25/16,08:03:00,1,450072
06/25/16,08:04:00,1,433542
06/25/16,08:05:00,1,467836
06/25/16,08:06:00,1,454836
06/25/16,08:07:00,1,385524
06/25/16,08:08:00,1,43122
06/25/16,08:09:00,1,519341
06/25/16,08:10:00,1,636951
06/25/16,08:11:00,1,463277
06/25/16,08:12:00,1,268682
06/25/16,08:13:00,1,493118
06/25/16,08:14:00,1,493776
06/25/16,08:15:00,1,414366
06/25/16,08:16:00,1,481166
06/25/16,08:17:00,1,663862
06/25/16,08:18:00,1,537444
06/25/16,08:19:00,1,533549
06/25/16,08:20:00,1,627755
06/25/16,08:21:00,1,497952
06/25/16,08:22:00,1,556156
06/25/16,08:23:00,1,624106
06/25/16,08:24:00,1,519522
06/25/16,08:25:00,1,457056
06/25/16,08:26:00,1,352238
06/25/16,08:27:00,1,405381
06/25/16,08:28:00,1,411635
06/25/16,08:29:00,1,57011
06/25/16,08:30:00,1,515447
06/25/16,08:31:00,1,321465
06/25/16,08:32:00,1,364399
06/25/16,08:33:00,1,50504
06/25/16,08:34:00,1,496085
06/25/16,08:35:00,1,535782
06/25/16,08:36:00,1,447967
06/25/16,08:37:00,1,61465
06/25/16,08:38:00,1,64344
06/25/16,08:39:00,1,540927
06/25/16,08:40:00,1,622827
06/25/16,08:41:00,1,669314
06/25/16,08:42:00,1,488505
06/25/16,08:43:00,1,395406
06/25/16,08:44:00,1,478777
06/25/16,08:45:00,1,570299
06/25/16,08:46:00,1,500438
06/25/16,08:47:00,1,522981
06/25/16,08:48:00,1,549942
06/25/16,08:49:00,1,423783
06/25/16,08:50:00,1,345871
06/25/16,08:51:00,1,488967
06/25/16,08:52:00,1,43948
06/25/16,08:53:00,1,492993
06/25/16,08:54:00,1,565188
06/25/16,08:55:00,1,458487
06/25/16,08:56:00,1,451333
06/25/16,08:57:00,1,502246
06/25/16,08:58:00,1,590169
06/25/16,08:59:00,1,508876
06/25/16,09:00:00,1,440891
06/25/16,09:01:00,1,399753
06/25/16,09:02:00,1,401531
06/25/16,09:03:00,1,468456
06/25/16,09:04:00,1,32382
06/25/16,09:05:00,1,489506
06/25/16,09:06:00,1,399427
06/25/16,09:07:00,1,393348
06/25/16,09:08:00,1,463641
06/25/16,09:09:00,1,305088
06/25/16,09:10:00,1,443776
06/25/16,09:11:00,1,442601
06/25/16,09:12:00,1,470435
06/25/16,09:13:00,1,362359
06/25/16,09:14:00,1,570216
06/25/16,09:15:00,1,488207
06/25/16,09:16:00,1,495473
06/25/16,09:17:00,1,549449
06/25/16,09:18:00,1,5558
06/25/16,09:19:00,1,488027
06/25/16,09:20:00,1,395387
06/25/16,09:21:00,1,494061
06/25/16,09:22:00,1,494455
06/25/16,09:23:00,1,670586
06/25/16,09:24:00,1,679774
06/25/16,09:25:00,1,682959
06/25/16,09:26:00,1,520662
06/25/16,09:27:00,1,447315
06/25/16,09:28:00,1,364517
06/25/16,09:29:00,1,65616
06/25/16,09:30:00,2,292651
06/25/16,09:31:00,3,312515
06/25/16,09:32:00,3,715604
06/25/16,09:33:00,4,1796
06/25/16,09:34:00,4,327399
06/25/16,09:35:00,4,595626
06/25/16,09:36:00,4,806554
06/25/16,09:37:00,4,818414
06/25/16,09:38:00,5,094371
06/25/16,09:39:00,5,235537
06/25/16,09:40:00,5,326553
06/25/16,09:41:00,5,460002
06/25/16,09:42:00,5,547899
06/25/16,09:43:00,5,855141
06/25/16,09:44:00,5,848952
06/25/16,09:45:00,5,868321
06/25/16,09:46:00,5,892721
06/25/16,09:47:00,6,049651
06/25/16,09:48:00,6,086394
06/25/16,09:49:00,6,045514
06/25/16,09:50:00,6,143165
06/25/16,09:51:00,6,107716
06/25/16,09:52:00,6,0616
06/25/16,09:53:00,6,154211
06/25/16,09:54:00,6,222391
06/25/16,09:55:00,6,177088
06/25/16,09:56:00,6,245058
06/25/16,09:57:00,6,200015
06/25/16,09:58:00,6,347509
06/25/16,09:59:00,6,341793
06/25/16,10:00:00,6,390797
06/25/16,10:01:00,6,329849
06/25/16,10:02:00,6,179873
06/25/16,10:03:00,6,161549
06/25/16,10:04:00,6,157488
06/25/16,10:05:00,6,151901
06/25/16,10:06:00,6,244374
06/25/16,10:07:00,6,1557
06/25/16,10:08:00,5,931287
06/25/16,10:09:00,5,759943
06/25/16,10:10:00,5,850871
06/25/16,10:11:00,5,958097
06/25/16,10:12:00,6,042497
06/25/16,10:13:00,6,140085
06/25/16,10:14:00,6,297483
06/25/16,10:15:00,5,947105
06/25/16,10:16:00,5,599772
06/25/16,10:17:00,5,834355
06/25/16,10:18:00,5,916469
06/25/16,10:19:00,6,108168
06/25/16,10:20:00,4,344922
06/25/16,10:21:00,0
06/25/16,10:22:00,0
06/25/16,10:23:00,1,061652
06/25/16,10:24:00,2,048154
06/25/16,10:25:00,1,708788
06/25/16,10:26:00,1,167961
06/25/16,10:27:00,1,027289
06/25/16,10:28:00,1,208325
06/25/16,10:29:00,1,613039
06/25/16,10:30:00,1,575889
06/25/16,10:31:00,1,13818
06/25/16,10:32:00,1,118448
06/25/16,10:33:00,0,9188751
06/25/16,10:34:00,0,6212638
06/25/16,10:35:00,0,403896
06/25/16,10:36:00,0
06/25/16,10:37:00,0
06/25/16,10:38:00,0
06/25/16,10:39:00,0
06/25/16,10:40:00,0
06/25/16,10:41:00,0
06/25/16,10:42:00,0
06/25/16,10:43:00,0
06/25/16,10:44:00,0
06/25/16,10:45:00,0
06/25/16,10:46:00,0
06/25/16,10:47:00,0
06/25/16,10:48:00,0
06/25/16,10:49:00,0
06/25/16,10:50:00,0
06/25/16,10:51:00,3,075096
06/25/16,10:52:00,4,133125
06/25/16,10:53:00,5,19588
06/25/16,10:54:00,2,838093
06/25/16,10:55:00,1,827791
06/25/16,10:56:00,1,385697
06/25/16,10:57:00,1,414698
06/25/16,10:58:00,0,7563419
06/25/16,10:59:00,0
06/25/16,11:00:00,0,2715065
06/25/16,11:01:00,0,610453
06/25/16,11:02:00,2,924876
06/25/16,11:03:00,0
06/25/16,11:04:00,5,111288
06/25/16,11:05:00,21,48976
06/25/16,11:06:00,19,81116
06/25/16,11:07:00,14,78293
06/25/16,11:08:00,10,21768
06/25/16,11:09:00,6,465094
06/25/16,11:10:00,3,584616
06/25/16,11:11:00,1,704574
06/25/16,11:12:00,0,1985434
06/25/16,11:13:00,0
06/25/16,11:14:00,0
06/25/16,11:15:00,0
06/25/16,11:16:00,0,002239545
06/25/16,11:17:00,11,23719
06/25/16,11:18:00,10,46562
06/25/16,11:19:00,2,988322
06/25/16,11:20:00,0
06/25/16,11:21:00,0
06/25/16,11:22:00,0
06/25/16,11:23:00,0
06/25/16,11:24:00,0
06/25/16,11:25:00,0
06/25/16,11:26:00,0
06/25/16,11:27:00,0
06/25/16,11:28:00,0
06/25/16,11:29:00,0
06/25/16,11:30:00,0
06/25/16,11:31:00,0
06/25/16,11:32:00,0
06/25/16,11:33:00,0
06/25/16,11:34:00,0
06/25/16,11:35:00,0
06/25/16,11:36:00,0
06/25/16,11:37:00,0
06/25/16,11:38:00,0
06/25/16,11:39:00,0
06/25/16,11:40:00,0
06/25/16,11:41:00,0
06/25/16,11:42:00,0
06/25/16,11:43:00,0
06/25/16,11:44:00,0
06/25/16,11:45:00,0
06/25/16,11:46:00,0
06/25/16,11:47:00,0
06/25/16,11:48:00,0
06/25/16,11:49:00,0
06/25/16,11:50:00,0
06/25/16,11:51:00,0
06/25/16,11:52:00,0
06/25/16,11:53:00,0
06/25/16,11:54:00,0
06/25/16,11:55:00,0
06/25/16,11:56:00,0
06/25/16,11:57:00,0
06/25/16,11:58:00,0
06/25/16,11:59:00,0
06/25/16,12:00:00,0
06/25/16,12:01:00,0
06/25/16,12:02:00,0
06/25/16,12:03:00,0
06/25/16,12:04:00,0
06/25/16,12:05:00,0
06/25/16,12:06:00,0
06/25/16,12:07:00,0
06/25/16,12:08:00,0
06/25/16,12:09:00,0
06/25/16,12:10:00,0
06/25/16,12:11:00,0
06/25/16,12:12:00,0
06/25/16,12:13:00,0
06/25/16,12:14:00,0
06/25/16,12:15:00,0
06/25/16,12:16:00,0
06/25/16,12:17:00,0
06/25/16,12:18:00,0
06/25/16,12:19:00,0
06/25/16,12:20:00,0
06/25/16,12:21:00,0
06/25/16,12:22:00,0
06/25/16,12:23:00,0
06/25/16,12:24:00,0
06/25/16,12:25:00,0
06/25/16,12:26:00,0
06/25/16,12:27:00,0
06/25/16,12:28:00,0
06/25/16,12:29:00,0
06/25/16,12:30:00,0
06/25/16,12:31:00,0
06/25/16,12:32:00,0
06/25/16,12:33:00,0,3564521
06/25/16,12:34:00,0,7184423
06/25/16,12:35:00,1,08241
06/25/16,12:36:00,1,267308
06/25/16,12:37:00,1,45358
06/25/16,12:38:00,1,900541
06/25/16,12:39:00,2,188395
06/25/16,12:40:00,2,242345
06/25/16,12:41:00,2,492612
06/25/16,12:42:00,2,645855
06/25/16,12:43:00,2,933938
06/25/16,12:44:00,3,022096
06/25/16,12:45:00,3,196034
06/25/16,12:46:00,3,166704
06/25/16,12:47:00,3,477591
06/25/16,12:48:00,3,512958
06/25/16,12:49:00,3,457875
06/25/16,12:50:00,3,589037
06/25/16,12:51:00,3,682665
06/25/16,12:52:00,3,726951
06/25/16,12:53:00,3,697978
06/25/16,12:54:00,3,787438
06/25/16,12:55:00,3,984581
06/25/16,12:56:00,4,17185
06/25/16,12:57:00,4,217367
06/25/16,12:58:00,4,181938
06/25/16,12:59:00,4,39533
06/25/16,13:00:00,4,511458
06/25/16,13:01:00,4,368773
06/25/16,13:02:00,4,549428
06/25/16,13:03:00,4,787691
06/25/16,13:04:00,4,865213
06/25/16,13:05:00,4,968748
06/25/16,13:06:00,4,959719
06/25/16,13:07:00,4,935728
06/25/16,13:08:00,5,004558
06/25/16,13:09:00,5,224867
06/25/16,13:10:00,5,241921
06/25/16,13:11:00,5,230735
06/25/16,13:12:00,5,386344
06/25/16,13:13:00,5,485571
06/25/16,13:14:00,5,565681
06/25/16,13:15:00,5,515652
06/25/16,13:16:00,5,531662
06/25/16,13:17:00,5,672619
06/25/16,13:18:00,5,801557
06/25/16,13:19:00,5,702187
06/25/16,13:20:00,5,770608
06/25/16,13:21:00,5,812226
06/25/16,13:22:00,5,953422
06/25/16,13:23:00,5,797245
06/25/16,13:24:00,6,125335
06/25/16,13:25:00,5,889616
06/25/16,13:26:00,5,957998
06/25/16,13:27:00,6,042409
06/25/16,13:28:00,6,122944
06/25/16,13:29:00,6,238254
06/25/16,13:30:00,6,230954
06/25/16,13:31:00,6,209049
06/25/16,13:32:00,6,264752
06/25/16,13:33:00,6,296203
06/25/16,13:34:00,6,253225
06/25/16,13:35:00,6,360627
06/25/16,13:36:00,6,478197
06/25/16,13:37:00,6,584794
06/25/16,13:38:00,6,341665
06/25/16,13:39:00,6,311622
06/25/16,13:40:00,6,368255
06/25/16,13:41:00,6,689005
06/25/16,13:42:00,6,665515
06/25/16,13:43:00,6,410188
06/25/16,13:44:00,6,60854
06/25/16,13:45:00,6,621566
06/25/16,13:46:00,6,631017
06/25/16,13:47:00,6,795716
06/25/16,13:48:00,6,641865
06/25/16,13:49:00,6,733652
06/25/16,13:50:00,6,736025
06/25/16,13:51:00,6,658455
06/25/16,13:52:00,6,889418
06/25/16,13:53:00,6,745152
06/25/16,13:54:00,6,738782
06/25/16,13:55:00,6,81085
06/25/16,13:56:00,6,894851
06/25/16,13:57:00,6,925092
06/25/16,13:58:00,6,942972
06/25/16,13:59:00,7,002983
06/25/16,14:00:00,7,00454
06/25/16,14:01:00,7,004823
06/25/16,14:02:00,7,097645
06/25/16,14:03:00,7,091761
06/25/16,14:04:00,7,214319
06/25/16,14:05:00,7,16523
06/25/16,14:06:00,7,176023
06/25/16,14:07:00,7,160598
06/25/16,14:08:00,7,168454
06/25/16,14:09:00,7,290679
06/25/16,14:10:00,7,133445
06/25/16,14:11:00,7,287079
06/25/16,14:12:00,7,122358
06/25/16,14:13:00,7,186258
06/25/16,14:14:00,7,253313
06/25/16,14:15:00,7,277918
06/25/16,14:16:00,7,257592
06/25/16,14:17:00,7,160336
06/25/16,14:18:00,7,232567
06/25/16,14:19:00,7,181039
06/25/16,14:20:00,7,212785
06/25/16,14:21:00,7,433683
06/25/16,14:22:00,7,32311
06/25/16,14:23:00,7,275636
06/25/16,14:24:00,7,38749
06/25/16,14:25:00,7,382245
06/25/16,14:26:00,7,287523
06/25/16,14:27:00,7,310981
06/25/16,14:28:00,7,244301
06/25/16,14:29:00,7,23379
06/25/16,14:30:00,7,335058
06/25/16,14:31:00,7,358685
06/25/16,14:32:00,7,434596
06/25/16,14:33:00,7,378942
06/25/16,14:34:00,7,345734
06/25/16,14:35:00,7,223893
06/25/16,14:36:00,7,367148
06/25/16,14:37:00,7,548918
06/25/16,14:38:00,7,384359
06/25/16,14:39:00,7,474416
06/25/16,14:40:00,7,356402
06/25/16,14:41:00,7,452608
06/25/16,14:42:00,7,322745
06/25/16,14:43:00,7,547195
06/25/16,14:44:00,7,291072
06/25/16,14:45:00,7,505775
06/25/16,14:46:00,7,316404
06/25/16,14:47:00,7,382373
06/25/16,14:48:00,7,302362
06/25/16,14:49:00,7,350415
06/25/16,14:50:00,7,458579
06/25/16,14:51:00,7,425554
06/25/16,14:52:00,7,294026
06/25/16,14:53:00,7,307328
06/25/16,14:54:00,7,330771
06/25/16,14:55:00,7,375426
06/25/16,14:56:00,7,456099
06/25/16,14:57:00,7,478691
06/25/16,14:58:00,7,401488
06/25/16,14:59:00,7,193452
06/25/16,15:00:00,7,284846
06/25/16,15:01:00,7,370388
06/25/16,15:02:00,7,530191
06/25/16,15:03:00,7,470199
06/25/16,15:04:00,7,415805
06/25/16,15:05:00,7,408361
06/25/16,15:06:00,7,272769
06/25/16,15:07:00,7,345011
06/25/16,15:08:00,7,455507
06/25/16,15:09:00,7,449681
06/25/16,15:10:00,7,398993
06/25/16,15:11:00,7,469898
06/25/16,15:12:00,7,353242
06/25/16,15:13:00,7,337964
06/25/16,15:14:00,7,401023
06/25/16,15:15:00,7,4164
06/25/16,15:16:00,7,356225
06/25/16,15:17:00,7,349706
06/25/16,15:18:00,7,444928
06/25/16,15:19:00,7,297497
06/25/16,15:20:00,7,348505
06/25/16,15:21:00,7,249183
06/25/16,15:22:00,7,163388
06/25/16,15:23:00,7,280495
06/25/16,15:24:00,7,350238
06/25/16,15:25:00,7,272475
06/25/16,15:26:00,7,367031
06/25/16,15:27:00,7,310296
06/25/16,15:28:00,7,266675
06/25/16,15:29:00,7,328238
06/25/16,15:30:00,7,254364
06/25/16,15:31:00,
06/25/16,15:32:00,
06/25/16,15:33:00,
06/25/16,15:34:00,
06/25/16,15:35:00,
06/25/16,15:36:00,
06/25/16,15:37:00,
06/25/16,15:38:00,
06/25/16,15:39:00,
06/25/16,15:40:00,
06/25/16,15:41:00,
06/25/16,15:42:00,
06/25/16,15:43:00,
06/25/16,15:44:00,
06/25/16,15:45:00,
06/25/16,15:46:00,
06/25/16,15:47:00,
06/25/16,15:48:00,
06/25/16,15:49:00,
06/25/16,15:50:00,
06/25/16,15:51:00,
06/25/16,15:52:00,
06/25/16,15:53:00,
06/25/16,15:54:00,
06/25/16,15:55:00,
06/25/16,15:56:00,
06/25/16,15:57:00,
06/25/16,15:58:00,
06/25/16,15:59:00,
06/25/16,16:00:00,
06/25/16,16:01:00,
06/25/16,16:02:00,
06/25/16,16:03:00,
06/25/16,16:04:00,
06/25/16,16:05:00,
06/25/16,16:06:00,
06/25/16,16:07:00,
06/25/16,16:08:00,
06/25/16,16:09:00,
06/25/16,16:10:00,
06/25/16,16:11:00,
06/25/16,16:12:00,
06/25/16,16:13:00,
06/25/16,16:14:00,
06/25/16,16:15:00,
06/25/16,16:16:00,
06/25/16,16:17:00,
06/25/16,16:18:00,
06/25/16,16:19:00,
06/25/16,16:20:00,
06/25/16,16:21:00,
06/25/16,16:22:00,
06/25/16,16:23:00,
06/25/16,16:24:00,
06/25/16,16:25:00,
06/25/16,16:26:00,
06/25/16,16:27:00,
06/25/16,16:28:00,
06/25/16,16:29:00,
06/25/16,16:30:00,
06/25/16,16:31:00,
06/25/16,16:32:00,
06/25/16,16:33:00,
06/25/16,16:34:00,
06/25/16,16:35:00,
06/25/16,16:36:00,
06/25/16,16:37:00,
06/25/16,16:38:00,
06/25/16,16:39:00,
06/25/16,16:40:00,
06/25/16,16:41:00,
06/25/16,16:42:00,
06/25/16,16:43:00,
06/25/16,16:44:00,
06/25/16,16:45:00,
06/25/16,16:46:00,
06/25/16,16:47:00,
06/25/16,16:48:00,
06/25/16,16:49:00,
06/25/16,16:50:00,
06/25/16,16:51:00,
06/25/16,16:52:00,
06/25/16,16:53:00,
06/25/16,16:54:00,
06/25/16,16:55:00,
06/25/16,16:56:00,
06/25/16,16:57:00,
06/25/16,16:58:00,
06/25/16,16:59:00,
06/25/16,17:00:00,
06/25/16,17:01:00,
06/25/16,17:02:00,
06/25/16,17:03:00,
06/25/16,17:04:00,
06/25/16,17:05:00,
06/25/16,17:06:00,
06/25/16,17:07:00,
06/25/16,17:08:00,
06/25/16,17:09:00,
06/25/16,17:10:00,
06/25/16,17:11:00,
06/25/16,17:12:00,
06/25/16,17:13:00,
06/25/16,17:14:00,
06/25/16,17:15:00,
06/25/16,17:16:00,
06/25/16,17:17:00,
06/25/16,17:18:00,
06/25/16,17:19:00,
06/25/16,17:20:00,
06/25/16,17:21:00,
06/25/16,17:22:00,
06/25/16,17:23:00,
06/25/16,17:24:00,
06/25/16,17:25:00,
06/25/16,17:26:00,
06/25/16,17:27:00,
06/25/16,17:28:00,
06/25/16,17:29:00,
06/25/16,17:30:00,
06/25/16,17:31:00,
06/25/16,17:32:00,
06/25/16,17:33:00,
06/25/16,17:34:00,
06/25/16,17:35:00,
06/25/16,17:36:00,
06/25/16,17:37:00,
06/25/16,17:38:00,
06/25/16,17:39:00,
06/25/16,17:40:00,
06/25/16,17:41:00,
06/25/16,17:42:00,
06/25/16,17:43:00,
06/25/16,17:44:00,
06/25/16,17:45:00,
06/25/16,17:46:00,
06/25/16,17:47:00,
06/25/16,17:48:00,
06/25/16,17:49:00,
06/25/16,17:50:00,
06/25/16,17:51:00,
06/25/16,17:52:00,
06/25/16,17:53:00,
06/25/16,17:54:00,
06/25/16,17:55:00,
06/25/16,17:56:00,
06/25/16,17:57:00,
06/25/16,17:58:00,
06/25/16,17:59:00,
06/25/16,18:00:00,
06/25/16,18:01:00,
06/25/16,18:02:00,
06/25/16,18:03:00,
06/25/16,18:04:00,
06/25/16,18:05:00,
06/25/16,18:06:00,
06/25/16,18:07:00,
06/25/16,18:08:00,
06/25/16,18:09:00,
06/25/16,18:10:00,
06/25/16,18:11:00,
06/25/16,18:12:00,
06/25/16,18:13:00,
06/25/16,18:14:00,
06/25/16,18:15:00,
06/25/16,18:16:00,
06/25/16,18:17:00,
06/25/16,18:18:00,
06/25/16,18:19:00,
06/25/16,18:20:00,
06/25/16,18:21:00,
06/25/16,18:22:00,
06/25/16,18:23:00,
06/25/16,18:24:00,
06/25/16,18:25:00,
06/25/16,18:26:00,
06/25/16,18:27:00,
06/25/16,18:28:00,
06/25/16,18:29:00,
06/25/16,18:30:00,
06/25/16,18:31:00,
06/25/16,18:32:00,
06/25/16,18:33:00,
06/25/16,18:34:00,
06/25/16,18:35:00,
06/25/16,18:36:00,
06/25/16,18:37:00,
06/25/16,18:38:00,
06/25/16,18:39:00,
06/25/16,18:40:00,
06/25/16,18:41:00,
06/25/16,18:42:00,
06/25/16,18:43:00,
06/25/16,18:44:00,
06/25/16,18:45:00,
06/25/16,18:46:00,
06/25/16,18:47:00,
06/25/16,18:48:00,
06/25/16,18:49:00,
06/25/16,18:50:00,
06/25/16,18:51:00,
06/25/16,18:52:00,
06/25/16,18:53:00,
06/25/16,18:54:00,
06/25/16,18:55:00,
06/25/16,18:56:00,
06/25/16,18:57:00,
06/25/16,18:58:00,
06/25/16,18:59:00,
06/25/16,19:00:00,
06/25/16,19:01:00,
06/25/16,19:02:00,
06/25/16,19:03:00,
06/25/16,19:04:00,
06/25/16,19:05:00,
06/25/16,19:06:00,
06/25/16,19:07:00,
06/25/16,19:08:00,
06/25/16,19:09:00,
06/25/16,19:10:00,
06/25/16,19:11:00,
06/25/16,19:12:00,
06/25/16,19:13:00,
06/25/16,19:14:00,
06/25/16,19:15:00,
06/25/16,19:16:00,
06/25/16,19:17:00,
06/25/16,19:18:00,
06/25/16,19:19:00,
06/25/16,19:20:00,
06/25/16,19:21:00,
06/25/16,19:22:00,
06/25/16,19:23:00,
06/25/16,19:24:00,
06/25/16,19:25:00,
06/25/16,19:26:00,
06/25/16,19:27:00,
06/25/16,19:28:00,
06/25/16,19:29:00,
06/25/16,19:30:00,
06/25/16,19:31:00,
06/25/16,19:32:00,
06/25/16,19:33:00,
06/25/16,19:34:00,
06/25/16,19:35:00,
06/25/16,19:36:00,
06/25/16,19:37:00,
06/25/16,19:38:00,
06/25/16,19:39:00,
06/25/16,19:40:00,
06/25/16,19:41:00,
06/25/16,19:42:00,
06/25/16,19:43:00,
06/25/16,19:44:00,
06/25/16,19:45:00,
06/25/16,19:46:00,
06/25/16,19:47:00,
06/25/16,19:48:00,
06/25/16,19:49:00,
06/25/16,19:50:00,
06/25/16,19:51:00,
06/25/16,19:52:00,
06/25/16,19:53:00,
06/25/16,19:54:00,
06/25/16,19:55:00,
06/25/16,19:56:00,
06/25/16,19:57:00,
06/25/16,19:58:00,
06/25/16,19:59:00,
06/25/16,20:00:00,
06/25/16,20:01:00,
06/25/16,20:02:00,
06/25/16,20:03:00,
06/25/16,20:04:00,
06/25/16,20:05:00,
06/25/16,20:06:00,
06/25/16,20:07:00,
06/25/16,20:08:00,
06/25/16,20:09:00,
06/25/16,20:10:00,
06/25/16,20:11:00,
06/25/16,20:12:00,
06/25/16,20:13:00,
06/25/16,20:14:00,
06/25/16,20:15:00,
06/25/16,20:16:00,
06/25/16,20:17:00,
06/25/16,20:18:00,
06/25/16,20:19:00,
06/25/16,20:20:00,
06/25/16,20:21:00,
06/25/16,20:22:00,
06/25/16,20:23:00,
06/25/16,20:24:00,
06/25/16,20:25:00,
06/25/16,20:26:00,
06/25/16,20:27:00,
06/25/16,20:28:00,
06/25/16,20:29:00,
06/25/16,20:30:00,
06/25/16,20:31:00,
06/25/16,20:32:00,
06/25/16,20:33:00,
06/25/16,20:34:00,
06/25/16,20:35:00,
06/25/16,20:36:00,
06/25/16,20:37:00,
06/25/16,20:38:00,
06/25/16,20:39:00,
06/25/16,20:40:00,
06/25/16,20:41:00,
06/25/16,20:42:00,
06/25/16,20:43:00,
06/25/16,20:44:00,
06/25/16,20:45:00,
06/25/16,20:46:00,
06/25/16,20:47:00,
06/25/16,20:48:00,
06/25/16,20:49:00,
06/25/16,20:50:00,
06/25/16,20:51:00,
06/25/16,20:52:00,
06/25/16,20:53:00,
06/25/16,20:54:00,
06/25/16,20:55:00,
06/25/16,20:56:00,
06/25/16,20:57:00,
06/25/16,20:58:00,
06/25/16,20:59:00,
06/25/16,21:00:00,
06/25/16,21:01:00,
06/25/16,21:02:00,
06/25/16,21:03:00,
06/25/16,21:04:00,
06/25/16,21:05:00,
06/25/16,21:06:00,
06/25/16,21:07:00,
06/25/16,21:08:00,
06/25/16,21:09:00,
06/25/16,21:10:00,
06/25/16,21:11:00,
06/25/16,21:12:00,
06/25/16,21:13:00,
06/25/16,21:14:00,
06/25/16,21:15:00,
06/25/16,21:16:00,
06/25/16,21:17:00,
06/25/16,21:18:00,
06/25/16,21:19:00,
06/25/16,21:20:00,
06/25/16,21:21:00,
06/25/16,21:22:00,
06/25/16,21:23:00,
06/25/16,21:24:00,
06/25/16,21:25:00,
06/25/16,21:26:00,
06/25/16,21:27:00,
06/25/16,21:28:00,
06/25/16,21:29:00,
06/25/16,21:30:00,
06/25/16,21:31:00,
06/25/16,21:32:00,
06/25/16,21:33:00,
06/25/16,21:34:00,
06/25/16,21:35:00,
06/25/16,21:36:00,
06/25/16,21:37:00,
06/25/16,21:38:00,
06/25/16,21:39:00,
06/25/16,21:40:00,
06/25/16,21:41:00,
06/25/16,21:42:00,
06/25/16,21:43:00,
06/25/16,21:44:00,
06/25/16,21:45:00,
06/25/16,21:46:00,
06/25/16,21:47:00,
06/25/16,21:48:00,
06/25/16,21:49:00,
06/25/16,21:50:00,
06/25/16,21:51:00,
06/25/16,21:52:00,
06/25/16,21:53:00,
06/25/16,21:54:00,
06/25/16,21:55:00,
06/25/16,21:56:00,
06/25/16,21:57:00,
06/25/16,21:58:00,
06/25/16,21:59:00,
06/25/16,22:00:00,
06/25/16,22:01:00,
06/25/16,22:02:00,
06/25/16,22:03:00,
06/25/16,22:04:00,
06/25/16,22:05:00,
06/25/16,22:06:00,
06/25/16,22:07:00,
06/25/16,22:08:00,
06/25/16,22:09:00,
06/25/16,22:10:00,
06/25/16,22:11:00,
06/25/16,22:12:00,
06/25/16,22:13:00,
06/25/16,22:14:00,
06/25/16,22:15:00,
06/25/16,22:16:00,
06/25/16,22:17:00,
06/25/16,22:18:00,
06/25/16,22:19:00,
06/25/16,22:20:00,
06/25/16,22:21:00,
06/25/16,22:22:00,
06/25/16,22:23:00,
06/25/16,22:24:00,
06/25/16,22:25:00,
06/25/16,22:26:00,
06/25/16,22:27:00,
06/25/16,22:28:00,
06/25/16,22:29:00,
06/25/16,22:30:00,
06/25/16,22:31:00,
06/25/16,22:32:00,
06/25/16,22:33:00,
06/25/16,22:34:00,
06/25/16,22:35:00,
06/25/16,22:36:00,
06/25/16,22:37:00,
06/25/16,22:38:00,
06/25/16,22:39:00,
06/25/16,22:40:00,
06/25/16,22:41:00,
06/25/16,22:42:00,
06/25/16,22:43:00,
06/25/16,22:44:00,
06/25/16,22:45:00,
06/25/16,22:46:00,
06/25/16,22:47:00,
06/25/16,22:48:00,
06/25/16,22:49:00,
06/25/16,22:50:00,
06/25/16,22:51:00,
06/25/16,22:52:00,
06/25/16,22:53:00,
06/25/16,22:54:00,
06/25/16,22:55:00,
06/25/16,22:56:00,
06/25/16,22:57:00,
06/25/16,22:58:00,
06/25/16,22:59:00,
06/25/16,23:00:00,
06/25/16,23:01:00,
06/25/16,23:02:00,
06/25/16,23:03:00,
06/25/16,23:04:00,
06/25/16,23:05:00,
06/25/16,23:06:00,
06/25/16,23:07:00,
06/25/16,23:08:00,
06/25/16,23:09:00,
06/25/16,23:10:00,
06/25/16,23:11:00,
06/25/16,23:12:00,
06/25/16,23:13:00,
06/25/16,23:14:00,
06/25/16,23:15:00,
06/25/16,23:16:00,
06/25/16,23:17:00,
06/25/16,23:18:00,
06/25/16,23:19:00,
06/25/16,23:20:00,
06/25/16,23:21:00,
06/25/16,23:22:00,
06/25/16,23:23:00,
06/25/16,23:24:00,
06/25/16,23:25:00,
06/25/16,23:26:00,
06/25/16,23:27:00,
06/25/16,23:28:00,
06/25/16,23:29:00,
06/25/16,23:30:00,
06/25/16,23:31:00,
06/25/16,23:32:00,
06/25/16,23:33:00,
06/25/16,23:34:00,
06/25/16,23:35:00,
06/25/16,23:36:00,
06/25/16,23:37:00,
06/25/16,23:38:00,
06/25/16,23:39:00,
06/25/16,23:40:00,
06/25/16,23:41:00,
06/25/16,23:42:00,
06/25/16,23:43:00,
06/25/16,23:44:00,
06/25/16,23:45:00,
06/25/16,23:46:00,
06/25/16,23:47:00,
06/25/16,23:48:00,
06/25/16,23:49:00,
06/25/16,23:50:00,
06/25/16,23:51:00,
06/25/16,23:52:00,
06/25/16,23:53:00,
06/25/16,23:54:00,
06/25/16,23:55:00,
06/25/16,23:56:00,
06/25/16,23:57:00,
06/25/16,23:58:00,
06/25/16,23:59:00,
06/26/16,00:00:00,
06/26/16,00:01:00,
06/26/16,00:02:00,
06/26/16,00:03:00,
06/26/16,00:04:00,
06/26/16,00:05:00,
06/26/16,00:06:00,
06/26/16,00:07:00,
06/26/16,00:08:00,
06/26/16,00:09:00,
06/26/16,00:10:00,
06/26/16,00:11:00,
06/26/16,00:12:00,
06/26/16,00:13:00,
06/26/16,00:14:00,
06/26/16,00:15:00,
06/26/16,00:16:00,
06/26/16,00:17:00,
06/26/16,00:18:00,
06/26/16,00:19:00,
06/26/16,00:20:00,
06/26/16,00:21:00,
06/26/16,00:22:00,
06/26/16,00:23:00,
06/26/16,00:24:00,
06/26/16,00:25:00,
06/26/16,00:26:00,
06/26/16,00:27:00,
06/26/16,00:28:00,
06/26/16,00:29:00,
06/26/16,00:30:00,
06/26/16,00:31:00,
06/26/16,00:32:00,
06/26/16,00:33:00,
06/26/16,00:34:00,
06/26/16,00:35:00,
06/26/16,00:36:00,
06/26/16,00:37:00,
06/26/16,00:38:00,
06/26/16,00:39:00,
06/26/16,00:40:00,
06/26/16,00:41:00,
06/26/16,00:42:00,
06/26/16,00:43:00,
06/26/16,00:44:00,
06/26/16,00:45:00,
06/26/16,00:46:00,
06/26/16,00:47:00,
06/26/16,00:48:00,
06/26/16,00:49:00,
06/26/16,00:50:00,
06/26/16,00:51:00,
06/26/16,00:52:00,
06/26/16,00:53:00,
06/26/16,00:54:00,
06/26/16,00:55:00,
06/26/16,00:56:00,
06/26/16,00:57:00,
06/26/16,00:58:00,
06/26/16,00:59:00,
06/26/16,01:00:00,
06/26/16,01:01:00,
06/26/16,01:02:00,
06/26/16,01:03:00,
06/26/16,01:04:00,
06/26/16,01:05:00,
06/26/16,01:06:00,
06/26/16,01:07:00,
06/26/16,01:08:00,
06/26/16,01:09:00,
06/26/16,01:10:00,
06/26/16,01:11:00,
06/26/16,01:12:00,
06/26/16,01:13:00,
06/26/16,01:14:00,
06/26/16,01:15:00,
06/26/16,01:16:00,
06/26/16,01:17:00,
06/26/16,01:18:00,
06/26/16,01:19:00,
06/26/16,01:20:00,
06/26/16,01:21:00,
06/26/16,01:22:00,
06/26/16,01:23:00,
06/26/16,01:24:00,
06/26/16,01:25:00,
06/26/16,01:26:00,
06/26/16,01:27:00,
06/26/16,01:28:00,
06/26/16,01:29:00,
06/26/16,01:30:00,
06/26/16,01:31:00,
06/26/16,01:32:00,
06/26/16,01:33:00,
06/26/16,01:34:00,
06/26/16,01:35:00,
06/26/16,01:36:00,
06/26/16,01:37:00,
06/26/16,01:38:00,
06/26/16,01:39:00,
06/26/16,01:40:00,
06/26/16,01:41:00,
06/26/16,01:42:00,
06/26/16,01:43:00,
06/26/16,01:44:00,
06/26/16,01:45:00,
06/26/16,01:46:00,
06/26/16,01:47:00,
06/26/16,01:48:00,
06/26/16,01:49:00,
06/26/16,01:50:00,
06/26/16,01:51:00,
06/26/16,01:52:00,
06/26/16,01:53:00,
06/26/16,01:54:00,
06/26/16,01:55:00,
06/26/16,01:56:00,
06/26/16,01:57:00,
06/26/16,01:58:00,
06/26/16,01:59:00,
06/26/16,02:00:00,
06/26/16,02:01:00,
06/26/16,02:02:00,
06/26/16,02:03:00,
06/26/16,02:04:00,
06/26/16,02:05:00,
06/26/16,02:06:00,
06/26/16,02:07:00,
06/26/16,02:08:00,
06/26/16,02:09:00,
06/26/16,02:10:00,
06/26/16,02:11:00,
06/26/16,02:12:00,
06/26/16,02:13:00,
06/26/16,02:14:00,
06/26/16,02:15:00,
06/26/16,02:16:00,
06/26/16,02:17:00,
06/26/16,02:18:00,
06/26/16,02:19:00,
06/26/16,02:20:00,
06/26/16,02:21:00,
06/26/16,02:22:00,
06/26/16,02:23:00,
06/26/16,02:24:00,
06/26/16,02:25:00,
06/26/16,02:26:00,
06/26/16,02:27:00,
06/26/16,02:28:00,
06/26/16,02:29:00,
06/26/16,02:30:00,
06/26/16,02:31:00,
06/26/16,02:32:00,
06/26/16,02:33:00,
06/26/16,02:34:00,
06/26/16,02:35:00,
06/26/16,02:36:00,
06/26/16,02:37:00,
06/26/16,02:38:00,
06/26/16,02:39:00,
06/26/16,02:40:00,
06/26/16,02:41:00,
06/26/16,02:42:00,
06/26/16,02:43:00,
06/26/16,02:44:00,
06/26/16,02:45:00,
06/26/16,02:46:00,
06/26/16,02:47:00,
06/26/16,02:48:00,
06/26/16,02:49:00,
06/26/16,02:50:00,
06/26/16,02:51:00,
06/26/16,02:52:00,
06/26/16,02:53:00,
06/26/16,02:54:00,
06/26/16,02:55:00,
06/26/16,02:56:00,
06/26/16,02:57:00,
06/26/16,02:58:00,
06/26/16,02:59:00,
06/26/16,03:00:00,
06/26/16,03:01:00,
06/26/16,03:02:00,
06/26/16,03:03:00,
06/26/16,03:04:00,
06/26/16,03:05:00,
06/26/16,03:06:00,
06/26/16,03:07:00,
06/26/16,03:08:00,
06/26/16,03:09:00,
06/26/16,03:10:00,
06/26/16,03:11:00,
06/26/16,03:12:00,
06/26/16,03:13:00,
06/26/16,03:14:00,
06/26/16,03:15:00,
06/26/16,03:16:00,
06/26/16,03:17:00,
06/26/16,03:18:00,
06/26/16,03:19:00,
06/26/16,03:20:00,
06/26/16,03:21:00,
06/26/16,03:22:00,
06/26/16,03:23:00,
06/26/16,03:24:00,
06/26/16,03:25:00,
06/26/16,03:26:00,
06/26/16,03:27:00,
06/26/16,03:28:00,
06/26/16,03:29:00,
06/26/16,03:30:00,
06/26/16,03:31:00,
06/26/16,03:32:00,
06/26/16,03:33:00,
06/26/16,03:34:00,
06/26/16,03:35:00,
06/26/16,03:36:00,
06/26/16,03:37:00,
06/26/16,03:38:00,
06/26/16,03:39:00,
06/26/16,03:40:00,
06/26/16,03:41:00,
06/26/16,03:42:00,
06/26/16,03:43:00,
06/26/16,03:44:00,
06/26/16,03:45:00,
06/26/16,03:46:00,
06/26/16,03:47:00,
06/26/16,03:48:00,
06/26/16,03:49:00,
06/26/16,03:50:00,
06/26/16,03:51:00,
06/26/16,03:52:00,
06/26/16,03:53:00,
06/26/16,03:54:00,
06/26/16,03:55:00,
06/26/16,03:56:00,
06/26/16,03:57:00,
06/26/16,03:58:00,
06/26/16,03:59:00,
06/26/16,04:00:00,
06/26/16,04:01:00,
06/26/16,04:02:00,
06/26/16,04:03:00,
06/26/16,04:04:00,
06/26/16,04:05:00,
06/26/16,04:06:00,
06/26/16,04:07:00,
06/26/16,04:08:00,
06/26/16,04:09:00,
06/26/16,04:10:00,
06/26/16,04:11:00,
06/26/16,04:12:00,
06/26/16,04:13:00,
06/26/16,04:14:00,
06/26/16,04:15:00,
06/26/16,04:16:00,
06/26/16,04:17:00,
06/26/16,04:18:00,
06/26/16,04:19:00,
06/26/16,04:20:00,
06/26/16,04:21:00,
06/26/16,04:22:00,
06/26/16,04:23:00,
06/26/16,04:24:00,
06/26/16,04:25:00,
06/26/16,04:26:00,
06/26/16,04:27:00,
06/26/16,04:28:00,
06/26/16,04:29:00,
06/26/16,04:30:00,
06/26/16,04:31:00,
06/26/16,04:32:00,
06/26/16,04:33:00,
06/26/16,04:34:00,
06/26/16,04:35:00,
06/26/16,04:36:00,
06/26/16,04:37:00,
06/26/16,04:38:00,
06/26/16,04:39:00,
06/26/16,04:40:00,
06/26/16,04:41:00,
06/26/16,04:42:00,
06/26/16,04:43:00,
06/26/16,04:44:00,
06/26/16,04:45:00,
06/26/16,04:46:00,
06/26/16,04:47:00,
06/26/16,04:48:00,
06/26/16,04:49:00,
06/26/16,04:50:00,
06/26/16,04:51:00,
06/26/16,04:52:00,
06/26/16,04:53:00,
06/26/16,04:54:00,
06/26/16,04:55:00,
06/26/16,04:56:00,
06/26/16,04:57:00,
06/26/16,04:58:00,
06/26/16,04:59:00,
06/26/16,05:00:00,
06/26/16,05:01:00,
06/26/16,05:02:00,
06/26/16,05:03:00,
06/26/16,05:04:00,
06/26/16,05:05:00,
06/26/16,05:06:00,
06/26/16,05:07:00,
06/26/16,05:08:00,
06/26/16,05:09:00,
06/26/16,05:10:00,
06/26/16,05:11:00,
06/26/16,05:12:00,
06/26/16,05:13:00,
06/26/16,05:14:00,
06/26/16,05:15:00,
06/26/16,05:16:00,
06/26/16,05:17:00,
06/26/16,05:18:00,
06/26/16,05:19:00,
06/26/16,05:20:00,
06/26/16,05:21:00,
06/26/16,05:22:00,
06/26/16,05:23:00,
06/26/16,05:24:00,
06/26/16,05:25:00,
06/26/16,05:26:00,
06/26/16,05:27:00,
06/26/16,05:28:00,
06/26/16,05:29:00,
06/26/16,05:30:00,
06/26/16,05:31:00,
06/26/16,05:32:00,
06/26/16,05:33:00,
06/26/16,05:34:00,
06/26/16,05:35:00,
06/26/16,05:36:00,
06/26/16,05:37:00,
06/26/16,05:38:00,
06/26/16,05:39:00,
06/26/16,05:40:00,
06/26/16,05:41:00,
06/26/16,05:42:00,
06/26/16,05:43:00,
06/26/16,05:44:00,
06/26/16,05:45:00,
06/26/16,05:46:00,
06/26/16,05:47:00,
06/26/16,05:48:00,
06/26/16,05:49:00,
06/26/16,05:50:00,
06/26/16,05:51:00,
06/26/16,05:52:00,
06/26/16,05:53:00,
06/26/16,05:54:00,
06/26/16,05:55:00,
06/26/16,05:56:00,
06/26/16,05:57:00,
06/26/16,05:58:00,
06/26/16,05:59:00,
06/26/16,06:00:00,
06/26/16,06:01:00,
06/26/16,06:02:00,
06/26/16,06:03:00,
06/26/16,06:04:00,
06/26/16,06:05:00,
06/26/16,06:06:00,
06/26/16,06:07:00,
06/26/16,06:08:00,
06/26/16,06:09:00,
06/26/16,06:10:00,
06/26/16,06:11:00,
06/26/16,06:12:00,
06/26/16,06:13:00,
06/26/16,06:14:00,
06/26/16,06:15:00,
06/26/16,06:16:00,
06/26/16,06:17:00,
06/26/16,06:18:00,
06/26/16,06:19:00,
06/26/16,06:20:00,
06/26/16,06:21:00,
06/26/16,06:22:00,
06/26/16,06:23:00,
06/26/16,06:24:00,
06/26/16,06:25:00,
06/26/16,06:26:00,
06/26/16,06:27:00,
06/26/16,06:28:00,
06/26/16,06:29:00,
06/26/16,06:30:00,
06/26/16,06:31:00,
06/26/16,06:32:00,
06/26/16,06:33:00,
06/26/16,06:34:00,
06/26/16,06:35:00,
06/26/16,06:36:00,
06/26/16,06:37:00,
06/26/16,06:38:00,
06/26/16,06:39:00,
06/26/16,06:40:00,
06/26/16,06:41:00,
06/26/16,06:42:00,
06/26/16,06:43:00,
06/26/16,06:44:00,
06/26/16,06:45:00,
06/26/16,06:46:00,
06/26/16,06:47:00,
06/26/16,06:48:00,
06/26/16,06:49:00,
06/26/16,06:50:00,
06/26/16,06:51:00,
06/26/16,06:52:00,
06/26/16,06:53:00,
06/26/16,06:54:00,
06/26/16,06:55:00,
06/26/16,06:56:00,
06/26/16,06:57:00,
06/26/16,06:58:00,
06/26/16,06:59:00,
06/26/16,07:00:00,
06/26/16,07:01:00,
06/26/16,07:02:00,
06/26/16,07:03:00,
06/26/16,07:04:00,
06/26/16,07:05:00,
06/26/16,07:06:00,
06/26/16,07:07:00,
06/26/16,07:08:00,
06/26/16,07:09:00,
06/26/16,07:10:00,
06/26/16,07:11:00,
06/26/16,07:12:00,
06/26/16,07:13:00,
06/26/16,07:14:00,
06/26/16,07:15:00,
06/26/16,07:16:00,
06/26/16,07:17:00,
06/26/16,07:18:00,
06/26/16,07:19:00,
06/26/16,07:20:00,
06/26/16,07:21:00,
06/26/16,07:22:00,
06/26/16,07:23:00,
06/26/16,07:24:00,
06/26/16,07:25:00,
06/26/16,07:26:00,
06/26/16,07:27:00,
06/26/16,07:28:00,
06/26/16,07:29:00,
06/26/16,07:30:00,
06/26/16,07:31:00,
06/26/16,07:32:00,
06/26/16,07:33:00,
06/26/16,07:34:00,
06/26/16,07:35:00,
06/26/16,07:36:00,
06/26/16,07:37:00,
06/26/16,07:38:00,
06/26/16,07:39:00,
06/26/16,07:40:00,
06/26/16,07:41:00,
06/26/16,07:42:00,
06/26/16,07:43:00,
06/26/16,07:44:00,
06/26/16,07:45:00,
06/26/16,07:46:00,
06/26/16,07:47:00,
06/26/16,07:48:00,
06/26/16,07:49:00,
06/26/16,07:50:00,
06/26/16,07:51:00,
06/26/16,07:52:00,
06/26/16,07:53:00,
06/26/16,07:54:00,
06/26/16,07:55:00,
06/26/16,07:56:00,
06/26/16,07:57:00,
06/26/16,07:58:00,
06/26/16,07:59:00,
06/26/16,08:00:00,
06/26/16,08:01:00,
06/26/16,08:02:00,
06/26/16,08:03:00,
06/26/16,08:04:00,
06/26/16,08:05:00,
06/26/16,08:06:00,
06/26/16,08:07:00,
06/26/16,08:08:00,
06/26/16,08:09:00,
06/26/16,08:10:00,
06/26/16,08:11:00,
06/26/16,08:12:00,
06/26/16,08:13:00,
06/26/16,08:14:00,
06/26/16,08:15:00,
06/26/16,08:16:00,
06/26/16,08:17:00,
06/26/16,08:18:00,
06/26/16,08:19:00,
06/26/16,08:20:00,
06/26/16,08:21:00,
06/26/16,08:22:00,
06/26/16,08:23:00,
06/26/16,08:24:00,
06/26/16,08:25:00,
06/26/16,08:26:00,
06/26/16,08:27:00,
06/26/16,08:28:00,
06/26/16,08:29:00,
06/26/16,08:30:00,
06/26/16,08:31:00,
06/26/16,08:32:00,
06/26/16,08:33:00,
06/26/16,08:34:00,
06/26/16,08:35:00,
06/26/16,08:36:00,
06/26/16,08:37:00,
06/26/16,08:38:00,
06/26/16,08:39:00,
06/26/16,08:40:00,
06/26/16,08:41:00,
06/26/16,08:42:00,
06/26/16,08:43:00,
06/26/16,08:44:00,
06/26/16,08:45:00,
06/26/16,08:46:00,
06/26/16,08:47:00,
06/26/16,08:48:00,
06/26/16,08:49:00,
06/26/16,08:50:00,
06/26/16,08:51:00,
06/26/16,08:52:00,
06/26/16,08:53:00,
06/26/16,08:54:00,
06/26/16,08:55:00,
06/26/16,08:56:00,
06/26/16,08:57:00,
06/26/16,08:58:00,
06/26/16,08:59:00,
06/26/16,09:00:00,
06/26/16,09:01:00,
06/26/16,09:02:00,
06/26/16,09:03:00,
06/26/16,09:04:00,
06/26/16,09:05:00,
06/26/16,09:06:00,
06/26/16,09:07:00,
06/26/16,09:08:00,
06/26/16,09:09:00,
06/26/16,09:10:00,
06/26/16,09:11:00,
06/26/16,09:12:00,
06/26/16,09:13:00,
06/26/16,09:14:00,
06/26/16,09:15:00,
06/26/16,09:16:00,
06/26/16,09:17:00,
06/26/16,09:18:00,
06/26/16,09:19:00,
06/26/16,09:20:00,
06/26/16,09:21:00,
06/26/16,09:22:00,
06/26/16,09:23:00,
06/26/16,09:24:00,
06/26/16,09:25:00,
06/26/16,09:26:00,
06/26/16,09:27:00,
06/26/16,09:28:00,
06/26/16,09:29:00,
06/26/16,09:30:00,
06/26/16,09:31:00,
06/26/16,09:32:00,
06/26/16,09:33:00,
06/26/16,09:34:00,
06/26/16,09:35:00,
06/26/16,09:36:00,
06/26/16,09:37:00,
06/26/16,09:38:00,
06/26/16,09:39:00,
06/26/16,09:40:00,
06/26/16,09:41:00,
06/26/16,09:42:00,
06/26/16,09:43:00,
06/26/16,09:44:00,
06/26/16,09:45:00,
06/26/16,09:46:00,
06/26/16,09:47:00,
06/26/16,09:48:00,
06/26/16,09:49:00,
06/26/16,09:50:00,
06/26/16,09:51:00,
06/26/16,09:52:00,
06/26/16,09:53:00,
06/26/16,09:54:00,
06/26/16,09:55:00,
06/26/16,09:56:00,
06/26/16,09:57:00,
06/26/16,09:58:00,
06/26/16,09:59:00,
06/26/16,10:00:00,
06/26/16,10:01:00,
06/26/16,10:02:00,
06/26/16,10:03:00,
06/26/16,10:04:00,
06/26/16,10:05:00,
06/26/16,10:06:00,
06/26/16,10:07:00,
06/26/16,10:08:00,
06/26/16,10:09:00,
06/26/16,10:10:00,
06/26/16,10:11:00,
06/26/16,10:12:00,
06/26/16,10:13:00,
06/26/16,10:14:00,
06/26/16,10:15:00,
06/26/16,10:16:00,
06/26/16,10:17:00,
06/26/16,10:18:00,
06/26/16,10:19:00,
06/26/16,10:20:00,
06/26/16,10:21:00,
06/26/16,10:22:00,
06/26/16,10:23:00,
06/26/16,10:24:00,
06/26/16,10:25:00,
06/26/16,10:26:00,
06/26/16,10:27:00,
06/26/16,10:28:00,
06/26/16,10:29:00,
06/26/16,10:30:00,
06/26/16,10:31:00,
06/26/16,10:32:00,
06/26/16,10:33:00,
06/26/16,10:34:00,
06/26/16,10:35:00,
06/26/16,10:36:00,
06/26/16,10:37:00,
06/26/16,10:38:00,
06/26/16,10:39:00,
06/26/16,10:40:00,
06/26/16,10:41:00,
06/26/16,10:42:00,
06/26/16,10:43:00,
06/26/16,10:44:00,
06/26/16,10:45:00,
06/26/16,10:46:00,
06/26/16,10:47:00,
06/26/16,10:48:00,
06/26/16,10:49:00,
06/26/16,10:50:00,
06/26/16,10:51:00,
06/26/16,10:52:00,
06/26/16,10:53:00,
06/26/16,10:54:00,
06/26/16,10:55:00,
06/26/16,10:56:00,
06/26/16,10:57:00,
06/26/16,10:58:00,
06/26/16,10:59:00,
06/26/16,11:00:00,
06/26/16,11:01:00,
06/26/16,11:02:00,
06/26/16,11:03:00,
06/26/16,11:04:00,
06/26/16,11:05:00,
06/26/16,11:06:00,
06/26/16,11:07:00,
06/26/16,11:08:00,
06/26/16,11:09:00,
06/26/16,11:10:00,
06/26/16,11:11:00,
06/26/16,11:12:00,
06/26/16,11:13:00,
06/26/16,11:14:00,
06/26/16,11:15:00,
06/26/16,11:16:00,
06/26/16,11:17:00,
06/26/16,11:18:00,
06/26/16,11:19:00,
06/26/16,11:20:00,
06/26/16,11:21:00,
06/26/16,11:22:00,
06/26/16,11:23:00,
06/26/16,11:24:00,
06/26/16,11:25:00,
06/26/16,11:26:00,
06/26/16,11:27:00,
06/26/16,11:28:00,
06/26/16,11:29:00,
06/26/16,11:30:00,
06/26/16,11:31:00,
06/26/16,11:32:00,
06/26/16,11:33:00,
06/26/16,11:34:00,
06/26/16,11:35:00,
06/26/16,11:36:00,
06/26/16,11:37:00,
06/26/16,11:38:00,
06/26/16,11:39:00,
06/26/16,11:40:00,
06/26/16,11:41:00,
06/26/16,11:42:00,
06/26/16,11:43:00,
06/26/16,11:44:00,
06/26/16,11:45:00,
06/26/16,11:46:00,
06/26/16,11:47:00,
06/26/16,11:48:00,
06/26/16,11:49:00,
06/26/16,11:50:00,
06/26/16,11:51:00,
06/26/16,11:52:00,
06/26/16,11:53:00,
06/26/16,11:54:00,
06/26/16,11:55:00,
06/26/16,11:56:00,
06/26/16,11:57:00,
06/26/16,11:58:00,
06/26/16,11:59:00,
06/26/16,12:00:00,
06/26/16,12:01:00,
06/26/16,12:02:00,
06/26/16,12:03:00,
06/26/16,12:04:00,
06/26/16,12:05:00,
06/26/16,12:06:00,
06/26/16,12:07:00,
06/26/16,12:08:00,
06/26/16,12:09:00,
06/26/16,12:10:00,
06/26/16,12:11:00,
06/26/16,12:12:00,
06/26/16,12:13:00,
06/26/16,12:14:00,
06/26/16,12:15:00,
06/26/16,12:16:00,
06/26/16,12:17:00,
06/26/16,12:18:00,
06/26/16,12:19:00,
06/26/16,12:20:00,
06/26/16,12:21:00,
06/26/16,12:22:00,
06/26/16,12:23:00,
06/26/16,12:24:00,
06/26/16,12:25:00,
06/26/16,12:26:00,
06/26/16,12:27:00,
06/26/16,12:28:00,
06/26/16,12:29:00,
06/26/16,12:30:00,
06/26/16,12:31:00,
06/26/16,12:32:00,
06/26/16,12:33:00,
06/26/16,12:34:00,
06/26/16,12:35:00,
06/26/16,12:36:00,
06/26/16,12:37:00,
06/26/16,12:38:00,
06/26/16,12:39:00,
06/26/16,12:40:00,
06/26/16,12:41:00,
06/26/16,12:42:00,
06/26/16,12:43:00,
06/26/16,12:44:00,
06/26/16,12:45:00,
06/26/16,12:46:00,
06/26/16,12:47:00,
06/26/16,12:48:00,
06/26/16,12:49:00,
06/26/16,12:50:00,
06/26/16,12:51:00,
06/26/16,12:52:00,
06/26/16,12:53:00,
06/26/16,12:54:00,
06/26/16,12:55:00,
06/26/16,12:56:00,
06/26/16,12:57:00,
06/26/16,12:58:00,
06/26/16,12:59:00,
06/26/16,13:00:00,
06/26/16,13:01:00,
06/26/16,13:02:00,
06/26/16,13:03:00,
06/26/16,13:04:00,
06/26/16,13:05:00,
06/26/16,13:06:00,
06/26/16,13:07:00,
06/26/16,13:08:00,
06/26/16,13:09:00,
06/26/16,13:10:00,
06/26/16,13:11:00,
06/26/16,13:12:00,
06/26/16,13:13:00,
06/26/16,13:14:00,
06/26/16,13:15:00,
06/26/16,13:16:00,
06/26/16,13:17:00,
06/26/16,13:18:00,
06/26/16,13:19:00,
06/26/16,13:20:00,
06/26/16,13:21:00,
06/26/16,13:22:00,
06/26/16,13:23:00,
06/26/16,13:24:00,
06/26/16,13:25:00,
06/26/16,13:26:00,
06/26/16,13:27:00,
06/26/16,13:28:00,
06/26/16,13:29:00,
06/26/16,13:30:00,
06/26/16,13:31:00,
06/26/16,13:32:00,
06/26/16,13:33:00,
06/26/16,13:34:00,
06/26/16,13:35:00,
06/26/16,13:36:00,
06/26/16,13:37:00,
06/26/16,13:38:00,
06/26/16,13:39:00,
06/26/16,13:40:00,
06/26/16,13:41:00,
06/26/16,13:42:00,
06/26/16,13:43:00,
06/26/16,13:44:00,
06/26/16,13:45:00,
06/26/16,13:46:00,
06/26/16,13:47:00,
06/26/16,13:48:00,
06/26/16,13:49:00,
06/26/16,13:50:00,
06/26/16,13:51:00,
06/26/16,13:52:00,
06/26/16,13:53:00,
06/26/16,13:54:00,
06/26/16,13:55:00,
06/26/16,13:56:00,
06/26/16,13:57:00,
06/26/16,13:58:00,
06/26/16,13:59:00,
06/26/16,14:00:00,
06/26/16,14:01:00,
06/26/16,14:02:00,
06/26/16,14:03:00,
06/26/16,14:04:00,
06/26/16,14:05:00,
06/26/16,14:06:00,
06/26/16,14:07:00,
06/26/16,14:08:00,
06/26/16,14:09:00,
06/26/16,14:10:00,
06/26/16,14:11:00,
06/26/16,14:12:00,
06/26/16,14:13:00,
06/26/16,14:14:00,
06/26/16,14:15:00,
06/26/16,14:16:00,
06/26/16,14:17:00,
06/26/16,14:18:00,
06/26/16,14:19:00,
06/26/16,14:20:00,
06/26/16,14:21:00,
06/26/16,14:22:00,
06/26/16,14:23:00,
06/26/16,14:24:00,
06/26/16,14:25:00,
06/26/16,14:26:00,
06/26/16,14:27:00,
06/26/16,14:28:00,
06/26/16,14:29:00,
06/26/16,14:30:00,
06/26/16,14:31:00,
06/26/16,14:32:00,
06/26/16,14:33:00,
06/26/16,14:34:00,
06/26/16,14:35:00,
06/26/16,14:36:00,
06/26/16,14:37:00,
06/26/16,14:38:00,
06/26/16,14:39:00,
06/26/16,14:40:00,
06/26/16,14:41:00,
06/26/16,14:42:00,
06/26/16,14:43:00,
06/26/16,14:44:00,
06/26/16,14:45:00,
06/26/16,14:46:00,
06/26/16,14:47:00,
06/26/16,14:48:00,
06/26/16,14:49:00,
06/26/16,14:50:00,
06/26/16,14:51:00,
06/26/16,14:52:00,
06/26/16,14:53:00,
06/26/16,14:54:00,
06/26/16,14:55:00,
06/26/16,14:56:00,
06/26/16,14:57:00,
06/26/16,14:58:00,
06/26/16,14:59:00,
06/26/16,15:00:00,
06/26/16,15:01:00,
06/26/16,15:02:00,
06/26/16,15:03:00,
06/26/16,15:04:00,
06/26/16,15:05:00,
06/26/16,15:06:00,
06/26/16,15:07:00,
06/26/16,15:08:00,
06/26/16,15:09:00,
06/26/16,15:10:00,
06/26/16,15:11:00,
06/26/16,15:12:00,
06/26/16,15:13:00,
06/26/16,15:14:00,
06/26/16,15:15:00,
06/26/16,15:16:00,
06/26/16,15:17:00,
06/26/16,15:18:00,
06/26/16,15:19:00,
06/26/16,15:20:00,
06/26/16,15:21:00,
06/26/16,15:22:00,
06/26/16,15:23:00,
06/26/16,15:24:00,
06/26/16,15:25:00,
06/26/16,15:26:00,
06/26/16,15:27:00,
06/26/16,15:28:00,
06/26/16,15:29:00,
06/26/16,15:30:00,
06/26/16,15:31:00,
06/26/16,15:32:00,
06/26/16,15:33:00,
06/26/16,15:34:00,
06/26/16,15:35:00,
06/26/16,15:36:00,
06/26/16,15:37:00,
06/26/16,15:38:00,
06/26/16,15:39:00,
06/26/16,15:40:00,
06/26/16,15:41:00,
06/26/16,15:42:00,
06/26/16,15:43:00,
06/26/16,15:44:00,
06/26/16,15:45:00,
06/26/16,15:46:00,
06/26/16,15:47:00,
06/26/16,15:48:00,
06/26/16,15:49:00,
06/26/16,15:50:00,
06/26/16,15:51:00,
06/26/16,15:52:00,
06/26/16,15:53:00,
06/26/16,15:54:00,
06/26/16,15:55:00,
06/26/16,15:56:00,
06/26/16,15:57:00,
06/26/16,15:58:00,
06/26/16,15:59:00,
06/26/16,16:00:00,
06/26/16,16:01:00,
06/26/16,16:02:00,
06/26/16,16:03:00,
06/26/16,16:04:00,
06/26/16,16:05:00,
06/26/16,16:06:00,
06/26/16,16:07:00,
06/26/16,16:08:00,
06/26/16,16:09:00,
06/26/16,16:10:00,
06/26/16,16:11:00,
06/26/16,16:12:00,
06/26/16,16:13:00,5,748711
06/26/16,16:14:00,5,656814
06/26/16,16:15:00,5,75557
06/26/16,16:16:00,5,750742
06/26/16,16:17:00,5,853118
06/26/16,16:18:00,5,745575
06/26/16,16:19:00,5,716987
06/26/16,16:20:00,5,663069
06/26/16,16:21:00,5,756868
06/26/16,16:22:00,5,658334
06/26/16,16:23:00,5,629055
06/26/16,16:24:00,5,752867
06/26/16,16:25:00,5,657859
06/26/16,16:26:00,5,639017
06/26/16,16:27:00,5,641681
06/26/16,16:28:00,5,519027
06/26/16,16:29:00,5,632961
06/26/16,16:30:00,5,57937
06/26/16,16:31:00,5,594398
06/26/16,16:32:00,5,690317
06/26/16,16:33:00,5,614229
06/26/16,16:34:00,5,581453
06/26/16,16:35:00,5,721901
06/26/16,16:36:00,5,712568
06/26/16,16:37:00,5,828732
06/26/16,16:38:00,5,638216
06/26/16,16:39:00,5,648886
06/26/16,16:40:00,5,601697
06/26/16,16:41:00,5,682929
06/26/16,16:42:00,5,720196
06/26/16,16:43:00,5,678034
06/26/16,16:44:00,5,584444
06/26/16,16:45:00,5,7406
06/26/16,16:46:00,5,737412
06/26/16,16:47:00,5,79855
06/26/16,16:48:00,5,807269
06/26/16,16:49:00,5,700436
06/26/16,16:50:00,5,799369
06/26/16,16:51:00,5,710156
06/26/16,16:52:00,5,737626
06/26/16,16:53:00,5,726462
06/26/16,16:54:00,5,69217
06/26/16,16:55:00,5,733815
06/26/16,16:56:00,5,617006
06/26/16,16:57:00,5,815563
06/26/16,16:58:00,5,619452
06/26/16,16:59:00,5,625906
06/26/16,17:00:00,5,599551
06/26/16,17:01:00,5,678947
06/26/16,17:02:00,5,531551
06/26/16,17:03:00,5,6438
06/26/16,17:04:00,5,663822
06/26/16,17:05:00,5,603345
06/26/16,17:06:00,5,483873
06/26/16,17:07:00,5,533129
06/26/16,17:08:00,5,595617
06/26/16,17:09:00,5,512828
06/26/16,17:10:00,5,601674
06/26/16,17:11:00,5,729436
06/26/16,17:12:00,5,479256
06/26/16,17:13:00,5,632822
06/26/16,17:14:00,5,543417
06/26/16,17:15:00,5,605593
06/26/16,17:16:00,5,685738
06/26/16,17:17:00,5,565137
06/26/16,17:18:00,5,686775
06/26/16,17:19:00,5,570175
06/26/16,17:20:00,5,588446
06/26/16,17:21:00,5,594482
06/26/16,17:22:00,5,713656
06/26/16,17:23:00,5,573974
06/26/16,17:24:00,5,602768
06/26/16,17:25:00,5,666703
06/26/16,17:26:00,5,548577
06/26/16,17:27:00,5,694816
06/26/16,17:28:00,5,678568
06/26/16,17:29:00,5,71263
06/26/16,17:30:00,5,5683
06/26/16,17:31:00,5,586319
06/26/16,17:32:00,5,568105
06/26/16,17:33:00,5,603983
06/26/16,17:34:00,5,613927
06/26/16,17:35:00,5,622794
06/26/16,17:36:00,5,495843
06/26/16,17:37:00,5,576252
06/26/16,17:38:00,5,466313
06/26/16,17:39:00,5,464913
06/26/16,17:40:00,5,562796
06/26/16,17:41:00,5,464728
06/26/16,17:42:00,5,562767
06/26/16,17:43:00,5,464731
06/26/16,17:44:00,5,562773
06/26/16,17:45:00,5,533547
06/26/16,17:46:00,5,65737
06/26/16,17:47:00,5,49136
06/26/16,17:48:00,5,554372
06/26/16,17:49:00,5,463741
06/26/16,17:50:00,5,653679
06/26/16,17:51:00,5,453865
06/26/16,17:52:00,5,561496
06/26/16,17:53:00,5,542169
06/26/16,17:54:00,5,412631
06/26/16,17:55:00,5,475612
06/26/16,17:56:00,5,505818
06/26/16,17:57:00,5,604437
06/26/16,17:58:00,5,482127
06/26/16,17:59:00,5,592852
06/26/16,18:00:00,5,475853
06/26/16,18:01:00,5,579577
06/26/16,18:02:00,5,586646
06/26/16,18:03:00,5,566145
06/26/16,18:04:00,5,613408
06/26/16,18:05:00,5,633902
06/26/16,18:06:00,5,611388
06/26/16,18:07:00,5,59486
06/26/16,18:08:00,5,531483
06/26/16,18:09:00,5,502963
06/26/16,18:10:00,5,546277
06/26/16,18:11:00,5,480364
06/26/16,18:12:00,5,631227
06/26/16,18:13:00,5,461782
06/26/16,18:14:00,5,401512
06/26/16,18:15:00,5,495877
06/26/16,18:16:00,5,401257
06/26/16,18:17:00,5,379451
06/26/16,18:18:00,5,406114
06/26/16,18:19:00,5,444751
06/26/16,18:20:00,5,39384
06/26/16,18:21:00,5,469606
06/26/16,18:22:00,5,338227
06/26/16,18:23:00,5,360504
06/26/16,18:24:00,5,235865
06/26/16,18:25:00,5,300055
06/26/16,18:26:00,5,407552
06/26/16,18:27:00,5,264098
06/26/16,18:28:00,5,283377
06/26/16,18:29:00,5,403987
06/26/16,18:30:00,5,270822
06/26/16,18:31:00,5,279747
06/26/16,18:32:00,5,280796
06/26/16,18:33:00,5,378963
06/26/16,18:34:00,5,387995
06/26/16,18:35:00,5,380041
06/26/16,18:36:00,5,281061
06/26/16,18:37:00,5,378993
06/26/16,18:38:00,5,270916
06/26/16,18:39:00,5,269735
06/26/16,18:40:00,5,377661
06/26/16,18:41:00,5,280781
06/26/16,18:42:00,5,270896
06/26/16,18:43:00,5,259301
06/26/16,18:44:00,5,348964
06/26/16,18:45:00,5,416794
06/26/16,18:46:00,5,243373
06/26/16,18:47:00,5,209364
06/26/16,18:48:00,5,23494
06/26/16,18:49:00,5,369216
06/26/16,18:50:00,5,309574
06/26/16,18:51:00,5,254423
06/26/16,18:52:00,5,284077
06/26/16,18:53:00,5,086353
06/26/16,18:54:00,5,19764
06/26/16,18:55:00,5,269478
06/26/16,18:56:00,5,203132
06/26/16,18:57:00,5,143746
06/26/16,18:58:00,5,143149
06/26/16,18:59:00,5,144576
06/26/16,19:00:00,5,316081
06/26/16,19:01:00,5,201799
06/26/16,19:02:00,5,191719
06/26/16,19:03:00,5,144275
06/26/16,19:04:00,5,093536
06/26/16,19:05:00,5,209946
06/26/16,19:06:00,5,192678
06/26/16,19:07:00,5,180824
06/26/16,19:08:00,5,18434
06/26/16,19:09:00,5,072398
06/26/16,19:10:00,5,064626
06/26/16,19:11:00,5,167886
06/26/16,19:12:00,5,266141
06/26/16,19:13:00,5,244759
06/26/16,19:14:00,5,240494
06/26/16,19:15:00,5,082942
06/26/16,19:16:00,5,272592
06/26/16,19:17:00,5,258671
06/26/16,19:18:00,5,157753
06/26/16,19:19:00,5,181625
06/26/16,19:20:00,5,267757
06/26/16,19:21:00,5,257487
06/26/16,19:22:00,5,182979
06/26/16,19:23:00,5,179682
06/26/16,19:24:00,5,258121
06/26/16,19:25:00,5,171126
06/26/16,19:26:00,5,119206
06/26/16,19:27:00,5,246095
06/26/16,19:28:00,5,262856
06/26/16,19:29:00,5,235608
06/26/16,19:30:00,5,356658
06/26/16,19:31:00,5,16986
06/26/16,19:32:00,5,275545
06/26/16,19:33:00,5,234659
06/26/16,19:34:00,5,173154
06/26/16,19:35:00,5,2238
06/26/16,19:36:00,5,205416
06/26/16,19:37:00,5,154834
06/26/16,19:38:00,5,239877
06/26/16,19:39:00,5,237324
06/26/16,19:40:00,5,241905
06/26/16,19:41:00,5,140777
06/26/16,19:42:00,5,202834
06/26/16,19:43:00,5,093293
06/26/16,19:44:00,5,17654
06/26/16,19:45:00,5,19551
06/26/16,19:46:00,5,151074
06/26/16,19:47:00,5,188218
06/26/16,19:48:00,5,157231
06/26/16,19:49:00,5,174041
06/26/16,19:50:00,5,196358
06/26/16,19:51:00,5,070582
06/26/16,19:52:00,5,125705
06/26/16,19:53:00,5,11677
06/26/16,19:54:00,5,112558
06/26/16,19:55:00,5,120334
06/26/16,19:56:00,5,125545
06/26/16,19:57:00,5,108711
06/26/16,19:58:00,5,11652
06/26/16,19:59:00,5,083308
06/26/16,20:00:00,5,104767
06/26/16,20:01:00,5,096245
06/26/16,20:02:00,5,115055
06/26/16,20:03:00,5,097454
06/26/16,20:04:00,5,081064
06/26/16,20:05:00,5,149707
06/26/16,20:06:00,5,040904
06/26/16,20:07:00,5,024738
06/26/16,20:08:00,5,17055
06/26/16,20:09:00,5,068107
06/26/16,20:10:00,4,998686
06/26/16,20:11:00,5,013979
06/26/16,20:12:00,4,98901
06/26/16,20:13:00,4,884325
06/26/16,20:14:00,4,955283
06/26/16,20:15:00,4,992715
06/26/16,20:16:00,4,9828
06/26/16,20:17:00,4,966295
06/26/16,20:18:00,4,973378
06/26/16,20:19:00,5,001213
06/26/16,20:20:00,4,928656
06/26/16,20:21:00,5,008836
06/26/16,20:22:00,5,01226
06/26/16,20:23:00,5,012665
06/26/16,20:24:00,4,909699
06/26/16,20:25:00,5,020019
06/26/16,20:26:00,5,004187
06/26/16,20:27:00,5,011712
06/26/16,20:28:00,5,081417
06/26/16,20:29:00,4,990855
06/26/16,20:30:00,4,986827
06/26/16,20:31:00,4,910231
06/26/16,20:32:00,4,859871
06/26/16,20:33:00,4,815801
06/26/16,20:34:00,5,066396
06/26/16,20:35:00,4,827055
06/26/16,20:36:00,4,941589
06/26/16,20:37:00,4,939682
06/26/16,20:38:00,4,899768
06/26/16,20:39:00,4,993111
06/26/16,20:40:00,4,894519
06/26/16,20:41:00,4,992496
06/26/16,20:42:00,4,894446
06/26/16,20:43:00,4,972034
06/26/16,20:44:00,4,975142
06/26/16,20:45:00,4,848874
06/26/16,20:46:00,4,961754
06/26/16,20:47:00,4,804889
06/26/16,20:48:00,4,91032
06/26/16,20:49:00,4,906895
06/26/16,20:50:00,4,94828
06/26/16,20:51:00,5,013698
06/26/16,20:52:00,5,031814
06/26/16,20:53:00,4,899634
06/26/16,20:54:00,4,96444
06/26/16,20:55:00,4,779356
06/26/16,20:56:00,4,878682
06/26/16,20:57:00,4,861801
06/26/16,20:58:00,4,884151
06/26/16,20:59:00,4,972608
06/26/16,21:00:00,4,921805
06/26/16,21:01:00,4,931021
06/26/16,21:02:00,4,936106
06/26/16,21:03:00,4,91479
06/26/16,21:04:00,4,865419
06/26/16,21:05:00,4,819969
06/26/16,21:06:00,4,95503
06/26/16,21:07:00,4,909712
06/26/16,21:08:00,4,829255
06/26/16,21:09:00,4,844937
06/26/16,21:10:00,4,931756
06/26/16,21:11:00,4,929179
06/26/16,21:12:00,4,872184
06/26/16,21:13:00,4,97542
06/26/16,21:14:00,4,893559
06/26/16,21:15:00,4,819989
06/26/16,21:16:00,4,898344
06/26/16,21:17:00,4,849767
06/26/16,21:18:00,4,864949
06/26/16,21:19:00,4,877782
06/26/16,21:20:00,4,886593
06/26/16,21:21:00,4,874191
06/26/16,21:22:00,4,828578
06/26/16,21:23:00,4,889895
06/26/16,21:24:00,4,690109
06/26/16,21:25:00,4,871136
06/26/16,21:26:00,5,017897
06/26/16,21:27:00,4,808098
06/26/16,21:28:00,4,802477
06/26/16,21:29:00,4,798809
06/26/16,21:30:00,4,798377
06/26/16,21:31:00,4,896365
06/26/16,21:32:00,4,765937
06/26/16,21:33:00,4,892547
06/26/16,21:34:00,4,76865
06/26/16,21:35:00,4,867504
06/26/16,21:36:00,4,892965
06/26/16,21:37:00,4,895959
06/26/16,21:38:00,4,896313
06/26/16,21:39:00,4,743782
06/26/16,21:40:00,4,856068
06/26/16,21:41:00,4,787359
06/26/16,21:42:00,4,863487
06/26/16,21:43:00,4,882668
06/26/16,21:44:00,4,796708
06/26/16,21:45:00,4,806865
06/26/16,21:46:00,4,841322
06/26/16,21:47:00,4,777528
06/26/16,21:48:00,4,745141
06/26/16,21:49:00,4,979956
06/26/16,21:50:00,4,811492
06/26/16,21:51:00,4,667622
06/26/16,21:52:00,4,714006
06/26/16,21:53:00,4,868939
06/26/16,21:54:00,4,738931
06/26/16,21:55:00,4,80399
06/26/16,21:56:00,4,824452
06/26/16,21:57:00,4,718797
06/26/16,21:58:00,4,713607
06/26/16,21:59:00,4,695958
06/26/16,22:00:00,4,651216
06/26/16,22:01:00,4,69563
06/26/16,22:02:00,4,636866
06/26/16,22:03:00,4,693946
06/26/16,22:04:00,4,700658
06/26/16,22:05:00,4,684413
06/26/16,22:06:00,4,692523
06/26/16,22:07:00,4,671273
06/26/16,22:08:00,4,677536
06/26/16,22:09:00,4,64517
06/26/16,22:10:00,4,680602
06/26/16,22:11:00,4,52002
06/26/16,22:12:00,4,764406
06/26/16,22:13:00,4,656263
06/26/16,22:14:00,4,556401
06/26/16,22:15:00,4,68108
06/26/16,22:16:00,4,780141
06/26/16,22:17:00,4,654467
06/26/16,22:18:00,4,621995
06/26/16,22:19:00,4,616272
06/26/16,22:20:00,4,619892
06/26/16,22:21:00,4,609423
06/26/16,22:22:00,4,594742
06/26/16,22:23:00,4,559506
06/26/16,22:24:00,4,586975
06/26/16,22:25:00,4,709577
06/26/16,22:26:00,4,67875
06/26/16,22:27:00,4,55439
06/26/16,22:28:00,4,536094
06/26/16,22:29:00,4,579105
06/26/16,22:30:00,4,689214
06/26/16,22:31:00,4,647483
06/26/16,22:32:00,4,435679
06/26/16,22:33:00,4,512875
06/26/16,22:34:00,4,485562
06/26/16,22:35:00,4,546063
06/26/16,22:36:00,4,362605
06/26/16,22:37:00,4,386694
06/26/16,22:38:00,4,541063
06/26/16,22:39:00,4,492171
06/26/16,22:40:00,4,560815
06/26/16,22:41:00,4,512242
06/26/16,22:42:00,4,529435
06/26/16,22:43:00,4,39908
06/26/16,22:44:00,4,447069
06/26/16,22:45:00,4,482825
06/26/16,22:46:00,4,441463
06/26/16,22:47:00,4,459773
06/26/16,22:48:00,4,486036
06/26/16,22:49:00,4,439451
06/26/16,22:50:00,4,451264
06/26/16,22:51:00,4,457565
06/26/16,22:52:00,4,326135
06/26/16,22:53:00,4,432173
06/26/16,22:54:00,4,406868
06/26/16,22:55:00,4,438664
06/26/16,22:56:00,4,421951
06/26/16,22:57:00,4,419983
06/26/16,22:58:00,4,538249
06/26/16,22:59:00,4,525084
06/26/16,23:00:00,4,518624
06/26/16,23:01:00,4,419821
06/26/16,23:02:00,4,424643
06/26/16,23:03:00,4,410278
06/26/16,23:04:00,4,320572
06/26/16,23:05:00,4,39037
06/26/16,23:06:00,4,395813
06/26/16,23:07:00,4,422018
06/26/16,23:08:00,4,395681
06/26/16,23:09:00,4,48957
06/26/16,23:10:00,4,340485
06/26/16,23:11:00,4,364108
06/26/16,23:12:00,4,340417
06/26/16,23:13:00,4,248329
06/26/16,23:14:00,4,34003
06/26/16,23:15:00,4,324968
06/26/16,23:16:00,4,308877
06/26/16,23:17:00,4,328319
06/26/16,23:18:00,4,220635
06/26/16,23:19:00,4,342909
06/26/16,23:20:00,4,384317
06/26/16,23:21:00,4,378808
06/26/16,23:22:00,4,356827
06/26/16,23:23:00,4,281172
06/26/16,23:24:00,4,268365
06/26/16,23:25:00,4,333143
06/26/16,23:26:00,4,255301
06/26/16,23:27:00,4,346508
06/26/16,23:28:00,4,293396
06/26/16,23:29:00,4,261008
06/26/16,23:30:00,4,263856
06/26/16,23:31:00,4,224539
06/26/16,23:32:00,4,244663
06/26/16,23:33:00,4,33649
06/26/16,23:34:00,4,228225
06/26/16,23:35:00,4,225868
06/26/16,23:36:00,4,225591
06/26/16,23:37:00,4,225558
06/26/16,23:38:00,4,225554
06/26/16,23:39:00,4,246008
06/26/16,23:40:00,4,22796
06/26/16,23:41:00,4,314074
06/26/16,23:42:00,4,220676
06/26/16,23:43:00,4,224979
06/26/16,23:44:00,4,31372
06/26/16,23:45:00,4,211228
06/26/16,23:46:00,4,312102
06/26/16,23:47:00,4,313589
06/26/16,23:48:00,4,22552
06/26/16,23:49:00,4,22555
06/26/16,23:50:00,4,225556
06/26/16,23:51:00,4,225554
06/26/16,23:52:00,4,274544
06/26/16,23:53:00,4,195571
06/26/16,23:54:00,4,289806
06/26/16,23:55:00,4,300948
06/26/16,23:56:00,4,217906
06/26/16,23:57:00,4,225195
06/26/16,23:58:00,4,134099
06/26/16,23:59:00,4,237542
06/27/16,00:00:00,4,140664
06/27/16,00:01:00,4,380508
06/27/16,00:02:00,4,349672
06/27/16,00:03:00,4,139315
06/27/16,00:04:00,4,350509
06/27/16,00:05:00,4,22063
06/27/16,00:06:00,4,157871
06/27/16,00:07:00,4,338374
06/27/16,00:08:00,4,31724
06/27/16,00:09:00,4,216716
06/27/16,00:10:00,4,209408
06/27/16,00:11:00,4,313602
06/27/16,00:12:00,4,314326
06/27/16,00:13:00,4,216373
06/27/16,00:14:00,4,314421
06/27/16,00:15:00,4,314422
06/27/16,00:16:00,4,307406
06/27/16,00:17:00,4,27245
06/27/16,00:18:00,4,171763
06/27/16,00:19:00,4,100883
06/27/16,00:20:00,4,269477
06/27/16,00:21:00,4,272867
06/27/16,00:22:00,4,284168
06/27/16,00:23:00,4,217649
06/27/16,00:24:00,4,190065
06/27/16,00:25:00,4,127346
06/27/16,00:26:00,4,093753
06/27/16,00:27:00,4,098536
06/27/16,00:28:00,4,312657
06/27/16,00:29:00,4,177494
06/27/16,00:30:00,4,183149
06/27/16,00:31:00,4,156345
06/27/16,00:32:00,4,209882
06/27/16,00:33:00,4,297184
06/27/16,00:34:00,4,214917
06/27/16,00:35:00,4,204558
06/27/16,00:36:00,4,284376
06/27/16,00:37:00,4,213409
06/27/16,00:38:00,4,216595
06/27/16,00:39:00,4,196516
06/27/16,00:40:00,4,042555
06/27/16,00:41:00,4,161327
06/27/16,00:42:00,4,200446
06/27/16,00:43:00,4,244208
06/27/16,00:44:00,4,151962
06/27/16,00:45:00,4,253846
06/27/16,00:46:00,4,221917
06/27/16,00:47:00,4,218159
06/27/16,00:48:00,4,14013
06/27/16,00:49:00,4,122032
06/27/16,00:50:00,4,134218
06/27/16,00:51:00,4,229399
06/27/16,00:52:00,4,14145
06/27/16,00:53:00,4,225138
06/27/16,00:54:00,4,225553
06/27/16,00:55:00,4,119142
06/27/16,00:56:00,4,23008
06/27/16,00:57:00,4,212804
06/27/16,00:58:00,4,172378
06/27/16,00:59:00,4,191995
06/27/16,01:00:00,4,062868
06/27/16,01:01:00,4,206561
06/27/16,01:02:00,4,092011
06/27/16,01:03:00,4,169701
06/27/16,01:04:00,4,212015
06/27/16,01:05:00,4,196298
06/27/16,01:06:00,4,24864
06/27/16,01:07:00,4,06046
06/27/16,01:08:00,4,123327
06/27/16,01:09:00,4,134647
06/27/16,01:10:00,4,124149
06/27/16,01:11:00,4,132171
06/27/16,01:12:00,4,056231
06/27/16,01:13:00,4,212339
06/27/16,01:14:00,4,093374
06/27/16,01:15:00,4,196253
06/27/16,01:16:00,4,10089
06/27/16,01:17:00,4,180452
06/27/16,01:18:00,4,124398
06/27/16,01:19:00,4,220359
06/27/16,01:20:00,4,062375
06/27/16,01:21:00,4,036093
06/27/16,01:22:00,4,033
06/27/16,01:23:00,4,130673
06/27/16,01:24:00,3,934551
06/27/16,01:25:00,4,042611
06/27/16,01:26:00,4,033766
06/27/16,01:27:00,4,130763
06/27/16,01:28:00,4,03962
06/27/16,01:29:00,4,144606
06/27/16,01:30:00,4,146589
06/27/16,01:31:00,4,077917
06/27/16,01:32:00,4,024282
06/27/16,01:33:00,4,003854
06/27/16,01:34:00,4,102903
06/27/16,01:35:00,4,098143
06/27/16,01:36:00,4,224841
06/27/16,01:37:00,4,100956
06/27/16,01:38:00,4,099665
06/27/16,01:39:00,4,183873
06/27/16,01:40:00,4,188621
06/27/16,01:41:00,4,051898
06/27/16,01:42:00,4,167589
06/27/16,01:43:00,4,072885
06/27/16,01:44:00,4,037889
06/27/16,01:45:00,4,07556
06/27/16,01:46:00,4,192932
06/27/16,01:47:00,4,047494
06/27/16,01:48:00,4,034902
06/27/16,01:49:00,4,261879
06/27/16,01:50:00,4,047079
06/27/16,01:51:00,4,051891
06/27/16,01:52:00,4,014965
06/27/16,01:53:00,4,031075
06/27/16,01:54:00,4,142936
06/27/16,01:55:00,3,999824
06/27/16,01:56:00,3,979618
06/27/16,01:57:00,3,948021
06/27/16,01:58:00,4,062797
06/27/16,01:59:00,3,945802
06/27/16,02:00:00,4,0907
06/27/16,02:01:00,4,09423
06/27/16,02:02:00,4,090637
06/27/16,02:03:00,4,054857
06/27/16,02:04:00,3,994286
06/27/16,02:05:00,4,04025
06/27/16,02:06:00,3,960595
06/27/16,02:07:00,3,993475
06/27/16,02:08:00,3,957483
06/27/16,02:09:00,3,93893
06/27/16,02:10:00,3,936749
06/27/16,02:11:00,3,936491
06/27/16,02:12:00,3,936461
06/27/16,02:13:00,3,936457
06/27/16,02:14:00,3,936457
06/27/16,02:15:00,3,936457
06/27/16,02:16:00,3,916002
06/27/16,02:17:00,3,934051
06/27/16,02:18:00,3,931264
06/27/16,02:19:00,3,892308
06/27/16,02:20:00,3,862358
06/27/16,02:21:00,3,971193
06/27/16,02:22:00,3,987367
06/27/16,02:23:00,3,984158
06/27/16,02:24:00,3,947544
06/27/16,02:25:00,4,003815
06/27/16,02:26:00,3,874379
06/27/16,02:27:00,3,916003
06/27/16,02:28:00,3,963188
06/27/16,02:29:00,3,878363
06/27/16,02:30:00,3,865631
06/27/16,02:31:00,3,908896
06/27/16,02:32:00,4,003787
06/27/16,02:33:00,3,888696
06/27/16,02:34:00,4,001407
06/27/16,02:35:00,3,915526
06/27/16,02:36:00,3,870003
06/27/16,02:37:00,4,00234
06/27/16,02:38:00,4,000241
06/27/16,02:39:00,3,882752
06/27/16,02:40:00,3,900888
06/27/16,02:41:00,3,875551
06/27/16,02:42:00,3,956325
06/27/16,02:43:00,3,851343
06/27/16,02:44:00,3,938546
06/27/16,02:45:00,3,824908
06/27/16,02:46:00,3,837392
06/27/16,02:47:00,3,936902
06/27/16,02:48:00,3,937077
06/27/16,02:49:00,3,937097
06/27/16,02:50:00,3,937099
06/27/16,02:51:00,3,991599
06/27/16,02:52:00,3,901498
06/27/16,02:53:00,3,90369
06/27/16,02:54:00,3,780544
06/27/16,02:55:00,3,854297
06/27/16,02:56:00,3,846328
06/27/16,02:57:00,3,911487
06/27/16,02:58:00,3,912137
06/27/16,02:59:00,3,862538
06/27/16,03:00:00,3,842386
06/27/16,03:01:00,3,840014
06/27/16,03:02:00,3,815425
06/27/16,03:03:00,3,956217
06/27/16,03:04:00,3,841872
06/27/16,03:05:00,3,839956
06/27/16,03:06:00,3,930752
06/27/16,03:07:00,3,936916
06/27/16,03:08:00,3,803365
06/27/16,03:09:00,3,830512
06/27/16,03:10:00,3,777015
06/27/16,03:11:00,3,742907
06/27/16,03:12:00,3,761598
06/27/16,03:13:00,3,859646
06/27/16,03:14:00,3,744568
06/27/16,03:15:00,3,76302
06/27/16,03:16:00,3,847686
06/27/16,03:17:00,3,763614
06/27/16,03:18:00,3,847754
06/27/16,03:19:00,3,851232
06/27/16,03:20:00,3,743579
06/27/16,03:21:00,3,938528
06/27/16,03:22:00,3,821945
06/27/16,03:23:00,3,909916
06/27/16,03:24:00,3,738949
06/27/16,03:25:00,3,888857
06/27/16,03:26:00,3,834512
06/27/16,03:27:00,3,839654
06/27/16,03:28:00,3,840259
06/27/16,03:29:00,3,729402
06/27/16,03:30:00,3,825933
06/27/16,03:31:00,3,83864
06/27/16,03:32:00,3,938178
06/27/16,03:33:00,3,840313
06/27/16,03:34:00,3,890169
06/27/16,03:35:00,3,900089
06/27/16,03:36:00,3,809536
06/27/16,03:37:00,3,836712
06/27/16,03:38:00,3,907233
06/27/16,03:39:00,3,805379
06/27/16,03:40:00,3,907935
06/27/16,03:41:00,3,83026
06/27/16,03:42:00,3,873284
06/27/16,03:43:00,3,9
06/27/16,03:44:00,3,911269
06/27/16,03:45:00,3,903892
06/27/16,03:46:00,3,79078
06/27/16,03:47:00,3,810101
06/27/16,03:48:00,3,893184
06/27/16,03:49:00,3,89103
06/27/16,03:50:00,3,889201
06/27/16,03:51:00,3,761624
06/27/16,03:52:00,3,900893
06/27/16,03:53:00,3,861041
06/27/16,03:54:00,3,956286
06/27/16,03:55:00,3,94964
06/27/16,03:56:00,3,861555
06/27/16,03:57:00,3,766107
06/27/16,03:58:00,3,784974
06/27/16,03:59:00,3,867955
06/27/16,04:00:00,3,850147
06/27/16,04:01:00,3,897277
06/27/16,04:02:00,3,766127
06/27/16,04:03:00,3,766552
06/27/16,04:04:00,3,754309
06/27/16,04:05:00,3,738548
06/27/16,04:06:00,3,716417
06/27/16,04:07:00,3,717053
06/27/16,04:08:00,3,743574
06/27/16,04:09:00,3,794175
06/27/16,04:10:00,3,800522
06/27/16,04:11:00,3,672752
06/27/16,04:12:00,3,796716
06/27/16,04:13:00,3,802574
06/27/16,04:14:00,3,862055
06/27/16,04:15:00,3,926629
06/27/16,04:16:00,3,841093
06/27/16,04:17:00,3,710955
06/27/16,04:18:00,3,726208
06/27/16,04:19:00,3,938627
06/27/16,04:20:00,3,832482
06/27/16,04:21:00,3,853648
06/27/16,04:22:00,3,760596
06/27/16,04:23:00,3,749871
06/27/16,04:24:00,3,757199
06/27/16,04:25:00,3,710227
06/27/16,04:26:00,3,733922
06/27/16,04:27:00,3,8128
06/27/16,04:28:00,3,743862
06/27/16,04:29:00,3,620026
06/27/16,04:30:00,3,685169
06/27/16,04:31:00,3,810949
06/27/16,04:32:00,3,789904
06/27/16,04:33:00,3,851322
06/27/16,04:34:00,3,614323
06/27/16,04:35:00,3,687892
06/27/16,04:36:00,3,718026
06/27/16,04:37:00,3,666614
06/27/16,04:38:00,3,715963
06/27/16,04:39:00,3,630983
06/27/16,04:40:00,3,648062
06/27/16,04:41:00,3,718891
06/27/16,04:42:00,3,730592
06/27/16,04:43:00,3,623937
06/27/16,04:44:00,3,645129
06/27/16,04:45:00,3,703003
06/27/16,04:46:00,3,809941
06/27/16,04:47:00,3,53695
06/27/16,04:48:00,3,681764
06/27/16,04:49:00,3,564191
06/27/16,04:50:00,3,559172
06/27/16,04:51:00,3,568605
06/27/16,04:52:00,3,574625
06/27/16,04:53:00,3,682549
06/27/16,04:54:00,3,659603
06/27/16,04:55:00,3,656904
06/27/16,04:56:00,3,55554
06/27/16,04:57:00,3,533816
06/27/16,04:58:00,3,548298
06/27/16,04:59:00,3,59266
06/27/16,05:00:00,3,743885
06/27/16,05:01:00,3,542825
06/27/16,05:02:00,3,647683
06/27/16,05:03:00,3,6555
06/27/16,05:04:00,3,625064
06/27/16,05:05:00,3,549889
06/27/16,05:06:00,3,547034
06/27/16,05:07:00,3,591201
06/27/16,05:08:00,3,508412
06/27/16,05:09:00,3,629316
06/27/16,05:10:00,3,526081
06/27/16,05:11:00,3,6335
06/27/16,05:12:00,3,629692
06/27/16,05:13:00,3,616091
06/27/16,05:14:00,3,529403
06/27/16,05:15:00,3,648208
06/27/16,05:16:00,3,543204
06/27/16,05:17:00,3,573711
06/27/16,05:18:00,3,710977
06/27/16,05:19:00,3,552305
06/27/16,05:20:00,3,519091
06/27/16,05:21:00,3,476844
06/27/16,05:22:00,3,447408
06/27/16,05:23:00,3,555425
06/27/16,05:24:00,3,597331
06/27/16,05:25:00,3,458135
06/27/16,05:26:00,3,514635
06/27/16,05:27:00,3,524683
06/27/16,05:28:00,3,462716
06/27/16,05:29:00,3,483799
06/27/16,05:30:00,3,493295
06/27/16,05:31:00,3,540491
06/27/16,05:32:00,3,520676
06/27/16,05:33:00,3,548183
06/27/16,05:34:00,3,407999
06/27/16,05:35:00,3,472057
06/27/16,05:36:00,3,462946
06/27/16,05:37:00,3,363837
06/27/16,05:38:00,3,538056
06/27/16,05:39:00,3,341837
06/27/16,05:40:00,3,399463
06/27/16,05:41:00,3,433072
06/27/16,05:42:00,3,453449
06/27/16,05:43:00,3,455848
06/27/16,05:44:00,3,446722
06/27/16,05:45:00,3,445649
06/27/16,05:46:00,3,437605
06/27/16,05:47:00,3,335488
06/27/16,05:48:00,3,41426
06/27/16,05:49:00,3,412608
06/27/16,05:50:00,3,380034
06/27/16,05:51:00,
06/27/16,05:52:00,0
06/27/16,05:53:00,3,452843
06/27/16,05:54:00,3,384818
06/27/16,05:55:00,3,2687
06/27/16,05:56:00,3,371629
06/27/16,05:57:00,3,365189
06/27/16,05:58:00,3,364431
06/27/16,05:59:00,3,364342
06/27/16,06:00:00,3,364333
06/27/16,06:01:00,3,37865
06/27/16,06:02:00,3,373031
06/27/16,06:03:00,3,365354
06/27/16,06:04:00,3,457597
06/27/16,06:05:00,3,478527
06/27/16,06:06:00,3,455622
06/27/16,06:07:00,3,423707
06/27/16,06:08:00,3,449174
06/27/16,06:09:00,3,334715
06/27/16,06:10:00,3,488327
06/27/16,06:11:00,3,431411
06/27/16,06:12:00,3,307259
06/27/16,06:13:00,3,414494
06/27/16,06:14:00,3,438067
06/27/16,06:15:00,3,411178
06/27/16,06:16:00,3,361756
06/27/16,06:17:00,3,355943
06/27/16,06:18:00,3,453298
06/27/16,06:19:00,3,266944
06/27/16,06:20:00,3,266931
06/27/16,06:21:00,3,458118
06/27/16,06:22:00,3,376199
06/27/16,06:23:00,3,357641
06/27/16,06:24:00,3,44648
06/27/16,06:25:00,3,452415
06/27/16,06:26:00,3,448
06/27/16,06:27:00,3,570825
06/27/16,06:28:00,3,553548
06/27/16,06:29:00,3,448565
06/27/16,06:30:00,3,375074
06/27/16,06:31:00,3,553587
06/27/16,06:32:00,3,473935
06/27/16,06:33:00,3,568002
06/27/16,06:34:00,3,465199
06/27/16,06:35:00,3,454616
06/27/16,06:36:00,3,467688
06/27/16,06:37:00,3,469226
06/27/16,06:38:00,3,445758
06/27/16,06:39:00,3,452329
06/27/16,06:40:00,3,463125
06/27/16,06:41:00,3,552412
06/27/16,06:42:00,3,5657
06/27/16,06:43:00,3,457912
06/27/16,06:44:00,3,453759
06/27/16,06:45:00,3,443247
06/27/16,06:46:00,3,564391
06/27/16,06:47:00,3,454751
06/27/16,06:48:00,3,439069
06/27/16,06:49:00,3,465859
06/27/16,06:50:00,3,420562
06/27/16,06:51:00,3,552315
06/27/16,06:52:00,3,453331
06/27/16,06:53:00,3,441908
06/27/16,06:54:00,3,549915
06/27/16,06:55:00,3,783402
06/27/16,06:56:00,4,380268
06/27/16,06:57:00,5,279831
06/27/16,06:58:00,2,492439
06/27/16,06:59:00,1,703142
06/27/16,07:00:00,1,581846
06/27/16,07:01:00,1,519072
06/27/16,07:02:00,1,455545
06/27/16,07:03:00,1,569124
06/27/16,07:04:00,1,628677
06/27/16,07:05:00,2,376249
06/27/16,07:06:00,2,570067
06/27/16,07:07:00,2,621131
06/27/16,07:08:00,2,78018
06/27/16,07:09:00,2,29024
06/27/16,07:10:00,1,885704
06/27/16,07:11:00,2,16845
06/27/16,07:12:00,1,519712
06/27/16,07:13:00,1,50957
06/27/16,07:14:00,1,183685
06/27/16,07:15:00,0,9115032
06/27/16,07:16:00,0,8998401
06/27/16,07:17:00,0,5499017
06/27/16,07:18:00,0,6441947
06/27/16,07:19:00,0,3826657
06/27/16,07:20:00,0,3400489
06/27/16,07:21:00,0,222662
06/27/16,07:22:00,0,03141206
06/27/16,07:23:00,0
06/27/16,07:24:00,0
06/27/16,07:25:00,0
06/27/16,07:26:00,0
06/27/16,07:27:00,0
06/27/16,07:28:00,0
06/27/16,07:29:00,0
06/27/16,07:30:00,0
06/27/16,07:31:00,0
06/27/16,07:32:00,0
06/27/16,07:33:00,0
06/27/16,07:34:00,0
06/27/16,07:35:00,0
06/27/16,07:36:00,0
06/27/16,07:37:00,0
06/27/16,07:38:00,0
06/27/16,07:39:00,0
06/27/16,07:40:00,0
06/27/16,07:41:00,0
06/27/16,07:42:00,0
06/27/16,07:43:00,0
06/27/16,07:44:00,0
06/27/16,07:45:00,0
06/27/16,07:46:00,0
06/27/16,07:47:00,0
06/27/16,07:48:00,0
06/27/16,07:49:00,0,3819016
06/27/16,07:50:00,0,8251111
06/27/16,07:51:00,1,232617
06/27/16,07:52:00,1,727551
06/27/16,07:53:00,1,891168
06/27/16,07:54:00,2,304763
06/27/16,07:55:00,2,456255
06/27/16,07:56:00,2,820351
06/27/16,07:57:00,2,96389
06/27/16,07:58:00,3,156867
06/27/16,07:59:00,3,119819
06/27/16,08:00:00,3,267556
