_start,_stop,_time,_value,_field,_measurement
2025-02-11 17:54:59,2025-02-18 20:30:00,2025-02-11 17:54:59,-0.43686757670994547,Value,FT1501
2025-02-11 17:54:59,2025-02-18 20:30:00,2025-02-11 18:54:59,-0.10459026610799586,Value,FT1501
2025-02-11 17:54:59,2025-02-18 20:30:00,2025-02-11 19:54:59,0.2934807597262472,Value,FT1501
2025-02-11 17:54:59,2025-02-18 20:30:00,2025-02-11 20:54:59,0.1234703864404516,Value,FT1501
2025-02-11 17:54:59,2025-02-18 20:30:00,2025-02-11 21:54:59,1.1225735773029821,Value,FT1501
2025-02-11 17:54:59,2025-02-18 20:30:00,2025-02-11 22:54:59,-1.8080303162928753,Value,FT1501
2025-02-11 17:54:59,2025-02-18 20:30:00,2025-02-11 23:54:59,-0.4921831017275335,Value,FT1501
2025-02-11 17:54:59,2025-02-18 20:30:00,2025-02-12 00:54:59,0.2084204977205212,Value,FT1501
2025-02-11 17:54:59,2025-02-18 20:30:00,2025-02-12 01:54:59,-0.8052550706980902,Value,FT1501
2025-02-11 17:54:59,2025-02-18 20:30:00,2025-02-12 02:54:59,-0.07937055116549349,Value,FT1501
2025-02-11 17:54:59,2025-02-18 20:30:00,2025-02-12 03:54:59,-0.35355356514173236,Value,FT1501
2025-02-11 17:54:59,2025-02-18 20:30:00,2025-02-12 04:54:59,1.1071726967128213,Value,FT1501
2025-02-11 17:54:59,2025-02-18 20:30:00,2025-02-12 05:54:59,1.2676130554867115,Value,FT1501
2025-02-11 17:54:59,2025-02-18 20:30:00,2025-02-12 06:54:59,-2.706450010751499,Value,FT1501
2025-02-11 17:54:59,2025-02-18 20:30:00,2025-02-12 07:54:59,-0.2225532872270922,Value,FT1501
2025-02-11 17:54:59,2025-02-18 20:30:00,2025-02-12 08:54:59,-0.3283601067874567,Value,FT1501
2025-02-11 17:54:59,2025-02-18 20:30:00,2025-02-12 09:54:59,-1.2270735288665893,Value,FT1501
2025-02-11 17:54:59,2025-02-18 20:30:00,2025-02-12 10:54:59,1.2113850473587942,Value,FT1501
2025-02-11 17:54:59,2025-02-18 20:30:00,2025-02-12 11:54:59,-1.1993285646211427,Value,FT1501
2025-02-11 17:54:59,2025-02-18 20:30:00,2025-02-12 12:54:59,1.9958073847031619,Value,FT1501
2025-02-11 17:54:59,2025-02-18 20:30:00,2025-02-12 13:54:59,0.40522453095684635,Value,FT1501
2025-02-11 17:54:59,2025-02-18 20:30:00,2025-02-12 14:54:59,1.884419347017848,Value,FT1501
2025-02-11 17:54:59,2025-02-18 20:30:00,2025-02-12 15:54:59,1.8745945833997564,Value,FT1501
2025-02-11 17:54:59,2025-02-18 20:30:00,2025-02-12 16:54:59,0.423439221694146,Value,FT1501
2025-02-11 17:54:59,2025-02-18 20:30:00,2025-02-12 17:54:59,0.6983214441782712,Value,FT1501
2025-02-11 17:54:59,2025-02-18 20:30:00,2025-02-12 18:54:59,-1.1451407617249343,Value,FT1501
2025-02-11 17:54:59,2025-02-18 20:30:00,2025-02-12 19:54:59,1.4124233736649585,Value,FT1501
2025-02-11 17:54:59,2025-02-18 20:30:00,2025-02-12 20:54:59,0.356727771633387,Value,FT1501
2025-02-11 17:54:59,2025-02-18 20:30:00,2025-02-12 21:54:59,-0.4697052562862387,Value,FT1501
2025-02-11 17:54:59,2025-02-18 20:30:00,2025-02-12 22:54:59,0.5708600630276672,Value,FT1501
2025-02-11 17:54:59,2025-02-18 20:30:00,2025-02-12 23:54:59,-0.0511798414618346,Value,FT1501
2025-02-11 17:54:59,2025-02-18 20:30:00,2025-02-13 00:54:59,1.8741864107320194,Value,FT1501
2025-02-11 17:54:59,2025-02-18 20:30:00,2025-02-13 01:54:59,-0.7232701344899655,Value,FT1501
2025-02-11 17:54:59,2025-02-18 20:30:00,2025-02-13 02:54:59,-0.11470737269056028,Value,FT1501
2025-02-11 17:54:59,2025-02-18 20:30:00,2025-02-13 03:54:59,-1.2139465532083293,Value,FT1501
2025-02-11 17:54:59,2025-02-18 20:30:00,2025-02-13 04:54:59,1.1506659162729236,Value,FT1501
2025-02-11 17:54:59,2025-02-18 20:30:00,2025-02-13 05:54:59,-0.7324212149530244,Value,FT1501
2025-02-11 17:54:59,2025-02-18 20:30:00,2025-02-13 06:54:59,-0.6387503551594452,Value,FT1501
2025-02-11 17:54:59,2025-02-18 20:30:00,2025-02-13 07:54:59,-0.9486558661959394,Value,FT1501
2025-02-11 17:54:59,2025-02-18 20:30:00,2025-02-13 08:54:59,0.5847058220811304,Value,FT1501
2025-02-11 17:54:59,2025-02-18 20:30:00,2025-02-13 09:54:59,-0.017990486449683856,Value,FT1501
2025-02-11 17:54:59,2025-02-18 20:30:00,2025-02-13 10:54:59,-0.030426153627867016,Value,FT1501
2025-02-11 17:54:59,2025-02-18 20:30:00,2025-02-13 11:54:59,-0.04542421344847698,Value,FT1501
2025-02-11 17:54:59,2025-02-18 20:30:00,2025-02-13 12:54:59,0.82226382407702,Value,FT1501
2025-02-11 17:54:59,2025-02-18 20:30:00,2025-02-13 13:54:59,1.046538035158507,Value,FT1501
2025-02-11 17:54:59,2025-02-18 20:30:00,2025-02-13 14:54:59,-0.1463991796536114,Value,FT1501
2025-02-11 17:54:59,2025-02-18 20:30:00,2025-02-13 15:54:59,0.21191930660008398,Value,FT1501
2025-02-11 17:54:59,2025-02-18 20:30:00,2025-02-13 16:54:59,0.5290054366957541,Value,FT1501
2025-02-11 17:54:59,2025-02-18 20:30:00,2025-02-13 17:54:59,2.844770377007417,Value,FT1501
2025-02-11 17:54:59,2025-02-18 20:30:00,2025-02-13 18:54:59,-1.7253407597970556,Value,FT1501
2025-02-11 17:54:59,2025-02-18 20:30:00,2025-02-13 19:54:59,-0.4831026748182062,Value,FT1501
2025-02-11 17:54:59,2025-02-18 20:30:00,2025-02-13 20:54:59,-0.9401897977391491,Value,FT1501
2025-02-11 17:54:59,2025-02-18 20:30:00,2025-02-13 21:54:59,-1.414383467137476,Value,FT1501
2025-02-11 17:54:59,2025-02-18 20:30:00,2025-02-13 22:54:59,0.9788437042523018,Value,FT1501
2025-02-11 17:54:59,2025-02-18 20:30:00,2025-02-13 23:54:59,-0.009364332953385917,Value,FT1501
2025-02-11 17:54:59,2025-02-18 20:30:00,2025-02-14 00:54:59,0.7892395256244762,Value,FT1501
2025-02-11 17:54:59,2025-02-18 20:30:00,2025-02-14 01:54:59,-1.4144509876959133,Value,FT1501
2025-02-11 17:54:59,2025-02-18 20:30:00,2025-02-14 02:54:59,-1.1489801195948939,Value,FT1501
2025-02-11 17:54:59,2025-02-18 20:30:00,2025-02-14 03:54:59,0.1650203503682392,Value,FT1501
2025-02-11 17:54:59,2025-02-18 20:30:00,2025-02-14 04:54:59,0.758833566854197,Value,FT1501
2025-02-11 17:54:59,2025-02-18 20:30:00,2025-02-14 05:54:59,-1.1811124019070287,Value,FT1501
2025-02-11 17:54:59,2025-02-18 20:30:00,2025-02-14 06:54:59,-0.09426288493329898,Value,FT1501
2025-02-11 17:54:59,2025-02-18 20:30:00,2025-02-14 07:54:59,1.5340581521126693,Value,FT1501
2025-02-11 17:54:59,2025-02-18 20:30:00,2025-02-14 08:54:59,0.48394671261098854,Value,FT1501
2025-02-11 17:54:59,2025-02-18 20:30:00,2025-02-14 09:54:59,0.18043344243240184,Value,FT1501
2025-02-11 17:54:59,2025-02-18 20:30:00,2025-02-14 10:54:59,0.2700927533740498,Value,FT1501
2025-02-11 17:54:59,2025-02-18 20:30:00,2025-02-14 11:54:59,0.9654576361543963,Value,FT1501
2025-02-11 17:54:59,2025-02-18 20:30:00,2025-02-14 12:54:59,-0.18897382065678534,Value,FT1501
2025-02-11 17:54:59,2025-02-18 20:30:00,2025-02-14 13:54:59,1.0970390588316608,Value,FT1501
2025-02-11 17:54:59,2025-02-18 20:30:00,2025-02-14 14:54:59,-1.166487825142576,Value,FT1501
2025-02-11 17:54:59,2025-02-18 20:30:00,2025-02-14 15:54:59,-0.023731083256139516,Value,FT1501
2025-02-11 17:54:59,2025-02-18 20:30:00,2025-02-14 16:54:59,0.07574399541537738,Value,FT1501
2025-02-11 17:54:59,2025-02-18 20:30:00,2025-02-14 17:54:59,0.0951490848796987,Value,FT1501
2025-02-11 17:54:59,2025-02-18 20:30:00,2025-02-14 18:54:59,1.1719944216922675,Value,FT1501
2025-02-11 17:54:59,2025-02-18 20:30:00,2025-02-14 19:54:59,-0.39519677641594575,Value,FT1501
2025-02-11 17:54:59,2025-02-18 20:30:00,2025-02-14 20:54:59,-0.4714960882865999,Value,FT1501
2025-02-11 17:54:59,2025-02-18 20:30:00,2025-02-14 21:54:59,0.374054393090662,Value,FT1501
2025-02-11 17:54:59,2025-02-18 20:30:00,2025-02-14 22:54:59,1.2971050353575182,Value,FT1501
2025-02-11 17:54:59,2025-02-18 20:30:00,2025-02-14 23:54:59,0.6752047642329443,Value,FT1501
2025-02-11 17:54:59,2025-02-18 20:30:00,2025-02-15 00:54:59,-1.3732371559490024,Value,FT1501
2025-02-11 17:54:59,2025-02-18 20:30:00,2025-02-15 01:54:59,0.6780274933630649,Value,FT1501
2025-02-11 17:54:59,2025-02-18 20:30:00,2025-02-15 02:54:59,1.1169226172371614,Value,FT1501
2025-02-11 17:54:59,2025-02-18 20:30:00,2025-02-15 03:54:59,0.4490359887265898,Value,FT1501
2025-02-11 17:54:59,2025-02-18 20:30:00,2025-02-15 04:54:59,0.7036429932018623,Value,FT1501
2025-02-11 17:54:59,2025-02-18 20:30:00,2025-02-15 05:54:59,-1.0722602761576914,Value,FT1501
2025-02-11 17:54:59,2025-02-18 20:30:00,2025-02-15 06:54:59,-0.7335326511841439,Value,FT1501
2025-02-11 17:54:59,2025-02-18 20:30:00,2025-02-15 07:54:59,0.25924529818294106,Value,FT1501
2025-02-11 17:54:59,2025-02-18 20:30:00,2025-02-15 08:54:59,0.6590244000735445,Value,FT1501
2025-02-11 17:54:59,2025-02-18 20:30:00,2025-02-15 09:54:59,0.11225401099017207,Value,FT1501
2025-02-11 17:54:59,2025-02-18 20:30:00,2025-02-15 10:54:59,0.9202120273086134,Value,FT1501
2025-02-11 17:54:59,2025-02-18 20:30:00,2025-02-15 11:54:59,0.25039813781794523,Value,FT1501
2025-02-11 17:54:59,2025-02-18 20:30:00,2025-02-15 12:54:59,0.9247630717548231,Value,FT1501
2025-02-11 17:54:59,2025-02-18 20:30:00,2025-02-15 13:54:59,-0.11845020538527792,Value,FT1501
2025-02-11 17:54:59,2025-02-18 20:30:00,2025-02-15 14:54:59,-0.5101266022931599,Value,FT1501
2025-02-11 17:54:59,2025-02-18 20:30:00,2025-02-15 15:54:59,0.2452818773510762,Value,FT1501
2025-02-11 17:54:59,2025-02-18 20:30:00,2025-02-15 16:54:59,0.2713154399238866,Value,FT1501
2025-02-11 17:54:59,2025-02-18 20:30:00,2025-02-15 17:54:59,-0.6392891110969839,Value,FT1501
2025-02-11 17:54:59,2025-02-18 20:30:00,2025-02-15 18:54:59,-1.1042451784119007,Value,FT1501
2025-02-11 17:54:59,2025-02-18 20:30:00,2025-02-15 19:54:59,0.7621268595230045,Value,FT1501
2025-02-11 17:54:59,2025-02-18 20:30:00,2025-02-15 20:54:59,-0.36632918582546536,Value,FT1501
2025-02-11 17:54:59,2025-02-18 20:30:00,2025-02-15 21:54:59,-1.8008042516947067,Value,FT1501
2025-02-11 17:54:59,2025-02-18 20:30:00,2025-02-15 22:54:59,3.111790319350198,Value,FT1501
2025-02-11 17:54:59,2025-02-18 20:30:00,2025-02-15 23:54:59,1.2571789641617237,Value,FT1501
2025-02-11 17:54:59,2025-02-18 20:30:00,2025-02-16 00:54:59,1.0371056741869873,Value,FT1501
2025-02-11 17:54:59,2025-02-18 20:30:00,2025-02-16 01:54:59,1.2962504278173148,Value,FT1501
2025-02-11 17:54:59,2025-02-18 20:30:00,2025-02-16 02:54:59,-1.489898687536238,Value,FT1501
2025-02-11 17:54:59,2025-02-18 20:30:00,2025-02-16 03:54:59,-0.6888895199881379,Value,FT1501
2025-02-11 17:54:59,2025-02-18 20:30:00,2025-02-16 04:54:59,-1.179396565697905,Value,FT1501
2025-02-11 17:54:59,2025-02-18 20:30:00,2025-02-16 05:54:59,1.466119642860858,Value,FT1501
2025-02-11 17:54:59,2025-02-18 20:30:00,2025-02-16 06:54:59,0.8069587686152719,Value,FT1501
2025-02-11 17:54:59,2025-02-18 20:30:00,2025-02-16 07:54:59,-0.19888095284677673,Value,FT1501
2025-02-11 17:54:59,2025-02-18 20:30:00,2025-02-16 08:54:59,-1.514328720314587,Value,FT1501
2025-02-11 17:54:59,2025-02-18 20:30:00,2025-02-16 09:54:59,-0.37791777073118243,Value,FT1501
2025-02-11 17:54:59,2025-02-18 20:30:00,2025-02-16 10:54:59,-0.5413410209232331,Value,FT1501
2025-02-11 17:54:59,2025-02-18 20:30:00,2025-02-16 11:54:59,1.0633893707704696,Value,FT1501
2025-02-11 17:54:59,2025-02-18 20:30:00,2025-02-16 12:54:59,0.22241562737321846,Value,FT1501
2025-02-11 17:54:59,2025-02-18 20:30:00,2025-02-16 13:54:59,1.584957077084361,Value,FT1501
2025-02-11 17:54:59,2025-02-18 20:30:00,2025-02-16 14:54:59,0.5534231502797545,Value,FT1501
2025-02-11 17:54:59,2025-02-18 20:30:00,2025-02-16 15:54:59,-0.4098568337000307,Value,FT1501
2025-02-11 17:54:59,2025-02-18 20:30:00,2025-02-16 16:54:59,0.14891115738223332,Value,FT1501
2025-02-11 17:54:59,2025-02-18 20:30:00,2025-02-16 17:54:59,-0.5452999646285349,Value,FT1501
2025-02-11 17:54:59,2025-02-18 20:30:00,2025-02-16 18:54:59,0.9990044418668989,Value,FT1501
2025-02-11 17:54:59,2025-02-18 20:30:00,2025-02-16 19:54:59,-0.12626907407392596,Value,FT1501
2025-02-11 17:54:59,2025-02-18 20:30:00,2025-02-16 20:54:59,-0.4300190540965923,Value,FT1501
2025-02-11 17:54:59,2025-02-18 20:30:00,2025-02-16 21:54:59,0.0868470626440246,Value,FT1501
2025-02-11 17:54:59,2025-02-18 20:30:00,2025-02-16 22:54:59,-0.44585469172265874,Value,FT1501
2025-02-11 17:54:59,2025-02-18 20:30:00,2025-02-16 23:54:59,-0.7458611839163646,Value,FT1501
2025-02-11 17:54:59,2025-02-18 20:30:00,2025-02-17 00:54:59,0.43810995390263063,Value,FT1501
2025-02-11 17:54:59,2025-02-18 20:30:00,2025-02-17 01:54:59,-0.20497133941632423,Value,FT1501
2025-02-11 17:54:59,2025-02-18 20:30:00,2025-02-17 02:54:59,1.205633112538499,Value,FT1501
2025-02-11 17:54:59,2025-02-18 20:30:00,2025-02-17 03:54:59,-1.9295775321292576,Value,FT1501
2025-02-11 17:54:59,2025-02-18 20:30:00,2025-02-17 04:54:59,1.5423556701908758,Value,FT1501
2025-02-11 17:54:59,2025-02-18 20:30:00,2025-02-17 05:54:59,-0.9488874023958481,Value,FT1501
2025-02-11 17:54:59,2025-02-18 20:30:00,2025-02-17 06:54:59,0.7500029865765386,Value,FT1501
2025-02-11 17:54:59,2025-02-18 20:30:00,2025-02-17 07:54:59,0.07624728676705944,Value,FT1501
2025-02-11 17:54:59,2025-02-18 20:30:00,2025-02-17 08:54:59,-1.2818916605867303,Value,FT1501
2025-02-11 17:54:59,2025-02-18 20:30:00,2025-02-17 09:54:59,0.7103204623552337,Value,FT1501
2025-02-11 17:54:59,2025-02-18 20:30:00,2025-02-17 10:54:59,-0.4558711829969455,Value,FT1501
2025-02-11 17:54:59,2025-02-18 20:30:00,2025-02-17 11:54:59,0.587441293563989,Value,FT1501
2025-02-11 17:54:59,2025-02-18 20:30:00,2025-02-17 12:54:59,-2.1369475855686972,Value,FT1501
2025-02-11 17:54:59,2025-02-18 20:30:00,2025-02-17 13:54:59,0.3180055904240135,Value,FT1501
2025-02-11 17:54:59,2025-02-18 20:30:00,2025-02-17 14:54:59,-0.23531947624433477,Value,FT1501
2025-02-11 17:54:59,2025-02-18 20:30:00,2025-02-17 15:54:59,1.0376410134053242,Value,FT1501
2025-02-11 17:54:59,2025-02-18 20:30:00,2025-02-17 16:54:59,-3.138161319751755,Value,FT1501
2025-02-11 17:54:59,2025-02-18 20:30:00,2025-02-17 17:54:59,1.671183282539582,Value,FT1501
2025-02-11 17:54:59,2025-02-18 20:30:00,2025-02-17 18:54:59,-0.38331265331131625,Value,FT1501
2025-02-11 17:54:59,2025-02-18 20:30:00,2025-02-17 19:54:59,0.7184855930532963,Value,FT1501
2025-02-11 17:54:59,2025-02-18 20:30:00,2025-02-17 20:54:59,1.004901721080404,Value,FT1501
2025-02-11 17:54:59,2025-02-18 20:30:00,2025-02-17 21:54:59,0.5127448617735656,Value,FT1501
2025-02-11 17:54:59,2025-02-18 20:30:00,2025-02-17 22:54:59,-0.8383342111800236,Value,FT1501
2025-02-11 17:54:59,2025-02-18 20:30:00,2025-02-17 23:54:59,0.4665086595251657,Value,FT1501
2025-02-11 17:54:59,2025-02-18 20:30:00,2025-02-18 00:54:59,-0.13333679663454048,Value,FT1501
2025-02-11 17:54:59,2025-02-18 20:30:00,2025-02-18 01:54:59,1.22579563296694,Value,FT1501
2025-02-11 17:54:59,2025-02-18 20:30:00,2025-02-18 02:54:59,1.2223956661032185,Value,FT1501
2025-02-11 17:54:59,2025-02-18 20:30:00,2025-02-18 03:54:59,-0.21497146410472884,Value,FT1501
2025-02-11 17:54:59,2025-02-18 20:30:00,2025-02-18 04:54:59,-0.5028124188836836,Value,FT1501
2025-02-11 17:54:59,2025-02-18 20:30:00,2025-02-18 05:54:59,1.3749981488054122,Value,FT1501
2025-02-11 17:54:59,2025-02-18 20:30:00,2025-02-18 06:54:59,-0.4473731955154583,Value,FT1501
2025-02-11 17:54:59,2025-02-18 20:30:00,2025-02-18 07:54:59,-0.8323470665306322,Value,FT1501
2025-02-11 17:54:59,2025-02-18 20:30:00,2025-02-18 08:54:59,1.3197355487373128,Value,FT1501
2025-02-11 17:54:59,2025-02-18 20:30:00,2025-02-18 09:54:59,-1.097991925383352,Value,FT1501
2025-02-11 17:54:59,2025-02-18 20:30:00,2025-02-18 10:54:59,-0.6502827570458325,Value,FT1501
2025-02-11 17:54:59,2025-02-18 20:30:00,2025-02-18 11:54:59,0.34787920724571586,Value,FT1501
2025-02-11 17:54:59,2025-02-18 20:30:00,2025-02-18 12:54:59,1.199828833772675,Value,FT1501
2025-02-11 17:54:59,2025-02-18 20:30:00,2025-02-18 13:54:59,-1.7420389790281399,Value,FT1501
2025-02-11 17:54:59,2025-02-18 20:30:00,2025-02-18 14:54:59,0.8788528057420998,Value,FT1501
2025-02-11 17:54:59,2025-02-18 20:30:00,2025-02-18 15:54:59,0.5771029322524008,Value,FT1501
2025-02-11 17:54:59,2025-02-18 20:30:00,2025-02-18 16:54:59,0.37654725950464324,Value,FT1501
2025-02-11 17:54:59,2025-02-18 20:30:00,2025-02-18 17:54:59,0.8386556499693572,Value,FT1501
2025-02-11 17:54:59,2025-02-18 20:30:00,2025-02-18 18:54:59,-0.715590859918067,Value,FT1501
2025-02-11 17:54:59,2025-02-18 20:30:00,2025-02-18 19:54:59,-0.9385083417500365,Value,FT1501
2025-02-11 17:54:59,2025-02-18 20:30:00,2025-02-11 17:54:59,-1.7482015010279526,Value,Pc_OIT_24Real[291]
2025-02-11 17:54:59,2025-02-18 20:30:00,2025-02-11 18:54:59,-1.380765432772817,Value,Pc_OIT_24Real[291]
2025-02-11 17:54:59,2025-02-18 20:30:00,2025-02-11 19:54:59,0.6678033079937844,Value,Pc_OIT_24Real[291]
2025-02-11 17:54:59,2025-02-18 20:30:00,2025-02-11 20:54:59,-0.9616579331982362,Value,Pc_OIT_24Real[291]
2025-02-11 17:54:59,2025-02-18 20:30:00,2025-02-11 21:54:59,-0.6053058700657239,Value,Pc_OIT_24Real[291]
2025-02-11 17:54:59,2025-02-18 20:30:00,2025-02-11 22:54:59,-0.4371665501376833,Value,Pc_OIT_24Real[291]
2025-02-11 17:54:59,2025-02-18 20:30:00,2025-02-11 23:54:59,0.8788864108983749,Value,Pc_OIT_24Real[291]
2025-02-11 17:54:59,2025-02-18 20:30:00,2025-02-12 00:54:59,-0.1867396519397059,Value,Pc_OIT_24Real[291]
2025-02-11 17:54:59,2025-02-18 20:30:00,2025-02-12 01:54:59,-2.7706119243692093,Value,Pc_OIT_24Real[291]
2025-02-11 17:54:59,2025-02-18 20:30:00,2025-02-12 02:54:59,-0.341124661971775,Value,Pc_OIT_24Real[291]
2025-02-11 17:54:59,2025-02-18 20:30:00,2025-02-12 03:54:59,2.439798327747287,Value,Pc_OIT_24Real[291]
2025-02-11 17:54:59,2025-02-18 20:30:00,2025-02-12 04:54:59,1.6866724136949278,Value,Pc_OIT_24Real[291]
2025-02-11 17:54:59,2025-02-18 20:30:00,2025-02-12 05:54:59,0.37443522022129994,Value,Pc_OIT_24Real[291]
2025-02-11 17:54:59,2025-02-18 20:30:00,2025-02-12 06:54:59,0.7070168190628252,Value,Pc_OIT_24Real[291]
2025-02-11 17:54:59,2025-02-18 20:30:00,2025-02-12 07:54:59,1.060828328463679,Value,Pc_OIT_24Real[291]
2025-02-11 17:54:59,2025-02-18 20:30:00,2025-02-12 08:54:59,0.8000270894869413,Value,Pc_OIT_24Real[291]
2025-02-11 17:54:59,2025-02-18 20:30:00,2025-02-12 09:54:59,-0.09838418090167031,Value,Pc_OIT_24Real[291]
2025-02-11 17:54:59,2025-02-18 20:30:00,2025-02-12 10:54:59,1.2497626616821307,Value,Pc_OIT_24Real[291]
2025-02-11 17:54:59,2025-02-18 20:30:00,2025-02-12 11:54:59,1.2916541611655223,Value,Pc_OIT_24Real[291]
2025-02-11 17:54:59,2025-02-18 20:30:00,2025-02-12 12:54:59,-1.5822775326050442,Value,Pc_OIT_24Real[291]
2025-02-11 17:54:59,2025-02-18 20:30:00,2025-02-12 13:54:59,0.8096296447955748,Value,Pc_OIT_24Real[291]
2025-02-11 17:54:59,2025-02-18 20:30:00,2025-02-12 14:54:59,-0.060034737601706994,Value,Pc_OIT_24Real[291]
2025-02-11 17:54:59,2025-02-18 20:30:00,2025-02-12 15:54:59,-0.7383066673583539,Value,Pc_OIT_24Real[291]
2025-02-11 17:54:59,2025-02-18 20:30:00,2025-02-12 16:54:59,1.7457448900828267,Value,Pc_OIT_24Real[291]
2025-02-11 17:54:59,2025-02-18 20:30:00,2025-02-12 17:54:59,1.4107430741510034,Value,Pc_OIT_24Real[291]
2025-02-11 17:54:59,2025-02-18 20:30:00,2025-02-12 18:54:59,0.7978285164745667,Value,Pc_OIT_24Real[291]
2025-02-11 17:54:59,2025-02-18 20:30:00,2025-02-12 19:54:59,-0.7348598913808589,Value,Pc_OIT_24Real[291]
2025-02-11 17:54:59,2025-02-18 20:30:00,2025-02-12 20:54:59,-1.09290451600434,Value,Pc_OIT_24Real[291]
2025-02-11 17:54:59,2025-02-18 20:30:00,2025-02-12 21:54:59,-0.09331197098754351,Value,Pc_OIT_24Real[291]
2025-02-11 17:54:59,2025-02-18 20:30:00,2025-02-12 22:54:59,-1.5465323427098687,Value,Pc_OIT_24Real[291]
2025-02-11 17:54:59,2025-02-18 20:30:00,2025-02-12 23:54:59,0.3352020000274712,Value,Pc_OIT_24Real[291]
2025-02-11 17:54:59,2025-02-18 20:30:00,2025-02-13 00:54:59,0.09698822884460066,Value,Pc_OIT_24Real[291]
2025-02-11 17:54:59,2025-02-18 20:30:00,2025-02-13 01:54:59,0.11650022418368074,Value,Pc_OIT_24Real[291]
2025-02-11 17:54:59,2025-02-18 20:30:00,2025-02-13 02:54:59,1.0052042152165142,Value,Pc_OIT_24Real[291]
2025-02-11 17:54:59,2025-02-18 20:30:00,2025-02-13 03:54:59,1.3443092976438273,Value,Pc_OIT_24Real[291]
2025-02-11 17:54:59,2025-02-18 20:30:00,2025-02-13 04:54:59,-0.6394814215750448,Value,Pc_OIT_24Real[291]
2025-02-11 17:54:59,2025-02-18 20:30:00,2025-02-13 05:54:59,-0.1663852786695599,Value,Pc_OIT_24Real[291]
2025-02-11 17:54:59,2025-02-18 20:30:00,2025-02-13 06:54:59,-0.18835317134567056,Value,Pc_OIT_24Real[291]
2025-02-11 17:54:59,2025-02-18 20:30:00,2025-02-13 07:54:59,1.8378939467423074,Value,Pc_OIT_24Real[291]
2025-02-11 17:54:59,2025-02-18 20:30:00,2025-02-13 08:54:59,-0.7830633656487022,Value,Pc_OIT_24Real[291]
2025-02-11 17:54:59,2025-02-18 20:30:00,2025-02-13 09:54:59,-2.0212553277416476,Value,Pc_OIT_24Real[291]
2025-02-11 17:54:59,2025-02-18 20:30:00,2025-02-13 10:54:59,1.1699664564063026,Value,Pc_OIT_24Real[291]
2025-02-11 17:54:59,2025-02-18 20:30:00,2025-02-13 11:54:59,0.8579118709651131,Value,Pc_OIT_24Real[291]
2025-02-11 17:54:59,2025-02-18 20:30:00,2025-02-13 12:54:59,-0.8033807145277512,Value,Pc_OIT_24Real[291]
2025-02-11 17:54:59,2025-02-18 20:30:00,2025-02-13 13:54:59,-0.38402051093208006,Value,Pc_OIT_24Real[291]
2025-02-11 17:54:59,2025-02-18 20:30:00,2025-02-13 14:54:59,0.5133564672424452,Value,Pc_OIT_24Real[291]
2025-02-11 17:54:59,2025-02-18 20:30:00,2025-02-13 15:54:59,0.7597841619909157,Value,Pc_OIT_24Real[291]
2025-02-11 17:54:59,2025-02-18 20:30:00,2025-02-13 16:54:59,0.38043723495877385,Value,Pc_OIT_24Real[291]
2025-02-11 17:54:59,2025-02-18 20:30:00,2025-02-13 17:54:59,0.113246648910139,Value,Pc_OIT_24Real[291]
2025-02-11 17:54:59,2025-02-18 20:30:00,2025-02-13 18:54:59,-0.8804299010077272,Value,Pc_OIT_24Real[291]
2025-02-11 17:54:59,2025-02-18 20:30:00,2025-02-13 19:54:59,0.7314013415348369,Value,Pc_OIT_24Real[291]
2025-02-11 17:54:59,2025-02-18 20:30:00,2025-02-13 20:54:59,2.1573415474411592,Value,Pc_OIT_24Real[291]
2025-02-11 17:54:59,2025-02-18 20:30:00,2025-02-13 21:54:59,-0.6459073098347227,Value,Pc_OIT_24Real[291]
2025-02-11 17:54:59,2025-02-18 20:30:00,2025-02-13 22:54:59,-0.7612813982788645,Value,Pc_OIT_24Real[291]
2025-02-11 17:54:59,2025-02-18 20:30:00,2025-02-13 23:54:59,-2.0139662149207496,Value,Pc_OIT_24Real[291]
2025-02-11 17:54:59,2025-02-18 20:30:00,2025-02-14 00:54:59,0.15276128893368698,Value,Pc_OIT_24Real[291]
2025-02-11 17:54:59,2025-02-18 20:30:00,2025-02-14 01:54:59,0.9970201029220728,Value,Pc_OIT_24Real[291]
2025-02-11 17:54:59,2025-02-18 20:30:00,2025-02-14 02:54:59,1.7650285008839817,Value,Pc_OIT_24Real[291]
2025-02-11 17:54:59,2025-02-18 20:30:00,2025-02-14 03:54:59,-0.6314832870533758,Value,Pc_OIT_24Real[291]
2025-02-11 17:54:59,2025-02-18 20:30:00,2025-02-14 04:54:59,0.22605896198572178,Value,Pc_OIT_24Real[291]
2025-02-11 17:54:59,2025-02-18 20:30:00,2025-02-14 05:54:59,-0.40955568689078203,Value,Pc_OIT_24Real[291]
2025-02-11 17:54:59,2025-02-18 20:30:00,2025-02-14 06:54:59,2.0671246654618645,Value,Pc_OIT_24Real[291]
2025-02-11 17:54:59,2025-02-18 20:30:00,2025-02-14 07:54:59,-0.48831833585941053,Value,Pc_OIT_24Real[291]
2025-02-11 17:54:59,2025-02-18 20:30:00,2025-02-14 08:54:59,-0.7873930906156233,Value,Pc_OIT_24Real[291]
2025-02-11 17:54:59,2025-02-18 20:30:00,2025-02-14 09:54:59,-1.1093544969247493,Value,Pc_OIT_24Real[291]
2025-02-11 17:54:59,2025-02-18 20:30:00,2025-02-14 10:54:59,1.3957484305532397,Value,Pc_OIT_24Real[291]
2025-02-11 17:54:59,2025-02-18 20:30:00,2025-02-14 11:54:59,0.4464743215300326,Value,Pc_OIT_24Real[291]
2025-02-11 17:54:59,2025-02-18 20:30:00,2025-02-14 12:54:59,0.45140638828273694,Value,Pc_OIT_24Real[291]
2025-02-11 17:54:59,2025-02-18 20:30:00,2025-02-14 13:54:59,-1.474831756048296,Value,Pc_OIT_24Real[291]
2025-02-11 17:54:59,2025-02-18 20:30:00,2025-02-14 14:54:59,1.2050613099473897,Value,Pc_OIT_24Real[291]
2025-02-11 17:54:59,2025-02-18 20:30:00,2025-02-14 15:54:59,-0.29741217902806716,Value,Pc_OIT_24Real[291]
2025-02-11 17:54:59,2025-02-18 20:30:00,2025-02-14 16:54:59,-2.428665126172293,Value,Pc_OIT_24Real[291]
2025-02-11 17:54:59,2025-02-18 20:30:00,2025-02-14 17:54:59,-0.4628447294953267,Value,Pc_OIT_24Real[291]
2025-02-11 17:54:59,2025-02-18 20:30:00,2025-02-14 18:54:59,-0.8517975406343333,Value,Pc_OIT_24Real[291]
2025-02-11 17:54:59,2025-02-18 20:30:00,2025-02-14 19:54:59,-0.7933282284241707,Value,Pc_OIT_24Real[291]
2025-02-11 17:54:59,2025-02-18 20:30:00,2025-02-14 20:54:59,-0.13206393905634378,Value,Pc_OIT_24Real[291]
2025-02-11 17:54:59,2025-02-18 20:30:00,2025-02-14 21:54:59,-0.9637684558416197,Value,Pc_OIT_24Real[291]
2025-02-11 17:54:59,2025-02-18 20:30:00,2025-02-14 22:54:59,-0.11103332439393514,Value,Pc_OIT_24Real[291]
2025-02-11 17:54:59,2025-02-18 20:30:00,2025-02-14 23:54:59,-0.358470737904091,Value,Pc_OIT_24Real[291]
2025-02-11 17:54:59,2025-02-18 20:30:00,2025-02-15 00:54:59,-0.6495815431168543,Value,Pc_OIT_24Real[291]
2025-02-11 17:54:59,2025-02-18 20:30:00,2025-02-15 01:54:59,-0.43208126729296986,Value,Pc_OIT_24Real[291]
2025-02-11 17:54:59,2025-02-18 20:30:00,2025-02-15 02:54:59,-1.3820090485140815,Value,Pc_OIT_24Real[291]
2025-02-11 17:54:59,2025-02-18 20:30:00,2025-02-15 03:54:59,-0.2739712559528709,Value,Pc_OIT_24Real[291]
2025-02-11 17:54:59,2025-02-18 20:30:00,2025-02-15 04:54:59,0.04768294915908048,Value,Pc_OIT_24Real[291]
2025-02-11 17:54:59,2025-02-18 20:30:00,2025-02-15 05:54:59,-0.19496909895223752,Value,Pc_OIT_24Real[291]
2025-02-11 17:54:59,2025-02-18 20:30:00,2025-02-15 06:54:59,-0.3259231560729434,Value,Pc_OIT_24Real[291]
2025-02-11 17:54:59,2025-02-18 20:30:00,2025-02-15 07:54:59,-0.1851121409840627,Value,Pc_OIT_24Real[291]
2025-02-11 17:54:59,2025-02-18 20:30:00,2025-02-15 08:54:59,0.6632049009378828,Value,Pc_OIT_24Real[291]
2025-02-11 17:54:59,2025-02-18 20:30:00,2025-02-15 09:54:59,-0.029192074774574257,Value,Pc_OIT_24Real[291]
2025-02-11 17:54:59,2025-02-18 20:30:00,2025-02-15 10:54:59,-0.42063472898429327,Value,Pc_OIT_24Real[291]
2025-02-11 17:54:59,2025-02-18 20:30:00,2025-02-15 11:54:59,0.2307323090096477,Value,Pc_OIT_24Real[291]
2025-02-11 17:54:59,2025-02-18 20:30:00,2025-02-15 12:54:59,-1.546782299921798,Value,Pc_OIT_24Real[291]
2025-02-11 17:54:59,2025-02-18 20:30:00,2025-02-15 13:54:59,-0.07195096146290207,Value,Pc_OIT_24Real[291]
2025-02-11 17:54:59,2025-02-18 20:30:00,2025-02-15 14:54:59,-1.0105648739486564,Value,Pc_OIT_24Real[291]
2025-02-11 17:54:59,2025-02-18 20:30:00,2025-02-15 15:54:59,0.8260149630225962,Value,Pc_OIT_24Real[291]
2025-02-11 17:54:59,2025-02-18 20:30:00,2025-02-15 16:54:59,-0.3907420137607353,Value,Pc_OIT_24Real[291]
2025-02-11 17:54:59,2025-02-18 20:30:00,2025-02-15 17:54:59,-0.13361568893489625,Value,Pc_OIT_24Real[291]
2025-02-11 17:54:59,2025-02-18 20:30:00,2025-02-15 18:54:59,-0.3187908500954902,Value,Pc_OIT_24Real[291]
2025-02-11 17:54:59,2025-02-18 20:30:00,2025-02-15 19:54:59,0.552760794313346,Value,Pc_OIT_24Real[291]
2025-02-11 17:54:59,2025-02-18 20:30:00,2025-02-15 20:54:59,0.20116222626101893,Value,Pc_OIT_24Real[291]
2025-02-11 17:54:59,2025-02-18 20:30:00,2025-02-15 21:54:59,-0.05685850439696428,Value,Pc_OIT_24Real[291]
2025-02-11 17:54:59,2025-02-18 20:30:00,2025-02-15 22:54:59,1.076713575757805,Value,Pc_OIT_24Real[291]
2025-02-11 17:54:59,2025-02-18 20:30:00,2025-02-15 23:54:59,-1.4933230624643916,Value,Pc_OIT_24Real[291]
2025-02-11 17:54:59,2025-02-18 20:30:00,2025-02-16 00:54:59,0.6893743596645524,Value,Pc_OIT_24Real[291]
2025-02-11 17:54:59,2025-02-18 20:30:00,2025-02-16 01:54:59,-0.42649062589894443,Value,Pc_OIT_24Real[291]
2025-02-11 17:54:59,2025-02-18 20:30:00,2025-02-16 02:54:59,-0.35948006168331365,Value,Pc_OIT_24Real[291]
2025-02-11 17:54:59,2025-02-18 20:30:00,2025-02-16 03:54:59,-1.4261446826076365,Value,Pc_OIT_24Real[291]
2025-02-11 17:54:59,2025-02-18 20:30:00,2025-02-16 04:54:59,0.9096001647606354,Value,Pc_OIT_24Real[291]
2025-02-11 17:54:59,2025-02-18 20:30:00,2025-02-16 05:54:59,1.8589572131919905,Value,Pc_OIT_24Real[291]
2025-02-11 17:54:59,2025-02-18 20:30:00,2025-02-16 06:54:59,-1.050287059888982,Value,Pc_OIT_24Real[291]
2025-02-11 17:54:59,2025-02-18 20:30:00,2025-02-16 07:54:59,-1.9645451286754394,Value,Pc_OIT_24Real[291]
2025-02-11 17:54:59,2025-02-18 20:30:00,2025-02-16 08:54:59,0.5155425247119193,Value,Pc_OIT_24Real[291]
2025-02-11 17:54:59,2025-02-18 20:30:00,2025-02-16 09:54:59,-0.1949238529752258,Value,Pc_OIT_24Real[291]
2025-02-11 17:54:59,2025-02-18 20:30:00,2025-02-16 10:54:59,-0.1662225236385592,Value,Pc_OIT_24Real[291]
2025-02-11 17:54:59,2025-02-18 20:30:00,2025-02-16 11:54:59,0.8426712905680018,Value,Pc_OIT_24Real[291]
2025-02-11 17:54:59,2025-02-18 20:30:00,2025-02-16 12:54:59,-1.7580817893424878,Value,Pc_OIT_24Real[291]
2025-02-11 17:54:59,2025-02-18 20:30:00,2025-02-16 13:54:59,0.9985896492221144,Value,Pc_OIT_24Real[291]
2025-02-11 17:54:59,2025-02-18 20:30:00,2025-02-16 14:54:59,-0.3878616895088269,Value,Pc_OIT_24Real[291]
2025-02-11 17:54:59,2025-02-18 20:30:00,2025-02-16 15:54:59,-0.47904318001962637,Value,Pc_OIT_24Real[291]
2025-02-11 17:54:59,2025-02-18 20:30:00,2025-02-16 16:54:59,0.532524970694329,Value,Pc_OIT_24Real[291]
2025-02-11 17:54:59,2025-02-18 20:30:00,2025-02-16 17:54:59,-2.065800467966237,Value,Pc_OIT_24Real[291]
2025-02-11 17:54:59,2025-02-18 20:30:00,2025-02-16 18:54:59,0.8683439935568577,Value,Pc_OIT_24Real[291]
2025-02-11 17:54:59,2025-02-18 20:30:00,2025-02-16 19:54:59,-1.0177303714232147,Value,Pc_OIT_24Real[291]
2025-02-11 17:54:59,2025-02-18 20:30:00,2025-02-16 20:54:59,-0.7441028303094618,Value,Pc_OIT_24Real[291]
2025-02-11 17:54:59,2025-02-18 20:30:00,2025-02-16 21:54:59,0.17973247407768836,Value,Pc_OIT_24Real[291]
2025-02-11 17:54:59,2025-02-18 20:30:00,2025-02-16 22:54:59,0.05881872342894106,Value,Pc_OIT_24Real[291]
2025-02-11 17:54:59,2025-02-18 20:30:00,2025-02-16 23:54:59,0.8094650363461251,Value,Pc_OIT_24Real[291]
2025-02-11 17:54:59,2025-02-18 20:30:00,2025-02-17 00:54:59,-0.8129144642416672,Value,Pc_OIT_24Real[291]
2025-02-11 17:54:59,2025-02-18 20:30:00,2025-02-17 01:54:59,0.30508057935660055,Value,Pc_OIT_24Real[291]
2025-02-11 17:54:59,2025-02-18 20:30:00,2025-02-17 02:54:59,-1.7669089281822639,Value,Pc_OIT_24Real[291]
2025-02-11 17:54:59,2025-02-18 20:30:00,2025-02-17 03:54:59,-0.9782524990760307,Value,Pc_OIT_24Real[291]
2025-02-11 17:54:59,2025-02-18 20:30:00,2025-02-17 04:54:59,1.2342760730029962,Value,Pc_OIT_24Real[291]
2025-02-11 17:54:59,2025-02-18 20:30:00,2025-02-17 05:54:59,-0.4016423472762977,Value,Pc_OIT_24Real[291]
2025-02-11 17:54:59,2025-02-18 20:30:00,2025-02-17 06:54:59,-1.471590013757176,Value,Pc_OIT_24Real[291]
2025-02-11 17:54:59,2025-02-18 20:30:00,2025-02-17 07:54:59,-1.8635903342784095,Value,Pc_OIT_24Real[291]
2025-02-11 17:54:59,2025-02-18 20:30:00,2025-02-17 08:54:59,0.7777710405088343,Value,Pc_OIT_24Real[291]
2025-02-11 17:54:59,2025-02-18 20:30:00,2025-02-17 09:54:59,0.692060038325493,Value,Pc_OIT_24Real[291]
2025-02-11 17:54:59,2025-02-18 20:30:00,2025-02-17 10:54:59,1.7227659700895295,Value,Pc_OIT_24Real[291]
2025-02-11 17:54:59,2025-02-18 20:30:00,2025-02-17 11:54:59,-0.6151416394230159,Value,Pc_OIT_24Real[291]
2025-02-11 17:54:59,2025-02-18 20:30:00,2025-02-17 12:54:59,-1.4634883407121653,Value,Pc_OIT_24Real[291]
2025-02-11 17:54:59,2025-02-18 20:30:00,2025-02-17 13:54:59,0.2514629644912298,Value,Pc_OIT_24Real[291]
2025-02-11 17:54:59,2025-02-18 20:30:00,2025-02-17 14:54:59,1.7337246409919784,Value,Pc_OIT_24Real[291]
2025-02-11 17:54:59,2025-02-18 20:30:00,2025-02-17 15:54:59,0.24607964504803354,Value,Pc_OIT_24Real[291]
2025-02-11 17:54:59,2025-02-18 20:30:00,2025-02-17 16:54:59,0.20799524228799512,Value,Pc_OIT_24Real[291]
2025-02-11 17:54:59,2025-02-18 20:30:00,2025-02-17 17:54:59,-0.3874721434529342,Value,Pc_OIT_24Real[291]
2025-02-11 17:54:59,2025-02-18 20:30:00,2025-02-17 18:54:59,0.7700114458905637,Value,Pc_OIT_24Real[291]
2025-02-11 17:54:59,2025-02-18 20:30:00,2025-02-17 19:54:59,1.2989983930057858,Value,Pc_OIT_24Real[291]
2025-02-11 17:54:59,2025-02-18 20:30:00,2025-02-17 20:54:59,0.20797549427502138,Value,Pc_OIT_24Real[291]
2025-02-11 17:54:59,2025-02-18 20:30:00,2025-02-17 21:54:59,-0.34219048317548717,Value,Pc_OIT_24Real[291]
2025-02-11 17:54:59,2025-02-18 20:30:00,2025-02-17 22:54:59,-0.1358647835054077,Value,Pc_OIT_24Real[291]
2025-02-11 17:54:59,2025-02-18 20:30:00,2025-02-17 23:54:59,-0.28898953535773836,Value,Pc_OIT_24Real[291]
2025-02-11 17:54:59,2025-02-18 20:30:00,2025-02-18 00:54:59,0.5315039952000962,Value,Pc_OIT_24Real[291]
2025-02-11 17:54:59,2025-02-18 20:30:00,2025-02-18 01:54:59,-1.5807306323693144,Value,Pc_OIT_24Real[291]
2025-02-11 17:54:59,2025-02-18 20:30:00,2025-02-18 02:54:59,1.1121290953292449,Value,Pc_OIT_24Real[291]
2025-02-11 17:54:59,2025-02-18 20:30:00,2025-02-18 03:54:59,0.5230817800521657,Value,Pc_OIT_24Real[291]
2025-02-11 17:54:59,2025-02-18 20:30:00,2025-02-18 04:54:59,0.5863046092590263,Value,Pc_OIT_24Real[291]
2025-02-11 17:54:59,2025-02-18 20:30:00,2025-02-18 05:54:59,-0.6710676052679857,Value,Pc_OIT_24Real[291]
2025-02-11 17:54:59,2025-02-18 20:30:00,2025-02-18 06:54:59,0.23135313509171615,Value,Pc_OIT_24Real[291]
2025-02-11 17:54:59,2025-02-18 20:30:00,2025-02-18 07:54:59,0.3214486435756884,Value,Pc_OIT_24Real[291]
2025-02-11 17:54:59,2025-02-18 20:30:00,2025-02-18 08:54:59,1.1648028618504687,Value,Pc_OIT_24Real[291]
2025-02-11 17:54:59,2025-02-18 20:30:00,2025-02-18 09:54:59,0.2918463145466361,Value,Pc_OIT_24Real[291]
2025-02-11 17:54:59,2025-02-18 20:30:00,2025-02-18 10:54:59,0.16750263063217338,Value,Pc_OIT_24Real[291]
2025-02-11 17:54:59,2025-02-18 20:30:00,2025-02-18 11:54:59,-0.6320385261655912,Value,Pc_OIT_24Real[291]
2025-02-11 17:54:59,2025-02-18 20:30:00,2025-02-18 12:54:59,1.2516983706645841,Value,Pc_OIT_24Real[291]
2025-02-11 17:54:59,2025-02-18 20:30:00,2025-02-18 13:54:59,2.307813041062724,Value,Pc_OIT_24Real[291]
2025-02-11 17:54:59,2025-02-18 20:30:00,2025-02-18 14:54:59,0.9876538343393964,Value,Pc_OIT_24Real[291]
2025-02-11 17:54:59,2025-02-18 20:30:00,2025-02-18 15:54:59,-1.1044724617914268,Value,Pc_OIT_24Real[291]
2025-02-11 17:54:59,2025-02-18 20:30:00,2025-02-18 16:54:59,0.4815751248115562,Value,Pc_OIT_24Real[291]
2025-02-11 17:54:59,2025-02-18 20:30:00,2025-02-18 17:54:59,0.6062745212663733,Value,Pc_OIT_24Real[291]
2025-02-11 17:54:59,2025-02-18 20:30:00,2025-02-18 18:54:59,-1.3737472437553733,Value,Pc_OIT_24Real[291]
2025-02-11 17:54:59,2025-02-18 20:30:00,2025-02-18 19:54:59,-0.8828900645737335,Value,Pc_OIT_24Real[291]
2025-02-11 17:54:59,2025-02-18 20:30:00,2025-02-11 17:54:59,-1.3624696279538862,Value,LT1503
2025-02-11 17:54:59,2025-02-18 20:30:00,2025-02-11 18:54:59,0.8623934009855787,Value,LT1503
2025-02-11 17:54:59,2025-02-18 20:30:00,2025-02-11 19:54:59,1.155172668081859,Value,LT1503
2025-02-11 17:54:59,2025-02-18 20:30:00,2025-02-11 20:54:59,-0.2985761036221591,Value,LT1503
2025-02-11 17:54:59,2025-02-18 20:30:00,2025-02-11 21:54:59,0.10215751467987079,Value,LT1503
2025-02-11 17:54:59,2025-02-18 20:30:00,2025-02-11 22:54:59,0.5282682391602428,Value,LT1503
2025-02-11 17:54:59,2025-02-18 20:30:00,2025-02-11 23:54:59,-0.4106279709690769,Value,LT1503
2025-02-11 17:54:59,2025-02-18 20:30:00,2025-02-12 00:54:59,0.6575015968996022,Value,LT1503
2025-02-11 17:54:59,2025-02-18 20:30:00,2025-02-12 01:54:59,-0.08020637885917246,Value,LT1503
2025-02-11 17:54:59,2025-02-18 20:30:00,2025-02-12 02:54:59,0.45626400477046264,Value,LT1503
2025-02-11 17:54:59,2025-02-18 20:30:00,2025-02-12 03:54:59,-0.6220920829815499,Value,LT1503
2025-02-11 17:54:59,2025-02-18 20:30:00,2025-02-12 04:54:59,-1.869755968835878,Value,LT1503
2025-02-11 17:54:59,2025-02-18 20:30:00,2025-02-12 05:54:59,-0.5013357448606199,Value,LT1503
2025-02-11 17:54:59,2025-02-18 20:30:00,2025-02-12 06:54:59,-0.23309825974000348,Value,LT1503
2025-02-11 17:54:59,2025-02-18 20:30:00,2025-02-12 07:54:59,0.25736776930952154,Value,LT1503
2025-02-11 17:54:59,2025-02-18 20:30:00,2025-02-12 08:54:59,-1.3885522472454146,Value,LT1503
2025-02-11 17:54:59,2025-02-18 20:30:00,2025-02-12 09:54:59,0.9145147545099604,Value,LT1503
2025-02-11 17:54:59,2025-02-18 20:30:00,2025-02-12 10:54:59,-0.38630827528161016,Value,LT1503
2025-02-11 17:54:59,2025-02-18 20:30:00,2025-02-12 11:54:59,-1.7873514507752766,Value,LT1503
2025-02-11 17:54:59,2025-02-18 20:30:00,2025-02-12 12:54:59,0.4727910714135059,Value,LT1503
2025-02-11 17:54:59,2025-02-18 20:30:00,2025-02-12 13:54:59,-0.18066746717017387,Value,LT1503
2025-02-11 17:54:59,2025-02-18 20:30:00,2025-02-12 14:54:59,-1.0215558412485983,Value,LT1503
2025-02-11 17:54:59,2025-02-18 20:30:00,2025-02-12 15:54:59,-0.03406682868278129,Value,LT1503
2025-02-11 17:54:59,2025-02-18 20:30:00,2025-02-12 16:54:59,0.87578652190834,Value,LT1503
2025-02-11 17:54:59,2025-02-18 20:30:00,2025-02-12 17:54:59,-0.27871653452368944,Value,LT1503
2025-02-11 17:54:59,2025-02-18 20:30:00,2025-02-12 18:54:59,0.9084111384912378,Value,LT1503
2025-02-11 17:54:59,2025-02-18 20:30:00,2025-02-12 19:54:59,1.164514521017964,Value,LT1503
2025-02-11 17:54:59,2025-02-18 20:30:00,2025-02-12 20:54:59,-0.05185333455298933,Value,LT1503
2025-02-11 17:54:59,2025-02-18 20:30:00,2025-02-12 21:54:59,-0.3464712374753084,Value,LT1503
2025-02-11 17:54:59,2025-02-18 20:30:00,2025-02-12 22:54:59,-0.3280831181289561,Value,LT1503
2025-02-11 17:54:59,2025-02-18 20:30:00,2025-02-12 23:54:59,1.343122933317347,Value,LT1503
2025-02-11 17:54:59,2025-02-18 20:30:00,2025-02-13 00:54:59,1.0672555275616071,Value,LT1503
2025-02-11 17:54:59,2025-02-18 20:30:00,2025-02-13 01:54:59,1.1777497792541414,Value,LT1503
2025-02-11 17:54:59,2025-02-18 20:30:00,2025-02-13 02:54:59,-0.6283389565361421,Value,LT1503
2025-02-11 17:54:59,2025-02-18 20:30:00,2025-02-13 03:54:59,0.5923106317296154,Value,LT1503
2025-02-11 17:54:59,2025-02-18 20:30:00,2025-02-13 04:54:59,-1.1031689203288577,Value,LT1503
2025-02-11 17:54:59,2025-02-18 20:30:00,2025-02-13 05:54:59,0.3564667318380237,Value,LT1503
2025-02-11 17:54:59,2025-02-18 20:30:00,2025-02-13 06:54:59,0.45448705279047547,Value,LT1503
2025-02-11 17:54:59,2025-02-18 20:30:00,2025-02-13 07:54:59,-0.6567969525430661,Value,LT1503
2025-02-11 17:54:59,2025-02-18 20:30:00,2025-02-13 08:54:59,-0.43131938577735907,Value,LT1503
2025-02-11 17:54:59,2025-02-18 20:30:00,2025-02-13 09:54:59,-0.18179904315222703,Value,LT1503
2025-02-11 17:54:59,2025-02-18 20:30:00,2025-02-13 10:54:59,0.1854646757526782,Value,LT1503
2025-02-11 17:54:59,2025-02-18 20:30:00,2025-02-13 11:54:59,-0.1356468257778259,Value,LT1503
2025-02-11 17:54:59,2025-02-18 20:30:00,2025-02-13 12:54:59,-0.4977313399378512,Value,LT1503
2025-02-11 17:54:59,2025-02-18 20:30:00,2025-02-13 13:54:59,-0.3519284730098414,Value,LT1503
2025-02-11 17:54:59,2025-02-18 20:30:00,2025-02-13 14:54:59,-1.704259827571679,Value,LT1503
2025-02-11 17:54:59,2025-02-18 20:30:00,2025-02-13 15:54:59,0.6088129400899064,Value,LT1503
2025-02-11 17:54:59,2025-02-18 20:30:00,2025-02-13 16:54:59,-0.30823583279209593,Value,LT1503
2025-02-11 17:54:59,2025-02-18 20:30:00,2025-02-13 17:54:59,-0.6101760097569958,Value,LT1503
2025-02-11 17:54:59,2025-02-18 20:30:00,2025-02-13 18:54:59,0.28707258885690146,Value,LT1503
2025-02-11 17:54:59,2025-02-18 20:30:00,2025-02-13 19:54:59,-0.12181768081707575,Value,LT1503
2025-02-11 17:54:59,2025-02-18 20:30:00,2025-02-13 20:54:59,1.2507585711616123,Value,LT1503
2025-02-11 17:54:59,2025-02-18 20:30:00,2025-02-13 21:54:59,1.405745985114606,Value,LT1503
2025-02-11 17:54:59,2025-02-18 20:30:00,2025-02-13 22:54:59,-1.3995477958637697,Value,LT1503
2025-02-11 17:54:59,2025-02-18 20:30:00,2025-02-13 23:54:59,1.0347609680003051,Value,LT1503
2025-02-11 17:54:59,2025-02-18 20:30:00,2025-02-14 00:54:59,-1.162122876940712,Value,LT1503
2025-02-11 17:54:59,2025-02-18 20:30:00,2025-02-14 01:54:59,0.6814922411474458,Value,LT1503
2025-02-11 17:54:59,2025-02-18 20:30:00,2025-02-14 02:54:59,-0.07236260213676673,Value,LT1503
2025-02-11 17:54:59,2025-02-18 20:30:00,2025-02-14 03:54:59,-0.9273785415754289,Value,LT1503
2025-02-11 17:54:59,2025-02-18 20:30:00,2025-02-14 04:54:59,-0.22638406553380636,Value,LT1503
2025-02-11 17:54:59,2025-02-18 20:30:00,2025-02-14 05:54:59,-0.03144231420936922,Value,LT1503
2025-02-11 17:54:59,2025-02-18 20:30:00,2025-02-14 06:54:59,0.5151192233614262,Value,LT1503
2025-02-11 17:54:59,2025-02-18 20:30:00,2025-02-14 07:54:59,0.0848778850440218,Value,LT1503
2025-02-11 17:54:59,2025-02-18 20:30:00,2025-02-14 08:54:59,1.3574211327746724,Value,LT1503
2025-02-11 17:54:59,2025-02-18 20:30:00,2025-02-14 09:54:59,0.1784928917568936,Value,LT1503
2025-02-11 17:54:59,2025-02-18 20:30:00,2025-02-14 10:54:59,-0.5498923017104748,Value,LT1503
2025-02-11 17:54:59,2025-02-18 20:30:00,2025-02-14 11:54:59,0.1328945497197295,Value,LT1503
2025-02-11 17:54:59,2025-02-18 20:30:00,2025-02-14 12:54:59,-0.6939120441460999,Value,LT1503
2025-02-11 17:54:59,2025-02-18 20:30:00,2025-02-14 13:54:59,0.5978659996194021,Value,LT1503
2025-02-11 17:54:59,2025-02-18 20:30:00,2025-02-14 14:54:59,-1.0028125823792466,Value,LT1503
2025-02-11 17:54:59,2025-02-18 20:30:00,2025-02-14 15:54:59,0.7933958597813463,Value,LT1503
2025-02-11 17:54:59,2025-02-18 20:30:00,2025-02-14 16:54:59,0.28572457003361135,Value,LT1503
2025-02-11 17:54:59,2025-02-18 20:30:00,2025-02-14 17:54:59,1.0313793315908646,Value,LT1503
2025-02-11 17:54:59,2025-02-18 20:30:00,2025-02-14 18:54:59,0.7130861432988026,Value,LT1503
2025-02-11 17:54:59,2025-02-18 20:30:00,2025-02-14 19:54:59,0.6374952138353545,Value,LT1503
2025-02-11 17:54:59,2025-02-18 20:30:00,2025-02-14 20:54:59,-0.05550816915357659,Value,LT1503
2025-02-11 17:54:59,2025-02-18 20:30:00,2025-02-14 21:54:59,0.5922074627384186,Value,LT1503
2025-02-11 17:54:59,2025-02-18 20:30:00,2025-02-14 22:54:59,1.0136340729088529,Value,LT1503
2025-02-11 17:54:59,2025-02-18 20:30:00,2025-02-14 23:54:59,1.6240648680077714,Value,LT1503
2025-02-11 17:54:59,2025-02-18 20:30:00,2025-02-15 00:54:59,-1.6463487931353789,Value,LT1503
2025-02-11 17:54:59,2025-02-18 20:30:00,2025-02-15 01:54:59,-1.267526677641307,Value,LT1503
2025-02-11 17:54:59,2025-02-18 20:30:00,2025-02-15 02:54:59,0.5380063839920942,Value,LT1503
2025-02-11 17:54:59,2025-02-18 20:30:00,2025-02-15 03:54:59,1.5293029367820108,Value,LT1503
2025-02-11 17:54:59,2025-02-18 20:30:00,2025-02-15 04:54:59,-0.5730708740615386,Value,LT1503
2025-02-11 17:54:59,2025-02-18 20:30:00,2025-02-15 05:54:59,-0.727596512980241,Value,LT1503
2025-02-11 17:54:59,2025-02-18 20:30:00,2025-02-15 06:54:59,0.8556875549322295,Value,LT1503
2025-02-11 17:54:59,2025-02-18 20:30:00,2025-02-15 07:54:59,0.34622258262720823,Value,LT1503
2025-02-11 17:54:59,2025-02-18 20:30:00,2025-02-15 08:54:59,-0.3209898527219925,Value,LT1503
2025-02-11 17:54:59,2025-02-18 20:30:00,2025-02-15 09:54:59,0.46641655975219565,Value,LT1503
2025-02-11 17:54:59,2025-02-18 20:30:00,2025-02-15 10:54:59,1.5734356044715008,Value,LT1503
2025-02-11 17:54:59,2025-02-18 20:30:00,2025-02-15 11:54:59,1.3942085070538717,Value,LT1503
2025-02-11 17:54:59,2025-02-18 20:30:00,2025-02-15 12:54:59,-0.6072377106631981,Value,LT1503
2025-02-11 17:54:59,2025-02-18 20:30:00,2025-02-15 13:54:59,0.08213067755301265,Value,LT1503
2025-02-11 17:54:59,2025-02-18 20:30:00,2025-02-15 14:54:59,-1.8355257219458851,Value,LT1503
2025-02-11 17:54:59,2025-02-18 20:30:00,2025-02-15 15:54:59,-1.141326730772666,Value,LT1503
2025-02-11 17:54:59,2025-02-18 20:30:00,2025-02-15 16:54:59,0.17908303876839157,Value,LT1503
2025-02-11 17:54:59,2025-02-18 20:30:00,2025-02-15 17:54:59,-0.8830038531039315,Value,LT1503
2025-02-11 17:54:59,2025-02-18 20:30:00,2025-02-15 18:54:59,0.5139546783762492,Value,LT1503
2025-02-11 17:54:59,2025-02-18 20:30:00,2025-02-15 19:54:59,0.1443704020576344,Value,LT1503
2025-02-11 17:54:59,2025-02-18 20:30:00,2025-02-15 20:54:59,0.4475824887860824,Value,LT1503
2025-02-11 17:54:59,2025-02-18 20:30:00,2025-02-15 21:54:59,-0.23410716244662055,Value,LT1503
2025-02-11 17:54:59,2025-02-18 20:30:00,2025-02-15 22:54:59,0.4497245459863448,Value,LT1503
2025-02-11 17:54:59,2025-02-18 20:30:00,2025-02-15 23:54:59,0.4991671706031443,Value,LT1503
2025-02-11 17:54:59,2025-02-18 20:30:00,2025-02-16 00:54:59,-0.42106710224766936,Value,LT1503
2025-02-11 17:54:59,2025-02-18 20:30:00,2025-02-16 01:54:59,-0.20853106502401775,Value,LT1503
2025-02-11 17:54:59,2025-02-18 20:30:00,2025-02-16 02:54:59,1.202875213767441,Value,LT1503
2025-02-11 17:54:59,2025-02-18 20:30:00,2025-02-16 03:54:59,0.9291305201219628,Value,LT1503
2025-02-11 17:54:59,2025-02-18 20:30:00,2025-02-16 04:54:59,-0.6025169021573531,Value,LT1503
2025-02-11 17:54:59,2025-02-18 20:30:00,2025-02-16 05:54:59,0.12418780858495361,Value,LT1503
2025-02-11 17:54:59,2025-02-18 20:30:00,2025-02-16 06:54:59,1.0394170533295564,Value,LT1503
2025-02-11 17:54:59,2025-02-18 20:30:00,2025-02-16 07:54:59,-0.6667962468731321,Value,LT1503
2025-02-11 17:54:59,2025-02-18 20:30:00,2025-02-16 08:54:59,-0.4096502853032215,Value,LT1503
2025-02-11 17:54:59,2025-02-18 20:30:00,2025-02-16 09:54:59,0.8999175216399306,Value,LT1503
2025-02-11 17:54:59,2025-02-18 20:30:00,2025-02-16 10:54:59,1.2694858680607568,Value,LT1503
2025-02-11 17:54:59,2025-02-18 20:30:00,2025-02-16 11:54:59,-0.7288491158585796,Value,LT1503
2025-02-11 17:54:59,2025-02-18 20:30:00,2025-02-16 12:54:59,1.3543054917660853,Value,LT1503
2025-02-11 17:54:59,2025-02-18 20:30:00,2025-02-16 13:54:59,-1.702841394927404,Value,LT1503
2025-02-11 17:54:59,2025-02-18 20:30:00,2025-02-16 14:54:59,-0.6273803885372289,Value,LT1503
2025-02-11 17:54:59,2025-02-18 20:30:00,2025-02-16 15:54:59,0.4293936856875692,Value,LT1503
2025-02-11 17:54:59,2025-02-18 20:30:00,2025-02-16 16:54:59,0.19801039313549326,Value,LT1503
2025-02-11 17:54:59,2025-02-18 20:30:00,2025-02-16 17:54:59,-0.4474759565096094,Value,LT1503
2025-02-11 17:54:59,2025-02-18 20:30:00,2025-02-16 18:54:59,1.9099263207933905,Value,LT1503
2025-02-11 17:54:59,2025-02-18 20:30:00,2025-02-16 19:54:59,1.0710093134274772,Value,LT1503
2025-02-11 17:54:59,2025-02-18 20:30:00,2025-02-16 20:54:59,-0.2057589428557963,Value,LT1503
2025-02-11 17:54:59,2025-02-18 20:30:00,2025-02-16 21:54:59,0.18904855592245845,Value,LT1503
2025-02-11 17:54:59,2025-02-18 20:30:00,2025-02-16 22:54:59,0.3186563478776463,Value,LT1503
2025-02-11 17:54:59,2025-02-18 20:30:00,2025-02-16 23:54:59,-0.5165488362451837,Value,LT1503
2025-02-11 17:54:59,2025-02-18 20:30:00,2025-02-17 00:54:59,-0.054666289566183086,Value,LT1503
2025-02-11 17:54:59,2025-02-18 20:30:00,2025-02-17 01:54:59,-2.2160474093079805,Value,LT1503
2025-02-11 17:54:59,2025-02-18 20:30:00,2025-02-17 02:54:59,0.3250970464541533,Value,LT1503
2025-02-11 17:54:59,2025-02-18 20:30:00,2025-02-17 03:54:59,-0.05882769118024764,Value,LT1503
2025-02-11 17:54:59,2025-02-18 20:30:00,2025-02-17 04:54:59,-0.03266075627150948,Value,LT1503
2025-02-11 17:54:59,2025-02-18 20:30:00,2025-02-17 05:54:59,-0.7158981040477909,Value,LT1503
2025-02-11 17:54:59,2025-02-18 20:30:00,2025-02-17 06:54:59,1.1717040226323836,Value,LT1503
2025-02-11 17:54:59,2025-02-18 20:30:00,2025-02-17 07:54:59,-0.19605087392214313,Value,LT1503
2025-02-11 17:54:59,2025-02-18 20:30:00,2025-02-17 08:54:59,-0.2603479547342958,Value,LT1503
2025-02-11 17:54:59,2025-02-18 20:30:00,2025-02-17 09:54:59,-0.9552733187050593,Value,LT1503
2025-02-11 17:54:59,2025-02-18 20:30:00,2025-02-17 10:54:59,0.6212322067492573,Value,LT1503
2025-02-11 17:54:59,2025-02-18 20:30:00,2025-02-17 11:54:59,-1.1904095338339655,Value,LT1503
2025-02-11 17:54:59,2025-02-18 20:30:00,2025-02-17 12:54:59,0.11968220151988382,Value,LT1503
2025-02-11 17:54:59,2025-02-18 20:30:00,2025-02-17 13:54:59,0.025366255551768524,Value,LT1503
2025-02-11 17:54:59,2025-02-18 20:30:00,2025-02-17 14:54:59,-0.9335139172025357,Value,LT1503
2025-02-11 17:54:59,2025-02-18 20:30:00,2025-02-17 15:54:59,0.22629675581133077,Value,LT1503
2025-02-11 17:54:59,2025-02-18 20:30:00,2025-02-17 16:54:59,1.1128507060359014,Value,LT1503
2025-02-11 17:54:59,2025-02-18 20:30:00,2025-02-17 17:54:59,-1.7229002778497229,Value,LT1503
2025-02-11 17:54:59,2025-02-18 20:30:00,2025-02-17 18:54:59,0.5609448375515848,Value,LT1503
2025-02-11 17:54:59,2025-02-18 20:30:00,2025-02-17 19:54:59,-0.3335259103551119,Value,LT1503
2025-02-11 17:54:59,2025-02-18 20:30:00,2025-02-17 20:54:59,0.40531536137135893,Value,LT1503
2025-02-11 17:54:59,2025-02-18 20:30:00,2025-02-17 21:54:59,-0.2852442242106925,Value,LT1503
2025-02-11 17:54:59,2025-02-18 20:30:00,2025-02-17 22:54:59,-1.2201225754356473,Value,LT1503
2025-02-11 17:54:59,2025-02-18 20:30:00,2025-02-17 23:54:59,0.20439524712155593,Value,LT1503
2025-02-11 17:54:59,2025-02-18 20:30:00,2025-02-18 00:54:59,-0.8829469043458181,Value,LT1503
2025-02-11 17:54:59,2025-02-18 20:30:00,2025-02-18 01:54:59,1.084849483591438,Value,LT1503
2025-02-11 17:54:59,2025-02-18 20:30:00,2025-02-18 02:54:59,0.3606181859165714,Value,LT1503
2025-02-11 17:54:59,2025-02-18 20:30:00,2025-02-18 03:54:59,0.8508507828387205,Value,LT1503
2025-02-11 17:54:59,2025-02-18 20:30:00,2025-02-18 04:54:59,0.6261765311072781,Value,LT1503
2025-02-11 17:54:59,2025-02-18 20:30:00,2025-02-18 05:54:59,-0.7581299710786991,Value,LT1503
2025-02-11 17:54:59,2025-02-18 20:30:00,2025-02-18 06:54:59,-1.1266902476980756,Value,LT1503
2025-02-11 17:54:59,2025-02-18 20:30:00,2025-02-18 07:54:59,-0.06615879482779227,Value,LT1503
2025-02-11 17:54:59,2025-02-18 20:30:00,2025-02-18 08:54:59,1.2454774985016857,Value,LT1503
2025-02-11 17:54:59,2025-02-18 20:30:00,2025-02-18 09:54:59,-0.4557844937597397,Value,LT1503
2025-02-11 17:54:59,2025-02-18 20:30:00,2025-02-18 10:54:59,0.14669814533496386,Value,LT1503
2025-02-11 17:54:59,2025-02-18 20:30:00,2025-02-18 11:54:59,-0.5574708482807347,Value,LT1503
2025-02-11 17:54:59,2025-02-18 20:30:00,2025-02-18 12:54:59,1.7378894411118728,Value,LT1503
2025-02-11 17:54:59,2025-02-18 20:30:00,2025-02-18 13:54:59,-1.1829202396762275,Value,LT1503
2025-02-11 17:54:59,2025-02-18 20:30:00,2025-02-18 14:54:59,-1.3439683152910726,Value,LT1503
2025-02-11 17:54:59,2025-02-18 20:30:00,2025-02-18 15:54:59,0.7734665259635758,Value,LT1503
2025-02-11 17:54:59,2025-02-18 20:30:00,2025-02-18 16:54:59,0.43941840097932794,Value,LT1503
2025-02-11 17:54:59,2025-02-18 20:30:00,2025-02-18 17:54:59,-0.8844927605664524,Value,LT1503
2025-02-11 17:54:59,2025-02-18 20:30:00,2025-02-18 18:54:59,1.6071418024356248,Value,LT1503
2025-02-11 17:54:59,2025-02-18 20:30:00,2025-02-18 19:54:59,0.5940819666895858,Value,LT1503
2025-02-11 17:54:59,2025-02-18 20:30:00,2025-02-11 17:54:59,1.1730612176492548,Value,TT1502
2025-02-11 17:54:59,2025-02-18 20:30:00,2025-02-11 18:54:59,-0.7310723552084915,Value,TT1502
2025-02-11 17:54:59,2025-02-18 20:30:00,2025-02-11 19:54:59,0.8745723456156695,Value,TT1502
2025-02-11 17:54:59,2025-02-18 20:30:00,2025-02-11 20:54:59,0.07578637203203752,Value,TT1502
2025-02-11 17:54:59,2025-02-18 20:30:00,2025-02-11 21:54:59,0.6672789395632094,Value,TT1502
2025-02-11 17:54:59,2025-02-18 20:30:00,2025-02-11 22:54:59,1.6086231597743572,Value,TT1502
2025-02-11 17:54:59,2025-02-18 20:30:00,2025-02-11 23:54:59,0.13836569394113163,Value,TT1502
2025-02-11 17:54:59,2025-02-18 20:30:00,2025-02-12 00:54:59,0.26553818174146243,Value,TT1502
2025-02-11 17:54:59,2025-02-18 20:30:00,2025-02-12 01:54:59,-0.4469924716356365,Value,TT1502
2025-02-11 17:54:59,2025-02-18 20:30:00,2025-02-12 02:54:59,0.19751690829330393,Value,TT1502
2025-02-11 17:54:59,2025-02-18 20:30:00,2025-02-12 03:54:59,2.6140264518879364,Value,TT1502
2025-02-11 17:54:59,2025-02-18 20:30:00,2025-02-12 04:54:59,-0.7189222143649335,Value,TT1502
2025-02-11 17:54:59,2025-02-18 20:30:00,2025-02-12 05:54:59,-0.187737206046635,Value,TT1502
2025-02-11 17:54:59,2025-02-18 20:30:00,2025-02-12 06:54:59,0.9212387502078271,Value,TT1502
2025-02-11 17:54:59,2025-02-18 20:30:00,2025-02-12 07:54:59,-1.3006190150069101,Value,TT1502
2025-02-11 17:54:59,2025-02-18 20:30:00,2025-02-12 08:54:59,0.9186478887263171,Value,TT1502
2025-02-11 17:54:59,2025-02-18 20:30:00,2025-02-12 09:54:59,0.0639336205487637,Value,TT1502
2025-02-11 17:54:59,2025-02-18 20:30:00,2025-02-12 10:54:59,0.43671704686891494,Value,TT1502
2025-02-11 17:54:59,2025-02-18 20:30:00,2025-02-12 11:54:59,-0.7910009077838863,Value,TT1502
2025-02-11 17:54:59,2025-02-18 20:30:00,2025-02-12 12:54:59,1.4581101812989954,Value,TT1502
2025-02-11 17:54:59,2025-02-18 20:30:00,2025-02-12 13:54:59,1.145337084799394,Value,TT1502
2025-02-11 17:54:59,2025-02-18 20:30:00,2025-02-12 14:54:59,-0.38476154945272817,Value,TT1502
2025-02-11 17:54:59,2025-02-18 20:30:00,2025-02-12 15:54:59,-1.1630042957534354,Value,TT1502
2025-02-11 17:54:59,2025-02-18 20:30:00,2025-02-12 16:54:59,-0.19033131395272246,Value,TT1502
2025-02-11 17:54:59,2025-02-18 20:30:00,2025-02-12 17:54:59,-1.133474149664579,Value,TT1502
2025-02-11 17:54:59,2025-02-18 20:30:00,2025-02-12 18:54:59,0.2937537720974377,Value,TT1502
2025-02-11 17:54:59,2025-02-18 20:30:00,2025-02-12 19:54:59,0.2664948855200628,Value,TT1502
2025-02-11 17:54:59,2025-02-18 20:30:00,2025-02-12 20:54:59,-0.5871818177175091,Value,TT1502
2025-02-11 17:54:59,2025-02-18 20:30:00,2025-02-12 21:54:59,0.7968616804923279,Value,TT1502
2025-02-11 17:54:59,2025-02-18 20:30:00,2025-02-12 22:54:59,1.1878803010701888,Value,TT1502
2025-02-11 17:54:59,2025-02-18 20:30:00,2025-02-12 23:54:59,0.3391870613620325,Value,TT1502
2025-02-11 17:54:59,2025-02-18 20:30:00,2025-02-13 00:54:59,-1.4006982008007167,Value,TT1502
2025-02-11 17:54:59,2025-02-18 20:30:00,2025-02-13 01:54:59,-1.139687373315857,Value,TT1502
2025-02-11 17:54:59,2025-02-18 20:30:00,2025-02-13 02:54:59,-1.1223872750951773,Value,TT1502
2025-02-11 17:54:59,2025-02-18 20:30:00,2025-02-13 03:54:59,0.4672548235014988,Value,TT1502
2025-02-11 17:54:59,2025-02-18 20:30:00,2025-02-13 04:54:59,2.0776760945935755,Value,TT1502
2025-02-11 17:54:59,2025-02-18 20:30:00,2025-02-13 05:54:59,-0.07430076066677654,Value,TT1502
2025-02-11 17:54:59,2025-02-18 20:30:00,2025-02-13 06:54:59,-0.23633662687872103,Value,TT1502
2025-02-11 17:54:59,2025-02-18 20:30:00,2025-02-13 07:54:59,-0.02208549148570332,Value,TT1502
2025-02-11 17:54:59,2025-02-18 20:30:00,2025-02-13 08:54:59,-0.29412132055717666,Value,TT1502
2025-02-11 17:54:59,2025-02-18 20:30:00,2025-02-13 09:54:59,-0.676865007716246,Value,TT1502
2025-02-11 17:54:59,2025-02-18 20:30:00,2025-02-13 10:54:59,0.3302674730654926,Value,TT1502
2025-02-11 17:54:59,2025-02-18 20:30:00,2025-02-13 11:54:59,1.1949290617687385,Value,TT1502
2025-02-11 17:54:59,2025-02-18 20:30:00,2025-02-13 12:54:59,0.7065739986329522,Value,TT1502
2025-02-11 17:54:59,2025-02-18 20:30:00,2025-02-13 13:54:59,-1.0745020185385237,Value,TT1502
2025-02-11 17:54:59,2025-02-18 20:30:00,2025-02-13 14:54:59,0.349272437122207,Value,TT1502
2025-02-11 17:54:59,2025-02-18 20:30:00,2025-02-13 15:54:59,1.2410331739972382,Value,TT1502
2025-02-11 17:54:59,2025-02-18 20:30:00,2025-02-13 16:54:59,0.2416158425908147,Value,TT1502
2025-02-11 17:54:59,2025-02-18 20:30:00,2025-02-13 17:54:59,-0.9072021619393451,Value,TT1502
2025-02-11 17:54:59,2025-02-18 20:30:00,2025-02-13 18:54:59,-1.1396030831619723,Value,TT1502
2025-02-11 17:54:59,2025-02-18 20:30:00,2025-02-13 19:54:59,-1.1416273729053374,Value,TT1502
2025-02-11 17:54:59,2025-02-18 20:30:00,2025-02-13 20:54:59,-0.5595145855518253,Value,TT1502
2025-02-11 17:54:59,2025-02-18 20:30:00,2025-02-13 21:54:59,-0.6530950193293856,Value,TT1502
2025-02-11 17:54:59,2025-02-18 20:30:00,2025-02-13 22:54:59,-0.05790508386907121,Value,TT1502
2025-02-11 17:54:59,2025-02-18 20:30:00,2025-02-13 23:54:59,-0.4442385306701558,Value,TT1502
2025-02-11 17:54:59,2025-02-18 20:30:00,2025-02-14 00:54:59,-1.109258957212517,Value,TT1502
2025-02-11 17:54:59,2025-02-18 20:30:00,2025-02-14 01:54:59,1.5205182514731728,Value,TT1502
2025-02-11 17:54:59,2025-02-18 20:30:00,2025-02-14 02:54:59,-0.15603625486862396,Value,TT1502
2025-02-11 17:54:59,2025-02-18 20:30:00,2025-02-14 03:54:59,0.7333476139332834,Value,TT1502
2025-02-11 17:54:59,2025-02-18 20:30:00,2025-02-14 04:54:59,2.197479111364356,Value,TT1502
2025-02-11 17:54:59,2025-02-18 20:30:00,2025-02-14 05:54:59,1.4219768137629432,Value,TT1502
2025-02-11 17:54:59,2025-02-18 20:30:00,2025-02-14 06:54:59,-0.13952509703603863,Value,TT1502
2025-02-11 17:54:59,2025-02-18 20:30:00,2025-02-14 07:54:59,-0.3661653094238092,Value,TT1502
2025-02-11 17:54:59,2025-02-18 20:30:00,2025-02-14 08:54:59,1.4655998011320415,Value,TT1502
2025-02-11 17:54:59,2025-02-18 20:30:00,2025-02-14 09:54:59,1.312023958522265,Value,TT1502
2025-02-11 17:54:59,2025-02-18 20:30:00,2025-02-14 10:54:59,-2.9525787031749062,Value,TT1502
2025-02-11 17:54:59,2025-02-18 20:30:00,2025-02-14 11:54:59,-0.7907008101729522,Value,TT1502
2025-02-11 17:54:59,2025-02-18 20:30:00,2025-02-14 12:54:59,-2.0154009739098586,Value,TT1502
2025-02-11 17:54:59,2025-02-18 20:30:00,2025-02-14 13:54:59,0.7416890738196303,Value,TT1502
2025-02-11 17:54:59,2025-02-18 20:30:00,2025-02-14 14:54:59,0.3216749188448279,Value,TT1502
2025-02-11 17:54:59,2025-02-18 20:30:00,2025-02-14 15:54:59,-0.059760140270227594,Value,TT1502
2025-02-11 17:54:59,2025-02-18 20:30:00,2025-02-14 16:54:59,-0.49449974822578163,Value,TT1502
2025-02-11 17:54:59,2025-02-18 20:30:00,2025-02-14 17:54:59,0.4538297887855198,Value,TT1502
2025-02-11 17:54:59,2025-02-18 20:30:00,2025-02-14 18:54:59,-1.0346596924009612,Value,TT1502
2025-02-11 17:54:59,2025-02-18 20:30:00,2025-02-14 19:54:59,-1.2808180203607302,Value,TT1502
2025-02-11 17:54:59,2025-02-18 20:30:00,2025-02-14 20:54:59,0.5341703530367906,Value,TT1502
2025-02-11 17:54:59,2025-02-18 20:30:00,2025-02-14 21:54:59,-0.4931228839129797,Value,TT1502
2025-02-11 17:54:59,2025-02-18 20:30:00,2025-02-14 22:54:59,-0.07995468881703616,Value,TT1502
2025-02-11 17:54:59,2025-02-18 20:30:00,2025-02-14 23:54:59,-0.9809635458213711,Value,TT1502
2025-02-11 17:54:59,2025-02-18 20:30:00,2025-02-15 00:54:59,-0.6685768763840151,Value,TT1502
2025-02-11 17:54:59,2025-02-18 20:30:00,2025-02-15 01:54:59,1.3369545754818426,Value,TT1502
2025-02-11 17:54:59,2025-02-18 20:30:00,2025-02-15 02:54:59,0.3875605049943091,Value,TT1502
2025-02-11 17:54:59,2025-02-18 20:30:00,2025-02-15 03:54:59,-0.24875641536873272,Value,TT1502
2025-02-11 17:54:59,2025-02-18 20:30:00,2025-02-15 04:54:59,1.258557678591744,Value,TT1502
2025-02-11 17:54:59,2025-02-18 20:30:00,2025-02-15 05:54:59,1.4792863756352632,Value,TT1502
2025-02-11 17:54:59,2025-02-18 20:30:00,2025-02-15 06:54:59,-0.9553842660515829,Value,TT1502
2025-02-11 17:54:59,2025-02-18 20:30:00,2025-02-15 07:54:59,-0.3369361654037813,Value,TT1502
2025-02-11 17:54:59,2025-02-18 20:30:00,2025-02-15 08:54:59,-0.8531106762160382,Value,TT1502
2025-02-11 17:54:59,2025-02-18 20:30:00,2025-02-15 09:54:59,-0.9530072939580693,Value,TT1502
2025-02-11 17:54:59,2025-02-18 20:30:00,2025-02-15 10:54:59,1.1101095455302743,Value,TT1502
2025-02-11 17:54:59,2025-02-18 20:30:00,2025-02-15 11:54:59,1.3000731803168448,Value,TT1502
2025-02-11 17:54:59,2025-02-18 20:30:00,2025-02-15 12:54:59,-0.4592862106170585,Value,TT1502
2025-02-11 17:54:59,2025-02-18 20:30:00,2025-02-15 13:54:59,-0.9036357625834356,Value,TT1502
2025-02-11 17:54:59,2025-02-18 20:30:00,2025-02-15 14:54:59,1.6219749438235462,Value,TT1502
2025-02-11 17:54:59,2025-02-18 20:30:00,2025-02-15 15:54:59,0.07997711491048362,Value,TT1502
2025-02-11 17:54:59,2025-02-18 20:30:00,2025-02-15 16:54:59,-1.2565001538651042,Value,TT1502
2025-02-11 17:54:59,2025-02-18 20:30:00,2025-02-15 17:54:59,-1.5595692950048683,Value,TT1502
2025-02-11 17:54:59,2025-02-18 20:30:00,2025-02-15 18:54:59,-0.11214212821915837,Value,TT1502
2025-02-11 17:54:59,2025-02-18 20:30:00,2025-02-15 19:54:59,0.005250128576561228,Value,TT1502
2025-02-11 17:54:59,2025-02-18 20:30:00,2025-02-15 20:54:59,1.808000031164871,Value,TT1502
2025-02-11 17:54:59,2025-02-18 20:30:00,2025-02-15 21:54:59,1.8807612495270793,Value,TT1502
2025-02-11 17:54:59,2025-02-18 20:30:00,2025-02-15 22:54:59,-1.697005026030993,Value,TT1502
2025-02-11 17:54:59,2025-02-18 20:30:00,2025-02-15 23:54:59,-0.3793544695327544,Value,TT1502
2025-02-11 17:54:59,2025-02-18 20:30:00,2025-02-16 00:54:59,0.19952964893298603,Value,TT1502
2025-02-11 17:54:59,2025-02-18 20:30:00,2025-02-16 01:54:59,0.5942754889774392,Value,TT1502
2025-02-11 17:54:59,2025-02-18 20:30:00,2025-02-16 02:54:59,0.5811736574163705,Value,TT1502
2025-02-11 17:54:59,2025-02-18 20:30:00,2025-02-16 03:54:59,-1.3565485347566753,Value,TT1502
2025-02-11 17:54:59,2025-02-18 20:30:00,2025-02-16 04:54:59,1.056223223036617,Value,TT1502
2025-02-11 17:54:59,2025-02-18 20:30:00,2025-02-16 05:54:59,-1.7565665110322084,Value,TT1502
2025-02-11 17:54:59,2025-02-18 20:30:00,2025-02-16 06:54:59,0.3853217516435133,Value,TT1502
2025-02-11 17:54:59,2025-02-18 20:30:00,2025-02-16 07:54:59,0.7330738262279886,Value,TT1502
2025-02-11 17:54:59,2025-02-18 20:30:00,2025-02-16 08:54:59,-1.1503652350021893,Value,TT1502
2025-02-11 17:54:59,2025-02-18 20:30:00,2025-02-16 09:54:59,0.3790050331171557,Value,TT1502
2025-02-11 17:54:59,2025-02-18 20:30:00,2025-02-16 10:54:59,-0.8646120805135575,Value,TT1502
2025-02-11 17:54:59,2025-02-18 20:30:00,2025-02-16 11:54:59,-0.059678654175351606,Value,TT1502
2025-02-11 17:54:59,2025-02-18 20:30:00,2025-02-16 12:54:59,1.0318521672850047,Value,TT1502
2025-02-11 17:54:59,2025-02-18 20:30:00,2025-02-16 13:54:59,0.26116293945645425,Value,TT1502
2025-02-11 17:54:59,2025-02-18 20:30:00,2025-02-16 14:54:59,-0.2864456246273863,Value,TT1502
2025-02-11 17:54:59,2025-02-18 20:30:00,2025-02-16 15:54:59,-0.2235086143801572,Value,TT1502
2025-02-11 17:54:59,2025-02-18 20:30:00,2025-02-16 16:54:59,-0.8133669227946992,Value,TT1502
2025-02-11 17:54:59,2025-02-18 20:30:00,2025-02-16 17:54:59,-0.7885069524267075,Value,TT1502
2025-02-11 17:54:59,2025-02-18 20:30:00,2025-02-16 18:54:59,1.4765152427777022,Value,TT1502
2025-02-11 17:54:59,2025-02-18 20:30:00,2025-02-16 19:54:59,0.5282894751014849,Value,TT1502
2025-02-11 17:54:59,2025-02-18 20:30:00,2025-02-16 20:54:59,-0.034554495412620886,Value,TT1502
2025-02-11 17:54:59,2025-02-18 20:30:00,2025-02-16 21:54:59,-1.5463101278733893,Value,TT1502
2025-02-11 17:54:59,2025-02-18 20:30:00,2025-02-16 22:54:59,0.042063599475702,Value,TT1502
2025-02-11 17:54:59,2025-02-18 20:30:00,2025-02-16 23:54:59,0.4483909042629928,Value,TT1502
2025-02-11 17:54:59,2025-02-18 20:30:00,2025-02-17 00:54:59,0.021049095720079816,Value,TT1502
2025-02-11 17:54:59,2025-02-18 20:30:00,2025-02-17 01:54:59,-0.9955607543504695,Value,TT1502
2025-02-11 17:54:59,2025-02-18 20:30:00,2025-02-17 02:54:59,-0.38005865947080353,Value,TT1502
2025-02-11 17:54:59,2025-02-18 20:30:00,2025-02-17 03:54:59,-0.4365350548069969,Value,TT1502
2025-02-11 17:54:59,2025-02-18 20:30:00,2025-02-17 04:54:59,1.4101095481780632,Value,TT1502
2025-02-11 17:54:59,2025-02-18 20:30:00,2025-02-17 05:54:59,0.7554859117266824,Value,TT1502
2025-02-11 17:54:59,2025-02-18 20:30:00,2025-02-17 06:54:59,0.7415649099192241,Value,TT1502
2025-02-11 17:54:59,2025-02-18 20:30:00,2025-02-17 07:54:59,1.9707015320804584,Value,TT1502
2025-02-11 17:54:59,2025-02-18 20:30:00,2025-02-17 08:54:59,-1.0311972377673344,Value,TT1502
2025-02-11 17:54:59,2025-02-18 20:30:00,2025-02-17 09:54:59,0.3742434341468082,Value,TT1502
2025-02-11 17:54:59,2025-02-18 20:30:00,2025-02-17 10:54:59,1.1229108322640793,Value,TT1502
2025-02-11 17:54:59,2025-02-18 20:30:00,2025-02-17 11:54:59,-0.6963702321389365,Value,TT1502
2025-02-11 17:54:59,2025-02-18 20:30:00,2025-02-17 12:54:59,-0.22011708325085916,Value,TT1502
2025-02-11 17:54:59,2025-02-18 20:30:00,2025-02-17 13:54:59,1.3435828650535095,Value,TT1502
2025-02-11 17:54:59,2025-02-18 20:30:00,2025-02-17 14:54:59,0.02046939098058656,Value,TT1502
2025-02-11 17:54:59,2025-02-18 20:30:00,2025-02-17 15:54:59,-2.034297772701081,Value,TT1502
2025-02-11 17:54:59,2025-02-18 20:30:00,2025-02-17 16:54:59,-0.41762825724998837,Value,TT1502
2025-02-11 17:54:59,2025-02-18 20:30:00,2025-02-17 17:54:59,0.23239832307984057,Value,TT1502
2025-02-11 17:54:59,2025-02-18 20:30:00,2025-02-17 18:54:59,-0.5381128802316836,Value,TT1502
2025-02-11 17:54:59,2025-02-18 20:30:00,2025-02-17 19:54:59,1.7147360600749557,Value,TT1502
2025-02-11 17:54:59,2025-02-18 20:30:00,2025-02-17 20:54:59,0.9416543220273116,Value,TT1502
2025-02-11 17:54:59,2025-02-18 20:30:00,2025-02-17 21:54:59,-0.7442851767465477,Value,TT1502
2025-02-11 17:54:59,2025-02-18 20:30:00,2025-02-17 22:54:59,0.22425324781988726,Value,TT1502
2025-02-11 17:54:59,2025-02-18 20:30:00,2025-02-17 23:54:59,0.3551285530845435,Value,TT1502
2025-02-11 17:54:59,2025-02-18 20:30:00,2025-02-18 00:54:59,1.3246132645266047,Value,TT1502
2025-02-11 17:54:59,2025-02-18 20:30:00,2025-02-18 01:54:59,0.6530000874113174,Value,TT1502
2025-02-11 17:54:59,2025-02-18 20:30:00,2025-02-18 02:54:59,-0.18259391164336108,Value,TT1502
2025-02-11 17:54:59,2025-02-18 20:30:00,2025-02-18 03:54:59,-1.6676793936547747,Value,TT1502
2025-02-11 17:54:59,2025-02-18 20:30:00,2025-02-18 04:54:59,0.18325316717764217,Value,TT1502
2025-02-11 17:54:59,2025-02-18 20:30:00,2025-02-18 05:54:59,-0.3385528428787218,Value,TT1502
2025-02-11 17:54:59,2025-02-18 20:30:00,2025-02-18 06:54:59,0.22504475789574263,Value,TT1502
2025-02-11 17:54:59,2025-02-18 20:30:00,2025-02-18 07:54:59,0.5064209701183131,Value,TT1502
2025-02-11 17:54:59,2025-02-18 20:30:00,2025-02-18 08:54:59,0.28320653336564516,Value,TT1502
2025-02-11 17:54:59,2025-02-18 20:30:00,2025-02-18 09:54:59,0.036132467476915335,Value,TT1502
2025-02-11 17:54:59,2025-02-18 20:30:00,2025-02-18 10:54:59,0.9931451940724765,Value,TT1502
2025-02-11 17:54:59,2025-02-18 20:30:00,2025-02-18 11:54:59,2.0805956240445846,Value,TT1502
2025-02-11 17:54:59,2025-02-18 20:30:00,2025-02-18 12:54:59,0.9968326677344153,Value,TT1502
2025-02-11 17:54:59,2025-02-18 20:30:00,2025-02-18 13:54:59,-0.6062010201592103,Value,TT1502
2025-02-11 17:54:59,2025-02-18 20:30:00,2025-02-18 14:54:59,0.43864944450579935,Value,TT1502
2025-02-11 17:54:59,2025-02-18 20:30:00,2025-02-18 15:54:59,0.18396677500993935,Value,TT1502
2025-02-11 17:54:59,2025-02-18 20:30:00,2025-02-18 16:54:59,0.7218338718287093,Value,TT1502
2025-02-11 17:54:59,2025-02-18 20:30:00,2025-02-18 17:54:59,1.0206969375115413,Value,TT1502
2025-02-11 17:54:59,2025-02-18 20:30:00,2025-02-18 18:54:59,1.1009598017221465,Value,TT1502
2025-02-11 17:54:59,2025-02-18 20:30:00,2025-02-18 19:54:59,-1.160308099463234,Value,TT1502
2025-02-11 17:54:59,2025-02-18 20:30:00,2025-02-11 17:54:59,-0.6587955466831262,Value,MSC1504
2025-02-11 17:54:59,2025-02-18 20:30:00,2025-02-11 18:54:59,-0.28259065474620165,Value,MSC1504
2025-02-11 17:54:59,2025-02-18 20:30:00,2025-02-11 19:54:59,2.1645869566689333,Value,MSC1504
2025-02-11 17:54:59,2025-02-18 20:30:00,2025-02-11 20:54:59,0.16919598590199256,Value,MSC1504
2025-02-11 17:54:59,2025-02-18 20:30:00,2025-02-11 21:54:59,1.018535721679664,Value,MSC1504
2025-02-11 17:54:59,2025-02-18 20:30:00,2025-02-11 22:54:59,0.8326835463970939,Value,MSC1504
2025-02-11 17:54:59,2025-02-18 20:30:00,2025-02-11 23:54:59,-0.05801094399264799,Value,MSC1504
2025-02-11 17:54:59,2025-02-18 20:30:00,2025-02-12 00:54:59,-0.6057231355052151,Value,MSC1504
2025-02-11 17:54:59,2025-02-18 20:30:00,2025-02-12 01:54:59,0.5788719364148774,Value,MSC1504
2025-02-11 17:54:59,2025-02-18 20:30:00,2025-02-12 02:54:59,0.1673701339410012,Value,MSC1504
2025-02-11 17:54:59,2025-02-18 20:30:00,2025-02-12 03:54:59,1.5254046587603323,Value,MSC1504
2025-02-11 17:54:59,2025-02-18 20:30:00,2025-02-12 04:54:59,0.32653596501064974,Value,MSC1504
2025-02-11 17:54:59,2025-02-18 20:30:00,2025-02-12 05:54:59,0.280901068233441,Value,MSC1504
2025-02-11 17:54:59,2025-02-18 20:30:00,2025-02-12 06:54:59,-0.7683774488374591,Value,MSC1504
2025-02-11 17:54:59,2025-02-18 20:30:00,2025-02-12 07:54:59,-1.631800108109399,Value,MSC1504
2025-02-11 17:54:59,2025-02-18 20:30:00,2025-02-12 08:54:59,0.21649777140487744,Value,MSC1504
2025-02-11 17:54:59,2025-02-18 20:30:00,2025-02-12 09:54:59,0.09421361572781539,Value,MSC1504
2025-02-11 17:54:59,2025-02-18 20:30:00,2025-02-12 10:54:59,-0.29469360208684525,Value,MSC1504
2025-02-11 17:54:59,2025-02-18 20:30:00,2025-02-12 11:54:59,-0.14515704797352674,Value,MSC1504
2025-02-11 17:54:59,2025-02-18 20:30:00,2025-02-12 12:54:59,-1.0011084646136663,Value,MSC1504
2025-02-11 17:54:59,2025-02-18 20:30:00,2025-02-12 13:54:59,-2.0092555312028213,Value,MSC1504
2025-02-11 17:54:59,2025-02-18 20:30:00,2025-02-12 14:54:59,-0.5319737128994563,Value,MSC1504
2025-02-11 17:54:59,2025-02-18 20:30:00,2025-02-12 15:54:59,1.5442969498028707,Value,MSC1504
2025-02-11 17:54:59,2025-02-18 20:30:00,2025-02-12 16:54:59,-1.6267343110873513,Value,MSC1504
2025-02-11 17:54:59,2025-02-18 20:30:00,2025-02-12 17:54:59,-0.6555723032380028,Value,MSC1504
2025-02-11 17:54:59,2025-02-18 20:30:00,2025-02-12 18:54:59,0.4681952856793071,Value,MSC1504
2025-02-11 17:54:59,2025-02-18 20:30:00,2025-02-12 19:54:59,-0.14588652044477632,Value,MSC1504
2025-02-11 17:54:59,2025-02-18 20:30:00,2025-02-12 20:54:59,-2.0058135685607827,Value,MSC1504
2025-02-11 17:54:59,2025-02-18 20:30:00,2025-02-12 21:54:59,-1.7192931352874254,Value,MSC1504
2025-02-11 17:54:59,2025-02-18 20:30:00,2025-02-12 22:54:59,-1.6422108095104846,Value,MSC1504
2025-02-11 17:54:59,2025-02-18 20:30:00,2025-02-12 23:54:59,-1.2350022229653135,Value,MSC1504
2025-02-11 17:54:59,2025-02-18 20:30:00,2025-02-13 00:54:59,0.7199851401690395,Value,MSC1504
2025-02-11 17:54:59,2025-02-18 20:30:00,2025-02-13 01:54:59,1.5001263727344873,Value,MSC1504
2025-02-11 17:54:59,2025-02-18 20:30:00,2025-02-13 02:54:59,-0.6137759441592766,Value,MSC1504
2025-02-11 17:54:59,2025-02-18 20:30:00,2025-02-13 03:54:59,0.12589192009254738,Value,MSC1504
2025-02-11 17:54:59,2025-02-18 20:30:00,2025-02-13 04:54:59,-0.5300153903239602,Value,MSC1504
2025-02-11 17:54:59,2025-02-18 20:30:00,2025-02-13 05:54:59,0.26456376981918345,Value,MSC1504
2025-02-11 17:54:59,2025-02-18 20:30:00,2025-02-13 06:54:59,0.8649134567122884,Value,MSC1504
2025-02-11 17:54:59,2025-02-18 20:30:00,2025-02-13 07:54:59,-0.34113243389370207,Value,MSC1504
2025-02-11 17:54:59,2025-02-18 20:30:00,2025-02-13 08:54:59,-0.7697842804148743,Value,MSC1504
2025-02-11 17:54:59,2025-02-18 20:30:00,2025-02-13 09:54:59,-1.5886772887914054,Value,MSC1504
2025-02-11 17:54:59,2025-02-18 20:30:00,2025-02-13 10:54:59,-1.3822960122798396,Value,MSC1504
2025-02-11 17:54:59,2025-02-18 20:30:00,2025-02-13 11:54:59,1.3498726719023741,Value,MSC1504
2025-02-11 17:54:59,2025-02-18 20:30:00,2025-02-13 12:54:59,0.2747181123120335,Value,MSC1504
2025-02-11 17:54:59,2025-02-18 20:30:00,2025-02-13 13:54:59,0.7974341413399274,Value,MSC1504
2025-02-11 17:54:59,2025-02-18 20:30:00,2025-02-13 14:54:59,-1.4616866978148624,Value,MSC1504
2025-02-11 17:54:59,2025-02-18 20:30:00,2025-02-13 15:54:59,-0.18880739760062115,Value,MSC1504
2025-02-11 17:54:59,2025-02-18 20:30:00,2025-02-13 16:54:59,0.7319475402513403,Value,MSC1504
2025-02-11 17:54:59,2025-02-18 20:30:00,2025-02-13 17:54:59,-1.6154761884833764,Value,MSC1504
2025-02-11 17:54:59,2025-02-18 20:30:00,2025-02-13 18:54:59,-0.8472127076707611,Value,MSC1504
2025-02-11 17:54:59,2025-02-18 20:30:00,2025-02-13 19:54:59,0.0695338530901749,Value,MSC1504
2025-02-11 17:54:59,2025-02-18 20:30:00,2025-02-13 20:54:59,-1.6872583425084229,Value,MSC1504
2025-02-11 17:54:59,2025-02-18 20:30:00,2025-02-13 21:54:59,1.32731127030286,Value,MSC1504
2025-02-11 17:54:59,2025-02-18 20:30:00,2025-02-13 22:54:59,0.28076635648358234,Value,MSC1504
2025-02-11 17:54:59,2025-02-18 20:30:00,2025-02-13 23:54:59,-1.9714017109436064,Value,MSC1504
2025-02-11 17:54:59,2025-02-18 20:30:00,2025-02-14 00:54:59,-1.4408985942754817,Value,MSC1504
2025-02-11 17:54:59,2025-02-18 20:30:00,2025-02-14 01:54:59,0.636910159953649,Value,MSC1504
2025-02-11 17:54:59,2025-02-18 20:30:00,2025-02-14 02:54:59,0.7088980534274038,Value,MSC1504
2025-02-11 17:54:59,2025-02-18 20:30:00,2025-02-14 03:54:59,-0.6891975098087466,Value,MSC1504
2025-02-11 17:54:59,2025-02-18 20:30:00,2025-02-14 04:54:59,0.7518311368812277,Value,MSC1504
2025-02-11 17:54:59,2025-02-18 20:30:00,2025-02-14 05:54:59,3.538656568576706,Value,MSC1504
2025-02-11 17:54:59,2025-02-18 20:30:00,2025-02-14 06:54:59,-1.7706455178410219,Value,MSC1504
2025-02-11 17:54:59,2025-02-18 20:30:00,2025-02-14 07:54:59,2.4706368135638637,Value,MSC1504
2025-02-11 17:54:59,2025-02-18 20:30:00,2025-02-14 08:54:59,0.43543882379304516,Value,MSC1504
2025-02-11 17:54:59,2025-02-18 20:30:00,2025-02-14 09:54:59,-0.3732496721029571,Value,MSC1504
2025-02-11 17:54:59,2025-02-18 20:30:00,2025-02-14 10:54:59,-0.383974191920768,Value,MSC1504
2025-02-11 17:54:59,2025-02-18 20:30:00,2025-02-14 11:54:59,1.0418949599623406,Value,MSC1504
2025-02-11 17:54:59,2025-02-18 20:30:00,2025-02-14 12:54:59,0.20573318712412,Value,MSC1504
2025-02-11 17:54:59,2025-02-18 20:30:00,2025-02-14 13:54:59,1.3141565888775197,Value,MSC1504
2025-02-11 17:54:59,2025-02-18 20:30:00,2025-02-14 14:54:59,-0.8885048315885382,Value,MSC1504
2025-02-11 17:54:59,2025-02-18 20:30:00,2025-02-14 15:54:59,0.675599152444556,Value,MSC1504
2025-02-11 17:54:59,2025-02-18 20:30:00,2025-02-14 16:54:59,1.237083849151152,Value,MSC1504
2025-02-11 17:54:59,2025-02-18 20:30:00,2025-02-14 17:54:59,-0.5559353147806004,Value,MSC1504
2025-02-11 17:54:59,2025-02-18 20:30:00,2025-02-14 18:54:59,-1.0547054011431154,Value,MSC1504
2025-02-11 17:54:59,2025-02-18 20:30:00,2025-02-14 19:54:59,1.0782627930728506,Value,MSC1504
2025-02-11 17:54:59,2025-02-18 20:30:00,2025-02-14 20:54:59,1.0919312479255365,Value,MSC1504
2025-02-11 17:54:59,2025-02-18 20:30:00,2025-02-14 21:54:59,-0.11851038964362538,Value,MSC1504
2025-02-11 17:54:59,2025-02-18 20:30:00,2025-02-14 22:54:59,0.6847244050815257,Value,MSC1504
2025-02-11 17:54:59,2025-02-18 20:30:00,2025-02-14 23:54:59,-0.6586750085043934,Value,MSC1504
2025-02-11 17:54:59,2025-02-18 20:30:00,2025-02-15 00:54:59,-0.41297656400716287,Value,MSC1504
2025-02-11 17:54:59,2025-02-18 20:30:00,2025-02-15 01:54:59,0.18804662400794991,Value,MSC1504
2025-02-11 17:54:59,2025-02-18 20:30:00,2025-02-15 02:54:59,-2.5270871749281594,Value,MSC1504
2025-02-11 17:54:59,2025-02-18 20:30:00,2025-02-15 03:54:59,0.11918687846847376,Value,MSC1504
2025-02-11 17:54:59,2025-02-18 20:30:00,2025-02-15 04:54:59,0.5981111368984312,Value,MSC1504
2025-02-11 17:54:59,2025-02-18 20:30:00,2025-02-15 05:54:59,0.46664249777863914,Value,MSC1504
2025-02-11 17:54:59,2025-02-18 20:30:00,2025-02-15 06:54:59,-0.1818234047583343,Value,MSC1504
2025-02-11 17:54:59,2025-02-18 20:30:00,2025-02-15 07:54:59,0.8874588892286617,Value,MSC1504
2025-02-11 17:54:59,2025-02-18 20:30:00,2025-02-15 08:54:59,0.518470767364864,Value,MSC1504
2025-02-11 17:54:59,2025-02-18 20:30:00,2025-02-15 09:54:59,-0.4579533948386976,Value,MSC1504
2025-02-11 17:54:59,2025-02-18 20:30:00,2025-02-15 10:54:59,1.6215464064403715,Value,MSC1504
2025-02-11 17:54:59,2025-02-18 20:30:00,2025-02-15 11:54:59,-0.047419693268643356,Value,MSC1504
2025-02-11 17:54:59,2025-02-18 20:30:00,2025-02-15 12:54:59,0.4227450842423711,Value,MSC1504
2025-02-11 17:54:59,2025-02-18 20:30:00,2025-02-15 13:54:59,0.17897107077834346,Value,MSC1504
2025-02-11 17:54:59,2025-02-18 20:30:00,2025-02-15 14:54:59,0.1753694302578014,Value,MSC1504
2025-02-11 17:54:59,2025-02-18 20:30:00,2025-02-15 15:54:59,-0.7620714497691582,Value,MSC1504
2025-02-11 17:54:59,2025-02-18 20:30:00,2025-02-15 16:54:59,0.04483307615991022,Value,MSC1504
2025-02-11 17:54:59,2025-02-18 20:30:00,2025-02-15 17:54:59,0.3517222190145459,Value,MSC1504
2025-02-11 17:54:59,2025-02-18 20:30:00,2025-02-15 18:54:59,-0.09989882832432691,Value,MSC1504
2025-02-11 17:54:59,2025-02-18 20:30:00,2025-02-15 19:54:59,0.8964094385694059,Value,MSC1504
2025-02-11 17:54:59,2025-02-18 20:30:00,2025-02-15 20:54:59,-0.793865118223092,Value,MSC1504
2025-02-11 17:54:59,2025-02-18 20:30:00,2025-02-15 21:54:59,1.6558355298874297,Value,MSC1504
2025-02-11 17:54:59,2025-02-18 20:30:00,2025-02-15 22:54:59,-0.7487514323254331,Value,MSC1504
2025-02-11 17:54:59,2025-02-18 20:30:00,2025-02-15 23:54:59,2.3358347508239734,Value,MSC1504
2025-02-11 17:54:59,2025-02-18 20:30:00,2025-02-16 00:54:59,0.42483126374746283,Value,MSC1504
2025-02-11 17:54:59,2025-02-18 20:30:00,2025-02-16 01:54:59,-1.0592640411943728,Value,MSC1504
2025-02-11 17:54:59,2025-02-18 20:30:00,2025-02-16 02:54:59,0.7166913708773606,Value,MSC1504
2025-02-11 17:54:59,2025-02-18 20:30:00,2025-02-16 03:54:59,-1.1431081775834568,Value,MSC1504
2025-02-11 17:54:59,2025-02-18 20:30:00,2025-02-16 04:54:59,-0.7139010774059955,Value,MSC1504
2025-02-11 17:54:59,2025-02-18 20:30:00,2025-02-16 05:54:59,1.4219932634908865,Value,MSC1504
2025-02-11 17:54:59,2025-02-18 20:30:00,2025-02-16 06:54:59,-0.9676649076837868,Value,MSC1504
2025-02-11 17:54:59,2025-02-18 20:30:00,2025-02-16 07:54:59,-1.8283162795264203,Value,MSC1504
2025-02-11 17:54:59,2025-02-18 20:30:00,2025-02-16 08:54:59,-0.7449372366135862,Value,MSC1504
2025-02-11 17:54:59,2025-02-18 20:30:00,2025-02-16 09:54:59,1.5212351535304751,Value,MSC1504
2025-02-11 17:54:59,2025-02-18 20:30:00,2025-02-16 10:54:59,0.8786989463610262,Value,MSC1504
2025-02-11 17:54:59,2025-02-18 20:30:00,2025-02-16 11:54:59,-0.09729794941125051,Value,MSC1504
2025-02-11 17:54:59,2025-02-18 20:30:00,2025-02-16 12:54:59,-1.3868114188594174,Value,MSC1504
2025-02-11 17:54:59,2025-02-18 20:30:00,2025-02-16 13:54:59,0.9239078857081802,Value,MSC1504
2025-02-11 17:54:59,2025-02-18 20:30:00,2025-02-16 14:54:59,0.6170395511469684,Value,MSC1504
2025-02-11 17:54:59,2025-02-18 20:30:00,2025-02-16 15:54:59,-1.7504400855498339,Value,MSC1504
2025-02-11 17:54:59,2025-02-18 20:30:00,2025-02-16 16:54:59,-0.07312131567870879,Value,MSC1504
2025-02-11 17:54:59,2025-02-18 20:30:00,2025-02-16 17:54:59,-0.8060579663893899,Value,MSC1504
2025-02-11 17:54:59,2025-02-18 20:30:00,2025-02-16 18:54:59,-0.11448558743477011,Value,MSC1504
2025-02-11 17:54:59,2025-02-18 20:30:00,2025-02-16 19:54:59,-0.2021048293224316,Value,MSC1504
2025-02-11 17:54:59,2025-02-18 20:30:00,2025-02-16 20:54:59,-1.1671005468151532,Value,MSC1504
2025-02-11 17:54:59,2025-02-18 20:30:00,2025-02-16 21:54:59,-0.899155132611132,Value,MSC1504
2025-02-11 17:54:59,2025-02-18 20:30:00,2025-02-16 22:54:59,-1.380320587942709,Value,MSC1504
2025-02-11 17:54:59,2025-02-18 20:30:00,2025-02-16 23:54:59,0.41029478820314014,Value,MSC1504
2025-02-11 17:54:59,2025-02-18 20:30:00,2025-02-17 00:54:59,0.5640600652450611,Value,MSC1504
2025-02-11 17:54:59,2025-02-18 20:30:00,2025-02-17 01:54:59,-0.320871250044794,Value,MSC1504
2025-02-11 17:54:59,2025-02-18 20:30:00,2025-02-17 02:54:59,-1.8510767415560037,Value,MSC1504
2025-02-11 17:54:59,2025-02-18 20:30:00,2025-02-17 03:54:59,-1.485923049211139,Value,MSC1504
2025-02-11 17:54:59,2025-02-18 20:30:00,2025-02-17 04:54:59,-0.6386265692897992,Value,MSC1504
2025-02-11 17:54:59,2025-02-18 20:30:00,2025-02-17 05:54:59,1.1299291172476336,Value,MSC1504
2025-02-11 17:54:59,2025-02-18 20:30:00,2025-02-17 06:54:59,0.1686732235153112,Value,MSC1504
2025-02-11 17:54:59,2025-02-18 20:30:00,2025-02-17 07:54:59,-1.0049496884609295,Value,MSC1504
2025-02-11 17:54:59,2025-02-18 20:30:00,2025-02-17 08:54:59,-1.2417900480110793,Value,MSC1504
2025-02-11 17:54:59,2025-02-18 20:30:00,2025-02-17 09:54:59,-2.501557046467868,Value,MSC1504
2025-02-11 17:54:59,2025-02-18 20:30:00,2025-02-17 10:54:59,-1.2345121632788472,Value,MSC1504
2025-02-11 17:54:59,2025-02-18 20:30:00,2025-02-17 11:54:59,-1.3374833903273198,Value,MSC1504
2025-02-11 17:54:59,2025-02-18 20:30:00,2025-02-17 12:54:59,2.03176327541841,Value,MSC1504
2025-02-11 17:54:59,2025-02-18 20:30:00,2025-02-17 13:54:59,-1.5545860204907764,Value,MSC1504
2025-02-11 17:54:59,2025-02-18 20:30:00,2025-02-17 14:54:59,2.4646497712015814,Value,MSC1504
2025-02-11 17:54:59,2025-02-18 20:30:00,2025-02-17 15:54:59,-0.619746901376653,Value,MSC1504
2025-02-11 17:54:59,2025-02-18 20:30:00,2025-02-17 16:54:59,-1.3248718227206335,Value,MSC1504
2025-02-11 17:54:59,2025-02-18 20:30:00,2025-02-17 17:54:59,-0.8854105822307948,Value,MSC1504
2025-02-11 17:54:59,2025-02-18 20:30:00,2025-02-17 18:54:59,1.6133588194140687,Value,MSC1504
2025-02-11 17:54:59,2025-02-18 20:30:00,2025-02-17 19:54:59,0.3696951963024947,Value,MSC1504
2025-02-11 17:54:59,2025-02-18 20:30:00,2025-02-17 20:54:59,0.059346154389341134,Value,MSC1504
2025-02-11 17:54:59,2025-02-18 20:30:00,2025-02-17 21:54:59,-0.4730287605996329,Value,MSC1504
2025-02-11 17:54:59,2025-02-18 20:30:00,2025-02-17 22:54:59,1.3387643921604766,Value,MSC1504
2025-02-11 17:54:59,2025-02-18 20:30:00,2025-02-17 23:54:59,-1.0233586682506803,Value,MSC1504
2025-02-11 17:54:59,2025-02-18 20:30:00,2025-02-18 00:54:59,0.6524095605635267,Value,MSC1504
2025-02-11 17:54:59,2025-02-18 20:30:00,2025-02-18 01:54:59,1.4761025113861113,Value,MSC1504
2025-02-11 17:54:59,2025-02-18 20:30:00,2025-02-18 02:54:59,-0.29808324641504896,Value,MSC1504
2025-02-11 17:54:59,2025-02-18 20:30:00,2025-02-18 03:54:59,0.19099864735738264,Value,MSC1504
2025-02-11 17:54:59,2025-02-18 20:30:00,2025-02-18 04:54:59,-1.0905459453974207,Value,MSC1504
2025-02-11 17:54:59,2025-02-18 20:30:00,2025-02-18 05:54:59,0.7845883340439359,Value,MSC1504
2025-02-11 17:54:59,2025-02-18 20:30:00,2025-02-18 06:54:59,-0.8540210498112968,Value,MSC1504
2025-02-11 17:54:59,2025-02-18 20:30:00,2025-02-18 07:54:59,-1.3408283022802605,Value,MSC1504
2025-02-11 17:54:59,2025-02-18 20:30:00,2025-02-18 08:54:59,1.104894287351621,Value,MSC1504
2025-02-11 17:54:59,2025-02-18 20:30:00,2025-02-18 09:54:59,0.35541629332230745,Value,MSC1504
2025-02-11 17:54:59,2025-02-18 20:30:00,2025-02-18 10:54:59,0.8527521519913279,Value,MSC1504
2025-02-11 17:54:59,2025-02-18 20:30:00,2025-02-18 11:54:59,-1.3597969031801207,Value,MSC1504
2025-02-11 17:54:59,2025-02-18 20:30:00,2025-02-18 12:54:59,-0.861689727796474,Value,MSC1504
2025-02-11 17:54:59,2025-02-18 20:30:00,2025-02-18 13:54:59,-0.32978023173208953,Value,MSC1504
2025-02-11 17:54:59,2025-02-18 20:30:00,2025-02-18 14:54:59,1.3085358462810621,Value,MSC1504
2025-02-11 17:54:59,2025-02-18 20:30:00,2025-02-18 15:54:59,-1.024587016377225,Value,MSC1504
2025-02-11 17:54:59,2025-02-18 20:30:00,2025-02-18 16:54:59,-1.213903190178963,Value,MSC1504
2025-02-11 17:54:59,2025-02-18 20:30:00,2025-02-18 17:54:59,-2.4548311268118614,Value,MSC1504
2025-02-11 17:54:59,2025-02-18 20:30:00,2025-02-18 18:54:59,-0.593078493427499,Value,MSC1504
2025-02-11 17:54:59,2025-02-18 20:30:00,2025-02-18 19:54:59,0.3314909119907567,Value,MSC1504
2025-02-11 17:54:59,2025-02-18 20:30:00,2025-02-11 17:54:59,0.4774575316942529,Value,TT1501
2025-02-11 17:54:59,2025-02-18 20:30:00,2025-02-11 18:54:59,0.9581807975707771,Value,TT1501
2025-02-11 17:54:59,2025-02-18 20:30:00,2025-02-11 19:54:59,2.398705277543755,Value,TT1501
2025-02-11 17:54:59,2025-02-18 20:30:00,2025-02-11 20:54:59,1.2879227752644953,Value,TT1501
2025-02-11 17:54:59,2025-02-18 20:30:00,2025-02-11 21:54:59,-0.5203373545382852,Value,TT1501
2025-02-11 17:54:59,2025-02-18 20:30:00,2025-02-11 22:54:59,-0.32271172845031465,Value,TT1501
2025-02-11 17:54:59,2025-02-18 20:30:00,2025-02-11 23:54:59,-0.8241417898099425,Value,TT1501
2025-02-11 17:54:59,2025-02-18 20:30:00,2025-02-12 00:54:59,0.04038368196232297,Value,TT1501
2025-02-11 17:54:59,2025-02-18 20:30:00,2025-02-12 01:54:59,-1.3186966614754643,Value,TT1501
2025-02-11 17:54:59,2025-02-18 20:30:00,2025-02-12 02:54:59,-0.8147692933866729,Value,TT1501
2025-02-11 17:54:59,2025-02-18 20:30:00,2025-02-12 03:54:59,0.8374931226675891,Value,TT1501
2025-02-11 17:54:59,2025-02-18 20:30:00,2025-02-12 04:54:59,-1.0744314583394594,Value,TT1501
2025-02-11 17:54:59,2025-02-18 20:30:00,2025-02-12 05:54:59,-0.37598580151231675,Value,TT1501
2025-02-11 17:54:59,2025-02-18 20:30:00,2025-02-12 06:54:59,0.18398123321443505,Value,TT1501
2025-02-11 17:54:59,2025-02-18 20:30:00,2025-02-12 07:54:59,0.7536502431486611,Value,TT1501
2025-02-11 17:54:59,2025-02-18 20:30:00,2025-02-12 08:54:59,0.3840544653284595,Value,TT1501
2025-02-11 17:54:59,2025-02-18 20:30:00,2025-02-12 09:54:59,-1.1693393253997373,Value,TT1501
2025-02-11 17:54:59,2025-02-18 20:30:00,2025-02-12 10:54:59,1.2389673729881305,Value,TT1501
2025-02-11 17:54:59,2025-02-18 20:30:00,2025-02-12 11:54:59,0.2998259309453589,Value,TT1501
2025-02-11 17:54:59,2025-02-18 20:30:00,2025-02-12 12:54:59,0.5496827282004119,Value,TT1501
2025-02-11 17:54:59,2025-02-18 20:30:00,2025-02-12 13:54:59,-0.5687675476468766,Value,TT1501
2025-02-11 17:54:59,2025-02-18 20:30:00,2025-02-12 14:54:59,1.3259967503465637,Value,TT1501
2025-02-11 17:54:59,2025-02-18 20:30:00,2025-02-12 15:54:59,-1.0561549810121893,Value,TT1501
2025-02-11 17:54:59,2025-02-18 20:30:00,2025-02-12 16:54:59,-0.7030724720966474,Value,TT1501
2025-02-11 17:54:59,2025-02-18 20:30:00,2025-02-12 17:54:59,0.202676845046507,Value,TT1501
2025-02-11 17:54:59,2025-02-18 20:30:00,2025-02-12 18:54:59,0.7786394629428333,Value,TT1501
2025-02-11 17:54:59,2025-02-18 20:30:00,2025-02-12 19:54:59,0.914169932267003,Value,TT1501
2025-02-11 17:54:59,2025-02-18 20:30:00,2025-02-12 20:54:59,0.49513713753400307,Value,TT1501
2025-02-11 17:54:59,2025-02-18 20:30:00,2025-02-12 21:54:59,2.6915886183039315,Value,TT1501
2025-02-11 17:54:59,2025-02-18 20:30:00,2025-02-12 22:54:59,-1.1435463510922563,Value,TT1501
2025-02-11 17:54:59,2025-02-18 20:30:00,2025-02-12 23:54:59,-1.0468104981897899,Value,TT1501
2025-02-11 17:54:59,2025-02-18 20:30:00,2025-02-13 00:54:59,0.4243953138155568,Value,TT1501
2025-02-11 17:54:59,2025-02-18 20:30:00,2025-02-13 01:54:59,0.8679568671491843,Value,TT1501
2025-02-11 17:54:59,2025-02-18 20:30:00,2025-02-13 02:54:59,0.8162121927599928,Value,TT1501
2025-02-11 17:54:59,2025-02-18 20:30:00,2025-02-13 03:54:59,0.11292430826514435,Value,TT1501
2025-02-11 17:54:59,2025-02-18 20:30:00,2025-02-13 04:54:59,-0.3302558587536595,Value,TT1501
2025-02-11 17:54:59,2025-02-18 20:30:00,2025-02-13 05:54:59,-0.6383845934312617,Value,TT1501
2025-02-11 17:54:59,2025-02-18 20:30:00,2025-02-13 06:54:59,-0.9534368730887152,Value,TT1501
2025-02-11 17:54:59,2025-02-18 20:30:00,2025-02-13 07:54:59,1.9267996633172233,Value,TT1501
2025-02-11 17:54:59,2025-02-18 20:30:00,2025-02-13 08:54:59,-0.3865739422314485,Value,TT1501
2025-02-11 17:54:59,2025-02-18 20:30:00,2025-02-13 09:54:59,0.41467923509900917,Value,TT1501
2025-02-11 17:54:59,2025-02-18 20:30:00,2025-02-13 10:54:59,0.6845760136596997,Value,TT1501
2025-02-11 17:54:59,2025-02-18 20:30:00,2025-02-13 11:54:59,-0.7204836376458352,Value,TT1501
2025-02-11 17:54:59,2025-02-18 20:30:00,2025-02-13 12:54:59,0.17092475416544767,Value,TT1501
2025-02-11 17:54:59,2025-02-18 20:30:00,2025-02-13 13:54:59,0.48991295616680164,Value,TT1501
2025-02-11 17:54:59,2025-02-18 20:30:00,2025-02-13 14:54:59,0.7277668028960894,Value,TT1501
2025-02-11 17:54:59,2025-02-18 20:30:00,2025-02-13 15:54:59,-0.45779680388082783,Value,TT1501
2025-02-11 17:54:59,2025-02-18 20:30:00,2025-02-13 16:54:59,-0.5822247575805696,Value,TT1501
2025-02-11 17:54:59,2025-02-18 20:30:00,2025-02-13 17:54:59,0.022000891148596675,Value,TT1501
2025-02-11 17:54:59,2025-02-18 20:30:00,2025-02-13 18:54:59,1.1400881887209766,Value,TT1501
2025-02-11 17:54:59,2025-02-18 20:30:00,2025-02-13 19:54:59,-0.19197071567056803,Value,TT1501
2025-02-11 17:54:59,2025-02-18 20:30:00,2025-02-13 20:54:59,0.678037940273178,Value,TT1501
2025-02-11 17:54:59,2025-02-18 20:30:00,2025-02-13 21:54:59,0.32234974174909004,Value,TT1501
2025-02-11 17:54:59,2025-02-18 20:30:00,2025-02-13 22:54:59,0.21799921537738656,Value,TT1501
2025-02-11 17:54:59,2025-02-18 20:30:00,2025-02-13 23:54:59,1.2628086428917722,Value,TT1501
2025-02-11 17:54:59,2025-02-18 20:30:00,2025-02-14 00:54:59,0.5779128253736724,Value,TT1501
2025-02-11 17:54:59,2025-02-18 20:30:00,2025-02-14 01:54:59,-1.494584566195742,Value,TT1501
2025-02-11 17:54:59,2025-02-18 20:30:00,2025-02-14 02:54:59,0.39138656908626757,Value,TT1501
2025-02-11 17:54:59,2025-02-18 20:30:00,2025-02-14 03:54:59,-2.1026126470334607,Value,TT1501
2025-02-11 17:54:59,2025-02-18 20:30:00,2025-02-14 04:54:59,-0.9616747018484141,Value,TT1501
2025-02-11 17:54:59,2025-02-18 20:30:00,2025-02-14 05:54:59,0.2581574981063244,Value,TT1501
2025-02-11 17:54:59,2025-02-18 20:30:00,2025-02-14 06:54:59,-1.3531345462765225,Value,TT1501
2025-02-11 17:54:59,2025-02-18 20:30:00,2025-02-14 07:54:59,-0.7454710547349747,Value,TT1501
2025-02-11 17:54:59,2025-02-18 20:30:00,2025-02-14 08:54:59,0.4915939084073428,Value,TT1501
2025-02-11 17:54:59,2025-02-18 20:30:00,2025-02-14 09:54:59,0.4179286183751914,Value,TT1501
2025-02-11 17:54:59,2025-02-18 20:30:00,2025-02-14 10:54:59,-1.0737990617004523,Value,TT1501
2025-02-11 17:54:59,2025-02-18 20:30:00,2025-02-14 11:54:59,1.8589787141672816,Value,TT1501
2025-02-11 17:54:59,2025-02-18 20:30:00,2025-02-14 12:54:59,-0.9481979601614101,Value,TT1501
2025-02-11 17:54:59,2025-02-18 20:30:00,2025-02-14 13:54:59,-0.43529626489815465,Value,TT1501
2025-02-11 17:54:59,2025-02-18 20:30:00,2025-02-14 14:54:59,-0.6992023776269903,Value,TT1501
2025-02-11 17:54:59,2025-02-18 20:30:00,2025-02-14 15:54:59,0.4588216507450849,Value,TT1501
2025-02-11 17:54:59,2025-02-18 20:30:00,2025-02-14 16:54:59,-1.0198331639451634,Value,TT1501
2025-02-11 17:54:59,2025-02-18 20:30:00,2025-02-14 17:54:59,-0.029242750366156218,Value,TT1501
2025-02-11 17:54:59,2025-02-18 20:30:00,2025-02-14 18:54:59,0.5187302172041349,Value,TT1501
2025-02-11 17:54:59,2025-02-18 20:30:00,2025-02-14 19:54:59,0.2995703848027765,Value,TT1501
2025-02-11 17:54:59,2025-02-18 20:30:00,2025-02-14 20:54:59,0.20560668943295404,Value,TT1501
2025-02-11 17:54:59,2025-02-18 20:30:00,2025-02-14 21:54:59,-0.5169768725044653,Value,TT1501
2025-02-11 17:54:59,2025-02-18 20:30:00,2025-02-14 22:54:59,1.2088698503705297,Value,TT1501
2025-02-11 17:54:59,2025-02-18 20:30:00,2025-02-14 23:54:59,0.542059538864065,Value,TT1501
2025-02-11 17:54:59,2025-02-18 20:30:00,2025-02-15 00:54:59,0.7314965967696434,Value,TT1501
2025-02-11 17:54:59,2025-02-18 20:30:00,2025-02-15 01:54:59,-1.0253695069545983,Value,TT1501
2025-02-11 17:54:59,2025-02-18 20:30:00,2025-02-15 02:54:59,2.201377833594604,Value,TT1501
2025-02-11 17:54:59,2025-02-18 20:30:00,2025-02-15 03:54:59,0.04804048750742814,Value,TT1501
2025-02-11 17:54:59,2025-02-18 20:30:00,2025-02-15 04:54:59,-1.523389727972554,Value,TT1501
2025-02-11 17:54:59,2025-02-18 20:30:00,2025-02-15 05:54:59,0.08737551916746418,Value,TT1501
2025-02-11 17:54:59,2025-02-18 20:30:00,2025-02-15 06:54:59,-0.5672280130895196,Value,TT1501
2025-02-11 17:54:59,2025-02-18 20:30:00,2025-02-15 07:54:59,-0.7055859184134349,Value,TT1501
2025-02-11 17:54:59,2025-02-18 20:30:00,2025-02-15 08:54:59,0.9765071955480585,Value,TT1501
2025-02-11 17:54:59,2025-02-18 20:30:00,2025-02-15 09:54:59,-1.896117894259025,Value,TT1501
2025-02-11 17:54:59,2025-02-18 20:30:00,2025-02-15 10:54:59,1.4858878915189282,Value,TT1501
2025-02-11 17:54:59,2025-02-18 20:30:00,2025-02-15 11:54:59,1.2941178536413727,Value,TT1501
2025-02-11 17:54:59,2025-02-18 20:30:00,2025-02-15 12:54:59,-0.24971349427677725,Value,TT1501
2025-02-11 17:54:59,2025-02-18 20:30:00,2025-02-15 13:54:59,1.990057367562782,Value,TT1501
2025-02-11 17:54:59,2025-02-18 20:30:00,2025-02-15 14:54:59,-0.11778279304017857,Value,TT1501
2025-02-11 17:54:59,2025-02-18 20:30:00,2025-02-15 15:54:59,0.12906481077025073,Value,TT1501
2025-02-11 17:54:59,2025-02-18 20:30:00,2025-02-15 16:54:59,-0.21234152238918666,Value,TT1501
2025-02-11 17:54:59,2025-02-18 20:30:00,2025-02-15 17:54:59,-0.051277845201100875,Value,TT1501
2025-02-11 17:54:59,2025-02-18 20:30:00,2025-02-15 18:54:59,0.28851258008976066,Value,TT1501
2025-02-11 17:54:59,2025-02-18 20:30:00,2025-02-15 19:54:59,-1.734586597602914,Value,TT1501
2025-02-11 17:54:59,2025-02-18 20:30:00,2025-02-15 20:54:59,-1.232313562458478,Value,TT1501
2025-02-11 17:54:59,2025-02-18 20:30:00,2025-02-15 21:54:59,0.14077502865051314,Value,TT1501
2025-02-11 17:54:59,2025-02-18 20:30:00,2025-02-15 22:54:59,-0.29919920370960806,Value,TT1501
2025-02-11 17:54:59,2025-02-18 20:30:00,2025-02-15 23:54:59,-0.8552251908384785,Value,TT1501
2025-02-11 17:54:59,2025-02-18 20:30:00,2025-02-16 00:54:59,-0.299229553796085,Value,TT1501
2025-02-11 17:54:59,2025-02-18 20:30:00,2025-02-16 01:54:59,-0.38753743039691335,Value,TT1501
2025-02-11 17:54:59,2025-02-18 20:30:00,2025-02-16 02:54:59,-1.6528847615155742,Value,TT1501
2025-02-11 17:54:59,2025-02-18 20:30:00,2025-02-16 03:54:59,-0.6285014452325762,Value,TT1501
2025-02-11 17:54:59,2025-02-18 20:30:00,2025-02-16 04:54:59,0.25934831151158255,Value,TT1501
2025-02-11 17:54:59,2025-02-18 20:30:00,2025-02-16 05:54:59,0.046612695944469776,Value,TT1501
2025-02-11 17:54:59,2025-02-18 20:30:00,2025-02-16 06:54:59,0.9015159160984394,Value,TT1501
2025-02-11 17:54:59,2025-02-18 20:30:00,2025-02-16 07:54:59,0.8947321340219119,Value,TT1501
2025-02-11 17:54:59,2025-02-18 20:30:00,2025-02-16 08:54:59,-0.4787872009388781,Value,TT1501
2025-02-11 17:54:59,2025-02-18 20:30:00,2025-02-16 09:54:59,0.09921474504766606,Value,TT1501
2025-02-11 17:54:59,2025-02-18 20:30:00,2025-02-16 10:54:59,0.3326190057628625,Value,TT1501
2025-02-11 17:54:59,2025-02-18 20:30:00,2025-02-16 11:54:59,-0.8525339202336095,Value,TT1501
2025-02-11 17:54:59,2025-02-18 20:30:00,2025-02-16 12:54:59,-0.6676549527620815,Value,TT1501
2025-02-11 17:54:59,2025-02-18 20:30:00,2025-02-16 13:54:59,-0.5819079078125761,Value,TT1501
2025-02-11 17:54:59,2025-02-18 20:30:00,2025-02-16 14:54:59,0.9206021717012057,Value,TT1501
2025-02-11 17:54:59,2025-02-18 20:30:00,2025-02-16 15:54:59,0.3148035846629146,Value,TT1501
2025-02-11 17:54:59,2025-02-18 20:30:00,2025-02-16 16:54:59,1.5191382836829888,Value,TT1501
2025-02-11 17:54:59,2025-02-18 20:30:00,2025-02-16 17:54:59,-1.2036506882249733,Value,TT1501
2025-02-11 17:54:59,2025-02-18 20:30:00,2025-02-16 18:54:59,-1.648983765091884,Value,TT1501
2025-02-11 17:54:59,2025-02-18 20:30:00,2025-02-16 19:54:59,0.4262686257595669,Value,TT1501
2025-02-11 17:54:59,2025-02-18 20:30:00,2025-02-16 20:54:59,0.41468431924599325,Value,TT1501
2025-02-11 17:54:59,2025-02-18 20:30:00,2025-02-16 21:54:59,-0.3019112069906026,Value,TT1501
2025-02-11 17:54:59,2025-02-18 20:30:00,2025-02-16 22:54:59,0.03814988889860571,Value,TT1501
2025-02-11 17:54:59,2025-02-18 20:30:00,2025-02-16 23:54:59,0.21524168761500462,Value,TT1501
2025-02-11 17:54:59,2025-02-18 20:30:00,2025-02-17 00:54:59,-0.2463600232072577,Value,TT1501
2025-02-11 17:54:59,2025-02-18 20:30:00,2025-02-17 01:54:59,1.0525413715944216,Value,TT1501
2025-02-11 17:54:59,2025-02-18 20:30:00,2025-02-17 02:54:59,-0.8494546419657294,Value,TT1501
2025-02-11 17:54:59,2025-02-18 20:30:00,2025-02-17 03:54:59,-1.5339282649005221,Value,TT1501
2025-02-11 17:54:59,2025-02-18 20:30:00,2025-02-17 04:54:59,-1.4820758943581382,Value,TT1501
2025-02-11 17:54:59,2025-02-18 20:30:00,2025-02-17 05:54:59,0.4244092564700824,Value,TT1501
2025-02-11 17:54:59,2025-02-18 20:30:00,2025-02-17 06:54:59,1.2440160717926048,Value,TT1501
2025-02-11 17:54:59,2025-02-18 20:30:00,2025-02-17 07:54:59,0.9362017237346371,Value,TT1501
2025-02-11 17:54:59,2025-02-18 20:30:00,2025-02-17 08:54:59,-2.1306596057581135,Value,TT1501
2025-02-11 17:54:59,2025-02-18 20:30:00,2025-02-17 09:54:59,0.4700434439805421,Value,TT1501
2025-02-11 17:54:59,2025-02-18 20:30:00,2025-02-17 10:54:59,-1.5182225104030918,Value,TT1501
2025-02-11 17:54:59,2025-02-18 20:30:00,2025-02-17 11:54:59,-1.570941102382589,Value,TT1501
2025-02-11 17:54:59,2025-02-18 20:30:00,2025-02-17 12:54:59,-0.30569792905353893,Value,TT1501
2025-02-11 17:54:59,2025-02-18 20:30:00,2025-02-17 13:54:59,0.22913437903571077,Value,TT1501
2025-02-11 17:54:59,2025-02-18 20:30:00,2025-02-17 14:54:59,-0.16325180421465382,Value,TT1501
2025-02-11 17:54:59,2025-02-18 20:30:00,2025-02-17 15:54:59,-1.7328136348616114,Value,TT1501
2025-02-11 17:54:59,2025-02-18 20:30:00,2025-02-17 16:54:59,-0.8185479212075648,Value,TT1501
2025-02-11 17:54:59,2025-02-18 20:30:00,2025-02-17 17:54:59,-1.2681690820719085,Value,TT1501
2025-02-11 17:54:59,2025-02-18 20:30:00,2025-02-17 18:54:59,0.300323932391961,Value,TT1501
2025-02-11 17:54:59,2025-02-18 20:30:00,2025-02-17 19:54:59,-0.3406821062716872,Value,TT1501
2025-02-11 17:54:59,2025-02-18 20:30:00,2025-02-17 20:54:59,1.9704109589874848,Value,TT1501
2025-02-11 17:54:59,2025-02-18 20:30:00,2025-02-17 21:54:59,-1.9761223925367526,Value,TT1501
2025-02-11 17:54:59,2025-02-18 20:30:00,2025-02-17 22:54:59,-1.822448617457608,Value,TT1501
2025-02-11 17:54:59,2025-02-18 20:30:00,2025-02-17 23:54:59,-0.3157538897961222,Value,TT1501
2025-02-11 17:54:59,2025-02-18 20:30:00,2025-02-18 00:54:59,-1.6316488038025414,Value,TT1501
2025-02-11 17:54:59,2025-02-18 20:30:00,2025-02-18 01:54:59,0.3530645761792036,Value,TT1501
2025-02-11 17:54:59,2025-02-18 20:30:00,2025-02-18 02:54:59,0.7418387468699862,Value,TT1501
2025-02-11 17:54:59,2025-02-18 20:30:00,2025-02-18 03:54:59,0.31257543144547434,Value,TT1501
2025-02-11 17:54:59,2025-02-18 20:30:00,2025-02-18 04:54:59,-2.1512228064186405,Value,TT1501
2025-02-11 17:54:59,2025-02-18 20:30:00,2025-02-18 05:54:59,1.3007072485544142,Value,TT1501
2025-02-11 17:54:59,2025-02-18 20:30:00,2025-02-18 06:54:59,-1.0552246463821324,Value,TT1501
2025-02-11 17:54:59,2025-02-18 20:30:00,2025-02-18 07:54:59,0.14767328748520378,Value,TT1501
2025-02-11 17:54:59,2025-02-18 20:30:00,2025-02-18 08:54:59,-0.604176435948358,Value,TT1501
2025-02-11 17:54:59,2025-02-18 20:30:00,2025-02-18 09:54:59,1.288757004452173,Value,TT1501
2025-02-11 17:54:59,2025-02-18 20:30:00,2025-02-18 10:54:59,-1.9541087824925574,Value,TT1501
2025-02-11 17:54:59,2025-02-18 20:30:00,2025-02-18 11:54:59,0.3933364825999743,Value,TT1501
2025-02-11 17:54:59,2025-02-18 20:30:00,2025-02-18 12:54:59,-1.0058954817065764,Value,TT1501
2025-02-11 17:54:59,2025-02-18 20:30:00,2025-02-18 13:54:59,0.5325695250215186,Value,TT1501
2025-02-11 17:54:59,2025-02-18 20:30:00,2025-02-18 14:54:59,0.5116942616708204,Value,TT1501
2025-02-11 17:54:59,2025-02-18 20:30:00,2025-02-18 15:54:59,0.9507504206548023,Value,TT1501
2025-02-11 17:54:59,2025-02-18 20:30:00,2025-02-18 16:54:59,-1.0367906605041968,Value,TT1501
2025-02-11 17:54:59,2025-02-18 20:30:00,2025-02-18 17:54:59,0.5960452371181327,Value,TT1501
2025-02-11 17:54:59,2025-02-18 20:30:00,2025-02-18 18:54:59,1.1378343277585226,Value,TT1501
2025-02-11 17:54:59,2025-02-18 20:30:00,2025-02-18 19:54:59,-1.0756380811431938,Value,TT1501
2025-02-11 17:54:59,2025-02-18 20:30:00,2025-02-11 17:54:59,-1.4870851064832267,Value,MSC1001
2025-02-11 17:54:59,2025-02-18 20:30:00,2025-02-11 18:54:59,-0.7969128868223371,Value,MSC1001
2025-02-11 17:54:59,2025-02-18 20:30:00,2025-02-11 19:54:59,-1.3464867398424314,Value,MSC1001
2025-02-11 17:54:59,2025-02-18 20:30:00,2025-02-11 20:54:59,0.19782556457427258,Value,MSC1001
2025-02-11 17:54:59,2025-02-18 20:30:00,2025-02-11 21:54:59,-0.2925601187222084,Value,MSC1001
2025-02-11 17:54:59,2025-02-18 20:30:00,2025-02-11 22:54:59,-0.20144347107691707,Value,MSC1001
2025-02-11 17:54:59,2025-02-18 20:30:00,2025-02-11 23:54:59,0.30713396447514646,Value,MSC1001
2025-02-11 17:54:59,2025-02-18 20:30:00,2025-02-12 00:54:59,-0.2813268068483588,Value,MSC1001
2025-02-11 17:54:59,2025-02-18 20:30:00,2025-02-12 01:54:59,0.6705201360966352,Value,MSC1001
2025-02-11 17:54:59,2025-02-18 20:30:00,2025-02-12 02:54:59,-0.30828983003587623,Value,MSC1001
2025-02-11 17:54:59,2025-02-18 20:30:00,2025-02-12 03:54:59,-2.1537719630351755,Value,MSC1001
2025-02-11 17:54:59,2025-02-18 20:30:00,2025-02-12 04:54:59,-0.17314334957663186,Value,MSC1001
2025-02-11 17:54:59,2025-02-18 20:30:00,2025-02-12 05:54:59,0.746703679148838,Value,MSC1001
2025-02-11 17:54:59,2025-02-18 20:30:00,2025-02-12 06:54:59,-1.4708118009029059,Value,MSC1001
2025-02-11 17:54:59,2025-02-18 20:30:00,2025-02-12 07:54:59,1.0230668373708665,Value,MSC1001
2025-02-11 17:54:59,2025-02-18 20:30:00,2025-02-12 08:54:59,0.016841916720642905,Value,MSC1001
2025-02-11 17:54:59,2025-02-18 20:30:00,2025-02-12 09:54:59,0.4829222332196031,Value,MSC1001
2025-02-11 17:54:59,2025-02-18 20:30:00,2025-02-12 10:54:59,-0.4933738197091692,Value,MSC1001
2025-02-11 17:54:59,2025-02-18 20:30:00,2025-02-12 11:54:59,-0.11479065779488355,Value,MSC1001
2025-02-11 17:54:59,2025-02-18 20:30:00,2025-02-12 12:54:59,0.6846385685104508,Value,MSC1001
2025-02-11 17:54:59,2025-02-18 20:30:00,2025-02-12 13:54:59,-0.8829592280049507,Value,MSC1001
2025-02-11 17:54:59,2025-02-18 20:30:00,2025-02-12 14:54:59,-1.8096373890095907,Value,MSC1001
2025-02-11 17:54:59,2025-02-18 20:30:00,2025-02-12 15:54:59,0.0054572395614559035,Value,MSC1001
2025-02-11 17:54:59,2025-02-18 20:30:00,2025-02-12 16:54:59,0.7072412562109359,Value,MSC1001
2025-02-11 17:54:59,2025-02-18 20:30:00,2025-02-12 17:54:59,1.2555668765410828,Value,MSC1001
2025-02-11 17:54:59,2025-02-18 20:30:00,2025-02-12 18:54:59,-1.4328851020290816,Value,MSC1001
2025-02-11 17:54:59,2025-02-18 20:30:00,2025-02-12 19:54:59,-0.7003776296389588,Value,MSC1001
2025-02-11 17:54:59,2025-02-18 20:30:00,2025-02-12 20:54:59,-0.677854840645102,Value,MSC1001
2025-02-11 17:54:59,2025-02-18 20:30:00,2025-02-12 21:54:59,1.6178459232469575,Value,MSC1001
2025-02-11 17:54:59,2025-02-18 20:30:00,2025-02-12 22:54:59,-0.005473114786942571,Value,MSC1001
2025-02-11 17:54:59,2025-02-18 20:30:00,2025-02-12 23:54:59,-0.19148775210147584,Value,MSC1001
2025-02-11 17:54:59,2025-02-18 20:30:00,2025-02-13 00:54:59,0.6518217108465405,Value,MSC1001
2025-02-11 17:54:59,2025-02-18 20:30:00,2025-02-13 01:54:59,0.03593460600802164,Value,MSC1001
2025-02-11 17:54:59,2025-02-18 20:30:00,2025-02-13 02:54:59,0.8656656093270968,Value,MSC1001
2025-02-11 17:54:59,2025-02-18 20:30:00,2025-02-13 03:54:59,-0.5080846598248763,Value,MSC1001
2025-02-11 17:54:59,2025-02-18 20:30:00,2025-02-13 04:54:59,0.8808216365790368,Value,MSC1001
2025-02-11 17:54:59,2025-02-18 20:30:00,2025-02-13 05:54:59,-0.9562408552562056,Value,MSC1001
2025-02-11 17:54:59,2025-02-18 20:30:00,2025-02-13 06:54:59,0.3278796115736517,Value,MSC1001
2025-02-11 17:54:59,2025-02-18 20:30:00,2025-02-13 07:54:59,2.0161362801618368,Value,MSC1001
2025-02-11 17:54:59,2025-02-18 20:30:00,2025-02-13 08:54:59,-0.14739217343406308,Value,MSC1001
2025-02-11 17:54:59,2025-02-18 20:30:00,2025-02-13 09:54:59,1.1423170792733148,Value,MSC1001
2025-02-11 17:54:59,2025-02-18 20:30:00,2025-02-13 10:54:59,-0.16506020456015005,Value,MSC1001
2025-02-11 17:54:59,2025-02-18 20:30:00,2025-02-13 11:54:59,-0.10373550368827693,Value,MSC1001
2025-02-11 17:54:59,2025-02-18 20:30:00,2025-02-13 12:54:59,-0.3760588303534378,Value,MSC1001
2025-02-11 17:54:59,2025-02-18 20:30:00,2025-02-13 13:54:59,-1.152688167526338,Value,MSC1001
2025-02-11 17:54:59,2025-02-18 20:30:00,2025-02-13 14:54:59,1.219759779378349,Value,MSC1001
2025-02-11 17:54:59,2025-02-18 20:30:00,2025-02-13 15:54:59,1.2578871858370357,Value,MSC1001
2025-02-11 17:54:59,2025-02-18 20:30:00,2025-02-13 16:54:59,-1.7608708438931824,Value,MSC1001
2025-02-11 17:54:59,2025-02-18 20:30:00,2025-02-13 17:54:59,0.536464233389004,Value,MSC1001
2025-02-11 17:54:59,2025-02-18 20:30:00,2025-02-13 18:54:59,-1.5307310750320462,Value,MSC1001
2025-02-11 17:54:59,2025-02-18 20:30:00,2025-02-13 19:54:59,-0.8178746088699181,Value,MSC1001
2025-02-11 17:54:59,2025-02-18 20:30:00,2025-02-13 20:54:59,-0.6184115906391365,Value,MSC1001
2025-02-11 17:54:59,2025-02-18 20:30:00,2025-02-13 21:54:59,-0.6509011648753196,Value,MSC1001
2025-02-11 17:54:59,2025-02-18 20:30:00,2025-02-13 22:54:59,0.07329269735301751,Value,MSC1001
2025-02-11 17:54:59,2025-02-18 20:30:00,2025-02-13 23:54:59,-1.567428381609168,Value,MSC1001
2025-02-11 17:54:59,2025-02-18 20:30:00,2025-02-14 00:54:59,-0.4711169042961176,Value,MSC1001
2025-02-11 17:54:59,2025-02-18 20:30:00,2025-02-14 01:54:59,-0.5099505983582304,Value,MSC1001
2025-02-11 17:54:59,2025-02-18 20:30:00,2025-02-14 02:54:59,-0.8735211499703626,Value,MSC1001
2025-02-11 17:54:59,2025-02-18 20:30:00,2025-02-14 03:54:59,-1.412574120618981,Value,MSC1001
2025-02-11 17:54:59,2025-02-18 20:30:00,2025-02-14 04:54:59,-1.841169356537386,Value,MSC1001
2025-02-11 17:54:59,2025-02-18 20:30:00,2025-02-14 05:54:59,0.2007902325722339,Value,MSC1001
2025-02-11 17:54:59,2025-02-18 20:30:00,2025-02-14 06:54:59,0.7388600992180944,Value,MSC1001
2025-02-11 17:54:59,2025-02-18 20:30:00,2025-02-14 07:54:59,0.9735186221809984,Value,MSC1001
2025-02-11 17:54:59,2025-02-18 20:30:00,2025-02-14 08:54:59,0.6878041732753357,Value,MSC1001
2025-02-11 17:54:59,2025-02-18 20:30:00,2025-02-14 09:54:59,1.2649453240219253,Value,MSC1001
2025-02-11 17:54:59,2025-02-18 20:30:00,2025-02-14 10:54:59,-0.2503009092184426,Value,MSC1001
2025-02-11 17:54:59,2025-02-18 20:30:00,2025-02-14 11:54:59,-0.7096975051628887,Value,MSC1001
2025-02-11 17:54:59,2025-02-18 20:30:00,2025-02-14 12:54:59,-0.6101437936727004,Value,MSC1001
2025-02-11 17:54:59,2025-02-18 20:30:00,2025-02-14 13:54:59,0.014443330627424774,Value,MSC1001
2025-02-11 17:54:59,2025-02-18 20:30:00,2025-02-14 14:54:59,-0.4121833520028602,Value,MSC1001
2025-02-11 17:54:59,2025-02-18 20:30:00,2025-02-14 15:54:59,-0.46149350072104517,Value,MSC1001
2025-02-11 17:54:59,2025-02-18 20:30:00,2025-02-14 16:54:59,0.13996512855547302,Value,MSC1001
2025-02-11 17:54:59,2025-02-18 20:30:00,2025-02-14 17:54:59,-0.8537386018713503,Value,MSC1001
2025-02-11 17:54:59,2025-02-18 20:30:00,2025-02-14 18:54:59,-0.10628800797694216,Value,MSC1001
2025-02-11 17:54:59,2025-02-18 20:30:00,2025-02-14 19:54:59,0.9875374895489933,Value,MSC1001
2025-02-11 17:54:59,2025-02-18 20:30:00,2025-02-14 20:54:59,2.3759934217060272,Value,MSC1001
2025-02-11 17:54:59,2025-02-18 20:30:00,2025-02-14 21:54:59,-0.08598791180653999,Value,MSC1001
2025-02-11 17:54:59,2025-02-18 20:30:00,2025-02-14 22:54:59,0.9258967574764283,Value,MSC1001
2025-02-11 17:54:59,2025-02-18 20:30:00,2025-02-14 23:54:59,0.30729411419638336,Value,MSC1001
2025-02-11 17:54:59,2025-02-18 20:30:00,2025-02-15 00:54:59,0.19549192000373883,Value,MSC1001
2025-02-11 17:54:59,2025-02-18 20:30:00,2025-02-15 01:54:59,-0.5923306867593389,Value,MSC1001
2025-02-11 17:54:59,2025-02-18 20:30:00,2025-02-15 02:54:59,0.870722292151913,Value,MSC1001
2025-02-11 17:54:59,2025-02-18 20:30:00,2025-02-15 03:54:59,-1.2720484609588312,Value,MSC1001
2025-02-11 17:54:59,2025-02-18 20:30:00,2025-02-15 04:54:59,-0.46645021530454794,Value,MSC1001
2025-02-11 17:54:59,2025-02-18 20:30:00,2025-02-15 05:54:59,0.4406842838178047,Value,MSC1001
2025-02-11 17:54:59,2025-02-18 20:30:00,2025-02-15 06:54:59,-0.25510036684154624,Value,MSC1001
2025-02-11 17:54:59,2025-02-18 20:30:00,2025-02-15 07:54:59,-1.0636405447067483,Value,MSC1001
2025-02-11 17:54:59,2025-02-18 20:30:00,2025-02-15 08:54:59,-0.05457674695024655,Value,MSC1001
2025-02-11 17:54:59,2025-02-18 20:30:00,2025-02-15 09:54:59,-0.5420390346637775,Value,MSC1001
2025-02-11 17:54:59,2025-02-18 20:30:00,2025-02-15 10:54:59,-0.5062436995507388,Value,MSC1001
2025-02-11 17:54:59,2025-02-18 20:30:00,2025-02-15 11:54:59,-0.942776944294031,Value,MSC1001
2025-02-11 17:54:59,2025-02-18 20:30:00,2025-02-15 12:54:59,0.3382051802304255,Value,MSC1001
2025-02-11 17:54:59,2025-02-18 20:30:00,2025-02-15 13:54:59,-0.3003943722429334,Value,MSC1001
2025-02-11 17:54:59,2025-02-18 20:30:00,2025-02-15 14:54:59,1.0529658654649914,Value,MSC1001
2025-02-11 17:54:59,2025-02-18 20:30:00,2025-02-15 15:54:59,0.2773752814038367,Value,MSC1001
2025-02-11 17:54:59,2025-02-18 20:30:00,2025-02-15 16:54:59,0.3379017443122723,Value,MSC1001
2025-02-11 17:54:59,2025-02-18 20:30:00,2025-02-15 17:54:59,-0.08542483038431829,Value,MSC1001
2025-02-11 17:54:59,2025-02-18 20:30:00,2025-02-15 18:54:59,-0.2066228305456228,Value,MSC1001
2025-02-11 17:54:59,2025-02-18 20:30:00,2025-02-15 19:54:59,0.48833677299697964,Value,MSC1001
2025-02-11 17:54:59,2025-02-18 20:30:00,2025-02-15 20:54:59,1.9619239970856055,Value,MSC1001
2025-02-11 17:54:59,2025-02-18 20:30:00,2025-02-15 21:54:59,1.3841240144061715,Value,MSC1001
2025-02-11 17:54:59,2025-02-18 20:30:00,2025-02-15 22:54:59,-0.05419736975507317,Value,MSC1001
2025-02-11 17:54:59,2025-02-18 20:30:00,2025-02-15 23:54:59,-0.2469760160681153,Value,MSC1001
2025-02-11 17:54:59,2025-02-18 20:30:00,2025-02-16 00:54:59,0.11338798576094797,Value,MSC1001
2025-02-11 17:54:59,2025-02-18 20:30:00,2025-02-16 01:54:59,-0.9962580143645579,Value,MSC1001
2025-02-11 17:54:59,2025-02-18 20:30:00,2025-02-16 02:54:59,1.8036918404614168,Value,MSC1001
2025-02-11 17:54:59,2025-02-18 20:30:00,2025-02-16 03:54:59,-0.2990970529315358,Value,MSC1001
2025-02-11 17:54:59,2025-02-18 20:30:00,2025-02-16 04:54:59,0.19978294971956115,Value,MSC1001
2025-02-11 17:54:59,2025-02-18 20:30:00,2025-02-16 05:54:59,-0.05563152344182159,Value,MSC1001
2025-02-11 17:54:59,2025-02-18 20:30:00,2025-02-16 06:54:59,-0.6410431637730999,Value,MSC1001
2025-02-11 17:54:59,2025-02-18 20:30:00,2025-02-16 07:54:59,-1.1763903068769308,Value,MSC1001
2025-02-11 17:54:59,2025-02-18 20:30:00,2025-02-16 08:54:59,-0.6021080096911055,Value,MSC1001
2025-02-11 17:54:59,2025-02-18 20:30:00,2025-02-16 09:54:59,-0.5452472485582415,Value,MSC1001
2025-02-11 17:54:59,2025-02-18 20:30:00,2025-02-16 10:54:59,0.7358596553571665,Value,MSC1001
2025-02-11 17:54:59,2025-02-18 20:30:00,2025-02-16 11:54:59,0.9242717072838358,Value,MSC1001
2025-02-11 17:54:59,2025-02-18 20:30:00,2025-02-16 12:54:59,-1.3331876222574315,Value,MSC1001
2025-02-11 17:54:59,2025-02-18 20:30:00,2025-02-16 13:54:59,0.6726838442313388,Value,MSC1001
2025-02-11 17:54:59,2025-02-18 20:30:00,2025-02-16 14:54:59,-1.7048533858092265,Value,MSC1001
2025-02-11 17:54:59,2025-02-18 20:30:00,2025-02-16 15:54:59,0.008397365149577595,Value,MSC1001
2025-02-11 17:54:59,2025-02-18 20:30:00,2025-02-16 16:54:59,-0.0687271695682867,Value,MSC1001
2025-02-11 17:54:59,2025-02-18 20:30:00,2025-02-16 17:54:59,0.5524056552851343,Value,MSC1001
2025-02-11 17:54:59,2025-02-18 20:30:00,2025-02-16 18:54:59,-0.5581566354525167,Value,MSC1001
2025-02-11 17:54:59,2025-02-18 20:30:00,2025-02-16 19:54:59,0.9436001015204329,Value,MSC1001
2025-02-11 17:54:59,2025-02-18 20:30:00,2025-02-16 20:54:59,-1.1113050894956586,Value,MSC1001
2025-02-11 17:54:59,2025-02-18 20:30:00,2025-02-16 21:54:59,-0.7269255583494634,Value,MSC1001
2025-02-11 17:54:59,2025-02-18 20:30:00,2025-02-16 22:54:59,0.9723014710926209,Value,MSC1001
2025-02-11 17:54:59,2025-02-18 20:30:00,2025-02-16 23:54:59,-0.6740264562964685,Value,MSC1001
2025-02-11 17:54:59,2025-02-18 20:30:00,2025-02-17 00:54:59,-0.027970678991187905,Value,MSC1001
2025-02-11 17:54:59,2025-02-18 20:30:00,2025-02-17 01:54:59,-0.22455301332158645,Value,MSC1001
2025-02-11 17:54:59,2025-02-18 20:30:00,2025-02-17 02:54:59,0.9151325438018965,Value,MSC1001
2025-02-11 17:54:59,2025-02-18 20:30:00,2025-02-17 03:54:59,0.01873215524387109,Value,MSC1001
2025-02-11 17:54:59,2025-02-18 20:30:00,2025-02-17 04:54:59,0.026984184339480046,Value,MSC1001
2025-02-11 17:54:59,2025-02-18 20:30:00,2025-02-17 05:54:59,0.5304111756522992,Value,MSC1001
2025-02-11 17:54:59,2025-02-18 20:30:00,2025-02-17 06:54:59,0.36084614167484885,Value,MSC1001
2025-02-11 17:54:59,2025-02-18 20:30:00,2025-02-17 07:54:59,0.3323268207547744,Value,MSC1001
2025-02-11 17:54:59,2025-02-18 20:30:00,2025-02-17 08:54:59,-0.7237589271795355,Value,MSC1001
2025-02-11 17:54:59,2025-02-18 20:30:00,2025-02-17 09:54:59,0.26664176701721143,Value,MSC1001
2025-02-11 17:54:59,2025-02-18 20:30:00,2025-02-17 10:54:59,1.0469639563171125,Value,MSC1001
2025-02-11 17:54:59,2025-02-18 20:30:00,2025-02-17 11:54:59,0.6630063864584178,Value,MSC1001
2025-02-11 17:54:59,2025-02-18 20:30:00,2025-02-17 12:54:59,-1.2873561511062228,Value,MSC1001
2025-02-11 17:54:59,2025-02-18 20:30:00,2025-02-17 13:54:59,-0.31131356695823126,Value,MSC1001
2025-02-11 17:54:59,2025-02-18 20:30:00,2025-02-17 14:54:59,-0.4411088613142095,Value,MSC1001
2025-02-11 17:54:59,2025-02-18 20:30:00,2025-02-17 15:54:59,-1.0451499446240389,Value,MSC1001
2025-02-11 17:54:59,2025-02-18 20:30:00,2025-02-17 16:54:59,1.5578888877736046,Value,MSC1001
2025-02-11 17:54:59,2025-02-18 20:30:00,2025-02-17 17:54:59,-1.4299864049644393,Value,MSC1001
2025-02-11 17:54:59,2025-02-18 20:30:00,2025-02-17 18:54:59,1.694066773525445,Value,MSC1001
2025-02-11 17:54:59,2025-02-18 20:30:00,2025-02-17 19:54:59,0.2023774488763419,Value,MSC1001
2025-02-11 17:54:59,2025-02-18 20:30:00,2025-02-17 20:54:59,2.037879997670806,Value,MSC1001
2025-02-11 17:54:59,2025-02-18 20:30:00,2025-02-17 21:54:59,-1.1626630178556139,Value,MSC1001
2025-02-11 17:54:59,2025-02-18 20:30:00,2025-02-17 22:54:59,-1.5025261405318933,Value,MSC1001
2025-02-11 17:54:59,2025-02-18 20:30:00,2025-02-17 23:54:59,0.5578532638445374,Value,MSC1001
2025-02-11 17:54:59,2025-02-18 20:30:00,2025-02-18 00:54:59,1.0384096524981248,Value,MSC1001
2025-02-11 17:54:59,2025-02-18 20:30:00,2025-02-18 01:54:59,0.008483294197821277,Value,MSC1001
2025-02-11 17:54:59,2025-02-18 20:30:00,2025-02-18 02:54:59,-1.95419654502418,Value,MSC1001
2025-02-11 17:54:59,2025-02-18 20:30:00,2025-02-18 03:54:59,-0.45105932409274574,Value,MSC1001
2025-02-11 17:54:59,2025-02-18 20:30:00,2025-02-18 04:54:59,-1.8726904272941256,Value,MSC1001
2025-02-11 17:54:59,2025-02-18 20:30:00,2025-02-18 05:54:59,-0.6909715280642666,Value,MSC1001
2025-02-11 17:54:59,2025-02-18 20:30:00,2025-02-18 06:54:59,-0.8992769542780737,Value,MSC1001
2025-02-11 17:54:59,2025-02-18 20:30:00,2025-02-18 07:54:59,1.288691288679133,Value,MSC1001
2025-02-11 17:54:59,2025-02-18 20:30:00,2025-02-18 08:54:59,0.5597583762852184,Value,MSC1001
2025-02-11 17:54:59,2025-02-18 20:30:00,2025-02-18 09:54:59,-0.1846266254519492,Value,MSC1001
2025-02-11 17:54:59,2025-02-18 20:30:00,2025-02-18 10:54:59,-0.8047762474223579,Value,MSC1001
2025-02-11 17:54:59,2025-02-18 20:30:00,2025-02-18 11:54:59,0.8488860261472209,Value,MSC1001
2025-02-11 17:54:59,2025-02-18 20:30:00,2025-02-18 12:54:59,-1.127116230273406,Value,MSC1001
2025-02-11 17:54:59,2025-02-18 20:30:00,2025-02-18 13:54:59,-0.6356472421000897,Value,MSC1001
2025-02-11 17:54:59,2025-02-18 20:30:00,2025-02-18 14:54:59,0.3428676514882076,Value,MSC1001
2025-02-11 17:54:59,2025-02-18 20:30:00,2025-02-18 15:54:59,0.0415545572077163,Value,MSC1001
2025-02-11 17:54:59,2025-02-18 20:30:00,2025-02-18 16:54:59,-0.5085101545138856,Value,MSC1001
2025-02-11 17:54:59,2025-02-18 20:30:00,2025-02-18 17:54:59,-1.820529310864146,Value,MSC1001
2025-02-11 17:54:59,2025-02-18 20:30:00,2025-02-18 18:54:59,0.6973662653136002,Value,MSC1001
2025-02-11 17:54:59,2025-02-18 20:30:00,2025-02-18 19:54:59,1.0470967216880385,Value,MSC1001
2025-02-11 17:54:59,2025-02-18 20:30:00,2025-02-11 17:54:59,-1.2292281489619536,Value,CV1801
2025-02-11 17:54:59,2025-02-18 20:30:00,2025-02-11 18:54:59,-0.7880670481534042,Value,CV1801
2025-02-11 17:54:59,2025-02-18 20:30:00,2025-02-11 19:54:59,-1.201487866558832,Value,CV1801
2025-02-11 17:54:59,2025-02-18 20:30:00,2025-02-11 20:54:59,-1.185761798819806,Value,CV1801
2025-02-11 17:54:59,2025-02-18 20:30:00,2025-02-11 21:54:59,-0.36231052484598986,Value,CV1801
2025-02-11 17:54:59,2025-02-18 20:30:00,2025-02-11 22:54:59,-1.7277765609228946,Value,CV1801
2025-02-11 17:54:59,2025-02-18 20:30:00,2025-02-11 23:54:59,-1.7604707068984349,Value,CV1801
2025-02-11 17:54:59,2025-02-18 20:30:00,2025-02-12 00:54:59,0.00725987592274479,Value,CV1801
2025-02-11 17:54:59,2025-02-18 20:30:00,2025-02-12 01:54:59,-0.25688586617561615,Value,CV1801
2025-02-11 17:54:59,2025-02-18 20:30:00,2025-02-12 02:54:59,-0.18517451718504568,Value,CV1801
2025-02-11 17:54:59,2025-02-18 20:30:00,2025-02-12 03:54:59,2.2956987505448883,Value,CV1801
2025-02-11 17:54:59,2025-02-18 20:30:00,2025-02-12 04:54:59,1.348017256396923,Value,CV1801
2025-02-11 17:54:59,2025-02-18 20:30:00,2025-02-12 05:54:59,0.7908223763624052,Value,CV1801
2025-02-11 17:54:59,2025-02-18 20:30:00,2025-02-12 06:54:59,-1.0149732303253167,Value,CV1801
2025-02-11 17:54:59,2025-02-18 20:30:00,2025-02-12 07:54:59,0.21504250924382015,Value,CV1801
2025-02-11 17:54:59,2025-02-18 20:30:00,2025-02-12 08:54:59,-0.09753735836637707,Value,CV1801
2025-02-11 17:54:59,2025-02-18 20:30:00,2025-02-12 09:54:59,1.0647893339584686,Value,CV1801
2025-02-11 17:54:59,2025-02-18 20:30:00,2025-02-12 10:54:59,0.12872629896807294,Value,CV1801
2025-02-11 17:54:59,2025-02-18 20:30:00,2025-02-12 11:54:59,1.5867364802671295,Value,CV1801
2025-02-11 17:54:59,2025-02-18 20:30:00,2025-02-12 12:54:59,0.8649315711072757,Value,CV1801
2025-02-11 17:54:59,2025-02-18 20:30:00,2025-02-12 13:54:59,-1.761655724454207,Value,CV1801
2025-02-11 17:54:59,2025-02-18 20:30:00,2025-02-12 14:54:59,-0.6986358895110403,Value,CV1801
2025-02-11 17:54:59,2025-02-18 20:30:00,2025-02-12 15:54:59,-0.4611077216988186,Value,CV1801
2025-02-11 17:54:59,2025-02-18 20:30:00,2025-02-12 16:54:59,-0.4060824802821749,Value,CV1801
2025-02-11 17:54:59,2025-02-18 20:30:00,2025-02-12 17:54:59,-0.41443407558663015,Value,CV1801
2025-02-11 17:54:59,2025-02-18 20:30:00,2025-02-12 18:54:59,-2.1448209886608627,Value,CV1801
2025-02-11 17:54:59,2025-02-18 20:30:00,2025-02-12 19:54:59,-0.046920423942756515,Value,CV1801
2025-02-11 17:54:59,2025-02-18 20:30:00,2025-02-12 20:54:59,0.737190868172534,Value,CV1801
2025-02-11 17:54:59,2025-02-18 20:30:00,2025-02-12 21:54:59,1.3126363429830206,Value,CV1801
2025-02-11 17:54:59,2025-02-18 20:30:00,2025-02-12 22:54:59,-1.4109931742095756,Value,CV1801
2025-02-11 17:54:59,2025-02-18 20:30:00,2025-02-12 23:54:59,0.4891485976130396,Value,CV1801
2025-02-11 17:54:59,2025-02-18 20:30:00,2025-02-13 00:54:59,0.7719906370563316,Value,CV1801
2025-02-11 17:54:59,2025-02-18 20:30:00,2025-02-13 01:54:59,0.3362462730647084,Value,CV1801
2025-02-11 17:54:59,2025-02-18 20:30:00,2025-02-13 02:54:59,0.8801069464319778,Value,CV1801
2025-02-11 17:54:59,2025-02-18 20:30:00,2025-02-13 03:54:59,0.18956927539348134,Value,CV1801
2025-02-11 17:54:59,2025-02-18 20:30:00,2025-02-13 04:54:59,0.27784316369928513,Value,CV1801
2025-02-11 17:54:59,2025-02-18 20:30:00,2025-02-13 05:54:59,0.0772466862681812,Value,CV1801
2025-02-11 17:54:59,2025-02-18 20:30:00,2025-02-13 06:54:59,-0.32676407352283005,Value,CV1801
2025-02-11 17:54:59,2025-02-18 20:30:00,2025-02-13 07:54:59,-0.34201982282333565,Value,CV1801
2025-02-11 17:54:59,2025-02-18 20:30:00,2025-02-13 08:54:59,0.11831199320485912,Value,CV1801
2025-02-11 17:54:59,2025-02-18 20:30:00,2025-02-13 09:54:59,0.3805522116600796,Value,CV1801
2025-02-11 17:54:59,2025-02-18 20:30:00,2025-02-13 10:54:59,1.4060109846728708,Value,CV1801
2025-02-11 17:54:59,2025-02-18 20:30:00,2025-02-13 11:54:59,-2.054702403967375,Value,CV1801
2025-02-11 17:54:59,2025-02-18 20:30:00,2025-02-13 12:54:59,0.5399356532104046,Value,CV1801
2025-02-11 17:54:59,2025-02-18 20:30:00,2025-02-13 13:54:59,-0.17798336105093152,Value,CV1801
2025-02-11 17:54:59,2025-02-18 20:30:00,2025-02-13 14:54:59,0.16800091922468577,Value,CV1801
2025-02-11 17:54:59,2025-02-18 20:30:00,2025-02-13 15:54:59,0.5941429007265756,Value,CV1801
2025-02-11 17:54:59,2025-02-18 20:30:00,2025-02-13 16:54:59,-0.7521515638888352,Value,CV1801
2025-02-11 17:54:59,2025-02-18 20:30:00,2025-02-13 17:54:59,-0.022077197069205093,Value,CV1801
2025-02-11 17:54:59,2025-02-18 20:30:00,2025-02-13 18:54:59,1.0654736147182504,Value,CV1801
2025-02-11 17:54:59,2025-02-18 20:30:00,2025-02-13 19:54:59,0.6005223671285039,Value,CV1801
2025-02-11 17:54:59,2025-02-18 20:30:00,2025-02-13 20:54:59,0.5494824675561977,Value,CV1801
2025-02-11 17:54:59,2025-02-18 20:30:00,2025-02-13 21:54:59,-1.1916380353012734,Value,CV1801
2025-02-11 17:54:59,2025-02-18 20:30:00,2025-02-13 22:54:59,0.7181927558957293,Value,CV1801
2025-02-11 17:54:59,2025-02-18 20:30:00,2025-02-13 23:54:59,0.1781235161049278,Value,CV1801
2025-02-11 17:54:59,2025-02-18 20:30:00,2025-02-14 00:54:59,0.18235894489408647,Value,CV1801
2025-02-11 17:54:59,2025-02-18 20:30:00,2025-02-14 01:54:59,1.2370463159600884,Value,CV1801
2025-02-11 17:54:59,2025-02-18 20:30:00,2025-02-14 02:54:59,-0.5388442732912024,Value,CV1801
2025-02-11 17:54:59,2025-02-18 20:30:00,2025-02-14 03:54:59,-1.3246699339953083,Value,CV1801
2025-02-11 17:54:59,2025-02-18 20:30:00,2025-02-14 04:54:59,1.8660200068149824,Value,CV1801
2025-02-11 17:54:59,2025-02-18 20:30:00,2025-02-14 05:54:59,-1.9683266395800654,Value,CV1801
2025-02-11 17:54:59,2025-02-18 20:30:00,2025-02-14 06:54:59,1.3434930677289922,Value,CV1801
2025-02-11 17:54:59,2025-02-18 20:30:00,2025-02-14 07:54:59,-1.179943784756806,Value,CV1801
2025-02-11 17:54:59,2025-02-18 20:30:00,2025-02-14 08:54:59,-0.568873178931888,Value,CV1801
2025-02-11 17:54:59,2025-02-18 20:30:00,2025-02-14 09:54:59,-0.03800966107021172,Value,CV1801
2025-02-11 17:54:59,2025-02-18 20:30:00,2025-02-14 10:54:59,-0.29010436453352156,Value,CV1801
2025-02-11 17:54:59,2025-02-18 20:30:00,2025-02-14 11:54:59,0.5861937430747085,Value,CV1801
2025-02-11 17:54:59,2025-02-18 20:30:00,2025-02-14 12:54:59,-0.1686982604312851,Value,CV1801
2025-02-11 17:54:59,2025-02-18 20:30:00,2025-02-14 13:54:59,-0.9195218686452789,Value,CV1801
2025-02-11 17:54:59,2025-02-18 20:30:00,2025-02-14 14:54:59,0.2733999388187987,Value,CV1801
2025-02-11 17:54:59,2025-02-18 20:30:00,2025-02-14 15:54:59,-0.43677762376180995,Value,CV1801
2025-02-11 17:54:59,2025-02-18 20:30:00,2025-02-14 16:54:59,-2.300635627841726,Value,CV1801
2025-02-11 17:54:59,2025-02-18 20:30:00,2025-02-14 17:54:59,0.4658472371598072,Value,CV1801
2025-02-11 17:54:59,2025-02-18 20:30:00,2025-02-14 18:54:59,-0.5768873072727142,Value,CV1801
2025-02-11 17:54:59,2025-02-18 20:30:00,2025-02-14 19:54:59,-0.01133146181140215,Value,CV1801
2025-02-11 17:54:59,2025-02-18 20:30:00,2025-02-14 20:54:59,0.09511568482636905,Value,CV1801
2025-02-11 17:54:59,2025-02-18 20:30:00,2025-02-14 21:54:59,0.4253832910296364,Value,CV1801
2025-02-11 17:54:59,2025-02-18 20:30:00,2025-02-14 22:54:59,-0.5799794504708319,Value,CV1801
2025-02-11 17:54:59,2025-02-18 20:30:00,2025-02-14 23:54:59,0.24605945811765473,Value,CV1801
2025-02-11 17:54:59,2025-02-18 20:30:00,2025-02-15 00:54:59,0.054224367256735184,Value,CV1801
2025-02-11 17:54:59,2025-02-18 20:30:00,2025-02-15 01:54:59,0.05769703813236552,Value,CV1801
2025-02-11 17:54:59,2025-02-18 20:30:00,2025-02-15 02:54:59,-0.18026635517576792,Value,CV1801
2025-02-11 17:54:59,2025-02-18 20:30:00,2025-02-15 03:54:59,0.5008293160068357,Value,CV1801
2025-02-11 17:54:59,2025-02-18 20:30:00,2025-02-15 04:54:59,0.2607925937822998,Value,CV1801
2025-02-11 17:54:59,2025-02-18 20:30:00,2025-02-15 05:54:59,-0.776918319499177,Value,CV1801
2025-02-11 17:54:59,2025-02-18 20:30:00,2025-02-15 06:54:59,-1.8986602218218804,Value,CV1801
2025-02-11 17:54:59,2025-02-18 20:30:00,2025-02-15 07:54:59,-2.4460188532462155,Value,CV1801
2025-02-11 17:54:59,2025-02-18 20:30:00,2025-02-15 08:54:59,1.1602313113129823,Value,CV1801
2025-02-11 17:54:59,2025-02-18 20:30:00,2025-02-15 09:54:59,-1.0580160642021514,Value,CV1801
2025-02-11 17:54:59,2025-02-18 20:30:00,2025-02-15 10:54:59,0.12417630851796527,Value,CV1801
2025-02-11 17:54:59,2025-02-18 20:30:00,2025-02-15 11:54:59,-0.5918807821657159,Value,CV1801
2025-02-11 17:54:59,2025-02-18 20:30:00,2025-02-15 12:54:59,0.7393633288359136,Value,CV1801
2025-02-11 17:54:59,2025-02-18 20:30:00,2025-02-15 13:54:59,0.8128394854045433,Value,CV1801
2025-02-11 17:54:59,2025-02-18 20:30:00,2025-02-15 14:54:59,-0.394575091655464,Value,CV1801
2025-02-11 17:54:59,2025-02-18 20:30:00,2025-02-15 15:54:59,-0.04466318307984311,Value,CV1801
2025-02-11 17:54:59,2025-02-18 20:30:00,2025-02-15 16:54:59,0.35381765404989196,Value,CV1801
2025-02-11 17:54:59,2025-02-18 20:30:00,2025-02-15 17:54:59,0.16087463133008678,Value,CV1801
2025-02-11 17:54:59,2025-02-18 20:30:00,2025-02-15 18:54:59,0.251801172185937,Value,CV1801
2025-02-11 17:54:59,2025-02-18 20:30:00,2025-02-15 19:54:59,-0.10646816681880035,Value,CV1801
2025-02-11 17:54:59,2025-02-18 20:30:00,2025-02-15 20:54:59,-0.7037600130278053,Value,CV1801
2025-02-11 17:54:59,2025-02-18 20:30:00,2025-02-15 21:54:59,-1.111629162276636,Value,CV1801
2025-02-11 17:54:59,2025-02-18 20:30:00,2025-02-15 22:54:59,-0.5669488757242808,Value,CV1801
2025-02-11 17:54:59,2025-02-18 20:30:00,2025-02-15 23:54:59,0.4474772520375843,Value,CV1801
2025-02-11 17:54:59,2025-02-18 20:30:00,2025-02-16 00:54:59,-0.7594941468852536,Value,CV1801
2025-02-11 17:54:59,2025-02-18 20:30:00,2025-02-16 01:54:59,0.35720674367081734,Value,CV1801
2025-02-11 17:54:59,2025-02-18 20:30:00,2025-02-16 02:54:59,1.171737181809531,Value,CV1801
2025-02-11 17:54:59,2025-02-18 20:30:00,2025-02-16 03:54:59,0.6746539523958621,Value,CV1801
2025-02-11 17:54:59,2025-02-18 20:30:00,2025-02-16 04:54:59,-0.5017308172750318,Value,CV1801
2025-02-11 17:54:59,2025-02-18 20:30:00,2025-02-16 05:54:59,-0.45503097104471985,Value,CV1801
2025-02-11 17:54:59,2025-02-18 20:30:00,2025-02-16 06:54:59,0.6371450583229388,Value,CV1801
2025-02-11 17:54:59,2025-02-18 20:30:00,2025-02-16 07:54:59,-2.137975470293011,Value,CV1801
2025-02-11 17:54:59,2025-02-18 20:30:00,2025-02-16 08:54:59,-0.3712911749391325,Value,CV1801
2025-02-11 17:54:59,2025-02-18 20:30:00,2025-02-16 09:54:59,0.0022966010096357272,Value,CV1801
2025-02-11 17:54:59,2025-02-18 20:30:00,2025-02-16 10:54:59,1.5459819529615018,Value,CV1801
2025-02-11 17:54:59,2025-02-18 20:30:00,2025-02-16 11:54:59,-0.31130311785634135,Value,CV1801
2025-02-11 17:54:59,2025-02-18 20:30:00,2025-02-16 12:54:59,-0.7783575811719291,Value,CV1801
2025-02-11 17:54:59,2025-02-18 20:30:00,2025-02-16 13:54:59,-0.09941379687012875,Value,CV1801
2025-02-11 17:54:59,2025-02-18 20:30:00,2025-02-16 14:54:59,-1.0721449640710157,Value,CV1801
2025-02-11 17:54:59,2025-02-18 20:30:00,2025-02-16 15:54:59,1.827632341092288,Value,CV1801
2025-02-11 17:54:59,2025-02-18 20:30:00,2025-02-16 16:54:59,0.42191094868533613,Value,CV1801
2025-02-11 17:54:59,2025-02-18 20:30:00,2025-02-16 17:54:59,0.14796771624645932,Value,CV1801
2025-02-11 17:54:59,2025-02-18 20:30:00,2025-02-16 18:54:59,1.0493480032933895,Value,CV1801
2025-02-11 17:54:59,2025-02-18 20:30:00,2025-02-16 19:54:59,0.1746922679868464,Value,CV1801
2025-02-11 17:54:59,2025-02-18 20:30:00,2025-02-16 20:54:59,1.131793037900162,Value,CV1801
2025-02-11 17:54:59,2025-02-18 20:30:00,2025-02-16 21:54:59,-0.38754672351683866,Value,CV1801
2025-02-11 17:54:59,2025-02-18 20:30:00,2025-02-16 22:54:59,0.08149800333972584,Value,CV1801
2025-02-11 17:54:59,2025-02-18 20:30:00,2025-02-16 23:54:59,0.722940566531049,Value,CV1801
2025-02-11 17:54:59,2025-02-18 20:30:00,2025-02-17 00:54:59,-0.49397643062471275,Value,CV1801
2025-02-11 17:54:59,2025-02-18 20:30:00,2025-02-17 01:54:59,1.5237022410942054,Value,CV1801
2025-02-11 17:54:59,2025-02-18 20:30:00,2025-02-17 02:54:59,-0.41587102220135475,Value,CV1801
2025-02-11 17:54:59,2025-02-18 20:30:00,2025-02-17 03:54:59,-1.070816394455163,Value,CV1801
2025-02-11 17:54:59,2025-02-18 20:30:00,2025-02-17 04:54:59,0.604737589181246,Value,CV1801
2025-02-11 17:54:59,2025-02-18 20:30:00,2025-02-17 05:54:59,0.37011670699663124,Value,CV1801
2025-02-11 17:54:59,2025-02-18 20:30:00,2025-02-17 06:54:59,-1.0212165564851072,Value,CV1801
2025-02-11 17:54:59,2025-02-18 20:30:00,2025-02-17 07:54:59,-1.1517109844840936,Value,CV1801
2025-02-11 17:54:59,2025-02-18 20:30:00,2025-02-17 08:54:59,0.4660947894210347,Value,CV1801
2025-02-11 17:54:59,2025-02-18 20:30:00,2025-02-17 09:54:59,2.1122778040267454,Value,CV1801
2025-02-11 17:54:59,2025-02-18 20:30:00,2025-02-17 10:54:59,-0.7748514058261736,Value,CV1801
2025-02-11 17:54:59,2025-02-18 20:30:00,2025-02-17 11:54:59,-0.6267842756219378,Value,CV1801
2025-02-11 17:54:59,2025-02-18 20:30:00,2025-02-17 12:54:59,0.6540372499605688,Value,CV1801
2025-02-11 17:54:59,2025-02-18 20:30:00,2025-02-17 13:54:59,-1.1669675313046048,Value,CV1801
2025-02-11 17:54:59,2025-02-18 20:30:00,2025-02-17 14:54:59,0.6569645824282773,Value,CV1801
2025-02-11 17:54:59,2025-02-18 20:30:00,2025-02-17 15:54:59,2.3433243430472572,Value,CV1801
2025-02-11 17:54:59,2025-02-18 20:30:00,2025-02-17 16:54:59,-0.5314718589642599,Value,CV1801
2025-02-11 17:54:59,2025-02-18 20:30:00,2025-02-17 17:54:59,0.6688011775848955,Value,CV1801
2025-02-11 17:54:59,2025-02-18 20:30:00,2025-02-17 18:54:59,-1.7857825716025604,Value,CV1801
2025-02-11 17:54:59,2025-02-18 20:30:00,2025-02-17 19:54:59,-0.27393874421774755,Value,CV1801
2025-02-11 17:54:59,2025-02-18 20:30:00,2025-02-17 20:54:59,-1.0706352124941043,Value,CV1801
2025-02-11 17:54:59,2025-02-18 20:30:00,2025-02-17 21:54:59,-0.41315182520451055,Value,CV1801
2025-02-11 17:54:59,2025-02-18 20:30:00,2025-02-17 22:54:59,0.5341319623272792,Value,CV1801
2025-02-11 17:54:59,2025-02-18 20:30:00,2025-02-17 23:54:59,0.928828939653244,Value,CV1801
2025-02-11 17:54:59,2025-02-18 20:30:00,2025-02-18 00:54:59,0.05085817805129672,Value,CV1801
2025-02-11 17:54:59,2025-02-18 20:30:00,2025-02-18 01:54:59,0.5743438078065696,Value,CV1801
2025-02-11 17:54:59,2025-02-18 20:30:00,2025-02-18 02:54:59,1.132085696734177,Value,CV1801
2025-02-11 17:54:59,2025-02-18 20:30:00,2025-02-18 03:54:59,-0.39050559220350617,Value,CV1801
2025-02-11 17:54:59,2025-02-18 20:30:00,2025-02-18 04:54:59,-0.9700738166254963,Value,CV1801
2025-02-11 17:54:59,2025-02-18 20:30:00,2025-02-18 05:54:59,-1.0404512813326772,Value,CV1801
2025-02-11 17:54:59,2025-02-18 20:30:00,2025-02-18 06:54:59,-1.7902713121048404,Value,CV1801
2025-02-11 17:54:59,2025-02-18 20:30:00,2025-02-18 07:54:59,1.2493987011662664,Value,CV1801
2025-02-11 17:54:59,2025-02-18 20:30:00,2025-02-18 08:54:59,-1.044859655660076,Value,CV1801
2025-02-11 17:54:59,2025-02-18 20:30:00,2025-02-18 09:54:59,-1.1522621495237229,Value,CV1801
2025-02-11 17:54:59,2025-02-18 20:30:00,2025-02-18 10:54:59,0.9069203922860954,Value,CV1801
2025-02-11 17:54:59,2025-02-18 20:30:00,2025-02-18 11:54:59,1.1242008928010345,Value,CV1801
2025-02-11 17:54:59,2025-02-18 20:30:00,2025-02-18 12:54:59,-0.1664307720861519,Value,CV1801
2025-02-11 17:54:59,2025-02-18 20:30:00,2025-02-18 13:54:59,-1.6352205963864892,Value,CV1801
2025-02-11 17:54:59,2025-02-18 20:30:00,2025-02-18 14:54:59,1.570990006655765,Value,CV1801
2025-02-11 17:54:59,2025-02-18 20:30:00,2025-02-18 15:54:59,1.1301077600863019,Value,CV1801
2025-02-11 17:54:59,2025-02-18 20:30:00,2025-02-18 16:54:59,0.1537527075669607,Value,CV1801
2025-02-11 17:54:59,2025-02-18 20:30:00,2025-02-18 17:54:59,1.2941703497468746,Value,CV1801
2025-02-11 17:54:59,2025-02-18 20:30:00,2025-02-18 18:54:59,1.1460002906413,Value,CV1801
2025-02-11 17:54:59,2025-02-18 20:30:00,2025-02-18 19:54:59,0.850355422389764,Value,CV1801
2025-02-11 17:54:59,2025-02-18 20:30:00,2025-02-11 17:54:59,-0.8261303335297051,Value,MSC1505
2025-02-11 17:54:59,2025-02-18 20:30:00,2025-02-11 18:54:59,0.23596741192852075,Value,MSC1505
2025-02-11 17:54:59,2025-02-18 20:30:00,2025-02-11 19:54:59,-0.2728148915564874,Value,MSC1505
2025-02-11 17:54:59,2025-02-18 20:30:00,2025-02-11 20:54:59,-0.8449864556387053,Value,MSC1505
2025-02-11 17:54:59,2025-02-18 20:30:00,2025-02-11 21:54:59,0.8218492609203554,Value,MSC1505
2025-02-11 17:54:59,2025-02-18 20:30:00,2025-02-11 22:54:59,1.084846148469178,Value,MSC1505
2025-02-11 17:54:59,2025-02-18 20:30:00,2025-02-11 23:54:59,0.5836855937268545,Value,MSC1505
2025-02-11 17:54:59,2025-02-18 20:30:00,2025-02-12 00:54:59,-1.1292289545420244,Value,MSC1505
2025-02-11 17:54:59,2025-02-18 20:30:00,2025-02-12 01:54:59,-0.057710751303510215,Value,MSC1505
2025-02-11 17:54:59,2025-02-18 20:30:00,2025-02-12 02:54:59,-0.600966384509269,Value,MSC1505
2025-02-11 17:54:59,2025-02-18 20:30:00,2025-02-12 03:54:59,0.671860616168962,Value,MSC1505
2025-02-11 17:54:59,2025-02-18 20:30:00,2025-02-12 04:54:59,-1.6153876406702605,Value,MSC1505
2025-02-11 17:54:59,2025-02-18 20:30:00,2025-02-12 05:54:59,-0.8355206930567394,Value,MSC1505
2025-02-11 17:54:59,2025-02-18 20:30:00,2025-02-12 06:54:59,1.108551524355316,Value,MSC1505
2025-02-11 17:54:59,2025-02-18 20:30:00,2025-02-12 07:54:59,0.5472762896863115,Value,MSC1505
2025-02-11 17:54:59,2025-02-18 20:30:00,2025-02-12 08:54:59,0.4668019450248518,Value,MSC1505
2025-02-11 17:54:59,2025-02-18 20:30:00,2025-02-12 09:54:59,-0.8754335399570556,Value,MSC1505
2025-02-11 17:54:59,2025-02-18 20:30:00,2025-02-12 10:54:59,-0.001015661773276721,Value,MSC1505
2025-02-11 17:54:59,2025-02-18 20:30:00,2025-02-12 11:54:59,-1.3424694618260835,Value,MSC1505
2025-02-11 17:54:59,2025-02-18 20:30:00,2025-02-12 12:54:59,0.29537475005833375,Value,MSC1505
2025-02-11 17:54:59,2025-02-18 20:30:00,2025-02-12 13:54:59,-0.9950354355274199,Value,MSC1505
2025-02-11 17:54:59,2025-02-18 20:30:00,2025-02-12 14:54:59,-1.0746475249405771,Value,MSC1505
2025-02-11 17:54:59,2025-02-18 20:30:00,2025-02-12 15:54:59,0.5054747096079141,Value,MSC1505
2025-02-11 17:54:59,2025-02-18 20:30:00,2025-02-12 16:54:59,-0.36219268064333116,Value,MSC1505
2025-02-11 17:54:59,2025-02-18 20:30:00,2025-02-12 17:54:59,-0.16405903021768614,Value,MSC1505
2025-02-11 17:54:59,2025-02-18 20:30:00,2025-02-12 18:54:59,-1.9282240783696505,Value,MSC1505
2025-02-11 17:54:59,2025-02-18 20:30:00,2025-02-12 19:54:59,-2.7000810498471957,Value,MSC1505
2025-02-11 17:54:59,2025-02-18 20:30:00,2025-02-12 20:54:59,0.6202756271736477,Value,MSC1505
2025-02-11 17:54:59,2025-02-18 20:30:00,2025-02-12 21:54:59,0.49688561993973784,Value,MSC1505
2025-02-11 17:54:59,2025-02-18 20:30:00,2025-02-12 22:54:59,-0.018746944157125675,Value,MSC1505
2025-02-11 17:54:59,2025-02-18 20:30:00,2025-02-12 23:54:59,-1.283852214969965,Value,MSC1505
2025-02-11 17:54:59,2025-02-18 20:30:00,2025-02-13 00:54:59,0.11937668167688069,Value,MSC1505
2025-02-11 17:54:59,2025-02-18 20:30:00,2025-02-13 01:54:59,-1.752938761291444,Value,MSC1505
2025-02-11 17:54:59,2025-02-18 20:30:00,2025-02-13 02:54:59,0.41423822893862267,Value,MSC1505
2025-02-11 17:54:59,2025-02-18 20:30:00,2025-02-13 03:54:59,0.13364591391165948,Value,MSC1505
2025-02-11 17:54:59,2025-02-18 20:30:00,2025-02-13 04:54:59,2.091624291462894,Value,MSC1505
2025-02-11 17:54:59,2025-02-18 20:30:00,2025-02-13 05:54:59,0.5095255728870511,Value,MSC1505
2025-02-11 17:54:59,2025-02-18 20:30:00,2025-02-13 06:54:59,0.12687522111680033,Value,MSC1505
2025-02-11 17:54:59,2025-02-18 20:30:00,2025-02-13 07:54:59,-0.6101804557279035,Value,MSC1505
2025-02-11 17:54:59,2025-02-18 20:30:00,2025-02-13 08:54:59,-0.288070799294285,Value,MSC1505
2025-02-11 17:54:59,2025-02-18 20:30:00,2025-02-13 09:54:59,-0.05627501291063509,Value,MSC1505
2025-02-11 17:54:59,2025-02-18 20:30:00,2025-02-13 10:54:59,-1.8929867610246776,Value,MSC1505
2025-02-11 17:54:59,2025-02-18 20:30:00,2025-02-13 11:54:59,-1.236520448242279,Value,MSC1505
2025-02-11 17:54:59,2025-02-18 20:30:00,2025-02-13 12:54:59,-1.1364591124522323,Value,MSC1505
2025-02-11 17:54:59,2025-02-18 20:30:00,2025-02-13 13:54:59,-1.378980114468842,Value,MSC1505
2025-02-11 17:54:59,2025-02-18 20:30:00,2025-02-13 14:54:59,0.5910296763962789,Value,MSC1505
2025-02-11 17:54:59,2025-02-18 20:30:00,2025-02-13 15:54:59,0.8401803144696189,Value,MSC1505
2025-02-11 17:54:59,2025-02-18 20:30:00,2025-02-13 16:54:59,0.6144275041209536,Value,MSC1505
2025-02-11 17:54:59,2025-02-18 20:30:00,2025-02-13 17:54:59,-0.06318271762883568,Value,MSC1505
2025-02-11 17:54:59,2025-02-18 20:30:00,2025-02-13 18:54:59,-0.03869984191675599,Value,MSC1505
2025-02-11 17:54:59,2025-02-18 20:30:00,2025-02-13 19:54:59,-0.6435717535026432,Value,MSC1505
2025-02-11 17:54:59,2025-02-18 20:30:00,2025-02-13 20:54:59,-0.43820508815715015,Value,MSC1505
2025-02-11 17:54:59,2025-02-18 20:30:00,2025-02-13 21:54:59,0.8939450809624415,Value,MSC1505
2025-02-11 17:54:59,2025-02-18 20:30:00,2025-02-13 22:54:59,0.9116230485978158,Value,MSC1505
2025-02-11 17:54:59,2025-02-18 20:30:00,2025-02-13 23:54:59,0.3234960824344295,Value,MSC1505
2025-02-11 17:54:59,2025-02-18 20:30:00,2025-02-14 00:54:59,-0.40201005975294596,Value,MSC1505
2025-02-11 17:54:59,2025-02-18 20:30:00,2025-02-14 01:54:59,0.9969965315405686,Value,MSC1505
2025-02-11 17:54:59,2025-02-18 20:30:00,2025-02-14 02:54:59,0.8756748945773241,Value,MSC1505
2025-02-11 17:54:59,2025-02-18 20:30:00,2025-02-14 03:54:59,0.264693709986765,Value,MSC1505
2025-02-11 17:54:59,2025-02-18 20:30:00,2025-02-14 04:54:59,-0.21511085520346232,Value,MSC1505
2025-02-11 17:54:59,2025-02-18 20:30:00,2025-02-14 05:54:59,-0.2638037640599428,Value,MSC1505
2025-02-11 17:54:59,2025-02-18 20:30:00,2025-02-14 06:54:59,2.2140939990070194,Value,MSC1505
2025-02-11 17:54:59,2025-02-18 20:30:00,2025-02-14 07:54:59,-1.6379408970794587,Value,MSC1505
2025-02-11 17:54:59,2025-02-18 20:30:00,2025-02-14 08:54:59,-0.007671408583620489,Value,MSC1505
2025-02-11 17:54:59,2025-02-18 20:30:00,2025-02-14 09:54:59,0.9247835540763907,Value,MSC1505
2025-02-11 17:54:59,2025-02-18 20:30:00,2025-02-14 10:54:59,-1.1604122767949716,Value,MSC1505
2025-02-11 17:54:59,2025-02-18 20:30:00,2025-02-14 11:54:59,0.10273160474704265,Value,MSC1505
2025-02-11 17:54:59,2025-02-18 20:30:00,2025-02-14 12:54:59,-0.10807207454585209,Value,MSC1505
2025-02-11 17:54:59,2025-02-18 20:30:00,2025-02-14 13:54:59,-1.802217471930301,Value,MSC1505
2025-02-11 17:54:59,2025-02-18 20:30:00,2025-02-14 14:54:59,1.4500022906289174,Value,MSC1505
2025-02-11 17:54:59,2025-02-18 20:30:00,2025-02-14 15:54:59,-1.0880956591272466,Value,MSC1505
2025-02-11 17:54:59,2025-02-18 20:30:00,2025-02-14 16:54:59,0.2460812624845309,Value,MSC1505
2025-02-11 17:54:59,2025-02-18 20:30:00,2025-02-14 17:54:59,-0.936574974502596,Value,MSC1505
2025-02-11 17:54:59,2025-02-18 20:30:00,2025-02-14 18:54:59,1.6438072831939003,Value,MSC1505
2025-02-11 17:54:59,2025-02-18 20:30:00,2025-02-14 19:54:59,0.8152406473544838,Value,MSC1505
2025-02-11 17:54:59,2025-02-18 20:30:00,2025-02-14 20:54:59,-1.4878161426553969,Value,MSC1505
2025-02-11 17:54:59,2025-02-18 20:30:00,2025-02-14 21:54:59,-2.206163564737568,Value,MSC1505
2025-02-11 17:54:59,2025-02-18 20:30:00,2025-02-14 22:54:59,0.9843348583775008,Value,MSC1505
2025-02-11 17:54:59,2025-02-18 20:30:00,2025-02-14 23:54:59,0.6705180902766082,Value,MSC1505
2025-02-11 17:54:59,2025-02-18 20:30:00,2025-02-15 00:54:59,0.015000821458370521,Value,MSC1505
2025-02-11 17:54:59,2025-02-18 20:30:00,2025-02-15 01:54:59,1.3481348423415822,Value,MSC1505
2025-02-11 17:54:59,2025-02-18 20:30:00,2025-02-15 02:54:59,0.32147408760934293,Value,MSC1505
2025-02-11 17:54:59,2025-02-18 20:30:00,2025-02-15 03:54:59,-1.4167379382124048,Value,MSC1505
2025-02-11 17:54:59,2025-02-18 20:30:00,2025-02-15 04:54:59,-0.3261165433447293,Value,MSC1505
2025-02-11 17:54:59,2025-02-18 20:30:00,2025-02-15 05:54:59,1.3534557996862053,Value,MSC1505
2025-02-11 17:54:59,2025-02-18 20:30:00,2025-02-15 06:54:59,-0.8458390229554031,Value,MSC1505
2025-02-11 17:54:59,2025-02-18 20:30:00,2025-02-15 07:54:59,1.5527084384543983,Value,MSC1505
2025-02-11 17:54:59,2025-02-18 20:30:00,2025-02-15 08:54:59,0.630324735560547,Value,MSC1505
2025-02-11 17:54:59,2025-02-18 20:30:00,2025-02-15 09:54:59,-2.0862591773301418,Value,MSC1505
2025-02-11 17:54:59,2025-02-18 20:30:00,2025-02-15 10:54:59,-0.03153692933199573,Value,MSC1505
2025-02-11 17:54:59,2025-02-18 20:30:00,2025-02-15 11:54:59,0.544558707953151,Value,MSC1505
2025-02-11 17:54:59,2025-02-18 20:30:00,2025-02-15 12:54:59,-0.7785475281812313,Value,MSC1505
2025-02-11 17:54:59,2025-02-18 20:30:00,2025-02-15 13:54:59,1.2918312343493836,Value,MSC1505
2025-02-11 17:54:59,2025-02-18 20:30:00,2025-02-15 14:54:59,1.0448044493363384,Value,MSC1505
2025-02-11 17:54:59,2025-02-18 20:30:00,2025-02-15 15:54:59,0.0721482451964134,Value,MSC1505
2025-02-11 17:54:59,2025-02-18 20:30:00,2025-02-15 16:54:59,0.34456944967458236,Value,MSC1505
2025-02-11 17:54:59,2025-02-18 20:30:00,2025-02-15 17:54:59,-0.1633197125655738,Value,MSC1505
2025-02-11 17:54:59,2025-02-18 20:30:00,2025-02-15 18:54:59,0.24531354599002148,Value,MSC1505
2025-02-11 17:54:59,2025-02-18 20:30:00,2025-02-15 19:54:59,-1.1812647176974957,Value,MSC1505
2025-02-11 17:54:59,2025-02-18 20:30:00,2025-02-15 20:54:59,-0.24684796058590366,Value,MSC1505
2025-02-11 17:54:59,2025-02-18 20:30:00,2025-02-15 21:54:59,2.2421504794329805,Value,MSC1505
2025-02-11 17:54:59,2025-02-18 20:30:00,2025-02-15 22:54:59,0.3340646407503274,Value,MSC1505
2025-02-11 17:54:59,2025-02-18 20:30:00,2025-02-15 23:54:59,1.9629047918691658,Value,MSC1505
2025-02-11 17:54:59,2025-02-18 20:30:00,2025-02-16 00:54:59,-0.3125378501267972,Value,MSC1505
2025-02-11 17:54:59,2025-02-18 20:30:00,2025-02-16 01:54:59,-0.636254062905569,Value,MSC1505
2025-02-11 17:54:59,2025-02-18 20:30:00,2025-02-16 02:54:59,-0.9662872799846105,Value,MSC1505
2025-02-11 17:54:59,2025-02-18 20:30:00,2025-02-16 03:54:59,0.08098031145146026,Value,MSC1505
2025-02-11 17:54:59,2025-02-18 20:30:00,2025-02-16 04:54:59,-1.5911008892570067,Value,MSC1505
2025-02-11 17:54:59,2025-02-18 20:30:00,2025-02-16 05:54:59,-1.6368228832980536,Value,MSC1505
2025-02-11 17:54:59,2025-02-18 20:30:00,2025-02-16 06:54:59,-2.532193544289977,Value,MSC1505
2025-02-11 17:54:59,2025-02-18 20:30:00,2025-02-16 07:54:59,-0.9599538849183563,Value,MSC1505
2025-02-11 17:54:59,2025-02-18 20:30:00,2025-02-16 08:54:59,0.287538054535823,Value,MSC1505
2025-02-11 17:54:59,2025-02-18 20:30:00,2025-02-16 09:54:59,-1.0165969852351437,Value,MSC1505
2025-02-11 17:54:59,2025-02-18 20:30:00,2025-02-16 10:54:59,0.15221737028275903,Value,MSC1505
2025-02-11 17:54:59,2025-02-18 20:30:00,2025-02-16 11:54:59,-0.8025371992310174,Value,MSC1505
2025-02-11 17:54:59,2025-02-18 20:30:00,2025-02-16 12:54:59,1.266298720851594,Value,MSC1505
2025-02-11 17:54:59,2025-02-18 20:30:00,2025-02-16 13:54:59,-0.14417601697803006,Value,MSC1505
2025-02-11 17:54:59,2025-02-18 20:30:00,2025-02-16 14:54:59,0.04234114172124513,Value,MSC1505
2025-02-11 17:54:59,2025-02-18 20:30:00,2025-02-16 15:54:59,0.42403414812432716,Value,MSC1505
2025-02-11 17:54:59,2025-02-18 20:30:00,2025-02-16 16:54:59,-0.1687389384236498,Value,MSC1505
2025-02-11 17:54:59,2025-02-18 20:30:00,2025-02-16 17:54:59,-0.5764256702342438,Value,MSC1505
2025-02-11 17:54:59,2025-02-18 20:30:00,2025-02-16 18:54:59,-0.6910131700960803,Value,MSC1505
2025-02-11 17:54:59,2025-02-18 20:30:00,2025-02-16 19:54:59,1.7054649362545382,Value,MSC1505
2025-02-11 17:54:59,2025-02-18 20:30:00,2025-02-16 20:54:59,2.4742371704705968,Value,MSC1505
2025-02-11 17:54:59,2025-02-18 20:30:00,2025-02-16 21:54:59,1.058433821587576,Value,MSC1505
2025-02-11 17:54:59,2025-02-18 20:30:00,2025-02-16 22:54:59,-0.11028903639986246,Value,MSC1505
2025-02-11 17:54:59,2025-02-18 20:30:00,2025-02-16 23:54:59,-0.3347945853047973,Value,MSC1505
2025-02-11 17:54:59,2025-02-18 20:30:00,2025-02-17 00:54:59,0.40803663540513774,Value,MSC1505
2025-02-11 17:54:59,2025-02-18 20:30:00,2025-02-17 01:54:59,0.15121734124172112,Value,MSC1505
2025-02-11 17:54:59,2025-02-18 20:30:00,2025-02-17 02:54:59,0.723456904170126,Value,MSC1505
2025-02-11 17:54:59,2025-02-18 20:30:00,2025-02-17 03:54:59,-0.32341281355476853,Value,MSC1505
2025-02-11 17:54:59,2025-02-18 20:30:00,2025-02-17 04:54:59,0.4184417697827145,Value,MSC1505
2025-02-11 17:54:59,2025-02-18 20:30:00,2025-02-17 05:54:59,0.34270955448204876,Value,MSC1505
2025-02-11 17:54:59,2025-02-18 20:30:00,2025-02-17 06:54:59,0.48414373026440444,Value,MSC1505
2025-02-11 17:54:59,2025-02-18 20:30:00,2025-02-17 07:54:59,0.24600309418751928,Value,MSC1505
2025-02-11 17:54:59,2025-02-18 20:30:00,2025-02-17 08:54:59,-0.37636810999970177,Value,MSC1505
2025-02-11 17:54:59,2025-02-18 20:30:00,2025-02-17 09:54:59,2.1786470970680165,Value,MSC1505
2025-02-11 17:54:59,2025-02-18 20:30:00,2025-02-17 10:54:59,1.6848811159034818,Value,MSC1505
2025-02-11 17:54:59,2025-02-18 20:30:00,2025-02-17 11:54:59,1.0736365978678761,Value,MSC1505
2025-02-11 17:54:59,2025-02-18 20:30:00,2025-02-17 12:54:59,1.6198295041086062,Value,MSC1505
2025-02-11 17:54:59,2025-02-18 20:30:00,2025-02-17 13:54:59,-0.1477385398744061,Value,MSC1505
2025-02-11 17:54:59,2025-02-18 20:30:00,2025-02-17 14:54:59,0.11951941251377858,Value,MSC1505
2025-02-11 17:54:59,2025-02-18 20:30:00,2025-02-17 15:54:59,-1.002304461791571,Value,MSC1505
2025-02-11 17:54:59,2025-02-18 20:30:00,2025-02-17 16:54:59,0.005628433374137857,Value,MSC1505
2025-02-11 17:54:59,2025-02-18 20:30:00,2025-02-17 17:54:59,-0.829953043133066,Value,MSC1505
2025-02-11 17:54:59,2025-02-18 20:30:00,2025-02-17 18:54:59,-1.7030916431072798,Value,MSC1505
2025-02-11 17:54:59,2025-02-18 20:30:00,2025-02-17 19:54:59,-1.0603297880208682,Value,MSC1505
2025-02-11 17:54:59,2025-02-18 20:30:00,2025-02-17 20:54:59,-0.25416041188478616,Value,MSC1505
2025-02-11 17:54:59,2025-02-18 20:30:00,2025-02-17 21:54:59,0.6310115916333287,Value,MSC1505
2025-02-11 17:54:59,2025-02-18 20:30:00,2025-02-17 22:54:59,-0.8207744152389339,Value,MSC1505
2025-02-11 17:54:59,2025-02-18 20:30:00,2025-02-17 23:54:59,-1.2989119282642514,Value,MSC1505
2025-02-11 17:54:59,2025-02-18 20:30:00,2025-02-18 00:54:59,0.6471363662033739,Value,MSC1505
2025-02-11 17:54:59,2025-02-18 20:30:00,2025-02-18 01:54:59,0.21080490446735473,Value,MSC1505
2025-02-11 17:54:59,2025-02-18 20:30:00,2025-02-18 02:54:59,0.14021213751405714,Value,MSC1505
2025-02-11 17:54:59,2025-02-18 20:30:00,2025-02-18 03:54:59,0.6730023893348482,Value,MSC1505
2025-02-11 17:54:59,2025-02-18 20:30:00,2025-02-18 04:54:59,0.6714736202997464,Value,MSC1505
2025-02-11 17:54:59,2025-02-18 20:30:00,2025-02-18 05:54:59,0.13166593036916696,Value,MSC1505
2025-02-11 17:54:59,2025-02-18 20:30:00,2025-02-18 06:54:59,-0.23213508149098624,Value,MSC1505
2025-02-11 17:54:59,2025-02-18 20:30:00,2025-02-18 07:54:59,1.358519559285852,Value,MSC1505
2025-02-11 17:54:59,2025-02-18 20:30:00,2025-02-18 08:54:59,-0.8720279083873722,Value,MSC1505
2025-02-11 17:54:59,2025-02-18 20:30:00,2025-02-18 09:54:59,-0.8404356762977063,Value,MSC1505
2025-02-11 17:54:59,2025-02-18 20:30:00,2025-02-18 10:54:59,0.647228528023391,Value,MSC1505
2025-02-11 17:54:59,2025-02-18 20:30:00,2025-02-18 11:54:59,1.232914377772344,Value,MSC1505
2025-02-11 17:54:59,2025-02-18 20:30:00,2025-02-18 12:54:59,-0.23053503695095445,Value,MSC1505
2025-02-11 17:54:59,2025-02-18 20:30:00,2025-02-18 13:54:59,-1.2318844618112597,Value,MSC1505
2025-02-11 17:54:59,2025-02-18 20:30:00,2025-02-18 14:54:59,-1.0325878354759743,Value,MSC1505
2025-02-11 17:54:59,2025-02-18 20:30:00,2025-02-18 15:54:59,-0.2941554235176306,Value,MSC1505
2025-02-11 17:54:59,2025-02-18 20:30:00,2025-02-18 16:54:59,0.3315043034831503,Value,MSC1505
2025-02-11 17:54:59,2025-02-18 20:30:00,2025-02-18 17:54:59,-0.7002987805504975,Value,MSC1505
2025-02-11 17:54:59,2025-02-18 20:30:00,2025-02-18 18:54:59,0.15188645057740754,Value,MSC1505
2025-02-11 17:54:59,2025-02-18 20:30:00,2025-02-18 19:54:59,-0.3606952559188168,Value,MSC1505
2025-02-11 17:54:59,2025-02-18 20:30:00,2025-02-11 17:54:59,-0.43837408312209675,Value,Pc_OIT_24Real[290]
2025-02-11 17:54:59,2025-02-18 20:30:00,2025-02-11 18:54:59,0.23124175509696573,Value,Pc_OIT_24Real[290]
2025-02-11 17:54:59,2025-02-18 20:30:00,2025-02-11 19:54:59,0.5220104872512693,Value,Pc_OIT_24Real[290]
2025-02-11 17:54:59,2025-02-18 20:30:00,2025-02-11 20:54:59,-0.04850940696981387,Value,Pc_OIT_24Real[290]
2025-02-11 17:54:59,2025-02-18 20:30:00,2025-02-11 21:54:59,0.05816485523327172,Value,Pc_OIT_24Real[290]
2025-02-11 17:54:59,2025-02-18 20:30:00,2025-02-11 22:54:59,1.1169135329045599,Value,Pc_OIT_24Real[290]
2025-02-11 17:54:59,2025-02-18 20:30:00,2025-02-11 23:54:59,-1.2972705892007406,Value,Pc_OIT_24Real[290]
2025-02-11 17:54:59,2025-02-18 20:30:00,2025-02-12 00:54:59,0.3362582268802662,Value,Pc_OIT_24Real[290]
2025-02-11 17:54:59,2025-02-18 20:30:00,2025-02-12 01:54:59,0.23571543552365373,Value,Pc_OIT_24Real[290]
2025-02-11 17:54:59,2025-02-18 20:30:00,2025-02-12 02:54:59,0.4329497276944242,Value,Pc_OIT_24Real[290]
2025-02-11 17:54:59,2025-02-18 20:30:00,2025-02-12 03:54:59,-0.02350988110914918,Value,Pc_OIT_24Real[290]
2025-02-11 17:54:59,2025-02-18 20:30:00,2025-02-12 04:54:59,-0.9324165875317406,Value,Pc_OIT_24Real[290]
2025-02-11 17:54:59,2025-02-18 20:30:00,2025-02-12 05:54:59,-1.2093291609915076,Value,Pc_OIT_24Real[290]
2025-02-11 17:54:59,2025-02-18 20:30:00,2025-02-12 06:54:59,-0.43204101659865474,Value,Pc_OIT_24Real[290]
2025-02-11 17:54:59,2025-02-18 20:30:00,2025-02-12 07:54:59,-0.7530813593587214,Value,Pc_OIT_24Real[290]
2025-02-11 17:54:59,2025-02-18 20:30:00,2025-02-12 08:54:59,0.012422070622600439,Value,Pc_OIT_24Real[290]
2025-02-11 17:54:59,2025-02-18 20:30:00,2025-02-12 09:54:59,0.39521275492424096,Value,Pc_OIT_24Real[290]
2025-02-11 17:54:59,2025-02-18 20:30:00,2025-02-12 10:54:59,-1.6477423420753232,Value,Pc_OIT_24Real[290]
2025-02-11 17:54:59,2025-02-18 20:30:00,2025-02-12 11:54:59,-1.276677634524025,Value,Pc_OIT_24Real[290]
2025-02-11 17:54:59,2025-02-18 20:30:00,2025-02-12 12:54:59,0.021825065730591165,Value,Pc_OIT_24Real[290]
2025-02-11 17:54:59,2025-02-18 20:30:00,2025-02-12 13:54:59,-0.3652315660741766,Value,Pc_OIT_24Real[290]
2025-02-11 17:54:59,2025-02-18 20:30:00,2025-02-12 14:54:59,-4.355526295769046,Value,Pc_OIT_24Real[290]
2025-02-11 17:54:59,2025-02-18 20:30:00,2025-02-12 15:54:59,1.5131087819541638,Value,Pc_OIT_24Real[290]
2025-02-11 17:54:59,2025-02-18 20:30:00,2025-02-12 16:54:59,1.2778422877718945,Value,Pc_OIT_24Real[290]
2025-02-11 17:54:59,2025-02-18 20:30:00,2025-02-12 17:54:59,-0.13965841683024244,Value,Pc_OIT_24Real[290]
2025-02-11 17:54:59,2025-02-18 20:30:00,2025-02-12 18:54:59,-0.4973681739722016,Value,Pc_OIT_24Real[290]
2025-02-11 17:54:59,2025-02-18 20:30:00,2025-02-12 19:54:59,2.572573207039265,Value,Pc_OIT_24Real[290]
2025-02-11 17:54:59,2025-02-18 20:30:00,2025-02-12 20:54:59,-0.03427018583418247,Value,Pc_OIT_24Real[290]
2025-02-11 17:54:59,2025-02-18 20:30:00,2025-02-12 21:54:59,0.1599144343661732,Value,Pc_OIT_24Real[290]
2025-02-11 17:54:59,2025-02-18 20:30:00,2025-02-12 22:54:59,0.2337436065892017,Value,Pc_OIT_24Real[290]
2025-02-11 17:54:59,2025-02-18 20:30:00,2025-02-12 23:54:59,0.3142738594352101,Value,Pc_OIT_24Real[290]
2025-02-11 17:54:59,2025-02-18 20:30:00,2025-02-13 00:54:59,-0.8884915301953605,Value,Pc_OIT_24Real[290]
2025-02-11 17:54:59,2025-02-18 20:30:00,2025-02-13 01:54:59,-1.1469848586899984,Value,Pc_OIT_24Real[290]
2025-02-11 17:54:59,2025-02-18 20:30:00,2025-02-13 02:54:59,0.9642776615958029,Value,Pc_OIT_24Real[290]
2025-02-11 17:54:59,2025-02-18 20:30:00,2025-02-13 03:54:59,1.0945765555964806,Value,Pc_OIT_24Real[290]
2025-02-11 17:54:59,2025-02-18 20:30:00,2025-02-13 04:54:59,0.772202004010771,Value,Pc_OIT_24Real[290]
2025-02-11 17:54:59,2025-02-18 20:30:00,2025-02-13 05:54:59,1.4216291930852831,Value,Pc_OIT_24Real[290]
2025-02-11 17:54:59,2025-02-18 20:30:00,2025-02-13 06:54:59,0.5336518558350398,Value,Pc_OIT_24Real[290]
2025-02-11 17:54:59,2025-02-18 20:30:00,2025-02-13 07:54:59,-0.846602852886411,Value,Pc_OIT_24Real[290]
2025-02-11 17:54:59,2025-02-18 20:30:00,2025-02-13 08:54:59,0.26305293813995007,Value,Pc_OIT_24Real[290]
2025-02-11 17:54:59,2025-02-18 20:30:00,2025-02-13 09:54:59,-0.16549870670238562,Value,Pc_OIT_24Real[290]
2025-02-11 17:54:59,2025-02-18 20:30:00,2025-02-13 10:54:59,0.04354818777025491,Value,Pc_OIT_24Real[290]
2025-02-11 17:54:59,2025-02-18 20:30:00,2025-02-13 11:54:59,-0.03208296957889447,Value,Pc_OIT_24Real[290]
2025-02-11 17:54:59,2025-02-18 20:30:00,2025-02-13 12:54:59,0.5520069093986487,Value,Pc_OIT_24Real[290]
2025-02-11 17:54:59,2025-02-18 20:30:00,2025-02-13 13:54:59,-0.5642684430409458,Value,Pc_OIT_24Real[290]
2025-02-11 17:54:59,2025-02-18 20:30:00,2025-02-13 14:54:59,0.0037021619420239613,Value,Pc_OIT_24Real[290]
2025-02-11 17:54:59,2025-02-18 20:30:00,2025-02-13 15:54:59,0.20339693018917832,Value,Pc_OIT_24Real[290]
2025-02-11 17:54:59,2025-02-18 20:30:00,2025-02-13 16:54:59,1.2594179281055444,Value,Pc_OIT_24Real[290]
2025-02-11 17:54:59,2025-02-18 20:30:00,2025-02-13 17:54:59,-0.34241868525434693,Value,Pc_OIT_24Real[290]
2025-02-11 17:54:59,2025-02-18 20:30:00,2025-02-13 18:54:59,-0.12707185782436026,Value,Pc_OIT_24Real[290]
2025-02-11 17:54:59,2025-02-18 20:30:00,2025-02-13 19:54:59,1.662395882609332,Value,Pc_OIT_24Real[290]
2025-02-11 17:54:59,2025-02-18 20:30:00,2025-02-13 20:54:59,0.7719673182279257,Value,Pc_OIT_24Real[290]
2025-02-11 17:54:59,2025-02-18 20:30:00,2025-02-13 21:54:59,1.61918922553847,Value,Pc_OIT_24Real[290]
2025-02-11 17:54:59,2025-02-18 20:30:00,2025-02-13 22:54:59,0.48883289300417676,Value,Pc_OIT_24Real[290]
2025-02-11 17:54:59,2025-02-18 20:30:00,2025-02-13 23:54:59,1.5953125698028223,Value,Pc_OIT_24Real[290]
2025-02-11 17:54:59,2025-02-18 20:30:00,2025-02-14 00:54:59,1.820178891527937,Value,Pc_OIT_24Real[290]
2025-02-11 17:54:59,2025-02-18 20:30:00,2025-02-14 01:54:59,0.350350882252809,Value,Pc_OIT_24Real[290]
2025-02-11 17:54:59,2025-02-18 20:30:00,2025-02-14 02:54:59,-0.7160241637789565,Value,Pc_OIT_24Real[290]
2025-02-11 17:54:59,2025-02-18 20:30:00,2025-02-14 03:54:59,-0.08641944685077989,Value,Pc_OIT_24Real[290]
2025-02-11 17:54:59,2025-02-18 20:30:00,2025-02-14 04:54:59,-1.4243312418889909,Value,Pc_OIT_24Real[290]
2025-02-11 17:54:59,2025-02-18 20:30:00,2025-02-14 05:54:59,-2.1281981870491427,Value,Pc_OIT_24Real[290]
2025-02-11 17:54:59,2025-02-18 20:30:00,2025-02-14 06:54:59,-0.9311077981425455,Value,Pc_OIT_24Real[290]
2025-02-11 17:54:59,2025-02-18 20:30:00,2025-02-14 07:54:59,0.4813445695452672,Value,Pc_OIT_24Real[290]
2025-02-11 17:54:59,2025-02-18 20:30:00,2025-02-14 08:54:59,-0.2996907190989609,Value,Pc_OIT_24Real[290]
2025-02-11 17:54:59,2025-02-18 20:30:00,2025-02-14 09:54:59,1.0807244632786024,Value,Pc_OIT_24Real[290]
2025-02-11 17:54:59,2025-02-18 20:30:00,2025-02-14 10:54:59,0.3466382934722286,Value,Pc_OIT_24Real[290]
2025-02-11 17:54:59,2025-02-18 20:30:00,2025-02-14 11:54:59,0.5595962874352117,Value,Pc_OIT_24Real[290]
2025-02-11 17:54:59,2025-02-18 20:30:00,2025-02-14 12:54:59,0.05008771967657945,Value,Pc_OIT_24Real[290]
2025-02-11 17:54:59,2025-02-18 20:30:00,2025-02-14 13:54:59,-0.5579163101704355,Value,Pc_OIT_24Real[290]
2025-02-11 17:54:59,2025-02-18 20:30:00,2025-02-14 14:54:59,0.17433101080841024,Value,Pc_OIT_24Real[290]
2025-02-11 17:54:59,2025-02-18 20:30:00,2025-02-14 15:54:59,0.453523457499348,Value,Pc_OIT_24Real[290]
2025-02-11 17:54:59,2025-02-18 20:30:00,2025-02-14 16:54:59,-0.9426696075905145,Value,Pc_OIT_24Real[290]
2025-02-11 17:54:59,2025-02-18 20:30:00,2025-02-14 17:54:59,1.1204033924899175,Value,Pc_OIT_24Real[290]
2025-02-11 17:54:59,2025-02-18 20:30:00,2025-02-14 18:54:59,0.3456869473730349,Value,Pc_OIT_24Real[290]
2025-02-11 17:54:59,2025-02-18 20:30:00,2025-02-14 19:54:59,0.12755567844822951,Value,Pc_OIT_24Real[290]
2025-02-11 17:54:59,2025-02-18 20:30:00,2025-02-14 20:54:59,1.2627471682957827,Value,Pc_OIT_24Real[290]
2025-02-11 17:54:59,2025-02-18 20:30:00,2025-02-14 21:54:59,1.5874526316508055,Value,Pc_OIT_24Real[290]
2025-02-11 17:54:59,2025-02-18 20:30:00,2025-02-14 22:54:59,-0.775118721114226,Value,Pc_OIT_24Real[290]
2025-02-11 17:54:59,2025-02-18 20:30:00,2025-02-14 23:54:59,-0.44647648556823766,Value,Pc_OIT_24Real[290]
2025-02-11 17:54:59,2025-02-18 20:30:00,2025-02-15 00:54:59,0.16251139700530176,Value,Pc_OIT_24Real[290]
2025-02-11 17:54:59,2025-02-18 20:30:00,2025-02-15 01:54:59,-0.40848643042175253,Value,Pc_OIT_24Real[290]
2025-02-11 17:54:59,2025-02-18 20:30:00,2025-02-15 02:54:59,-0.8012012395631978,Value,Pc_OIT_24Real[290]
2025-02-11 17:54:59,2025-02-18 20:30:00,2025-02-15 03:54:59,2.4221803599898353,Value,Pc_OIT_24Real[290]
2025-02-11 17:54:59,2025-02-18 20:30:00,2025-02-15 04:54:59,-1.3153141814489855,Value,Pc_OIT_24Real[290]
2025-02-11 17:54:59,2025-02-18 20:30:00,2025-02-15 05:54:59,0.003111746615157217,Value,Pc_OIT_24Real[290]
2025-02-11 17:54:59,2025-02-18 20:30:00,2025-02-15 06:54:59,1.3199067072794093,Value,Pc_OIT_24Real[290]
2025-02-11 17:54:59,2025-02-18 20:30:00,2025-02-15 07:54:59,-1.4101968081162841,Value,Pc_OIT_24Real[290]
2025-02-11 17:54:59,2025-02-18 20:30:00,2025-02-15 08:54:59,0.37438033041527646,Value,Pc_OIT_24Real[290]
2025-02-11 17:54:59,2025-02-18 20:30:00,2025-02-15 09:54:59,-0.07186515047028569,Value,Pc_OIT_24Real[290]
2025-02-11 17:54:59,2025-02-18 20:30:00,2025-02-15 10:54:59,-0.3294380973297536,Value,Pc_OIT_24Real[290]
2025-02-11 17:54:59,2025-02-18 20:30:00,2025-02-15 11:54:59,-0.41687118557579844,Value,Pc_OIT_24Real[290]
2025-02-11 17:54:59,2025-02-18 20:30:00,2025-02-15 12:54:59,0.07718639166066327,Value,Pc_OIT_24Real[290]
2025-02-11 17:54:59,2025-02-18 20:30:00,2025-02-15 13:54:59,-0.6015015358708284,Value,Pc_OIT_24Real[290]
2025-02-11 17:54:59,2025-02-18 20:30:00,2025-02-15 14:54:59,-0.11042825405846206,Value,Pc_OIT_24Real[290]
2025-02-11 17:54:59,2025-02-18 20:30:00,2025-02-15 15:54:59,0.3674803099132355,Value,Pc_OIT_24Real[290]
2025-02-11 17:54:59,2025-02-18 20:30:00,2025-02-15 16:54:59,0.9457480812190453,Value,Pc_OIT_24Real[290]
2025-02-11 17:54:59,2025-02-18 20:30:00,2025-02-15 17:54:59,-1.8579660751388223,Value,Pc_OIT_24Real[290]
2025-02-11 17:54:59,2025-02-18 20:30:00,2025-02-15 18:54:59,-0.4933386371834119,Value,Pc_OIT_24Real[290]
2025-02-11 17:54:59,2025-02-18 20:30:00,2025-02-15 19:54:59,-0.5344036885900308,Value,Pc_OIT_24Real[290]
2025-02-11 17:54:59,2025-02-18 20:30:00,2025-02-15 20:54:59,0.6885082427596776,Value,Pc_OIT_24Real[290]
2025-02-11 17:54:59,2025-02-18 20:30:00,2025-02-15 21:54:59,0.40593803118172084,Value,Pc_OIT_24Real[290]
2025-02-11 17:54:59,2025-02-18 20:30:00,2025-02-15 22:54:59,0.20087919931865972,Value,Pc_OIT_24Real[290]
2025-02-11 17:54:59,2025-02-18 20:30:00,2025-02-15 23:54:59,-1.3996923131344718,Value,Pc_OIT_24Real[290]
2025-02-11 17:54:59,2025-02-18 20:30:00,2025-02-16 00:54:59,-0.046503084919846914,Value,Pc_OIT_24Real[290]
2025-02-11 17:54:59,2025-02-18 20:30:00,2025-02-16 01:54:59,-0.2822040339329525,Value,Pc_OIT_24Real[290]
2025-02-11 17:54:59,2025-02-18 20:30:00,2025-02-16 02:54:59,0.7386313417871654,Value,Pc_OIT_24Real[290]
2025-02-11 17:54:59,2025-02-18 20:30:00,2025-02-16 03:54:59,-0.48796488375136116,Value,Pc_OIT_24Real[290]
2025-02-11 17:54:59,2025-02-18 20:30:00,2025-02-16 04:54:59,-1.114018843711075,Value,Pc_OIT_24Real[290]
2025-02-11 17:54:59,2025-02-18 20:30:00,2025-02-16 05:54:59,0.7322862051916601,Value,Pc_OIT_24Real[290]
2025-02-11 17:54:59,2025-02-18 20:30:00,2025-02-16 06:54:59,-0.6995963117542909,Value,Pc_OIT_24Real[290]
2025-02-11 17:54:59,2025-02-18 20:30:00,2025-02-16 07:54:59,0.8678036155493182,Value,Pc_OIT_24Real[290]
2025-02-11 17:54:59,2025-02-18 20:30:00,2025-02-16 08:54:59,-0.2680956206562232,Value,Pc_OIT_24Real[290]
2025-02-11 17:54:59,2025-02-18 20:30:00,2025-02-16 09:54:59,0.5660965737576072,Value,Pc_OIT_24Real[290]
2025-02-11 17:54:59,2025-02-18 20:30:00,2025-02-16 10:54:59,-0.00915210934086597,Value,Pc_OIT_24Real[290]
2025-02-11 17:54:59,2025-02-18 20:30:00,2025-02-16 11:54:59,0.3913134564445538,Value,Pc_OIT_24Real[290]
2025-02-11 17:54:59,2025-02-18 20:30:00,2025-02-16 12:54:59,0.5634738362520308,Value,Pc_OIT_24Real[290]
2025-02-11 17:54:59,2025-02-18 20:30:00,2025-02-16 13:54:59,-0.3773556517872583,Value,Pc_OIT_24Real[290]
2025-02-11 17:54:59,2025-02-18 20:30:00,2025-02-16 14:54:59,0.43939953322164504,Value,Pc_OIT_24Real[290]
2025-02-11 17:54:59,2025-02-18 20:30:00,2025-02-16 15:54:59,0.03825991904865283,Value,Pc_OIT_24Real[290]
2025-02-11 17:54:59,2025-02-18 20:30:00,2025-02-16 16:54:59,0.8675398218768643,Value,Pc_OIT_24Real[290]
2025-02-11 17:54:59,2025-02-18 20:30:00,2025-02-16 17:54:59,0.2978184126259681,Value,Pc_OIT_24Real[290]
2025-02-11 17:54:59,2025-02-18 20:30:00,2025-02-16 18:54:59,1.3875087153866206,Value,Pc_OIT_24Real[290]
2025-02-11 17:54:59,2025-02-18 20:30:00,2025-02-16 19:54:59,1.5123679350866472,Value,Pc_OIT_24Real[290]
2025-02-11 17:54:59,2025-02-18 20:30:00,2025-02-16 20:54:59,-0.04593227112549715,Value,Pc_OIT_24Real[290]
2025-02-11 17:54:59,2025-02-18 20:30:00,2025-02-16 21:54:59,-0.5648003425796212,Value,Pc_OIT_24Real[290]
2025-02-11 17:54:59,2025-02-18 20:30:00,2025-02-16 22:54:59,0.22017087882082728,Value,Pc_OIT_24Real[290]
2025-02-11 17:54:59,2025-02-18 20:30:00,2025-02-16 23:54:59,-0.5291365507115748,Value,Pc_OIT_24Real[290]
2025-02-11 17:54:59,2025-02-18 20:30:00,2025-02-17 00:54:59,0.2455843566255553,Value,Pc_OIT_24Real[290]
2025-02-11 17:54:59,2025-02-18 20:30:00,2025-02-17 01:54:59,1.2987178733055595,Value,Pc_OIT_24Real[290]
2025-02-11 17:54:59,2025-02-18 20:30:00,2025-02-17 02:54:59,1.332045710070049,Value,Pc_OIT_24Real[290]
2025-02-11 17:54:59,2025-02-18 20:30:00,2025-02-17 03:54:59,-2.453760730178612,Value,Pc_OIT_24Real[290]
2025-02-11 17:54:59,2025-02-18 20:30:00,2025-02-17 04:54:59,-0.5976067543540672,Value,Pc_OIT_24Real[290]
2025-02-11 17:54:59,2025-02-18 20:30:00,2025-02-17 05:54:59,1.615116559700297,Value,Pc_OIT_24Real[290]
2025-02-11 17:54:59,2025-02-18 20:30:00,2025-02-17 06:54:59,0.5321917058893902,Value,Pc_OIT_24Real[290]
2025-02-11 17:54:59,2025-02-18 20:30:00,2025-02-17 07:54:59,0.2748498402396198,Value,Pc_OIT_24Real[290]
2025-02-11 17:54:59,2025-02-18 20:30:00,2025-02-17 08:54:59,-0.47432138914872995,Value,Pc_OIT_24Real[290]
2025-02-11 17:54:59,2025-02-18 20:30:00,2025-02-17 09:54:59,1.1125729996214981,Value,Pc_OIT_24Real[290]
2025-02-11 17:54:59,2025-02-18 20:30:00,2025-02-17 10:54:59,0.04007509835451014,Value,Pc_OIT_24Real[290]
2025-02-11 17:54:59,2025-02-18 20:30:00,2025-02-17 11:54:59,-0.9896843918461052,Value,Pc_OIT_24Real[290]
2025-02-11 17:54:59,2025-02-18 20:30:00,2025-02-17 12:54:59,0.9040309355066977,Value,Pc_OIT_24Real[290]
2025-02-11 17:54:59,2025-02-18 20:30:00,2025-02-17 13:54:59,1.328931830027668,Value,Pc_OIT_24Real[290]
2025-02-11 17:54:59,2025-02-18 20:30:00,2025-02-17 14:54:59,-0.5304557303760398,Value,Pc_OIT_24Real[290]
2025-02-11 17:54:59,2025-02-18 20:30:00,2025-02-17 15:54:59,-1.0217211801781174,Value,Pc_OIT_24Real[290]
2025-02-11 17:54:59,2025-02-18 20:30:00,2025-02-17 16:54:59,-0.420188900861737,Value,Pc_OIT_24Real[290]
2025-02-11 17:54:59,2025-02-18 20:30:00,2025-02-17 17:54:59,0.5361395849564633,Value,Pc_OIT_24Real[290]
2025-02-11 17:54:59,2025-02-18 20:30:00,2025-02-17 18:54:59,0.41213554418719944,Value,Pc_OIT_24Real[290]
2025-02-11 17:54:59,2025-02-18 20:30:00,2025-02-17 19:54:59,-0.8001138344967378,Value,Pc_OIT_24Real[290]
2025-02-11 17:54:59,2025-02-18 20:30:00,2025-02-17 20:54:59,0.7966899631716852,Value,Pc_OIT_24Real[290]
2025-02-11 17:54:59,2025-02-18 20:30:00,2025-02-17 21:54:59,-0.33887274158179526,Value,Pc_OIT_24Real[290]
2025-02-11 17:54:59,2025-02-18 20:30:00,2025-02-17 22:54:59,-1.7274256855243828,Value,Pc_OIT_24Real[290]
2025-02-11 17:54:59,2025-02-18 20:30:00,2025-02-17 23:54:59,-0.1648772294519241,Value,Pc_OIT_24Real[290]
2025-02-11 17:54:59,2025-02-18 20:30:00,2025-02-18 00:54:59,-0.6976640961567216,Value,Pc_OIT_24Real[290]
2025-02-11 17:54:59,2025-02-18 20:30:00,2025-02-18 01:54:59,-0.9325843547826224,Value,Pc_OIT_24Real[290]
2025-02-11 17:54:59,2025-02-18 20:30:00,2025-02-18 02:54:59,-0.6169872311852368,Value,Pc_OIT_24Real[290]
2025-02-11 17:54:59,2025-02-18 20:30:00,2025-02-18 03:54:59,0.03323456493435368,Value,Pc_OIT_24Real[290]
2025-02-11 17:54:59,2025-02-18 20:30:00,2025-02-18 04:54:59,1.8206801226413374,Value,Pc_OIT_24Real[290]
2025-02-11 17:54:59,2025-02-18 20:30:00,2025-02-18 05:54:59,-2.0476826391222547,Value,Pc_OIT_24Real[290]
2025-02-11 17:54:59,2025-02-18 20:30:00,2025-02-18 06:54:59,-0.8765003192399753,Value,Pc_OIT_24Real[290]
2025-02-11 17:54:59,2025-02-18 20:30:00,2025-02-18 07:54:59,0.05590345828795809,Value,Pc_OIT_24Real[290]
2025-02-11 17:54:59,2025-02-18 20:30:00,2025-02-18 08:54:59,-0.06874890445068052,Value,Pc_OIT_24Real[290]
2025-02-11 17:54:59,2025-02-18 20:30:00,2025-02-18 09:54:59,-0.5315856320788651,Value,Pc_OIT_24Real[290]
2025-02-11 17:54:59,2025-02-18 20:30:00,2025-02-18 10:54:59,-0.07456876089145652,Value,Pc_OIT_24Real[290]
2025-02-11 17:54:59,2025-02-18 20:30:00,2025-02-18 11:54:59,1.8282472294053564,Value,Pc_OIT_24Real[290]
2025-02-11 17:54:59,2025-02-18 20:30:00,2025-02-18 12:54:59,1.1693691650190925,Value,Pc_OIT_24Real[290]
2025-02-11 17:54:59,2025-02-18 20:30:00,2025-02-18 13:54:59,-1.4394323754934517,Value,Pc_OIT_24Real[290]
2025-02-11 17:54:59,2025-02-18 20:30:00,2025-02-18 14:54:59,0.5595028826376176,Value,Pc_OIT_24Real[290]
2025-02-11 17:54:59,2025-02-18 20:30:00,2025-02-18 15:54:59,-0.7928933063271988,Value,Pc_OIT_24Real[290]
2025-02-11 17:54:59,2025-02-18 20:30:00,2025-02-18 16:54:59,0.671295947818612,Value,Pc_OIT_24Real[290]
2025-02-11 17:54:59,2025-02-18 20:30:00,2025-02-18 17:54:59,-0.5450262910950879,Value,Pc_OIT_24Real[290]
2025-02-11 17:54:59,2025-02-18 20:30:00,2025-02-18 18:54:59,-0.44348595609496133,Value,Pc_OIT_24Real[290]
2025-02-11 17:54:59,2025-02-18 20:30:00,2025-02-18 19:54:59,0.17372320413059425,Value,Pc_OIT_24Real[290]
2025-02-11 17:54:59,2025-02-18 20:30:00,2025-02-11 17:54:59,194.0,Value,TT1501Pid
2025-02-11 17:54:59,2025-02-18 20:30:00,2025-02-11 18:54:59,194.0,Value,TT1501Pid
2025-02-11 17:54:59,2025-02-18 20:30:00,2025-02-11 19:54:59,194.0,Value,TT1501Pid
2025-02-11 17:54:59,2025-02-18 20:30:00,2025-02-11 20:54:59,194.0,Value,TT1501Pid
2025-02-11 17:54:59,2025-02-18 20:30:00,2025-02-11 21:54:59,194.0,Value,TT1501Pid
2025-02-11 17:54:59,2025-02-18 20:30:00,2025-02-11 22:54:59,194.0,Value,TT1501Pid
2025-02-11 17:54:59,2025-02-18 20:30:00,2025-02-11 23:54:59,194.0,Value,TT1501Pid
2025-02-11 17:54:59,2025-02-18 20:30:00,2025-02-12 00:54:59,194.0,Value,TT1501Pid
2025-02-11 17:54:59,2025-02-18 20:30:00,2025-02-12 01:54:59,194.0,Value,TT1501Pid
2025-02-11 17:54:59,2025-02-18 20:30:00,2025-02-12 02:54:59,194.0,Value,TT1501Pid
2025-02-11 17:54:59,2025-02-18 20:30:00,2025-02-12 03:54:59,194.0,Value,TT1501Pid
2025-02-11 17:54:59,2025-02-18 20:30:00,2025-02-12 04:54:59,194.0,Value,TT1501Pid
2025-02-11 17:54:59,2025-02-18 20:30:00,2025-02-12 05:54:59,194.0,Value,TT1501Pid
2025-02-11 17:54:59,2025-02-18 20:30:00,2025-02-12 06:54:59,194.0,Value,TT1501Pid
2025-02-11 17:54:59,2025-02-18 20:30:00,2025-02-12 07:54:59,194.0,Value,TT1501Pid
2025-02-11 17:54:59,2025-02-18 20:30:00,2025-02-12 08:54:59,194.0,Value,TT1501Pid
2025-02-11 17:54:59,2025-02-18 20:30:00,2025-02-12 09:54:59,194.0,Value,TT1501Pid
2025-02-11 17:54:59,2025-02-18 20:30:00,2025-02-12 10:54:59,194.0,Value,TT1501Pid
2025-02-11 17:54:59,2025-02-18 20:30:00,2025-02-12 11:54:59,194.0,Value,TT1501Pid
2025-02-11 17:54:59,2025-02-18 20:30:00,2025-02-12 12:54:59,194.0,Value,TT1501Pid
2025-02-11 17:54:59,2025-02-18 20:30:00,2025-02-12 13:54:59,194.0,Value,TT1501Pid
2025-02-11 17:54:59,2025-02-18 20:30:00,2025-02-12 14:54:59,194.0,Value,TT1501Pid
2025-02-11 17:54:59,2025-02-18 20:30:00,2025-02-12 15:54:59,194.0,Value,TT1501Pid
2025-02-11 17:54:59,2025-02-18 20:30:00,2025-02-12 16:54:59,194.0,Value,TT1501Pid
2025-02-11 17:54:59,2025-02-18 20:30:00,2025-02-12 17:54:59,194.0,Value,TT1501Pid
2025-02-11 17:54:59,2025-02-18 20:30:00,2025-02-12 18:54:59,194.0,Value,TT1501Pid
2025-02-11 17:54:59,2025-02-18 20:30:00,2025-02-12 19:54:59,194.0,Value,TT1501Pid
2025-02-11 17:54:59,2025-02-18 20:30:00,2025-02-12 20:54:59,194.0,Value,TT1501Pid
2025-02-11 17:54:59,2025-02-18 20:30:00,2025-02-12 21:54:59,194.0,Value,TT1501Pid
2025-02-11 17:54:59,2025-02-18 20:30:00,2025-02-12 22:54:59,194.0,Value,TT1501Pid
2025-02-11 17:54:59,2025-02-18 20:30:00,2025-02-12 23:54:59,194.0,Value,TT1501Pid
2025-02-11 17:54:59,2025-02-18 20:30:00,2025-02-13 00:54:59,194.0,Value,TT1501Pid
2025-02-11 17:54:59,2025-02-18 20:30:00,2025-02-13 01:54:59,194.0,Value,TT1501Pid
2025-02-11 17:54:59,2025-02-18 20:30:00,2025-02-13 02:54:59,194.0,Value,TT1501Pid
2025-02-11 17:54:59,2025-02-18 20:30:00,2025-02-13 03:54:59,194.0,Value,TT1501Pid
2025-02-11 17:54:59,2025-02-18 20:30:00,2025-02-13 04:54:59,194.0,Value,TT1501Pid
2025-02-11 17:54:59,2025-02-18 20:30:00,2025-02-13 05:54:59,194.0,Value,TT1501Pid
2025-02-11 17:54:59,2025-02-18 20:30:00,2025-02-13 06:54:59,194.0,Value,TT1501Pid
2025-02-11 17:54:59,2025-02-18 20:30:00,2025-02-13 07:54:59,194.0,Value,TT1501Pid
2025-02-11 17:54:59,2025-02-18 20:30:00,2025-02-13 08:54:59,194.0,Value,TT1501Pid
2025-02-11 17:54:59,2025-02-18 20:30:00,2025-02-13 09:54:59,194.0,Value,TT1501Pid
2025-02-11 17:54:59,2025-02-18 20:30:00,2025-02-13 10:54:59,194.0,Value,TT1501Pid
2025-02-11 17:54:59,2025-02-18 20:30:00,2025-02-13 11:54:59,194.0,Value,TT1501Pid
2025-02-11 17:54:59,2025-02-18 20:30:00,2025-02-13 12:54:59,194.0,Value,TT1501Pid
2025-02-11 17:54:59,2025-02-18 20:30:00,2025-02-13 13:54:59,194.0,Value,TT1501Pid
2025-02-11 17:54:59,2025-02-18 20:30:00,2025-02-13 14:54:59,194.0,Value,TT1501Pid
2025-02-11 17:54:59,2025-02-18 20:30:00,2025-02-13 15:54:59,194.0,Value,TT1501Pid
2025-02-11 17:54:59,2025-02-18 20:30:00,2025-02-13 16:54:59,194.0,Value,TT1501Pid
2025-02-11 17:54:59,2025-02-18 20:30:00,2025-02-13 17:54:59,194.0,Value,TT1501Pid
2025-02-11 17:54:59,2025-02-18 20:30:00,2025-02-13 18:54:59,194.0,Value,TT1501Pid
2025-02-11 17:54:59,2025-02-18 20:30:00,2025-02-13 19:54:59,194.0,Value,TT1501Pid
2025-02-11 17:54:59,2025-02-18 20:30:00,2025-02-13 20:54:59,194.0,Value,TT1501Pid
2025-02-11 17:54:59,2025-02-18 20:30:00,2025-02-13 21:54:59,194.0,Value,TT1501Pid
2025-02-11 17:54:59,2025-02-18 20:30:00,2025-02-13 22:54:59,194.0,Value,TT1501Pid
2025-02-11 17:54:59,2025-02-18 20:30:00,2025-02-13 23:54:59,194.0,Value,TT1501Pid
2025-02-11 17:54:59,2025-02-18 20:30:00,2025-02-14 00:54:59,194.0,Value,TT1501Pid
2025-02-11 17:54:59,2025-02-18 20:30:00,2025-02-14 01:54:59,194.0,Value,TT1501Pid
2025-02-11 17:54:59,2025-02-18 20:30:00,2025-02-14 02:54:59,194.0,Value,TT1501Pid
2025-02-11 17:54:59,2025-02-18 20:30:00,2025-02-14 03:54:59,194.0,Value,TT1501Pid
2025-02-11 17:54:59,2025-02-18 20:30:00,2025-02-14 04:54:59,194.0,Value,TT1501Pid
2025-02-11 17:54:59,2025-02-18 20:30:00,2025-02-14 05:54:59,194.0,Value,TT1501Pid
2025-02-11 17:54:59,2025-02-18 20:30:00,2025-02-14 06:54:59,194.0,Value,TT1501Pid
2025-02-11 17:54:59,2025-02-18 20:30:00,2025-02-14 07:54:59,194.0,Value,TT1501Pid
2025-02-11 17:54:59,2025-02-18 20:30:00,2025-02-14 08:54:59,194.0,Value,TT1501Pid
2025-02-11 17:54:59,2025-02-18 20:30:00,2025-02-14 09:54:59,194.0,Value,TT1501Pid
2025-02-11 17:54:59,2025-02-18 20:30:00,2025-02-14 10:54:59,194.0,Value,TT1501Pid
2025-02-11 17:54:59,2025-02-18 20:30:00,2025-02-14 11:54:59,194.0,Value,TT1501Pid
2025-02-11 17:54:59,2025-02-18 20:30:00,2025-02-14 12:54:59,194.0,Value,TT1501Pid
2025-02-11 17:54:59,2025-02-18 20:30:00,2025-02-14 13:54:59,194.0,Value,TT1501Pid
2025-02-11 17:54:59,2025-02-18 20:30:00,2025-02-14 14:54:59,194.0,Value,TT1501Pid
2025-02-11 17:54:59,2025-02-18 20:30:00,2025-02-14 15:54:59,194.0,Value,TT1501Pid
2025-02-11 17:54:59,2025-02-18 20:30:00,2025-02-14 16:54:59,194.0,Value,TT1501Pid
2025-02-11 17:54:59,2025-02-18 20:30:00,2025-02-14 17:54:59,194.0,Value,TT1501Pid
2025-02-11 17:54:59,2025-02-18 20:30:00,2025-02-14 18:54:59,194.0,Value,TT1501Pid
2025-02-11 17:54:59,2025-02-18 20:30:00,2025-02-14 19:54:59,194.0,Value,TT1501Pid
2025-02-11 17:54:59,2025-02-18 20:30:00,2025-02-14 20:54:59,194.0,Value,TT1501Pid
2025-02-11 17:54:59,2025-02-18 20:30:00,2025-02-14 21:54:59,194.0,Value,TT1501Pid
2025-02-11 17:54:59,2025-02-18 20:30:00,2025-02-14 22:54:59,194.0,Value,TT1501Pid
2025-02-11 17:54:59,2025-02-18 20:30:00,2025-02-14 23:54:59,194.0,Value,TT1501Pid
2025-02-11 17:54:59,2025-02-18 20:30:00,2025-02-15 00:54:59,194.0,Value,TT1501Pid
2025-02-11 17:54:59,2025-02-18 20:30:00,2025-02-15 01:54:59,194.0,Value,TT1501Pid
2025-02-11 17:54:59,2025-02-18 20:30:00,2025-02-15 02:54:59,194.0,Value,TT1501Pid
2025-02-11 17:54:59,2025-02-18 20:30:00,2025-02-15 03:54:59,194.0,Value,TT1501Pid
2025-02-11 17:54:59,2025-02-18 20:30:00,2025-02-15 04:54:59,194.0,Value,TT1501Pid
2025-02-11 17:54:59,2025-02-18 20:30:00,2025-02-15 05:54:59,194.0,Value,TT1501Pid
2025-02-11 17:54:59,2025-02-18 20:30:00,2025-02-15 06:54:59,194.0,Value,TT1501Pid
2025-02-11 17:54:59,2025-02-18 20:30:00,2025-02-15 07:54:59,194.0,Value,TT1501Pid
2025-02-11 17:54:59,2025-02-18 20:30:00,2025-02-15 08:54:59,194.0,Value,TT1501Pid
2025-02-11 17:54:59,2025-02-18 20:30:00,2025-02-15 09:54:59,194.0,Value,TT1501Pid
2025-02-11 17:54:59,2025-02-18 20:30:00,2025-02-15 10:54:59,194.0,Value,TT1501Pid
2025-02-11 17:54:59,2025-02-18 20:30:00,2025-02-15 11:54:59,194.0,Value,TT1501Pid
2025-02-11 17:54:59,2025-02-18 20:30:00,2025-02-15 12:54:59,194.0,Value,TT1501Pid
2025-02-11 17:54:59,2025-02-18 20:30:00,2025-02-15 13:54:59,194.0,Value,TT1501Pid
2025-02-11 17:54:59,2025-02-18 20:30:00,2025-02-15 14:54:59,194.0,Value,TT1501Pid
2025-02-11 17:54:59,2025-02-18 20:30:00,2025-02-15 15:54:59,194.0,Value,TT1501Pid
2025-02-11 17:54:59,2025-02-18 20:30:00,2025-02-15 16:54:59,194.0,Value,TT1501Pid
2025-02-11 17:54:59,2025-02-18 20:30:00,2025-02-15 17:54:59,194.0,Value,TT1501Pid
2025-02-11 17:54:59,2025-02-18 20:30:00,2025-02-15 18:54:59,194.0,Value,TT1501Pid
2025-02-11 17:54:59,2025-02-18 20:30:00,2025-02-15 19:54:59,194.0,Value,TT1501Pid
2025-02-11 17:54:59,2025-02-18 20:30:00,2025-02-15 20:54:59,194.0,Value,TT1501Pid
2025-02-11 17:54:59,2025-02-18 20:30:00,2025-02-15 21:54:59,194.0,Value,TT1501Pid
2025-02-11 17:54:59,2025-02-18 20:30:00,2025-02-15 22:54:59,194.0,Value,TT1501Pid
2025-02-11 17:54:59,2025-02-18 20:30:00,2025-02-15 23:54:59,194.0,Value,TT1501Pid
2025-02-11 17:54:59,2025-02-18 20:30:00,2025-02-16 00:54:59,194.0,Value,TT1501Pid
2025-02-11 17:54:59,2025-02-18 20:30:00,2025-02-16 01:54:59,194.0,Value,TT1501Pid
2025-02-11 17:54:59,2025-02-18 20:30:00,2025-02-16 02:54:59,194.0,Value,TT1501Pid
2025-02-11 17:54:59,2025-02-18 20:30:00,2025-02-16 03:54:59,194.0,Value,TT1501Pid
2025-02-11 17:54:59,2025-02-18 20:30:00,2025-02-16 04:54:59,194.0,Value,TT1501Pid
2025-02-11 17:54:59,2025-02-18 20:30:00,2025-02-16 05:54:59,194.0,Value,TT1501Pid
2025-02-11 17:54:59,2025-02-18 20:30:00,2025-02-16 06:54:59,194.0,Value,TT1501Pid
2025-02-11 17:54:59,2025-02-18 20:30:00,2025-02-16 07:54:59,194.0,Value,TT1501Pid
2025-02-11 17:54:59,2025-02-18 20:30:00,2025-02-16 08:54:59,194.0,Value,TT1501Pid
2025-02-11 17:54:59,2025-02-18 20:30:00,2025-02-16 09:54:59,194.0,Value,TT1501Pid
2025-02-11 17:54:59,2025-02-18 20:30:00,2025-02-16 10:54:59,194.0,Value,TT1501Pid
2025-02-11 17:54:59,2025-02-18 20:30:00,2025-02-16 11:54:59,194.0,Value,TT1501Pid
2025-02-11 17:54:59,2025-02-18 20:30:00,2025-02-16 12:54:59,194.0,Value,TT1501Pid
2025-02-11 17:54:59,2025-02-18 20:30:00,2025-02-16 13:54:59,194.0,Value,TT1501Pid
2025-02-11 17:54:59,2025-02-18 20:30:00,2025-02-16 14:54:59,194.0,Value,TT1501Pid
2025-02-11 17:54:59,2025-02-18 20:30:00,2025-02-16 15:54:59,194.0,Value,TT1501Pid
2025-02-11 17:54:59,2025-02-18 20:30:00,2025-02-16 16:54:59,194.0,Value,TT1501Pid
2025-02-11 17:54:59,2025-02-18 20:30:00,2025-02-16 17:54:59,194.0,Value,TT1501Pid
2025-02-11 17:54:59,2025-02-18 20:30:00,2025-02-16 18:54:59,194.0,Value,TT1501Pid
2025-02-11 17:54:59,2025-02-18 20:30:00,2025-02-16 19:54:59,194.0,Value,TT1501Pid
2025-02-11 17:54:59,2025-02-18 20:30:00,2025-02-16 20:54:59,194.0,Value,TT1501Pid
2025-02-11 17:54:59,2025-02-18 20:30:00,2025-02-16 21:54:59,194.0,Value,TT1501Pid
2025-02-11 17:54:59,2025-02-18 20:30:00,2025-02-16 22:54:59,194.0,Value,TT1501Pid
2025-02-11 17:54:59,2025-02-18 20:30:00,2025-02-16 23:54:59,194.0,Value,TT1501Pid
2025-02-11 17:54:59,2025-02-18 20:30:00,2025-02-17 00:54:59,194.0,Value,TT1501Pid
2025-02-11 17:54:59,2025-02-18 20:30:00,2025-02-17 01:54:59,194.0,Value,TT1501Pid
2025-02-11 17:54:59,2025-02-18 20:30:00,2025-02-17 02:54:59,194.0,Value,TT1501Pid
2025-02-11 17:54:59,2025-02-18 20:30:00,2025-02-17 03:54:59,194.0,Value,TT1501Pid
2025-02-11 17:54:59,2025-02-18 20:30:00,2025-02-17 04:54:59,194.0,Value,TT1501Pid
2025-02-11 17:54:59,2025-02-18 20:30:00,2025-02-17 05:54:59,194.0,Value,TT1501Pid
2025-02-11 17:54:59,2025-02-18 20:30:00,2025-02-17 06:54:59,194.0,Value,TT1501Pid
2025-02-11 17:54:59,2025-02-18 20:30:00,2025-02-17 07:54:59,194.0,Value,TT1501Pid
2025-02-11 17:54:59,2025-02-18 20:30:00,2025-02-17 08:54:59,194.0,Value,TT1501Pid
2025-02-11 17:54:59,2025-02-18 20:30:00,2025-02-17 09:54:59,194.0,Value,TT1501Pid
2025-02-11 17:54:59,2025-02-18 20:30:00,2025-02-17 10:54:59,194.0,Value,TT1501Pid
2025-02-11 17:54:59,2025-02-18 20:30:00,2025-02-17 11:54:59,194.0,Value,TT1501Pid
2025-02-11 17:54:59,2025-02-18 20:30:00,2025-02-17 12:54:59,194.0,Value,TT1501Pid
2025-02-11 17:54:59,2025-02-18 20:30:00,2025-02-17 13:54:59,194.0,Value,TT1501Pid
2025-02-11 17:54:59,2025-02-18 20:30:00,2025-02-17 14:54:59,194.0,Value,TT1501Pid
2025-02-11 17:54:59,2025-02-18 20:30:00,2025-02-17 15:54:59,194.0,Value,TT1501Pid
2025-02-11 17:54:59,2025-02-18 20:30:00,2025-02-17 16:54:59,194.0,Value,TT1501Pid
2025-02-11 17:54:59,2025-02-18 20:30:00,2025-02-17 17:54:59,194.0,Value,TT1501Pid
2025-02-11 17:54:59,2025-02-18 20:30:00,2025-02-17 18:54:59,194.0,Value,TT1501Pid
2025-02-11 17:54:59,2025-02-18 20:30:00,2025-02-17 19:54:59,194.0,Value,TT1501Pid
2025-02-11 17:54:59,2025-02-18 20:30:00,2025-02-17 20:54:59,194.0,Value,TT1501Pid
2025-02-11 17:54:59,2025-02-18 20:30:00,2025-02-17 21:54:59,194.0,Value,TT1501Pid
2025-02-11 17:54:59,2025-02-18 20:30:00,2025-02-17 22:54:59,194.0,Value,TT1501Pid
2025-02-11 17:54:59,2025-02-18 20:30:00,2025-02-17 23:54:59,194.0,Value,TT1501Pid
2025-02-11 17:54:59,2025-02-18 20:30:00,2025-02-18 00:54:59,194.0,Value,TT1501Pid
2025-02-11 17:54:59,2025-02-18 20:30:00,2025-02-18 01:54:59,194.0,Value,TT1501Pid
2025-02-11 17:54:59,2025-02-18 20:30:00,2025-02-18 02:54:59,194.0,Value,TT1501Pid
2025-02-11 17:54:59,2025-02-18 20:30:00,2025-02-18 03:54:59,194.0,Value,TT1501Pid
2025-02-11 17:54:59,2025-02-18 20:30:00,2025-02-18 04:54:59,194.0,Value,TT1501Pid
2025-02-11 17:54:59,2025-02-18 20:30:00,2025-02-18 05:54:59,194.0,Value,TT1501Pid
2025-02-11 17:54:59,2025-02-18 20:30:00,2025-02-18 06:54:59,194.0,Value,TT1501Pid
2025-02-11 17:54:59,2025-02-18 20:30:00,2025-02-18 07:54:59,194.0,Value,TT1501Pid
2025-02-11 17:54:59,2025-02-18 20:30:00,2025-02-18 08:54:59,194.0,Value,TT1501Pid
2025-02-11 17:54:59,2025-02-18 20:30:00,2025-02-18 09:54:59,194.0,Value,TT1501Pid
2025-02-11 17:54:59,2025-02-18 20:30:00,2025-02-18 10:54:59,194.0,Value,TT1501Pid
2025-02-11 17:54:59,2025-02-18 20:30:00,2025-02-18 11:54:59,194.0,Value,TT1501Pid
2025-02-11 17:54:59,2025-02-18 20:30:00,2025-02-18 12:54:59,194.0,Value,TT1501Pid
2025-02-11 17:54:59,2025-02-18 20:30:00,2025-02-18 13:54:59,194.0,Value,TT1501Pid
2025-02-11 17:54:59,2025-02-18 20:30:00,2025-02-18 14:54:59,194.0,Value,TT1501Pid
2025-02-11 17:54:59,2025-02-18 20:30:00,2025-02-18 15:54:59,194.0,Value,TT1501Pid
2025-02-11 17:54:59,2025-02-18 20:30:00,2025-02-18 16:54:59,194.0,Value,TT1501Pid
2025-02-11 17:54:59,2025-02-18 20:30:00,2025-02-18 17:54:59,194.0,Value,TT1501Pid
2025-02-11 17:54:59,2025-02-18 20:30:00,2025-02-18 18:54:59,194.0,Value,TT1501Pid
2025-02-11 17:54:59,2025-02-18 20:30:00,2025-02-18 19:54:59,194.0,Value,TT1501Pid
2025-02-11 17:54:59,2025-02-18 20:30:00,2025-02-11 17:54:59,1.6108136866291218,Value,LT1301
2025-02-11 17:54:59,2025-02-18 20:30:00,2025-02-11 18:54:59,0.9467067037652038,Value,LT1301
2025-02-11 17:54:59,2025-02-18 20:30:00,2025-02-11 19:54:59,-0.8759913153720605,Value,LT1301
2025-02-11 17:54:59,2025-02-18 20:30:00,2025-02-11 20:54:59,0.21524016864552578,Value,LT1301
2025-02-11 17:54:59,2025-02-18 20:30:00,2025-02-11 21:54:59,-1.4194193886477897,Value,LT1301
2025-02-11 17:54:59,2025-02-18 20:30:00,2025-02-11 22:54:59,-0.9576959563722071,Value,LT1301
2025-02-11 17:54:59,2025-02-18 20:30:00,2025-02-11 23:54:59,-1.2517812490519897,Value,LT1301
2025-02-11 17:54:59,2025-02-18 20:30:00,2025-02-12 00:54:59,-2.2141557777042697,Value,LT1301
2025-02-11 17:54:59,2025-02-18 20:30:00,2025-02-12 01:54:59,0.1610280132232056,Value,LT1301
2025-02-11 17:54:59,2025-02-18 20:30:00,2025-02-12 02:54:59,-0.028992133002784325,Value,LT1301
2025-02-11 17:54:59,2025-02-18 20:30:00,2025-02-12 03:54:59,-0.42605418844028836,Value,LT1301
2025-02-11 17:54:59,2025-02-18 20:30:00,2025-02-12 04:54:59,0.8830751295606647,Value,LT1301
2025-02-11 17:54:59,2025-02-18 20:30:00,2025-02-12 05:54:59,1.2193541694311483,Value,LT1301
2025-02-11 17:54:59,2025-02-18 20:30:00,2025-02-12 06:54:59,-0.8404548016559696,Value,LT1301
2025-02-11 17:54:59,2025-02-18 20:30:00,2025-02-12 07:54:59,-0.36064993005767454,Value,LT1301
2025-02-11 17:54:59,2025-02-18 20:30:00,2025-02-12 08:54:59,0.5554023239526977,Value,LT1301
2025-02-11 17:54:59,2025-02-18 20:30:00,2025-02-12 09:54:59,1.5832034656675353,Value,LT1301
2025-02-11 17:54:59,2025-02-18 20:30:00,2025-02-12 10:54:59,-0.994913003296499,Value,LT1301
2025-02-11 17:54:59,2025-02-18 20:30:00,2025-02-12 11:54:59,-0.6268701374840745,Value,LT1301
2025-02-11 17:54:59,2025-02-18 20:30:00,2025-02-12 12:54:59,0.09786107445383195,Value,LT1301
2025-02-11 17:54:59,2025-02-18 20:30:00,2025-02-12 13:54:59,0.9982839177493656,Value,LT1301
2025-02-11 17:54:59,2025-02-18 20:30:00,2025-02-12 14:54:59,0.07681185205810745,Value,LT1301
2025-02-11 17:54:59,2025-02-18 20:30:00,2025-02-12 15:54:59,0.8583283822914901,Value,LT1301
2025-02-11 17:54:59,2025-02-18 20:30:00,2025-02-12 16:54:59,-1.2553745216508785,Value,LT1301
2025-02-11 17:54:59,2025-02-18 20:30:00,2025-02-12 17:54:59,0.8837917232449013,Value,LT1301
2025-02-11 17:54:59,2025-02-18 20:30:00,2025-02-12 18:54:59,-0.17428812606507596,Value,LT1301
2025-02-11 17:54:59,2025-02-18 20:30:00,2025-02-12 19:54:59,-0.622620005712144,Value,LT1301
2025-02-11 17:54:59,2025-02-18 20:30:00,2025-02-12 20:54:59,-0.7428773200468615,Value,LT1301
2025-02-11 17:54:59,2025-02-18 20:30:00,2025-02-12 21:54:59,-1.13593926593112,Value,LT1301
2025-02-11 17:54:59,2025-02-18 20:30:00,2025-02-12 22:54:59,1.2361264875760374,Value,LT1301
2025-02-11 17:54:59,2025-02-18 20:30:00,2025-02-12 23:54:59,0.6196707879981254,Value,LT1301
2025-02-11 17:54:59,2025-02-18 20:30:00,2025-02-13 00:54:59,-0.9160451572118941,Value,LT1301
2025-02-11 17:54:59,2025-02-18 20:30:00,2025-02-13 01:54:59,0.015086607818976203,Value,LT1301
2025-02-11 17:54:59,2025-02-18 20:30:00,2025-02-13 02:54:59,1.8094524028979593,Value,LT1301
2025-02-11 17:54:59,2025-02-18 20:30:00,2025-02-13 03:54:59,-0.9895074204296266,Value,LT1301
2025-02-11 17:54:59,2025-02-18 20:30:00,2025-02-13 04:54:59,-1.1001854514656,Value,LT1301
2025-02-11 17:54:59,2025-02-18 20:30:00,2025-02-13 05:54:59,0.6802535697354818,Value,LT1301
2025-02-11 17:54:59,2025-02-18 20:30:00,2025-02-13 06:54:59,-1.4594337815440899,Value,LT1301
2025-02-11 17:54:59,2025-02-18 20:30:00,2025-02-13 07:54:59,1.2701646791476917,Value,LT1301
2025-02-11 17:54:59,2025-02-18 20:30:00,2025-02-13 08:54:59,-1.975556025031196,Value,LT1301
2025-02-11 17:54:59,2025-02-18 20:30:00,2025-02-13 09:54:59,-1.6610737991667954,Value,LT1301
2025-02-11 17:54:59,2025-02-18 20:30:00,2025-02-13 10:54:59,-1.154038159211053,Value,LT1301
2025-02-11 17:54:59,2025-02-18 20:30:00,2025-02-13 11:54:59,0.8426255156839875,Value,LT1301
2025-02-11 17:54:59,2025-02-18 20:30:00,2025-02-13 12:54:59,1.1396834657867467,Value,LT1301
2025-02-11 17:54:59,2025-02-18 20:30:00,2025-02-13 13:54:59,-0.2474520778947533,Value,LT1301
2025-02-11 17:54:59,2025-02-18 20:30:00,2025-02-13 14:54:59,0.36366491395827677,Value,LT1301
2025-02-11 17:54:59,2025-02-18 20:30:00,2025-02-13 15:54:59,0.06277184441509495,Value,LT1301
2025-02-11 17:54:59,2025-02-18 20:30:00,2025-02-13 16:54:59,0.73897809594765,Value,LT1301
2025-02-11 17:54:59,2025-02-18 20:30:00,2025-02-13 17:54:59,0.10642250022418015,Value,LT1301
2025-02-11 17:54:59,2025-02-18 20:30:00,2025-02-13 18:54:59,0.5227542529526223,Value,LT1301
2025-02-11 17:54:59,2025-02-18 20:30:00,2025-02-13 19:54:59,1.0005738761067495,Value,LT1301
2025-02-11 17:54:59,2025-02-18 20:30:00,2025-02-13 20:54:59,0.1974601908375983,Value,LT1301
2025-02-11 17:54:59,2025-02-18 20:30:00,2025-02-13 21:54:59,0.010758917864846363,Value,LT1301
2025-02-11 17:54:59,2025-02-18 20:30:00,2025-02-13 22:54:59,0.6454567582155264,Value,LT1301
2025-02-11 17:54:59,2025-02-18 20:30:00,2025-02-13 23:54:59,0.9520257960091425,Value,LT1301
2025-02-11 17:54:59,2025-02-18 20:30:00,2025-02-14 00:54:59,-2.551140116066036,Value,LT1301
2025-02-11 17:54:59,2025-02-18 20:30:00,2025-02-14 01:54:59,-0.23489741622945445,Value,LT1301
2025-02-11 17:54:59,2025-02-18 20:30:00,2025-02-14 02:54:59,-0.49733455326350656,Value,LT1301
2025-02-11 17:54:59,2025-02-18 20:30:00,2025-02-14 03:54:59,-0.2080523546022608,Value,LT1301
2025-02-11 17:54:59,2025-02-18 20:30:00,2025-02-14 04:54:59,0.7847624373258192,Value,LT1301
2025-02-11 17:54:59,2025-02-18 20:30:00,2025-02-14 05:54:59,0.41725933142835464,Value,LT1301
2025-02-11 17:54:59,2025-02-18 20:30:00,2025-02-14 06:54:59,0.44007010069624003,Value,LT1301
2025-02-11 17:54:59,2025-02-18 20:30:00,2025-02-14 07:54:59,0.22440421119255524,Value,LT1301
2025-02-11 17:54:59,2025-02-18 20:30:00,2025-02-14 08:54:59,-2.720580990572903,Value,LT1301
2025-02-11 17:54:59,2025-02-18 20:30:00,2025-02-14 09:54:59,0.369789758209143,Value,LT1301
2025-02-11 17:54:59,2025-02-18 20:30:00,2025-02-14 10:54:59,-2.8082538074943124,Value,LT1301
2025-02-11 17:54:59,2025-02-18 20:30:00,2025-02-14 11:54:59,-0.3493435564032648,Value,LT1301
2025-02-11 17:54:59,2025-02-18 20:30:00,2025-02-14 12:54:59,-0.17261585087780054,Value,LT1301
2025-02-11 17:54:59,2025-02-18 20:30:00,2025-02-14 13:54:59,1.3638332030441933,Value,LT1301
2025-02-11 17:54:59,2025-02-18 20:30:00,2025-02-14 14:54:59,1.4063097873843908,Value,LT1301
2025-02-11 17:54:59,2025-02-18 20:30:00,2025-02-14 15:54:59,-0.8551069275612191,Value,LT1301
2025-02-11 17:54:59,2025-02-18 20:30:00,2025-02-14 16:54:59,-1.1003760308337278,Value,LT1301
2025-02-11 17:54:59,2025-02-18 20:30:00,2025-02-14 17:54:59,-0.3327741111604454,Value,LT1301
2025-02-11 17:54:59,2025-02-18 20:30:00,2025-02-14 18:54:59,-0.30091151702766405,Value,LT1301
2025-02-11 17:54:59,2025-02-18 20:30:00,2025-02-14 19:54:59,-1.0402621426266938,Value,LT1301
2025-02-11 17:54:59,2025-02-18 20:30:00,2025-02-14 20:54:59,-1.258923514314793,Value,LT1301
2025-02-11 17:54:59,2025-02-18 20:30:00,2025-02-14 21:54:59,-0.6443360187555669,Value,LT1301
2025-02-11 17:54:59,2025-02-18 20:30:00,2025-02-14 22:54:59,-1.5535010937181162,Value,LT1301
2025-02-11 17:54:59,2025-02-18 20:30:00,2025-02-14 23:54:59,-0.6664794854344909,Value,LT1301
2025-02-11 17:54:59,2025-02-18 20:30:00,2025-02-15 00:54:59,-1.1662902830036335,Value,LT1301
2025-02-11 17:54:59,2025-02-18 20:30:00,2025-02-15 01:54:59,0.9786792389336149,Value,LT1301
2025-02-11 17:54:59,2025-02-18 20:30:00,2025-02-15 02:54:59,2.3053461034491685,Value,LT1301
2025-02-11 17:54:59,2025-02-18 20:30:00,2025-02-15 03:54:59,1.7141723934029043,Value,LT1301
2025-02-11 17:54:59,2025-02-18 20:30:00,2025-02-15 04:54:59,0.5289865901735953,Value,LT1301
2025-02-11 17:54:59,2025-02-18 20:30:00,2025-02-15 05:54:59,-0.38930481560241886,Value,LT1301
2025-02-11 17:54:59,2025-02-18 20:30:00,2025-02-15 06:54:59,0.46299519008476187,Value,LT1301
2025-02-11 17:54:59,2025-02-18 20:30:00,2025-02-15 07:54:59,0.2210010690534635,Value,LT1301
2025-02-11 17:54:59,2025-02-18 20:30:00,2025-02-15 08:54:59,-0.9763203089132229,Value,LT1301
2025-02-11 17:54:59,2025-02-18 20:30:00,2025-02-15 09:54:59,0.3030335223267534,Value,LT1301
2025-02-11 17:54:59,2025-02-18 20:30:00,2025-02-15 10:54:59,0.4938254538981634,Value,LT1301
2025-02-11 17:54:59,2025-02-18 20:30:00,2025-02-15 11:54:59,0.40667000074324683,Value,LT1301
2025-02-11 17:54:59,2025-02-18 20:30:00,2025-02-15 12:54:59,-1.377303926633337,Value,LT1301
2025-02-11 17:54:59,2025-02-18 20:30:00,2025-02-15 13:54:59,-0.9593404933509678,Value,LT1301
2025-02-11 17:54:59,2025-02-18 20:30:00,2025-02-15 14:54:59,-0.3775293417512404,Value,LT1301
2025-02-11 17:54:59,2025-02-18 20:30:00,2025-02-15 15:54:59,1.1324482878461328,Value,LT1301
2025-02-11 17:54:59,2025-02-18 20:30:00,2025-02-15 16:54:59,0.6133568185509729,Value,LT1301
2025-02-11 17:54:59,2025-02-18 20:30:00,2025-02-15 17:54:59,0.2514484333322765,Value,LT1301
2025-02-11 17:54:59,2025-02-18 20:30:00,2025-02-15 18:54:59,1.0139654066984878,Value,LT1301
2025-02-11 17:54:59,2025-02-18 20:30:00,2025-02-15 19:54:59,0.72933418564248,Value,LT1301
2025-02-11 17:54:59,2025-02-18 20:30:00,2025-02-15 20:54:59,0.13702785537751297,Value,LT1301
2025-02-11 17:54:59,2025-02-18 20:30:00,2025-02-15 21:54:59,2.8243454006791024,Value,LT1301
2025-02-11 17:54:59,2025-02-18 20:30:00,2025-02-15 22:54:59,1.4545589109415449,Value,LT1301
2025-02-11 17:54:59,2025-02-18 20:30:00,2025-02-15 23:54:59,-0.8590792477673869,Value,LT1301
2025-02-11 17:54:59,2025-02-18 20:30:00,2025-02-16 00:54:59,0.8669850309267497,Value,LT1301
2025-02-11 17:54:59,2025-02-18 20:30:00,2025-02-16 01:54:59,0.17946998467121802,Value,LT1301
2025-02-11 17:54:59,2025-02-18 20:30:00,2025-02-16 02:54:59,0.05904179384376286,Value,LT1301
2025-02-11 17:54:59,2025-02-18 20:30:00,2025-02-16 03:54:59,-0.0403974251366745,Value,LT1301
2025-02-11 17:54:59,2025-02-18 20:30:00,2025-02-16 04:54:59,-1.4737212145915537,Value,LT1301
2025-02-11 17:54:59,2025-02-18 20:30:00,2025-02-16 05:54:59,1.841165642047116,Value,LT1301
2025-02-11 17:54:59,2025-02-18 20:30:00,2025-02-16 06:54:59,0.5035831894502993,Value,LT1301
2025-02-11 17:54:59,2025-02-18 20:30:00,2025-02-16 07:54:59,-0.3359039553871745,Value,LT1301
2025-02-11 17:54:59,2025-02-18 20:30:00,2025-02-16 08:54:59,1.620800567474052,Value,LT1301
2025-02-11 17:54:59,2025-02-18 20:30:00,2025-02-16 09:54:59,1.6327700822163396,Value,LT1301
2025-02-11 17:54:59,2025-02-18 20:30:00,2025-02-16 10:54:59,0.51538257950219,Value,LT1301
2025-02-11 17:54:59,2025-02-18 20:30:00,2025-02-16 11:54:59,-0.48510425115583483,Value,LT1301
2025-02-11 17:54:59,2025-02-18 20:30:00,2025-02-16 12:54:59,-0.0453774196442288,Value,LT1301
2025-02-11 17:54:59,2025-02-18 20:30:00,2025-02-16 13:54:59,0.11540093849221714,Value,LT1301
2025-02-11 17:54:59,2025-02-18 20:30:00,2025-02-16 14:54:59,-0.5110095667992812,Value,LT1301
2025-02-11 17:54:59,2025-02-18 20:30:00,2025-02-16 15:54:59,-0.23857680280522764,Value,LT1301
2025-02-11 17:54:59,2025-02-18 20:30:00,2025-02-16 16:54:59,0.3997938151030111,Value,LT1301
2025-02-11 17:54:59,2025-02-18 20:30:00,2025-02-16 17:54:59,0.11833395112775522,Value,LT1301
2025-02-11 17:54:59,2025-02-18 20:30:00,2025-02-16 18:54:59,-0.11782058899118607,Value,LT1301
2025-02-11 17:54:59,2025-02-18 20:30:00,2025-02-16 19:54:59,-0.48154391568858423,Value,LT1301
2025-02-11 17:54:59,2025-02-18 20:30:00,2025-02-16 20:54:59,-1.7778842804304442,Value,LT1301
2025-02-11 17:54:59,2025-02-18 20:30:00,2025-02-16 21:54:59,1.5226016711216006,Value,LT1301
2025-02-11 17:54:59,2025-02-18 20:30:00,2025-02-16 22:54:59,1.2843786624361406,Value,LT1301
2025-02-11 17:54:59,2025-02-18 20:30:00,2025-02-16 23:54:59,1.2928359417198763,Value,LT1301
2025-02-11 17:54:59,2025-02-18 20:30:00,2025-02-17 00:54:59,0.3504442244788913,Value,LT1301
2025-02-11 17:54:59,2025-02-18 20:30:00,2025-02-17 01:54:59,-0.8559800965084481,Value,LT1301
2025-02-11 17:54:59,2025-02-18 20:30:00,2025-02-17 02:54:59,1.387027169752357,Value,LT1301
2025-02-11 17:54:59,2025-02-18 20:30:00,2025-02-17 03:54:59,1.1693634580276195,Value,LT1301
2025-02-11 17:54:59,2025-02-18 20:30:00,2025-02-17 04:54:59,-1.9530909462473667,Value,LT1301
2025-02-11 17:54:59,2025-02-18 20:30:00,2025-02-17 05:54:59,1.5979839769621595,Value,LT1301
2025-02-11 17:54:59,2025-02-18 20:30:00,2025-02-17 06:54:59,-0.7988360178768991,Value,LT1301
2025-02-11 17:54:59,2025-02-18 20:30:00,2025-02-17 07:54:59,-1.5810757659544554,Value,LT1301
2025-02-11 17:54:59,2025-02-18 20:30:00,2025-02-17 08:54:59,0.5718151768579679,Value,LT1301
2025-02-11 17:54:59,2025-02-18 20:30:00,2025-02-17 09:54:59,0.6298434951950127,Value,LT1301
2025-02-11 17:54:59,2025-02-18 20:30:00,2025-02-17 10:54:59,-1.4123835596476146,Value,LT1301
2025-02-11 17:54:59,2025-02-18 20:30:00,2025-02-17 11:54:59,0.6059926059074218,Value,LT1301
2025-02-11 17:54:59,2025-02-18 20:30:00,2025-02-17 12:54:59,-0.4169902679990697,Value,LT1301
2025-02-11 17:54:59,2025-02-18 20:30:00,2025-02-17 13:54:59,-0.4163787218342587,Value,LT1301
2025-02-11 17:54:59,2025-02-18 20:30:00,2025-02-17 14:54:59,-0.040287435312365096,Value,LT1301
2025-02-11 17:54:59,2025-02-18 20:30:00,2025-02-17 15:54:59,0.6818612735585591,Value,LT1301
2025-02-11 17:54:59,2025-02-18 20:30:00,2025-02-17 16:54:59,0.9551105515039453,Value,LT1301
2025-02-11 17:54:59,2025-02-18 20:30:00,2025-02-17 17:54:59,1.8928580731154074,Value,LT1301
2025-02-11 17:54:59,2025-02-18 20:30:00,2025-02-17 18:54:59,1.6201699946049601,Value,LT1301
2025-02-11 17:54:59,2025-02-18 20:30:00,2025-02-17 19:54:59,-2.178238618991524,Value,LT1301
2025-02-11 17:54:59,2025-02-18 20:30:00,2025-02-17 20:54:59,-1.5839432375872506,Value,LT1301
2025-02-11 17:54:59,2025-02-18 20:30:00,2025-02-17 21:54:59,0.7975517080387239,Value,LT1301
2025-02-11 17:54:59,2025-02-18 20:30:00,2025-02-17 22:54:59,-1.2942415601253645,Value,LT1301
2025-02-11 17:54:59,2025-02-18 20:30:00,2025-02-17 23:54:59,-0.5763790978771534,Value,LT1301
2025-02-11 17:54:59,2025-02-18 20:30:00,2025-02-18 00:54:59,0.8897239884335897,Value,LT1301
2025-02-11 17:54:59,2025-02-18 20:30:00,2025-02-18 01:54:59,0.07645947701818669,Value,LT1301
2025-02-11 17:54:59,2025-02-18 20:30:00,2025-02-18 02:54:59,0.8970864975028838,Value,LT1301
2025-02-11 17:54:59,2025-02-18 20:30:00,2025-02-18 03:54:59,-0.3950153648488371,Value,LT1301
2025-02-11 17:54:59,2025-02-18 20:30:00,2025-02-18 04:54:59,-1.476057054190367,Value,LT1301
2025-02-11 17:54:59,2025-02-18 20:30:00,2025-02-18 05:54:59,-0.5819661834267115,Value,LT1301
2025-02-11 17:54:59,2025-02-18 20:30:00,2025-02-18 06:54:59,0.877064065689796,Value,LT1301
2025-02-11 17:54:59,2025-02-18 20:30:00,2025-02-18 07:54:59,0.6470152528985241,Value,LT1301
2025-02-11 17:54:59,2025-02-18 20:30:00,2025-02-18 08:54:59,-0.8538324657414504,Value,LT1301
2025-02-11 17:54:59,2025-02-18 20:30:00,2025-02-18 09:54:59,-0.5275903469287249,Value,LT1301
2025-02-11 17:54:59,2025-02-18 20:30:00,2025-02-18 10:54:59,0.7217306690133614,Value,LT1301
2025-02-11 17:54:59,2025-02-18 20:30:00,2025-02-18 11:54:59,1.0370329689764908,Value,LT1301
2025-02-11 17:54:59,2025-02-18 20:30:00,2025-02-18 12:54:59,0.05547879730395006,Value,LT1301
2025-02-11 17:54:59,2025-02-18 20:30:00,2025-02-18 13:54:59,-1.446956810216866,Value,LT1301
2025-02-11 17:54:59,2025-02-18 20:30:00,2025-02-18 14:54:59,-0.9108945662327734,Value,LT1301
2025-02-11 17:54:59,2025-02-18 20:30:00,2025-02-18 15:54:59,-0.07467130068411507,Value,LT1301
2025-02-11 17:54:59,2025-02-18 20:30:00,2025-02-18 16:54:59,1.0062534812280426,Value,LT1301
2025-02-11 17:54:59,2025-02-18 20:30:00,2025-02-18 17:54:59,0.09877342187031714,Value,LT1301
2025-02-11 17:54:59,2025-02-18 20:30:00,2025-02-18 18:54:59,-0.5449955963990203,Value,LT1301
2025-02-11 17:54:59,2025-02-18 20:30:00,2025-02-18 19:54:59,0.3194807880455415,Value,LT1301
2025-02-11 17:54:59,2025-02-18 20:30:00,2025-02-11 17:54:59,-1.279331664211968,Value,MSC1503
2025-02-11 17:54:59,2025-02-18 20:30:00,2025-02-11 18:54:59,0.8837289808098622,Value,MSC1503
2025-02-11 17:54:59,2025-02-18 20:30:00,2025-02-11 19:54:59,-0.2460981838056322,Value,MSC1503
2025-02-11 17:54:59,2025-02-18 20:30:00,2025-02-11 20:54:59,0.0870158593548531,Value,MSC1503
2025-02-11 17:54:59,2025-02-18 20:30:00,2025-02-11 21:54:59,0.7813023182328761,Value,MSC1503
2025-02-11 17:54:59,2025-02-18 20:30:00,2025-02-11 22:54:59,0.09620682311052853,Value,MSC1503
2025-02-11 17:54:59,2025-02-18 20:30:00,2025-02-11 23:54:59,0.8510709163323799,Value,MSC1503
2025-02-11 17:54:59,2025-02-18 20:30:00,2025-02-12 00:54:59,0.5930351917126334,Value,MSC1503
2025-02-11 17:54:59,2025-02-18 20:30:00,2025-02-12 01:54:59,-0.6183505424418847,Value,MSC1503
2025-02-11 17:54:59,2025-02-18 20:30:00,2025-02-12 02:54:59,0.22387651915270187,Value,MSC1503
2025-02-11 17:54:59,2025-02-18 20:30:00,2025-02-12 03:54:59,-0.3259707982339539,Value,MSC1503
2025-02-11 17:54:59,2025-02-18 20:30:00,2025-02-12 04:54:59,0.27404967563852317,Value,MSC1503
2025-02-11 17:54:59,2025-02-18 20:30:00,2025-02-12 05:54:59,0.24174228122181726,Value,MSC1503
2025-02-11 17:54:59,2025-02-18 20:30:00,2025-02-12 06:54:59,0.4482184268057953,Value,MSC1503
2025-02-11 17:54:59,2025-02-18 20:30:00,2025-02-12 07:54:59,-0.7841137016068439,Value,MSC1503
2025-02-11 17:54:59,2025-02-18 20:30:00,2025-02-12 08:54:59,-0.5798394585881482,Value,MSC1503
2025-02-11 17:54:59,2025-02-18 20:30:00,2025-02-12 09:54:59,0.10085715055065289,Value,MSC1503
2025-02-11 17:54:59,2025-02-18 20:30:00,2025-02-12 10:54:59,-0.854236604125502,Value,MSC1503
2025-02-11 17:54:59,2025-02-18 20:30:00,2025-02-12 11:54:59,-0.6863815708414212,Value,MSC1503
2025-02-11 17:54:59,2025-02-18 20:30:00,2025-02-12 12:54:59,-2.216145115496263,Value,MSC1503
2025-02-11 17:54:59,2025-02-18 20:30:00,2025-02-12 13:54:59,0.17296223943761,Value,MSC1503
2025-02-11 17:54:59,2025-02-18 20:30:00,2025-02-12 14:54:59,-0.5177281056969056,Value,MSC1503
2025-02-11 17:54:59,2025-02-18 20:30:00,2025-02-12 15:54:59,-1.9096432559497325,Value,MSC1503
2025-02-11 17:54:59,2025-02-18 20:30:00,2025-02-12 16:54:59,0.5045551153079822,Value,MSC1503
2025-02-11 17:54:59,2025-02-18 20:30:00,2025-02-12 17:54:59,1.5401901064748063,Value,MSC1503
2025-02-11 17:54:59,2025-02-18 20:30:00,2025-02-12 18:54:59,-1.51905080263782,Value,MSC1503
2025-02-11 17:54:59,2025-02-18 20:30:00,2025-02-12 19:54:59,-0.36386768799496694,Value,MSC1503
2025-02-11 17:54:59,2025-02-18 20:30:00,2025-02-12 20:54:59,0.2848827821185384,Value,MSC1503
2025-02-11 17:54:59,2025-02-18 20:30:00,2025-02-12 21:54:59,0.9144875151369979,Value,MSC1503
2025-02-11 17:54:59,2025-02-18 20:30:00,2025-02-12 22:54:59,-1.8732947443111025,Value,MSC1503
2025-02-11 17:54:59,2025-02-18 20:30:00,2025-02-12 23:54:59,0.0717912021841083,Value,MSC1503
2025-02-11 17:54:59,2025-02-18 20:30:00,2025-02-13 00:54:59,-0.022488422065832087,Value,MSC1503
2025-02-11 17:54:59,2025-02-18 20:30:00,2025-02-13 01:54:59,1.1877420517058905,Value,MSC1503
2025-02-11 17:54:59,2025-02-18 20:30:00,2025-02-13 02:54:59,-1.3372536964828003,Value,MSC1503
2025-02-11 17:54:59,2025-02-18 20:30:00,2025-02-13 03:54:59,-0.2469199418584853,Value,MSC1503
2025-02-11 17:54:59,2025-02-18 20:30:00,2025-02-13 04:54:59,0.1251974234776842,Value,MSC1503
2025-02-11 17:54:59,2025-02-18 20:30:00,2025-02-13 05:54:59,0.7523597447385054,Value,MSC1503
2025-02-11 17:54:59,2025-02-18 20:30:00,2025-02-13 06:54:59,-0.09993961422575091,Value,MSC1503
2025-02-11 17:54:59,2025-02-18 20:30:00,2025-02-13 07:54:59,-0.9245619603072421,Value,MSC1503
2025-02-11 17:54:59,2025-02-18 20:30:00,2025-02-13 08:54:59,0.33804104631392046,Value,MSC1503
2025-02-11 17:54:59,2025-02-18 20:30:00,2025-02-13 09:54:59,-1.6554567309258932,Value,MSC1503
2025-02-11 17:54:59,2025-02-18 20:30:00,2025-02-13 10:54:59,0.4233568573876549,Value,MSC1503
2025-02-11 17:54:59,2025-02-18 20:30:00,2025-02-13 11:54:59,-0.2488760598246052,Value,MSC1503
2025-02-11 17:54:59,2025-02-18 20:30:00,2025-02-13 12:54:59,-0.5228820641754116,Value,MSC1503
2025-02-11 17:54:59,2025-02-18 20:30:00,2025-02-13 13:54:59,-0.02311762310569805,Value,MSC1503
2025-02-11 17:54:59,2025-02-18 20:30:00,2025-02-13 14:54:59,0.16046915447914772,Value,MSC1503
2025-02-11 17:54:59,2025-02-18 20:30:00,2025-02-13 15:54:59,-0.9481784911501574,Value,MSC1503
2025-02-11 17:54:59,2025-02-18 20:30:00,2025-02-13 16:54:59,0.9486008810217045,Value,MSC1503
2025-02-11 17:54:59,2025-02-18 20:30:00,2025-02-13 17:54:59,-1.041493943030993,Value,MSC1503
2025-02-11 17:54:59,2025-02-18 20:30:00,2025-02-13 18:54:59,0.07845029096902104,Value,MSC1503
2025-02-11 17:54:59,2025-02-18 20:30:00,2025-02-13 19:54:59,-1.1885620476919774,Value,MSC1503
2025-02-11 17:54:59,2025-02-18 20:30:00,2025-02-13 20:54:59,-0.3138479046504152,Value,MSC1503
2025-02-11 17:54:59,2025-02-18 20:30:00,2025-02-13 21:54:59,0.048735024026733534,Value,MSC1503
2025-02-11 17:54:59,2025-02-18 20:30:00,2025-02-13 22:54:59,0.8658359831120723,Value,MSC1503
2025-02-11 17:54:59,2025-02-18 20:30:00,2025-02-13 23:54:59,1.0913792311982362,Value,MSC1503
2025-02-11 17:54:59,2025-02-18 20:30:00,2025-02-14 00:54:59,-0.37811013878696526,Value,MSC1503
2025-02-11 17:54:59,2025-02-18 20:30:00,2025-02-14 01:54:59,-0.4377943373539802,Value,MSC1503
2025-02-11 17:54:59,2025-02-18 20:30:00,2025-02-14 02:54:59,-0.5252406701374593,Value,MSC1503
2025-02-11 17:54:59,2025-02-18 20:30:00,2025-02-14 03:54:59,0.3474337531111386,Value,MSC1503
2025-02-11 17:54:59,2025-02-18 20:30:00,2025-02-14 04:54:59,-2.339055655093698,Value,MSC1503
2025-02-11 17:54:59,2025-02-18 20:30:00,2025-02-14 05:54:59,0.8832806838734655,Value,MSC1503
2025-02-11 17:54:59,2025-02-18 20:30:00,2025-02-14 06:54:59,-0.6939564107644199,Value,MSC1503
2025-02-11 17:54:59,2025-02-18 20:30:00,2025-02-14 07:54:59,-3.133838653001938,Value,MSC1503
2025-02-11 17:54:59,2025-02-18 20:30:00,2025-02-14 08:54:59,0.4303589468035202,Value,MSC1503
2025-02-11 17:54:59,2025-02-18 20:30:00,2025-02-14 09:54:59,-0.8864668066594813,Value,MSC1503
2025-02-11 17:54:59,2025-02-18 20:30:00,2025-02-14 10:54:59,-0.7574191561504069,Value,MSC1503
2025-02-11 17:54:59,2025-02-18 20:30:00,2025-02-14 11:54:59,2.4420397377371788,Value,MSC1503
2025-02-11 17:54:59,2025-02-18 20:30:00,2025-02-14 12:54:59,-2.277914819122856,Value,MSC1503
2025-02-11 17:54:59,2025-02-18 20:30:00,2025-02-14 13:54:59,0.9700647834245295,Value,MSC1503
2025-02-11 17:54:59,2025-02-18 20:30:00,2025-02-14 14:54:59,2.152348730196884,Value,MSC1503
2025-02-11 17:54:59,2025-02-18 20:30:00,2025-02-14 15:54:59,-0.31034735723559587,Value,MSC1503
2025-02-11 17:54:59,2025-02-18 20:30:00,2025-02-14 16:54:59,0.6491577704987491,Value,MSC1503
2025-02-11 17:54:59,2025-02-18 20:30:00,2025-02-14 17:54:59,0.5580594724573421,Value,MSC1503
2025-02-11 17:54:59,2025-02-18 20:30:00,2025-02-14 18:54:59,0.17102740375449615,Value,MSC1503
2025-02-11 17:54:59,2025-02-18 20:30:00,2025-02-14 19:54:59,-0.13398253870804233,Value,MSC1503
2025-02-11 17:54:59,2025-02-18 20:30:00,2025-02-14 20:54:59,0.41735656445057906,Value,MSC1503
2025-02-11 17:54:59,2025-02-18 20:30:00,2025-02-14 21:54:59,-1.7645546037719428,Value,MSC1503
2025-02-11 17:54:59,2025-02-18 20:30:00,2025-02-14 22:54:59,-0.9770821570640547,Value,MSC1503
2025-02-11 17:54:59,2025-02-18 20:30:00,2025-02-14 23:54:59,-0.13549092350358194,Value,MSC1503
2025-02-11 17:54:59,2025-02-18 20:30:00,2025-02-15 00:54:59,-0.15635774371430436,Value,MSC1503
2025-02-11 17:54:59,2025-02-18 20:30:00,2025-02-15 01:54:59,0.5434410327105532,Value,MSC1503
2025-02-11 17:54:59,2025-02-18 20:30:00,2025-02-15 02:54:59,1.5116520473069173,Value,MSC1503
2025-02-11 17:54:59,2025-02-18 20:30:00,2025-02-15 03:54:59,-0.8532681869092377,Value,MSC1503
2025-02-11 17:54:59,2025-02-18 20:30:00,2025-02-15 04:54:59,-0.8934496920190067,Value,MSC1503
2025-02-11 17:54:59,2025-02-18 20:30:00,2025-02-15 05:54:59,0.10686370160076762,Value,MSC1503
2025-02-11 17:54:59,2025-02-18 20:30:00,2025-02-15 06:54:59,0.22631448848876698,Value,MSC1503
2025-02-11 17:54:59,2025-02-18 20:30:00,2025-02-15 07:54:59,0.30581228355105644,Value,MSC1503
2025-02-11 17:54:59,2025-02-18 20:30:00,2025-02-15 08:54:59,-0.8922011794469754,Value,MSC1503
2025-02-11 17:54:59,2025-02-18 20:30:00,2025-02-15 09:54:59,0.6696217916365788,Value,MSC1503
2025-02-11 17:54:59,2025-02-18 20:30:00,2025-02-15 10:54:59,-0.8095576009973483,Value,MSC1503
2025-02-11 17:54:59,2025-02-18 20:30:00,2025-02-15 11:54:59,-0.20062768498425942,Value,MSC1503
2025-02-11 17:54:59,2025-02-18 20:30:00,2025-02-15 12:54:59,-0.8511180267072147,Value,MSC1503
2025-02-11 17:54:59,2025-02-18 20:30:00,2025-02-15 13:54:59,-0.7180121659539515,Value,MSC1503
2025-02-11 17:54:59,2025-02-18 20:30:00,2025-02-15 14:54:59,-0.156883404169187,Value,MSC1503
2025-02-11 17:54:59,2025-02-18 20:30:00,2025-02-15 15:54:59,-0.9117715054134478,Value,MSC1503
2025-02-11 17:54:59,2025-02-18 20:30:00,2025-02-15 16:54:59,1.2846566750760258,Value,MSC1503
2025-02-11 17:54:59,2025-02-18 20:30:00,2025-02-15 17:54:59,0.03202117578148205,Value,MSC1503
2025-02-11 17:54:59,2025-02-18 20:30:00,2025-02-15 18:54:59,-0.26865287294913587,Value,MSC1503
2025-02-11 17:54:59,2025-02-18 20:30:00,2025-02-15 19:54:59,0.841898143450718,Value,MSC1503
2025-02-11 17:54:59,2025-02-18 20:30:00,2025-02-15 20:54:59,-0.9742565873555139,Value,MSC1503
2025-02-11 17:54:59,2025-02-18 20:30:00,2025-02-15 21:54:59,1.7302865517465014,Value,MSC1503
2025-02-11 17:54:59,2025-02-18 20:30:00,2025-02-15 22:54:59,0.22197668518062175,Value,MSC1503
2025-02-11 17:54:59,2025-02-18 20:30:00,2025-02-15 23:54:59,1.9541637610463283,Value,MSC1503
2025-02-11 17:54:59,2025-02-18 20:30:00,2025-02-16 00:54:59,0.05463296537026569,Value,MSC1503
2025-02-11 17:54:59,2025-02-18 20:30:00,2025-02-16 01:54:59,-0.725758108609799,Value,MSC1503
2025-02-11 17:54:59,2025-02-18 20:30:00,2025-02-16 02:54:59,-0.7349117974724919,Value,MSC1503
2025-02-11 17:54:59,2025-02-18 20:30:00,2025-02-16 03:54:59,-0.9009009327456986,Value,MSC1503
2025-02-11 17:54:59,2025-02-18 20:30:00,2025-02-16 04:54:59,0.15928774743657362,Value,MSC1503
2025-02-11 17:54:59,2025-02-18 20:30:00,2025-02-16 05:54:59,-0.9855905464079113,Value,MSC1503
2025-02-11 17:54:59,2025-02-18 20:30:00,2025-02-16 06:54:59,-1.4980137630510073,Value,MSC1503
2025-02-11 17:54:59,2025-02-18 20:30:00,2025-02-16 07:54:59,-1.1503162859221308,Value,MSC1503
2025-02-11 17:54:59,2025-02-18 20:30:00,2025-02-16 08:54:59,-0.5928655485102247,Value,MSC1503
2025-02-11 17:54:59,2025-02-18 20:30:00,2025-02-16 09:54:59,0.2789017187285662,Value,MSC1503
2025-02-11 17:54:59,2025-02-18 20:30:00,2025-02-16 10:54:59,0.5392506690238402,Value,MSC1503
2025-02-11 17:54:59,2025-02-18 20:30:00,2025-02-16 11:54:59,0.736133091051444,Value,MSC1503
2025-02-11 17:54:59,2025-02-18 20:30:00,2025-02-16 12:54:59,1.8073799026218986,Value,MSC1503
2025-02-11 17:54:59,2025-02-18 20:30:00,2025-02-16 13:54:59,0.4968002651699109,Value,MSC1503
2025-02-11 17:54:59,2025-02-18 20:30:00,2025-02-16 14:54:59,0.051991825079349255,Value,MSC1503
2025-02-11 17:54:59,2025-02-18 20:30:00,2025-02-16 15:54:59,0.9459068081558258,Value,MSC1503
2025-02-11 17:54:59,2025-02-18 20:30:00,2025-02-16 16:54:59,0.9324775606677569,Value,MSC1503
2025-02-11 17:54:59,2025-02-18 20:30:00,2025-02-16 17:54:59,0.15683343063120664,Value,MSC1503
2025-02-11 17:54:59,2025-02-18 20:30:00,2025-02-16 18:54:59,-0.8247225387798491,Value,MSC1503
2025-02-11 17:54:59,2025-02-18 20:30:00,2025-02-16 19:54:59,0.7882786766410084,Value,MSC1503
2025-02-11 17:54:59,2025-02-18 20:30:00,2025-02-16 20:54:59,-0.7908051785600043,Value,MSC1503
2025-02-11 17:54:59,2025-02-18 20:30:00,2025-02-16 21:54:59,0.09321372930557215,Value,MSC1503
2025-02-11 17:54:59,2025-02-18 20:30:00,2025-02-16 22:54:59,1.159243143264919,Value,MSC1503
2025-02-11 17:54:59,2025-02-18 20:30:00,2025-02-16 23:54:59,0.35852711052888714,Value,MSC1503
2025-02-11 17:54:59,2025-02-18 20:30:00,2025-02-17 00:54:59,-0.29877570175746904,Value,MSC1503
2025-02-11 17:54:59,2025-02-18 20:30:00,2025-02-17 01:54:59,0.368804328525911,Value,MSC1503
2025-02-11 17:54:59,2025-02-18 20:30:00,2025-02-17 02:54:59,0.5501206371380246,Value,MSC1503
2025-02-11 17:54:59,2025-02-18 20:30:00,2025-02-17 03:54:59,1.0267831030155088,Value,MSC1503
2025-02-11 17:54:59,2025-02-18 20:30:00,2025-02-17 04:54:59,-0.7560583931564195,Value,MSC1503
2025-02-11 17:54:59,2025-02-18 20:30:00,2025-02-17 05:54:59,-0.6248321021648218,Value,MSC1503
2025-02-11 17:54:59,2025-02-18 20:30:00,2025-02-17 06:54:59,0.6165298816513124,Value,MSC1503
2025-02-11 17:54:59,2025-02-18 20:30:00,2025-02-17 07:54:59,0.1950313064773116,Value,MSC1503
2025-02-11 17:54:59,2025-02-18 20:30:00,2025-02-17 08:54:59,1.0788431934498333,Value,MSC1503
2025-02-11 17:54:59,2025-02-18 20:30:00,2025-02-17 09:54:59,-0.26286823410694954,Value,MSC1503
2025-02-11 17:54:59,2025-02-18 20:30:00,2025-02-17 10:54:59,-1.1583203230724222,Value,MSC1503
2025-02-11 17:54:59,2025-02-18 20:30:00,2025-02-17 11:54:59,1.3963754413771068,Value,MSC1503
2025-02-11 17:54:59,2025-02-18 20:30:00,2025-02-17 12:54:59,1.1050892737806766,Value,MSC1503
2025-02-11 17:54:59,2025-02-18 20:30:00,2025-02-17 13:54:59,0.3031307155481869,Value,MSC1503
2025-02-11 17:54:59,2025-02-18 20:30:00,2025-02-17 14:54:59,1.1176795669251793,Value,MSC1503
2025-02-11 17:54:59,2025-02-18 20:30:00,2025-02-17 15:54:59,0.11132455731100213,Value,MSC1503
2025-02-11 17:54:59,2025-02-18 20:30:00,2025-02-17 16:54:59,-0.1215886885560993,Value,MSC1503
2025-02-11 17:54:59,2025-02-18 20:30:00,2025-02-17 17:54:59,-0.7357620736523071,Value,MSC1503
2025-02-11 17:54:59,2025-02-18 20:30:00,2025-02-17 18:54:59,-0.028309091996066845,Value,MSC1503
2025-02-11 17:54:59,2025-02-18 20:30:00,2025-02-17 19:54:59,0.945716341362969,Value,MSC1503
2025-02-11 17:54:59,2025-02-18 20:30:00,2025-02-17 20:54:59,-0.8612769112187402,Value,MSC1503
2025-02-11 17:54:59,2025-02-18 20:30:00,2025-02-17 21:54:59,0.1628260641596179,Value,MSC1503
2025-02-11 17:54:59,2025-02-18 20:30:00,2025-02-17 22:54:59,-0.5336486191596256,Value,MSC1503
2025-02-11 17:54:59,2025-02-18 20:30:00,2025-02-17 23:54:59,1.335375194976929,Value,MSC1503
2025-02-11 17:54:59,2025-02-18 20:30:00,2025-02-18 00:54:59,1.113274372130235,Value,MSC1503
2025-02-11 17:54:59,2025-02-18 20:30:00,2025-02-18 01:54:59,-0.973418108703261,Value,MSC1503
2025-02-11 17:54:59,2025-02-18 20:30:00,2025-02-18 02:54:59,0.10179647276337256,Value,MSC1503
2025-02-11 17:54:59,2025-02-18 20:30:00,2025-02-18 03:54:59,-0.9426954503606372,Value,MSC1503
2025-02-11 17:54:59,2025-02-18 20:30:00,2025-02-18 04:54:59,0.3000935016884438,Value,MSC1503
2025-02-11 17:54:59,2025-02-18 20:30:00,2025-02-18 05:54:59,0.8319105521376274,Value,MSC1503
2025-02-11 17:54:59,2025-02-18 20:30:00,2025-02-18 06:54:59,1.420898004130167,Value,MSC1503
2025-02-11 17:54:59,2025-02-18 20:30:00,2025-02-18 07:54:59,-1.005083585031763,Value,MSC1503
2025-02-11 17:54:59,2025-02-18 20:30:00,2025-02-18 08:54:59,1.4592349893085275,Value,MSC1503
2025-02-11 17:54:59,2025-02-18 20:30:00,2025-02-18 09:54:59,1.3017868214548842,Value,MSC1503
2025-02-11 17:54:59,2025-02-18 20:30:00,2025-02-18 10:54:59,0.09784337923087481,Value,MSC1503
2025-02-11 17:54:59,2025-02-18 20:30:00,2025-02-18 11:54:59,0.40112708598173175,Value,MSC1503
2025-02-11 17:54:59,2025-02-18 20:30:00,2025-02-18 12:54:59,1.2953106355085324,Value,MSC1503
2025-02-11 17:54:59,2025-02-18 20:30:00,2025-02-18 13:54:59,-0.12090355397014661,Value,MSC1503
2025-02-11 17:54:59,2025-02-18 20:30:00,2025-02-18 14:54:59,1.3075176439991034,Value,MSC1503
2025-02-11 17:54:59,2025-02-18 20:30:00,2025-02-18 15:54:59,-1.2110113456939633,Value,MSC1503
2025-02-11 17:54:59,2025-02-18 20:30:00,2025-02-18 16:54:59,1.3328376075409836,Value,MSC1503
2025-02-11 17:54:59,2025-02-18 20:30:00,2025-02-18 17:54:59,-0.09586465183360962,Value,MSC1503
2025-02-11 17:54:59,2025-02-18 20:30:00,2025-02-18 18:54:59,0.6907097168325174,Value,MSC1503
2025-02-11 17:54:59,2025-02-18 20:30:00,2025-02-18 19:54:59,0.3659311429945864,Value,MSC1503
2025-02-11 17:54:59,2025-02-18 20:30:00,2025-02-11 17:54:59,0.6523941293962991,Value,MSC1301
2025-02-11 17:54:59,2025-02-18 20:30:00,2025-02-11 18:54:59,-0.16858680437363868,Value,MSC1301
2025-02-11 17:54:59,2025-02-18 20:30:00,2025-02-11 19:54:59,0.10312163361659216,Value,MSC1301
2025-02-11 17:54:59,2025-02-18 20:30:00,2025-02-11 20:54:59,0.22502510150794958,Value,MSC1301
2025-02-11 17:54:59,2025-02-18 20:30:00,2025-02-11 21:54:59,0.3691976388335137,Value,MSC1301
2025-02-11 17:54:59,2025-02-18 20:30:00,2025-02-11 22:54:59,0.3450809076533852,Value,MSC1301
2025-02-11 17:54:59,2025-02-18 20:30:00,2025-02-11 23:54:59,0.14410475347349772,Value,MSC1301
2025-02-11 17:54:59,2025-02-18 20:30:00,2025-02-12 00:54:59,-0.6569127971317132,Value,MSC1301
2025-02-11 17:54:59,2025-02-18 20:30:00,2025-02-12 01:54:59,0.5880189589209851,Value,MSC1301
2025-02-11 17:54:59,2025-02-18 20:30:00,2025-02-12 02:54:59,-0.25957037586230153,Value,MSC1301
2025-02-11 17:54:59,2025-02-18 20:30:00,2025-02-12 03:54:59,0.6034350110891378,Value,MSC1301
2025-02-11 17:54:59,2025-02-18 20:30:00,2025-02-12 04:54:59,0.8581193479292216,Value,MSC1301
2025-02-11 17:54:59,2025-02-18 20:30:00,2025-02-12 05:54:59,1.698946486820471,Value,MSC1301
2025-02-11 17:54:59,2025-02-18 20:30:00,2025-02-12 06:54:59,0.3065072105406869,Value,MSC1301
2025-02-11 17:54:59,2025-02-18 20:30:00,2025-02-12 07:54:59,0.6781972885866837,Value,MSC1301
2025-02-11 17:54:59,2025-02-18 20:30:00,2025-02-12 08:54:59,1.4164025450312159,Value,MSC1301
2025-02-11 17:54:59,2025-02-18 20:30:00,2025-02-12 09:54:59,1.0107084802987254,Value,MSC1301
2025-02-11 17:54:59,2025-02-18 20:30:00,2025-02-12 10:54:59,0.029661223473801446,Value,MSC1301
2025-02-11 17:54:59,2025-02-18 20:30:00,2025-02-12 11:54:59,-0.5972493964597891,Value,MSC1301
2025-02-11 17:54:59,2025-02-18 20:30:00,2025-02-12 12:54:59,2.5153669517924384,Value,MSC1301
2025-02-11 17:54:59,2025-02-18 20:30:00,2025-02-12 13:54:59,0.47372641880023897,Value,MSC1301
2025-02-11 17:54:59,2025-02-18 20:30:00,2025-02-12 14:54:59,1.6770168176439288,Value,MSC1301
2025-02-11 17:54:59,2025-02-18 20:30:00,2025-02-12 15:54:59,0.4724903673108804,Value,MSC1301
2025-02-11 17:54:59,2025-02-18 20:30:00,2025-02-12 16:54:59,-0.04976312249085657,Value,MSC1301
2025-02-11 17:54:59,2025-02-18 20:30:00,2025-02-12 17:54:59,-0.28408727031260556,Value,MSC1301
2025-02-11 17:54:59,2025-02-18 20:30:00,2025-02-12 18:54:59,-0.09983891483225295,Value,MSC1301
2025-02-11 17:54:59,2025-02-18 20:30:00,2025-02-12 19:54:59,-0.5118495836482301,Value,MSC1301
2025-02-11 17:54:59,2025-02-18 20:30:00,2025-02-12 20:54:59,0.5406450583999717,Value,MSC1301
2025-02-11 17:54:59,2025-02-18 20:30:00,2025-02-12 21:54:59,-1.0243572856802066,Value,MSC1301
2025-02-11 17:54:59,2025-02-18 20:30:00,2025-02-12 22:54:59,0.7043796286666668,Value,MSC1301
2025-02-11 17:54:59,2025-02-18 20:30:00,2025-02-12 23:54:59,1.333958962660398,Value,MSC1301
2025-02-11 17:54:59,2025-02-18 20:30:00,2025-02-13 00:54:59,0.14976714979131475,Value,MSC1301
2025-02-11 17:54:59,2025-02-18 20:30:00,2025-02-13 01:54:59,-0.02348173193994472,Value,MSC1301
2025-02-11 17:54:59,2025-02-18 20:30:00,2025-02-13 02:54:59,0.041776330492702955,Value,MSC1301
2025-02-11 17:54:59,2025-02-18 20:30:00,2025-02-13 03:54:59,-1.3099469799399328,Value,MSC1301
2025-02-11 17:54:59,2025-02-18 20:30:00,2025-02-13 04:54:59,-0.26542046592166163,Value,MSC1301
2025-02-11 17:54:59,2025-02-18 20:30:00,2025-02-13 05:54:59,-0.20197822318111272,Value,MSC1301
2025-02-11 17:54:59,2025-02-18 20:30:00,2025-02-13 06:54:59,0.9810018215527972,Value,MSC1301
2025-02-11 17:54:59,2025-02-18 20:30:00,2025-02-13 07:54:59,0.36898284866245,Value,MSC1301
2025-02-11 17:54:59,2025-02-18 20:30:00,2025-02-13 08:54:59,0.4935740316784647,Value,MSC1301
2025-02-11 17:54:59,2025-02-18 20:30:00,2025-02-13 09:54:59,-1.8997419589319944,Value,MSC1301
2025-02-11 17:54:59,2025-02-18 20:30:00,2025-02-13 10:54:59,-0.14879868830239978,Value,MSC1301
2025-02-11 17:54:59,2025-02-18 20:30:00,2025-02-13 11:54:59,-1.5161526509667902,Value,MSC1301
2025-02-11 17:54:59,2025-02-18 20:30:00,2025-02-13 12:54:59,0.861730009173221,Value,MSC1301
2025-02-11 17:54:59,2025-02-18 20:30:00,2025-02-13 13:54:59,0.01085356022060525,Value,MSC1301
2025-02-11 17:54:59,2025-02-18 20:30:00,2025-02-13 14:54:59,0.8436957834627768,Value,MSC1301
2025-02-11 17:54:59,2025-02-18 20:30:00,2025-02-13 15:54:59,0.5260230855700514,Value,MSC1301
2025-02-11 17:54:59,2025-02-18 20:30:00,2025-02-13 16:54:59,-1.9504172367077226,Value,MSC1301
2025-02-11 17:54:59,2025-02-18 20:30:00,2025-02-13 17:54:59,1.3202414681070833,Value,MSC1301
2025-02-11 17:54:59,2025-02-18 20:30:00,2025-02-13 18:54:59,-0.5755341914283479,Value,MSC1301
2025-02-11 17:54:59,2025-02-18 20:30:00,2025-02-13 19:54:59,-0.22037066433453184,Value,MSC1301
2025-02-11 17:54:59,2025-02-18 20:30:00,2025-02-13 20:54:59,0.023530501361619285,Value,MSC1301
2025-02-11 17:54:59,2025-02-18 20:30:00,2025-02-13 21:54:59,-1.0091556865282938,Value,MSC1301
2025-02-11 17:54:59,2025-02-18 20:30:00,2025-02-13 22:54:59,-0.7655630297193264,Value,MSC1301
2025-02-11 17:54:59,2025-02-18 20:30:00,2025-02-13 23:54:59,-0.8946227687481262,Value,MSC1301
2025-02-11 17:54:59,2025-02-18 20:30:00,2025-02-14 00:54:59,-0.20459418481255548,Value,MSC1301
2025-02-11 17:54:59,2025-02-18 20:30:00,2025-02-14 01:54:59,0.4274331822358645,Value,MSC1301
2025-02-11 17:54:59,2025-02-18 20:30:00,2025-02-14 02:54:59,-0.42942437697929314,Value,MSC1301
2025-02-11 17:54:59,2025-02-18 20:30:00,2025-02-14 03:54:59,0.7553978567574199,Value,MSC1301
2025-02-11 17:54:59,2025-02-18 20:30:00,2025-02-14 04:54:59,-0.47226252143991343,Value,MSC1301
2025-02-11 17:54:59,2025-02-18 20:30:00,2025-02-14 05:54:59,-1.175589895860046,Value,MSC1301
2025-02-11 17:54:59,2025-02-18 20:30:00,2025-02-14 06:54:59,-0.2296560887013282,Value,MSC1301
2025-02-11 17:54:59,2025-02-18 20:30:00,2025-02-14 07:54:59,-1.3769922099104688,Value,MSC1301
2025-02-11 17:54:59,2025-02-18 20:30:00,2025-02-14 08:54:59,0.5441738174703439,Value,MSC1301
2025-02-11 17:54:59,2025-02-18 20:30:00,2025-02-14 09:54:59,-0.3008540301571243,Value,MSC1301
2025-02-11 17:54:59,2025-02-18 20:30:00,2025-02-14 10:54:59,-0.9203782031959692,Value,MSC1301
2025-02-11 17:54:59,2025-02-18 20:30:00,2025-02-14 11:54:59,-0.2358163254002108,Value,MSC1301
2025-02-11 17:54:59,2025-02-18 20:30:00,2025-02-14 12:54:59,-0.5820156869660637,Value,MSC1301
2025-02-11 17:54:59,2025-02-18 20:30:00,2025-02-14 13:54:59,-0.9544388118307446,Value,MSC1301
2025-02-11 17:54:59,2025-02-18 20:30:00,2025-02-14 14:54:59,0.22917305769103727,Value,MSC1301
2025-02-11 17:54:59,2025-02-18 20:30:00,2025-02-14 15:54:59,-0.03540270993990691,Value,MSC1301
2025-02-11 17:54:59,2025-02-18 20:30:00,2025-02-14 16:54:59,-0.05148874285930674,Value,MSC1301
2025-02-11 17:54:59,2025-02-18 20:30:00,2025-02-14 17:54:59,0.26187640616557173,Value,MSC1301
2025-02-11 17:54:59,2025-02-18 20:30:00,2025-02-14 18:54:59,0.5667260788991916,Value,MSC1301
2025-02-11 17:54:59,2025-02-18 20:30:00,2025-02-14 19:54:59,-0.9337863605558517,Value,MSC1301
2025-02-11 17:54:59,2025-02-18 20:30:00,2025-02-14 20:54:59,0.16069437726939662,Value,MSC1301
2025-02-11 17:54:59,2025-02-18 20:30:00,2025-02-14 21:54:59,-0.10048233763118086,Value,MSC1301
2025-02-11 17:54:59,2025-02-18 20:30:00,2025-02-14 22:54:59,-1.074542738924872,Value,MSC1301
2025-02-11 17:54:59,2025-02-18 20:30:00,2025-02-14 23:54:59,-0.13565607097981416,Value,MSC1301
2025-02-11 17:54:59,2025-02-18 20:30:00,2025-02-15 00:54:59,0.619991565970502,Value,MSC1301
2025-02-11 17:54:59,2025-02-18 20:30:00,2025-02-15 01:54:59,0.9325234896557374,Value,MSC1301
2025-02-11 17:54:59,2025-02-18 20:30:00,2025-02-15 02:54:59,0.16987819856606387,Value,MSC1301
2025-02-11 17:54:59,2025-02-18 20:30:00,2025-02-15 03:54:59,-0.06475123739053279,Value,MSC1301
2025-02-11 17:54:59,2025-02-18 20:30:00,2025-02-15 04:54:59,-1.086782319117376,Value,MSC1301
2025-02-11 17:54:59,2025-02-18 20:30:00,2025-02-15 05:54:59,-0.17623600565180927,Value,MSC1301
2025-02-11 17:54:59,2025-02-18 20:30:00,2025-02-15 06:54:59,0.20745693066607,Value,MSC1301
2025-02-11 17:54:59,2025-02-18 20:30:00,2025-02-15 07:54:59,2.176994025312205,Value,MSC1301
2025-02-11 17:54:59,2025-02-18 20:30:00,2025-02-15 08:54:59,-0.5027230023976352,Value,MSC1301
2025-02-11 17:54:59,2025-02-18 20:30:00,2025-02-15 09:54:59,-0.08604705102479358,Value,MSC1301
2025-02-11 17:54:59,2025-02-18 20:30:00,2025-02-15 10:54:59,-0.4189398938918052,Value,MSC1301
2025-02-11 17:54:59,2025-02-18 20:30:00,2025-02-15 11:54:59,0.4111111108041719,Value,MSC1301
2025-02-11 17:54:59,2025-02-18 20:30:00,2025-02-15 12:54:59,0.0658698566013353,Value,MSC1301
2025-02-11 17:54:59,2025-02-18 20:30:00,2025-02-15 13:54:59,0.6009527135708674,Value,MSC1301
2025-02-11 17:54:59,2025-02-18 20:30:00,2025-02-15 14:54:59,0.7924913866733472,Value,MSC1301
2025-02-11 17:54:59,2025-02-18 20:30:00,2025-02-15 15:54:59,0.6782942732083554,Value,MSC1301
2025-02-11 17:54:59,2025-02-18 20:30:00,2025-02-15 16:54:59,-0.1022872048067513,Value,MSC1301
2025-02-11 17:54:59,2025-02-18 20:30:00,2025-02-15 17:54:59,-0.15937819084131957,Value,MSC1301
2025-02-11 17:54:59,2025-02-18 20:30:00,2025-02-15 18:54:59,0.04510222706405562,Value,MSC1301
2025-02-11 17:54:59,2025-02-18 20:30:00,2025-02-15 19:54:59,-0.9383635283901574,Value,MSC1301
2025-02-11 17:54:59,2025-02-18 20:30:00,2025-02-15 20:54:59,-1.376759674548201,Value,MSC1301
2025-02-11 17:54:59,2025-02-18 20:30:00,2025-02-15 21:54:59,-0.11736264298036998,Value,MSC1301
2025-02-11 17:54:59,2025-02-18 20:30:00,2025-02-15 22:54:59,-0.5592176369652713,Value,MSC1301
2025-02-11 17:54:59,2025-02-18 20:30:00,2025-02-15 23:54:59,0.5389990910458878,Value,MSC1301
2025-02-11 17:54:59,2025-02-18 20:30:00,2025-02-16 00:54:59,-0.31941743152107527,Value,MSC1301
2025-02-11 17:54:59,2025-02-18 20:30:00,2025-02-16 01:54:59,-2.8700204204774407,Value,MSC1301
2025-02-11 17:54:59,2025-02-18 20:30:00,2025-02-16 02:54:59,0.4101111497439154,Value,MSC1301
2025-02-11 17:54:59,2025-02-18 20:30:00,2025-02-16 03:54:59,-0.8284132733347916,Value,MSC1301
2025-02-11 17:54:59,2025-02-18 20:30:00,2025-02-16 04:54:59,0.03733916934590951,Value,MSC1301
2025-02-11 17:54:59,2025-02-18 20:30:00,2025-02-16 05:54:59,-1.240121929966864,Value,MSC1301
2025-02-11 17:54:59,2025-02-18 20:30:00,2025-02-16 06:54:59,-0.8690984991215535,Value,MSC1301
2025-02-11 17:54:59,2025-02-18 20:30:00,2025-02-16 07:54:59,0.35561125034490026,Value,MSC1301
2025-02-11 17:54:59,2025-02-18 20:30:00,2025-02-16 08:54:59,1.3980502777540673,Value,MSC1301
2025-02-11 17:54:59,2025-02-18 20:30:00,2025-02-16 09:54:59,-2.0058515503089343,Value,MSC1301
2025-02-11 17:54:59,2025-02-18 20:30:00,2025-02-16 10:54:59,-1.2403636257758994,Value,MSC1301
2025-02-11 17:54:59,2025-02-18 20:30:00,2025-02-16 11:54:59,-0.22337654242523436,Value,MSC1301
2025-02-11 17:54:59,2025-02-18 20:30:00,2025-02-16 12:54:59,-0.4278348506144033,Value,MSC1301
2025-02-11 17:54:59,2025-02-18 20:30:00,2025-02-16 13:54:59,-0.7779607217883869,Value,MSC1301
2025-02-11 17:54:59,2025-02-18 20:30:00,2025-02-16 14:54:59,0.1633709678376861,Value,MSC1301
2025-02-11 17:54:59,2025-02-18 20:30:00,2025-02-16 15:54:59,-0.6439429748267833,Value,MSC1301
2025-02-11 17:54:59,2025-02-18 20:30:00,2025-02-16 16:54:59,-1.241752692963976,Value,MSC1301
2025-02-11 17:54:59,2025-02-18 20:30:00,2025-02-16 17:54:59,-1.0362930017602894,Value,MSC1301
2025-02-11 17:54:59,2025-02-18 20:30:00,2025-02-16 18:54:59,-2.8080986842140683,Value,MSC1301
2025-02-11 17:54:59,2025-02-18 20:30:00,2025-02-16 19:54:59,0.03754834369888686,Value,MSC1301
2025-02-11 17:54:59,2025-02-18 20:30:00,2025-02-16 20:54:59,-0.1332836597946861,Value,MSC1301
2025-02-11 17:54:59,2025-02-18 20:30:00,2025-02-16 21:54:59,0.0880316713875519,Value,MSC1301
2025-02-11 17:54:59,2025-02-18 20:30:00,2025-02-16 22:54:59,1.5218669882141638,Value,MSC1301
2025-02-11 17:54:59,2025-02-18 20:30:00,2025-02-16 23:54:59,-1.139865270959871,Value,MSC1301
2025-02-11 17:54:59,2025-02-18 20:30:00,2025-02-17 00:54:59,-0.5238109191081634,Value,MSC1301
2025-02-11 17:54:59,2025-02-18 20:30:00,2025-02-17 01:54:59,-0.568106632539036,Value,MSC1301
2025-02-11 17:54:59,2025-02-18 20:30:00,2025-02-17 02:54:59,-0.1899725122758984,Value,MSC1301
2025-02-11 17:54:59,2025-02-18 20:30:00,2025-02-17 03:54:59,0.7947222223975374,Value,MSC1301
2025-02-11 17:54:59,2025-02-18 20:30:00,2025-02-17 04:54:59,-1.5842734081206133,Value,MSC1301
2025-02-11 17:54:59,2025-02-18 20:30:00,2025-02-17 05:54:59,-0.3964602390488429,Value,MSC1301
2025-02-11 17:54:59,2025-02-18 20:30:00,2025-02-17 06:54:59,-0.535354193602836,Value,MSC1301
2025-02-11 17:54:59,2025-02-18 20:30:00,2025-02-17 07:54:59,-0.33737451602602414,Value,MSC1301
2025-02-11 17:54:59,2025-02-18 20:30:00,2025-02-17 08:54:59,-1.0551300071643135,Value,MSC1301
2025-02-11 17:54:59,2025-02-18 20:30:00,2025-02-17 09:54:59,-1.233803712473969,Value,MSC1301
2025-02-11 17:54:59,2025-02-18 20:30:00,2025-02-17 10:54:59,1.3494545143067043,Value,MSC1301
2025-02-11 17:54:59,2025-02-18 20:30:00,2025-02-17 11:54:59,-0.41204127788266204,Value,MSC1301
2025-02-11 17:54:59,2025-02-18 20:30:00,2025-02-17 12:54:59,0.9696861292322242,Value,MSC1301
2025-02-11 17:54:59,2025-02-18 20:30:00,2025-02-17 13:54:59,0.22635669381569176,Value,MSC1301
2025-02-11 17:54:59,2025-02-18 20:30:00,2025-02-17 14:54:59,-0.17212160743624252,Value,MSC1301
2025-02-11 17:54:59,2025-02-18 20:30:00,2025-02-17 15:54:59,-0.4109130221265765,Value,MSC1301
2025-02-11 17:54:59,2025-02-18 20:30:00,2025-02-17 16:54:59,-0.7777647689359843,Value,MSC1301
2025-02-11 17:54:59,2025-02-18 20:30:00,2025-02-17 17:54:59,1.8474481599377164,Value,MSC1301
2025-02-11 17:54:59,2025-02-18 20:30:00,2025-02-17 18:54:59,0.5142307219703592,Value,MSC1301
2025-02-11 17:54:59,2025-02-18 20:30:00,2025-02-17 19:54:59,0.3891644420765327,Value,MSC1301
2025-02-11 17:54:59,2025-02-18 20:30:00,2025-02-17 20:54:59,0.42460214418548653,Value,MSC1301
2025-02-11 17:54:59,2025-02-18 20:30:00,2025-02-17 21:54:59,2.562793315890974,Value,MSC1301
2025-02-11 17:54:59,2025-02-18 20:30:00,2025-02-17 22:54:59,0.4700961645457139,Value,MSC1301
2025-02-11 17:54:59,2025-02-18 20:30:00,2025-02-17 23:54:59,0.28514501468890957,Value,MSC1301
2025-02-11 17:54:59,2025-02-18 20:30:00,2025-02-18 00:54:59,0.466504288031805,Value,MSC1301
2025-02-11 17:54:59,2025-02-18 20:30:00,2025-02-18 01:54:59,-0.9859756524830974,Value,MSC1301
2025-02-11 17:54:59,2025-02-18 20:30:00,2025-02-18 02:54:59,0.3721962023793077,Value,MSC1301
2025-02-11 17:54:59,2025-02-18 20:30:00,2025-02-18 03:54:59,-1.2338023469680588,Value,MSC1301
2025-02-11 17:54:59,2025-02-18 20:30:00,2025-02-18 04:54:59,0.4032929778532184,Value,MSC1301
2025-02-11 17:54:59,2025-02-18 20:30:00,2025-02-18 05:54:59,-0.1455195411851495,Value,MSC1301
2025-02-11 17:54:59,2025-02-18 20:30:00,2025-02-18 06:54:59,-0.1317914389786499,Value,MSC1301
2025-02-11 17:54:59,2025-02-18 20:30:00,2025-02-18 07:54:59,0.02858818370218482,Value,MSC1301
2025-02-11 17:54:59,2025-02-18 20:30:00,2025-02-18 08:54:59,0.6379367623834585,Value,MSC1301
2025-02-11 17:54:59,2025-02-18 20:30:00,2025-02-18 09:54:59,0.3431161631667427,Value,MSC1301
2025-02-11 17:54:59,2025-02-18 20:30:00,2025-02-18 10:54:59,0.7927152747431824,Value,MSC1301
2025-02-11 17:54:59,2025-02-18 20:30:00,2025-02-18 11:54:59,-0.7844699866920772,Value,MSC1301
2025-02-11 17:54:59,2025-02-18 20:30:00,2025-02-18 12:54:59,0.05802594891126987,Value,MSC1301
2025-02-11 17:54:59,2025-02-18 20:30:00,2025-02-18 13:54:59,0.7406966788832068,Value,MSC1301
2025-02-11 17:54:59,2025-02-18 20:30:00,2025-02-18 14:54:59,1.4024406137922971,Value,MSC1301
2025-02-11 17:54:59,2025-02-18 20:30:00,2025-02-18 15:54:59,0.15167845407505237,Value,MSC1301
2025-02-11 17:54:59,2025-02-18 20:30:00,2025-02-18 16:54:59,-0.5674311281882946,Value,MSC1301
2025-02-11 17:54:59,2025-02-18 20:30:00,2025-02-18 17:54:59,0.9752084597272919,Value,MSC1301
2025-02-11 17:54:59,2025-02-18 20:30:00,2025-02-18 18:54:59,0.5556680986106092,Value,MSC1301
2025-02-11 17:54:59,2025-02-18 20:30:00,2025-02-18 19:54:59,-1.0965927292335316,Value,MSC1301
2025-02-11 17:54:59,2025-02-18 20:30:00,2025-02-11 17:54:59,46.0,Value,DeltaTPid
2025-02-11 17:54:59,2025-02-18 20:30:00,2025-02-11 18:54:59,46.0,Value,DeltaTPid
2025-02-11 17:54:59,2025-02-18 20:30:00,2025-02-11 19:54:59,46.0,Value,DeltaTPid
2025-02-11 17:54:59,2025-02-18 20:30:00,2025-02-11 20:54:59,46.0,Value,DeltaTPid
2025-02-11 17:54:59,2025-02-18 20:30:00,2025-02-11 21:54:59,46.0,Value,DeltaTPid
2025-02-11 17:54:59,2025-02-18 20:30:00,2025-02-11 22:54:59,46.0,Value,DeltaTPid
2025-02-11 17:54:59,2025-02-18 20:30:00,2025-02-11 23:54:59,46.0,Value,DeltaTPid
2025-02-11 17:54:59,2025-02-18 20:30:00,2025-02-12 00:54:59,46.0,Value,DeltaTPid
2025-02-11 17:54:59,2025-02-18 20:30:00,2025-02-12 01:54:59,46.0,Value,DeltaTPid
2025-02-11 17:54:59,2025-02-18 20:30:00,2025-02-12 02:54:59,46.0,Value,DeltaTPid
2025-02-11 17:54:59,2025-02-18 20:30:00,2025-02-12 03:54:59,46.0,Value,DeltaTPid
2025-02-11 17:54:59,2025-02-18 20:30:00,2025-02-12 04:54:59,46.0,Value,DeltaTPid
2025-02-11 17:54:59,2025-02-18 20:30:00,2025-02-12 05:54:59,46.0,Value,DeltaTPid
2025-02-11 17:54:59,2025-02-18 20:30:00,2025-02-12 06:54:59,46.0,Value,DeltaTPid
2025-02-11 17:54:59,2025-02-18 20:30:00,2025-02-12 07:54:59,46.0,Value,DeltaTPid
2025-02-11 17:54:59,2025-02-18 20:30:00,2025-02-12 08:54:59,46.0,Value,DeltaTPid
2025-02-11 17:54:59,2025-02-18 20:30:00,2025-02-12 09:54:59,46.0,Value,DeltaTPid
2025-02-11 17:54:59,2025-02-18 20:30:00,2025-02-12 10:54:59,46.0,Value,DeltaTPid
2025-02-11 17:54:59,2025-02-18 20:30:00,2025-02-12 11:54:59,46.0,Value,DeltaTPid
2025-02-11 17:54:59,2025-02-18 20:30:00,2025-02-12 12:54:59,46.0,Value,DeltaTPid
2025-02-11 17:54:59,2025-02-18 20:30:00,2025-02-12 13:54:59,46.0,Value,DeltaTPid
2025-02-11 17:54:59,2025-02-18 20:30:00,2025-02-12 14:54:59,46.0,Value,DeltaTPid
2025-02-11 17:54:59,2025-02-18 20:30:00,2025-02-12 15:54:59,46.0,Value,DeltaTPid
2025-02-11 17:54:59,2025-02-18 20:30:00,2025-02-12 16:54:59,46.0,Value,DeltaTPid
2025-02-11 17:54:59,2025-02-18 20:30:00,2025-02-12 17:54:59,46.0,Value,DeltaTPid
2025-02-11 17:54:59,2025-02-18 20:30:00,2025-02-12 18:54:59,46.0,Value,DeltaTPid
2025-02-11 17:54:59,2025-02-18 20:30:00,2025-02-12 19:54:59,46.0,Value,DeltaTPid
2025-02-11 17:54:59,2025-02-18 20:30:00,2025-02-12 20:54:59,46.0,Value,DeltaTPid
2025-02-11 17:54:59,2025-02-18 20:30:00,2025-02-12 21:54:59,46.0,Value,DeltaTPid
2025-02-11 17:54:59,2025-02-18 20:30:00,2025-02-12 22:54:59,46.0,Value,DeltaTPid
2025-02-11 17:54:59,2025-02-18 20:30:00,2025-02-12 23:54:59,46.0,Value,DeltaTPid
2025-02-11 17:54:59,2025-02-18 20:30:00,2025-02-13 00:54:59,46.0,Value,DeltaTPid
2025-02-11 17:54:59,2025-02-18 20:30:00,2025-02-13 01:54:59,46.0,Value,DeltaTPid
2025-02-11 17:54:59,2025-02-18 20:30:00,2025-02-13 02:54:59,46.0,Value,DeltaTPid
2025-02-11 17:54:59,2025-02-18 20:30:00,2025-02-13 03:54:59,46.0,Value,DeltaTPid
2025-02-11 17:54:59,2025-02-18 20:30:00,2025-02-13 04:54:59,46.0,Value,DeltaTPid
2025-02-11 17:54:59,2025-02-18 20:30:00,2025-02-13 05:54:59,46.0,Value,DeltaTPid
2025-02-11 17:54:59,2025-02-18 20:30:00,2025-02-13 06:54:59,46.0,Value,DeltaTPid
2025-02-11 17:54:59,2025-02-18 20:30:00,2025-02-13 07:54:59,46.0,Value,DeltaTPid
2025-02-11 17:54:59,2025-02-18 20:30:00,2025-02-13 08:54:59,46.0,Value,DeltaTPid
2025-02-11 17:54:59,2025-02-18 20:30:00,2025-02-13 09:54:59,46.0,Value,DeltaTPid
2025-02-11 17:54:59,2025-02-18 20:30:00,2025-02-13 10:54:59,46.0,Value,DeltaTPid
2025-02-11 17:54:59,2025-02-18 20:30:00,2025-02-13 11:54:59,46.0,Value,DeltaTPid
2025-02-11 17:54:59,2025-02-18 20:30:00,2025-02-13 12:54:59,46.0,Value,DeltaTPid
2025-02-11 17:54:59,2025-02-18 20:30:00,2025-02-13 13:54:59,46.0,Value,DeltaTPid
2025-02-11 17:54:59,2025-02-18 20:30:00,2025-02-13 14:54:59,46.0,Value,DeltaTPid
2025-02-11 17:54:59,2025-02-18 20:30:00,2025-02-13 15:54:59,46.0,Value,DeltaTPid
2025-02-11 17:54:59,2025-02-18 20:30:00,2025-02-13 16:54:59,46.0,Value,DeltaTPid
2025-02-11 17:54:59,2025-02-18 20:30:00,2025-02-13 17:54:59,46.0,Value,DeltaTPid
2025-02-11 17:54:59,2025-02-18 20:30:00,2025-02-13 18:54:59,46.0,Value,DeltaTPid
2025-02-11 17:54:59,2025-02-18 20:30:00,2025-02-13 19:54:59,46.0,Value,DeltaTPid
2025-02-11 17:54:59,2025-02-18 20:30:00,2025-02-13 20:54:59,46.0,Value,DeltaTPid
2025-02-11 17:54:59,2025-02-18 20:30:00,2025-02-13 21:54:59,46.0,Value,DeltaTPid
2025-02-11 17:54:59,2025-02-18 20:30:00,2025-02-13 22:54:59,46.0,Value,DeltaTPid
2025-02-11 17:54:59,2025-02-18 20:30:00,2025-02-13 23:54:59,46.0,Value,DeltaTPid
2025-02-11 17:54:59,2025-02-18 20:30:00,2025-02-14 00:54:59,46.0,Value,DeltaTPid
2025-02-11 17:54:59,2025-02-18 20:30:00,2025-02-14 01:54:59,46.0,Value,DeltaTPid
2025-02-11 17:54:59,2025-02-18 20:30:00,2025-02-14 02:54:59,46.0,Value,DeltaTPid
2025-02-11 17:54:59,2025-02-18 20:30:00,2025-02-14 03:54:59,46.0,Value,DeltaTPid
2025-02-11 17:54:59,2025-02-18 20:30:00,2025-02-14 04:54:59,46.0,Value,DeltaTPid
2025-02-11 17:54:59,2025-02-18 20:30:00,2025-02-14 05:54:59,46.0,Value,DeltaTPid
2025-02-11 17:54:59,2025-02-18 20:30:00,2025-02-14 06:54:59,46.0,Value,DeltaTPid
2025-02-11 17:54:59,2025-02-18 20:30:00,2025-02-14 07:54:59,46.0,Value,DeltaTPid
2025-02-11 17:54:59,2025-02-18 20:30:00,2025-02-14 08:54:59,46.0,Value,DeltaTPid
2025-02-11 17:54:59,2025-02-18 20:30:00,2025-02-14 09:54:59,46.0,Value,DeltaTPid
2025-02-11 17:54:59,2025-02-18 20:30:00,2025-02-14 10:54:59,46.0,Value,DeltaTPid
2025-02-11 17:54:59,2025-02-18 20:30:00,2025-02-14 11:54:59,46.0,Value,DeltaTPid
2025-02-11 17:54:59,2025-02-18 20:30:00,2025-02-14 12:54:59,46.0,Value,DeltaTPid
2025-02-11 17:54:59,2025-02-18 20:30:00,2025-02-14 13:54:59,46.0,Value,DeltaTPid
2025-02-11 17:54:59,2025-02-18 20:30:00,2025-02-14 14:54:59,46.0,Value,DeltaTPid
2025-02-11 17:54:59,2025-02-18 20:30:00,2025-02-14 15:54:59,46.0,Value,DeltaTPid
2025-02-11 17:54:59,2025-02-18 20:30:00,2025-02-14 16:54:59,46.0,Value,DeltaTPid
2025-02-11 17:54:59,2025-02-18 20:30:00,2025-02-14 17:54:59,46.0,Value,DeltaTPid
2025-02-11 17:54:59,2025-02-18 20:30:00,2025-02-14 18:54:59,46.0,Value,DeltaTPid
2025-02-11 17:54:59,2025-02-18 20:30:00,2025-02-14 19:54:59,46.0,Value,DeltaTPid
2025-02-11 17:54:59,2025-02-18 20:30:00,2025-02-14 20:54:59,46.0,Value,DeltaTPid
2025-02-11 17:54:59,2025-02-18 20:30:00,2025-02-14 21:54:59,46.0,Value,DeltaTPid
2025-02-11 17:54:59,2025-02-18 20:30:00,2025-02-14 22:54:59,46.0,Value,DeltaTPid
2025-02-11 17:54:59,2025-02-18 20:30:00,2025-02-14 23:54:59,46.0,Value,DeltaTPid
2025-02-11 17:54:59,2025-02-18 20:30:00,2025-02-15 00:54:59,46.0,Value,DeltaTPid
2025-02-11 17:54:59,2025-02-18 20:30:00,2025-02-15 01:54:59,46.0,Value,DeltaTPid
2025-02-11 17:54:59,2025-02-18 20:30:00,2025-02-15 02:54:59,46.0,Value,DeltaTPid
2025-02-11 17:54:59,2025-02-18 20:30:00,2025-02-15 03:54:59,46.0,Value,DeltaTPid
2025-02-11 17:54:59,2025-02-18 20:30:00,2025-02-15 04:54:59,46.0,Value,DeltaTPid
2025-02-11 17:54:59,2025-02-18 20:30:00,2025-02-15 05:54:59,46.0,Value,DeltaTPid
2025-02-11 17:54:59,2025-02-18 20:30:00,2025-02-15 06:54:59,46.0,Value,DeltaTPid
2025-02-11 17:54:59,2025-02-18 20:30:00,2025-02-15 07:54:59,46.0,Value,DeltaTPid
2025-02-11 17:54:59,2025-02-18 20:30:00,2025-02-15 08:54:59,46.0,Value,DeltaTPid
2025-02-11 17:54:59,2025-02-18 20:30:00,2025-02-15 09:54:59,46.0,Value,DeltaTPid
2025-02-11 17:54:59,2025-02-18 20:30:00,2025-02-15 10:54:59,46.0,Value,DeltaTPid
2025-02-11 17:54:59,2025-02-18 20:30:00,2025-02-15 11:54:59,46.0,Value,DeltaTPid
2025-02-11 17:54:59,2025-02-18 20:30:00,2025-02-15 12:54:59,46.0,Value,DeltaTPid
2025-02-11 17:54:59,2025-02-18 20:30:00,2025-02-15 13:54:59,46.0,Value,DeltaTPid
2025-02-11 17:54:59,2025-02-18 20:30:00,2025-02-15 14:54:59,46.0,Value,DeltaTPid
2025-02-11 17:54:59,2025-02-18 20:30:00,2025-02-15 15:54:59,46.0,Value,DeltaTPid
2025-02-11 17:54:59,2025-02-18 20:30:00,2025-02-15 16:54:59,46.0,Value,DeltaTPid
2025-02-11 17:54:59,2025-02-18 20:30:00,2025-02-15 17:54:59,46.0,Value,DeltaTPid
2025-02-11 17:54:59,2025-02-18 20:30:00,2025-02-15 18:54:59,46.0,Value,DeltaTPid
2025-02-11 17:54:59,2025-02-18 20:30:00,2025-02-15 19:54:59,46.0,Value,DeltaTPid
2025-02-11 17:54:59,2025-02-18 20:30:00,2025-02-15 20:54:59,46.0,Value,DeltaTPid
2025-02-11 17:54:59,2025-02-18 20:30:00,2025-02-15 21:54:59,46.0,Value,DeltaTPid
2025-02-11 17:54:59,2025-02-18 20:30:00,2025-02-15 22:54:59,46.0,Value,DeltaTPid
2025-02-11 17:54:59,2025-02-18 20:30:00,2025-02-15 23:54:59,46.0,Value,DeltaTPid
2025-02-11 17:54:59,2025-02-18 20:30:00,2025-02-16 00:54:59,46.0,Value,DeltaTPid
2025-02-11 17:54:59,2025-02-18 20:30:00,2025-02-16 01:54:59,46.0,Value,DeltaTPid
2025-02-11 17:54:59,2025-02-18 20:30:00,2025-02-16 02:54:59,46.0,Value,DeltaTPid
2025-02-11 17:54:59,2025-02-18 20:30:00,2025-02-16 03:54:59,46.0,Value,DeltaTPid
2025-02-11 17:54:59,2025-02-18 20:30:00,2025-02-16 04:54:59,46.0,Value,DeltaTPid
2025-02-11 17:54:59,2025-02-18 20:30:00,2025-02-16 05:54:59,46.0,Value,DeltaTPid
2025-02-11 17:54:59,2025-02-18 20:30:00,2025-02-16 06:54:59,46.0,Value,DeltaTPid
2025-02-11 17:54:59,2025-02-18 20:30:00,2025-02-16 07:54:59,46.0,Value,DeltaTPid
2025-02-11 17:54:59,2025-02-18 20:30:00,2025-02-16 08:54:59,46.0,Value,DeltaTPid
2025-02-11 17:54:59,2025-02-18 20:30:00,2025-02-16 09:54:59,46.0,Value,DeltaTPid
2025-02-11 17:54:59,2025-02-18 20:30:00,2025-02-16 10:54:59,46.0,Value,DeltaTPid
2025-02-11 17:54:59,2025-02-18 20:30:00,2025-02-16 11:54:59,46.0,Value,DeltaTPid
2025-02-11 17:54:59,2025-02-18 20:30:00,2025-02-16 12:54:59,46.0,Value,DeltaTPid
2025-02-11 17:54:59,2025-02-18 20:30:00,2025-02-16 13:54:59,46.0,Value,DeltaTPid
2025-02-11 17:54:59,2025-02-18 20:30:00,2025-02-16 14:54:59,46.0,Value,DeltaTPid
2025-02-11 17:54:59,2025-02-18 20:30:00,2025-02-16 15:54:59,46.0,Value,DeltaTPid
2025-02-11 17:54:59,2025-02-18 20:30:00,2025-02-16 16:54:59,46.0,Value,DeltaTPid
2025-02-11 17:54:59,2025-02-18 20:30:00,2025-02-16 17:54:59,46.0,Value,DeltaTPid
2025-02-11 17:54:59,2025-02-18 20:30:00,2025-02-16 18:54:59,46.0,Value,DeltaTPid
2025-02-11 17:54:59,2025-02-18 20:30:00,2025-02-16 19:54:59,46.0,Value,DeltaTPid
2025-02-11 17:54:59,2025-02-18 20:30:00,2025-02-16 20:54:59,46.0,Value,DeltaTPid
2025-02-11 17:54:59,2025-02-18 20:30:00,2025-02-16 21:54:59,46.0,Value,DeltaTPid
2025-02-11 17:54:59,2025-02-18 20:30:00,2025-02-16 22:54:59,46.0,Value,DeltaTPid
2025-02-11 17:54:59,2025-02-18 20:30:00,2025-02-16 23:54:59,46.0,Value,DeltaTPid
2025-02-11 17:54:59,2025-02-18 20:30:00,2025-02-17 00:54:59,46.0,Value,DeltaTPid
2025-02-11 17:54:59,2025-02-18 20:30:00,2025-02-17 01:54:59,46.0,Value,DeltaTPid
2025-02-11 17:54:59,2025-02-18 20:30:00,2025-02-17 02:54:59,46.0,Value,DeltaTPid
2025-02-11 17:54:59,2025-02-18 20:30:00,2025-02-17 03:54:59,46.0,Value,DeltaTPid
2025-02-11 17:54:59,2025-02-18 20:30:00,2025-02-17 04:54:59,46.0,Value,DeltaTPid
2025-02-11 17:54:59,2025-02-18 20:30:00,2025-02-17 05:54:59,46.0,Value,DeltaTPid
2025-02-11 17:54:59,2025-02-18 20:30:00,2025-02-17 06:54:59,46.0,Value,DeltaTPid
2025-02-11 17:54:59,2025-02-18 20:30:00,2025-02-17 07:54:59,46.0,Value,DeltaTPid
2025-02-11 17:54:59,2025-02-18 20:30:00,2025-02-17 08:54:59,46.0,Value,DeltaTPid
2025-02-11 17:54:59,2025-02-18 20:30:00,2025-02-17 09:54:59,46.0,Value,DeltaTPid
2025-02-11 17:54:59,2025-02-18 20:30:00,2025-02-17 10:54:59,46.0,Value,DeltaTPid
2025-02-11 17:54:59,2025-02-18 20:30:00,2025-02-17 11:54:59,46.0,Value,DeltaTPid
2025-02-11 17:54:59,2025-02-18 20:30:00,2025-02-17 12:54:59,46.0,Value,DeltaTPid
2025-02-11 17:54:59,2025-02-18 20:30:00,2025-02-17 13:54:59,46.0,Value,DeltaTPid
2025-02-11 17:54:59,2025-02-18 20:30:00,2025-02-17 14:54:59,46.0,Value,DeltaTPid
2025-02-11 17:54:59,2025-02-18 20:30:00,2025-02-17 15:54:59,46.0,Value,DeltaTPid
2025-02-11 17:54:59,2025-02-18 20:30:00,2025-02-17 16:54:59,46.0,Value,DeltaTPid
2025-02-11 17:54:59,2025-02-18 20:30:00,2025-02-17 17:54:59,46.0,Value,DeltaTPid
2025-02-11 17:54:59,2025-02-18 20:30:00,2025-02-17 18:54:59,46.0,Value,DeltaTPid
2025-02-11 17:54:59,2025-02-18 20:30:00,2025-02-17 19:54:59,46.0,Value,DeltaTPid
2025-02-11 17:54:59,2025-02-18 20:30:00,2025-02-17 20:54:59,46.0,Value,DeltaTPid
2025-02-11 17:54:59,2025-02-18 20:30:00,2025-02-17 21:54:59,46.0,Value,DeltaTPid
2025-02-11 17:54:59,2025-02-18 20:30:00,2025-02-17 22:54:59,46.0,Value,DeltaTPid
2025-02-11 17:54:59,2025-02-18 20:30:00,2025-02-17 23:54:59,46.0,Value,DeltaTPid
2025-02-11 17:54:59,2025-02-18 20:30:00,2025-02-18 00:54:59,46.0,Value,DeltaTPid
2025-02-11 17:54:59,2025-02-18 20:30:00,2025-02-18 01:54:59,46.0,Value,DeltaTPid
2025-02-11 17:54:59,2025-02-18 20:30:00,2025-02-18 02:54:59,46.0,Value,DeltaTPid
2025-02-11 17:54:59,2025-02-18 20:30:00,2025-02-18 03:54:59,46.0,Value,DeltaTPid
2025-02-11 17:54:59,2025-02-18 20:30:00,2025-02-18 04:54:59,46.0,Value,DeltaTPid
2025-02-11 17:54:59,2025-02-18 20:30:00,2025-02-18 05:54:59,46.0,Value,DeltaTPid
2025-02-11 17:54:59,2025-02-18 20:30:00,2025-02-18 06:54:59,46.0,Value,DeltaTPid
2025-02-11 17:54:59,2025-02-18 20:30:00,2025-02-18 07:54:59,46.0,Value,DeltaTPid
2025-02-11 17:54:59,2025-02-18 20:30:00,2025-02-18 08:54:59,46.0,Value,DeltaTPid
2025-02-11 17:54:59,2025-02-18 20:30:00,2025-02-18 09:54:59,46.0,Value,DeltaTPid
2025-02-11 17:54:59,2025-02-18 20:30:00,2025-02-18 10:54:59,46.0,Value,DeltaTPid
2025-02-11 17:54:59,2025-02-18 20:30:00,2025-02-18 11:54:59,46.0,Value,DeltaTPid
2025-02-11 17:54:59,2025-02-18 20:30:00,2025-02-18 12:54:59,46.0,Value,DeltaTPid
2025-02-11 17:54:59,2025-02-18 20:30:00,2025-02-18 13:54:59,46.0,Value,DeltaTPid
2025-02-11 17:54:59,2025-02-18 20:30:00,2025-02-18 14:54:59,46.0,Value,DeltaTPid
2025-02-11 17:54:59,2025-02-18 20:30:00,2025-02-18 15:54:59,46.0,Value,DeltaTPid
2025-02-11 17:54:59,2025-02-18 20:30:00,2025-02-18 16:54:59,46.0,Value,DeltaTPid
2025-02-11 17:54:59,2025-02-18 20:30:00,2025-02-18 17:54:59,46.0,Value,DeltaTPid
2025-02-11 17:54:59,2025-02-18 20:30:00,2025-02-18 18:54:59,46.0,Value,DeltaTPid
2025-02-11 17:54:59,2025-02-18 20:30:00,2025-02-18 19:54:59,46.0,Value,DeltaTPid
