$Date,$Time,DeltaTPid.Pid_SP
06/21/16,08:00:00,1,999187
06/21/16,08:01:00,2,358538
06/21/16,08:02:00,3,701471
06/21/16,08:03:00,10,29361
06/21/16,08:04:00,15,51783
06/21/16,08:05:00,15,94721
06/21/16,08:06:00,14,53001
06/21/16,08:07:00,5,885934
06/21/16,08:08:00,1,832332
06/21/16,08:09:00,0,9031539
06/21/16,08:10:00,0,4996451
06/21/16,08:11:00,2,619051
06/21/16,08:12:00,2,256359
06/21/16,08:13:00,1,783413
06/21/16,08:14:00,1,524639
06/21/16,08:15:00,1,253398
06/21/16,08:16:00,1,483853
06/21/16,08:17:00,1,316137
06/21/16,08:18:00,1,422239
06/21/16,08:19:00,1,188392
06/21/16,08:20:00,1,366114
06/21/16,08:21:00,1,503633
06/21/16,08:22:00,1,469153
06/21/16,08:23:00,1,39521
06/21/16,08:24:00,1,511687
06/21/16,08:25:00,1,490644
06/21/16,08:26:00,1,419347
06/21/16,08:27:00,1,393276
06/21/16,08:28:00,1,435003
06/21/16,08:29:00,1,456721
06/21/16,08:30:00,1,332301
06/21/16,08:31:00,1,430247
06/21/16,08:32:00,1,222035
06/21/16,08:33:00,1,317299
06/21/16,08:34:00,1,303168
06/21/16,08:35:00,1,365238
06/21/16,08:36:00,1,373421
06/21/16,08:37:00,1,394889
06/21/16,08:38:00,1,39321
06/21/16,08:39:00,1,397165
06/21/16,08:40:00,1,476691
06/21/16,08:41:00,1,753649
06/21/16,08:42:00,1,88184
06/21/16,08:43:00,1,66059
06/21/16,08:44:00,2,001885
06/21/16,08:45:00,1,904143
06/21/16,08:46:00,2,260367
06/21/16,08:47:00,2,212634
06/21/16,08:48:00,2,346463
06/21/16,08:49:00,0,853783
06/21/16,08:50:00,1,966362
06/21/16,08:51:00,1,007843
06/21/16,08:52:00,1,365176
06/21/16,08:53:00,1,143135
06/21/16,08:54:00,1,149028
06/21/16,08:55:00,1,062202
06/21/16,08:56:00,0,8877939
06/21/16,08:57:00,0,8680082
06/21/16,08:58:00,0,8256976
06/21/16,08:59:00,0,6940329
06/21/16,09:00:00,0,6757152
06/21/16,09:01:00,0,6612868
06/21/16,09:02:00,0,5614572
06/21/16,09:03:00,0,6255876
06/21/16,09:04:00,0,3761355
06/21/16,09:05:00,0,4540078
06/21/16,09:06:00,0,5623751
06/21/16,09:07:00,0,4666519
06/21/16,09:08:00,0,364374
06/21/16,09:09:00,0,2561706
06/21/16,09:10:00,0,3124213
06/21/16,09:11:00,0,1612756
06/21/16,09:12:00,0,1860993
06/21/16,09:13:00,0,1342125
06/21/16,09:14:00,0,1210932
06/21/16,09:15:00,0,1212029
06/21/16,09:16:00,0,08060235
06/21/16,09:17:00,0,08303213
06/21/16,09:18:00,0,03939306
06/21/16,09:19:00,0
06/21/16,09:20:00,0
06/21/16,09:21:00,0,003452624
06/21/16,09:22:00,0
06/21/16,09:23:00,0
06/21/16,09:24:00,0
06/21/16,09:25:00,0
06/21/16,09:26:00,0
06/21/16,09:27:00,0,01746368
06/21/16,09:28:00,0
06/21/16,09:29:00,0
06/21/16,09:30:00,0
06/21/16,09:31:00,0
06/21/16,09:32:00,0
06/21/16,09:33:00,0
06/21/16,09:34:00,0
06/21/16,09:35:00,0
06/21/16,09:36:00,0
06/21/16,09:37:00,0
06/21/16,09:38:00,0
06/21/16,09:39:00,0
06/21/16,09:40:00,0
06/21/16,09:41:00,0
06/21/16,09:42:00,0
06/21/16,09:43:00,0,00049815
06/21/16,09:44:00,0,1274007
06/21/16,09:45:00,0
06/21/16,09:46:00,0
06/21/16,09:47:00,0,06895615
06/21/16,09:48:00,0
06/21/16,09:49:00,0
06/21/16,09:50:00,0
06/21/16,09:51:00,0
06/21/16,09:52:00,0,06536354
06/21/16,09:53:00,0,08451378
06/21/16,09:54:00,0,03207889
06/21/16,09:55:00,0,07410948
06/21/16,09:56:00,0,1634647
06/21/16,09:57:00,0,1365356
06/21/16,09:58:00,0,1190046
06/21/16,09:59:00,0,1273114
06/21/16,10:00:00,0,1930523
06/21/16,10:01:00,0,0768543
06/21/16,10:02:00,0,006583196
06/21/16,10:03:00,0
06/21/16,10:04:00,0,1695521
06/21/16,10:05:00,0,2087735
06/21/16,10:06:00,0,1416643
06/21/16,10:07:00,0,07442257
06/21/16,10:08:00,0,1368652
06/21/16,10:09:00,0,07209564
06/21/16,10:10:00,1,366421
06/21/16,10:11:00,0,5579312
06/21/16,10:12:00,1,504255
06/21/16,10:13:00,0
06/21/16,10:14:00,0,9254645
06/21/16,10:15:00,0,3070294
06/21/16,10:16:00,0,6242892
06/21/16,10:17:00,0,04579329
06/21/16,10:18:00,0,3006691
06/21/16,10:19:00,0,02929793
06/21/16,10:20:00,0
06/21/16,10:21:00,0,05585617
06/21/16,10:22:00,0
06/21/16,10:23:00,0,09721898
06/21/16,10:24:00,0
06/21/16,10:25:00,0
06/21/16,10:26:00,0
06/21/16,10:27:00,0
06/21/16,10:28:00,0
06/21/16,10:29:00,0
06/21/16,10:30:00,0
06/21/16,10:31:00,0
06/21/16,10:32:00,0
06/21/16,10:33:00,0
06/21/16,10:34:00,0
06/21/16,10:35:00,0
06/21/16,10:36:00,0
06/21/16,10:37:00,0
06/21/16,10:38:00,0
06/21/16,10:39:00,0
06/21/16,10:40:00,0
06/21/16,10:41:00,0
06/21/16,10:42:00,0
06/21/16,10:43:00,0
06/21/16,10:44:00,0
06/21/16,10:45:00,0
06/21/16,10:46:00,0
06/21/16,10:47:00,0
06/21/16,10:48:00,0
06/21/16,10:49:00,0
06/21/16,10:50:00,0
06/21/16,10:51:00,0
06/21/16,10:52:00,0
06/21/16,10:53:00,0
06/21/16,10:54:00,0
06/21/16,10:55:00,0
06/21/16,10:56:00,0
06/21/16,10:57:00,0
06/21/16,10:58:00,0
06/21/16,10:59:00,0
06/21/16,11:00:00,0
06/21/16,11:01:00,0
06/21/16,11:02:00,0
06/21/16,11:03:00,0
06/21/16,11:04:00,0
06/21/16,11:05:00,0
06/21/16,11:06:00,0
06/21/16,11:07:00,0
06/21/16,11:08:00,0
06/21/16,11:09:00,0
06/21/16,11:10:00,0
06/21/16,11:11:00,0
06/21/16,11:12:00,0
06/21/16,11:13:00,0
06/21/16,11:14:00,0
06/21/16,11:15:00,0
06/21/16,11:16:00,0
06/21/16,11:17:00,0
06/21/16,11:18:00,0
06/21/16,11:19:00,0
06/21/16,11:20:00,0,3723109
06/21/16,11:21:00,0,3582961
06/21/16,11:22:00,0
06/21/16,11:23:00,0,07863483
06/21/16,11:24:00,0
06/21/16,11:25:00,0
06/21/16,11:26:00,0
06/21/16,11:27:00,0
06/21/16,11:28:00,0,0753031
06/21/16,11:29:00,0
06/21/16,11:30:00,0
06/21/16,11:31:00,0
06/21/16,11:32:00,0
06/21/16,11:33:00,0,1601795
06/21/16,11:34:00,0,03082236
06/21/16,11:35:00,0
06/21/16,11:36:00,0
06/21/16,11:37:00,0
06/21/16,11:38:00,0
06/21/16,11:39:00,0
06/21/16,11:40:00,0
06/21/16,11:41:00,0
06/21/16,11:42:00,0
06/21/16,11:43:00,0
06/21/16,11:44:00,0
06/21/16,11:45:00,0
06/21/16,11:46:00,0
06/21/16,11:47:00,0
06/21/16,11:48:00,0
06/21/16,11:49:00,0
06/21/16,11:50:00,0
06/21/16,11:51:00,0
06/21/16,11:52:00,0
06/21/16,11:53:00,0
06/21/16,11:54:00,0
06/21/16,11:55:00,0
06/21/16,11:56:00,0
06/21/16,11:57:00,0
06/21/16,11:58:00,0
06/21/16,11:59:00,0
06/21/16,12:00:00,0
06/21/16,12:01:00,0
06/21/16,12:02:00,0
06/21/16,12:03:00,0
06/21/16,12:04:00,0
06/21/16,12:05:00,0
06/21/16,12:06:00,0
06/21/16,12:07:00,0
06/21/16,12:08:00,0
06/21/16,12:09:00,0
06/21/16,12:10:00,0,06514813
06/21/16,12:11:00,0,02180932
06/21/16,12:12:00,0
06/21/16,12:13:00,0
06/21/16,12:14:00,0,0422691
06/21/16,12:15:00,0
06/21/16,12:16:00,0,02871697
06/21/16,12:17:00,0
06/21/16,12:18:00,0,02246206
06/21/16,12:19:00,0
06/21/16,12:20:00,0
06/21/16,12:21:00,0,06045832
06/21/16,12:22:00,0,06821413
06/21/16,12:23:00,0,02107196
06/21/16,12:24:00,0
06/21/16,12:25:00,0
06/21/16,12:26:00,0
06/21/16,12:27:00,0,1099278
06/21/16,12:28:00,0,05070249
06/21/16,12:29:00,0,0858983
06/21/16,12:30:00,0
06/21/16,12:31:00,0,0997052
06/21/16,12:32:00,0
06/21/16,12:33:00,0,004458117
06/21/16,12:34:00,0,1209106
06/21/16,12:35:00,0,06312607
06/21/16,12:36:00,0,04700373
06/21/16,12:37:00,0,07534617
06/21/16,12:38:00,0
06/21/16,12:39:00,0,01808362
06/21/16,12:40:00,0,1099153
06/21/16,12:41:00,0,1989425
06/21/16,12:42:00,0,1369506
06/21/16,12:43:00,0,1294829
06/21/16,12:44:00,0,03178855
06/21/16,12:45:00,0,03427264
06/21/16,12:46:00,0,08174767
06/21/16,12:47:00,0,1323944
06/21/16,12:48:00,0,05873577
06/21/16,12:49:00,0
06/21/16,12:50:00,0,1885567
06/21/16,12:51:00,0,1153587
06/21/16,12:52:00,0,3362573
06/21/16,12:53:00,0,03223868
06/21/16,12:54:00,0
06/21/16,12:55:00,0,05431273
06/21/16,12:56:00,0,01048298
06/21/16,12:57:00,0,1464429
06/21/16,12:58:00,0,1973425
06/21/16,12:59:00,0,1398496
06/21/16,13:00:00,0,1040098
06/21/16,13:01:00,0,0709072
06/21/16,13:02:00,0,2093065
06/21/16,13:03:00,0,7534955
06/21/16,13:04:00,0,2593132
06/21/16,13:05:00,0,759958
06/21/16,13:06:00,0,2659112
06/21/16,13:07:00,0
06/21/16,13:08:00,0,5022504
06/21/16,13:09:00,0,004152945
06/21/16,13:10:00,0,1254117
06/21/16,13:11:00,0,2479742
06/21/16,13:12:00,0,1320996
06/21/16,13:13:00,0,06501574
06/21/16,13:14:00,0
06/21/16,13:15:00,0
06/21/16,13:16:00,0,1342231
06/21/16,13:17:00,0
06/21/16,13:18:00,0
06/21/16,13:19:00,0
06/21/16,13:20:00,0
06/21/16,13:21:00,0
06/21/16,13:22:00,0
06/21/16,13:23:00,0
06/21/16,13:24:00,0
06/21/16,13:25:00,0
06/21/16,13:26:00,0,03255052
06/21/16,13:27:00,0
06/21/16,13:28:00,0
06/21/16,13:29:00,0
06/21/16,13:30:00,0
06/21/16,13:31:00,0
06/21/16,13:32:00,0
06/21/16,13:33:00,0
06/21/16,13:34:00,0
06/21/16,13:35:00,0
06/21/16,13:36:00,0
06/21/16,13:37:00,0
06/21/16,13:38:00,0
06/21/16,13:39:00,0
06/21/16,13:40:00,0
06/21/16,13:41:00,0
06/21/16,13:42:00,0
06/21/16,13:43:00,0
06/21/16,13:44:00,0
06/21/16,13:45:00,0
06/21/16,13:46:00,0
06/21/16,13:47:00,0
06/21/16,13:48:00,0
06/21/16,13:49:00,0
06/21/16,13:50:00,0
06/21/16,13:51:00,0
06/21/16,13:52:00,0
06/21/16,13:53:00,0
06/21/16,13:54:00,0
06/21/16,13:55:00,0
06/21/16,13:56:00,0
06/21/16,13:57:00,0
06/21/16,13:58:00,0
06/21/16,13:59:00,0
06/21/16,14:00:00,0
06/21/16,14:01:00,0
06/21/16,14:02:00,0
06/21/16,14:03:00,0
06/21/16,14:04:00,0
06/21/16,14:05:00,0
06/21/16,14:06:00,0
06/21/16,14:07:00,0
06/21/16,14:08:00,0
06/21/16,14:09:00,0
06/21/16,14:10:00,0
06/21/16,14:11:00,0
06/21/16,14:12:00,0
06/21/16,14:13:00,0
06/21/16,14:14:00,0
06/21/16,14:15:00,0
06/21/16,14:16:00,0
06/21/16,14:17:00,0
06/21/16,14:18:00,0
06/21/16,14:19:00,0
06/21/16,14:20:00,0,04877077
06/21/16,14:21:00,0
06/21/16,14:22:00,0
06/21/16,14:23:00,0
06/21/16,14:24:00,0,0176363
06/21/16,14:25:00,0,05887804
06/21/16,14:26:00,0
06/21/16,14:27:00,0
06/21/16,14:28:00,0,02175889
06/21/16,14:29:00,0,06582365
06/21/16,14:30:00,0,09853295
06/21/16,14:31:00,0,1320558
06/21/16,14:32:00,0,1499207
06/21/16,14:33:00,0,06679086
06/21/16,14:34:00,0,03122435
06/21/16,14:35:00,0
06/21/16,14:36:00,0,07126436
06/21/16,14:37:00,0,05560064
06/21/16,14:38:00,0,1409064
06/21/16,14:39:00,0,07384049
06/21/16,14:40:00,0,05541459
06/21/16,14:41:00,0
06/21/16,14:42:00,0
06/21/16,14:43:00,0,02166811
06/21/16,14:44:00,0,0196134
06/21/16,14:45:00,0,02164772
06/21/16,14:46:00,0,0381933
06/21/16,14:47:00,0
06/21/16,14:48:00,0
06/21/16,14:49:00,0,1243955
06/21/16,14:50:00,0,07715282
06/21/16,14:51:00,0
06/21/16,14:52:00,0,09288386
06/21/16,14:53:00,0,05725801
06/21/16,14:54:00,0,07520949
06/21/16,14:55:00,0,0763663
06/21/16,14:56:00,0
06/21/16,14:57:00,0,007614394
06/21/16,14:58:00,0,1084796
06/21/16,14:59:00,0,1139538
06/21/16,15:00:00,0
06/21/16,15:01:00,0
06/21/16,15:02:00,0
06/21/16,15:03:00,0
06/21/16,15:04:00,0,3833692
06/21/16,15:05:00,0,01700814
06/21/16,15:06:00,0,09347436
06/21/16,15:07:00,0,05423925
06/21/16,15:08:00,0,06603789
06/21/16,15:09:00,0
06/21/16,15:10:00,0
06/21/16,15:11:00,0,14458
06/21/16,15:12:00,0
06/21/16,15:13:00,0,1411294
06/21/16,15:14:00,0
06/21/16,15:15:00,0
06/21/16,15:16:00,0
06/21/16,15:17:00,0,02583177
06/21/16,15:18:00,0
06/21/16,15:19:00,0
06/21/16,15:20:00,0
06/21/16,15:21:00,0
06/21/16,15:22:00,0
06/21/16,15:23:00,0
06/21/16,15:24:00,0
06/21/16,15:25:00,0
06/21/16,15:26:00,0
06/21/16,15:27:00,0
06/21/16,15:28:00,0
06/21/16,15:29:00,0
06/21/16,15:30:00,0
06/21/16,15:31:00,0
06/21/16,15:32:00,0
06/21/16,15:33:00,0
06/21/16,15:34:00,0
06/21/16,15:35:00,0
06/21/16,15:36:00,0
06/21/16,15:37:00,0
06/21/16,15:38:00,0
06/21/16,15:39:00,0
06/21/16,15:40:00,0
06/21/16,15:41:00,0
06/21/16,15:42:00,0
06/21/16,15:43:00,0
06/21/16,15:44:00,0
06/21/16,15:45:00,0
06/21/16,15:46:00,0
06/21/16,15:47:00,0
06/21/16,15:48:00,0
06/21/16,15:49:00,0
06/21/16,15:50:00,0
06/21/16,15:51:00,0
06/21/16,15:52:00,0
06/21/16,15:53:00,0
06/21/16,15:54:00,0
06/21/16,15:55:00,0
06/21/16,15:56:00,0
06/21/16,15:57:00,0
06/21/16,15:58:00,0
06/21/16,15:59:00,0
06/21/16,16:00:00,0
06/21/16,16:01:00,0
06/21/16,16:02:00,0
06/21/16,16:03:00,0
06/21/16,16:04:00,0
06/21/16,16:05:00,0
06/21/16,16:06:00,0
06/21/16,16:07:00,0
06/21/16,16:08:00,0
06/21/16,16:09:00,0
06/21/16,16:10:00,0
06/21/16,16:11:00,0
06/21/16,16:12:00,0
06/21/16,16:13:00,0
06/21/16,16:14:00,0
06/21/16,16:15:00,0
06/21/16,16:16:00,0
06/21/16,16:17:00,0
06/21/16,16:18:00,0
06/21/16,16:19:00,0
06/21/16,16:20:00,0,01562356
06/21/16,16:21:00,0
06/21/16,16:22:00,0
06/21/16,16:23:00,0
06/21/16,16:24:00,0
06/21/16,16:25:00,0,07489333
06/21/16,16:26:00,0
06/21/16,16:27:00,0,04649437
06/21/16,16:28:00,0
06/21/16,16:29:00,0
06/21/16,16:30:00,0
06/21/16,16:31:00,0
06/21/16,16:32:00,0
06/21/16,16:33:00,0
06/21/16,16:34:00,0,1530818
06/21/16,16:35:00,0,06422107
06/21/16,16:36:00,0,0685975
06/21/16,16:37:00,0
06/21/16,16:38:00,0
06/21/16,16:39:00,0,04611608
06/21/16,16:40:00,0
06/21/16,16:41:00,0,07767187
06/21/16,16:42:00,0,007489667
06/21/16,16:43:00,0
06/21/16,16:44:00,0
06/21/16,16:45:00,0
06/21/16,16:46:00,0
06/21/16,16:47:00,0,07512105
06/21/16,16:48:00,0
06/21/16,16:49:00,0
06/21/16,16:50:00,0,03208167
06/21/16,16:51:00,0,05793005
06/21/16,16:52:00,0,1915696
06/21/16,16:53:00,0,01312895
06/21/16,16:54:00,0
06/21/16,16:55:00,0
06/21/16,16:56:00,0
06/21/16,16:57:00,0
06/21/16,16:58:00,0,1184249
06/21/16,16:59:00,0,08271979
06/21/16,17:00:00,0,04281491
06/21/16,17:01:00,0,04097843
06/21/16,17:02:00,0,008990491
06/21/16,17:03:00,0,07119598
06/21/16,17:04:00,0,04907304
06/21/16,17:05:00,0,1088245
06/21/16,17:06:00,0,119796
06/21/16,17:07:00,0
06/21/16,17:08:00,0,02020719
06/21/16,17:09:00,0,0156516
06/21/16,17:10:00,0,1093079
06/21/16,17:11:00,0,104496
06/21/16,17:12:00,0,1948667
06/21/16,17:13:00,0,3059051
06/21/16,17:14:00,0,06002703
06/21/16,17:15:00,0,0431939
06/21/16,17:16:00,0,1318843
06/21/16,17:17:00,0,1429491
06/21/16,17:18:00,0,1898149
06/21/16,17:19:00,0,1152069
06/21/16,17:20:00,0,2788826
06/21/16,17:21:00,0,3287233
06/21/16,17:22:00,0,5120185
06/21/16,17:23:00,0,4324547
06/21/16,17:24:00,0,3404911
06/21/16,17:25:00,0,6026552
06/21/16,17:26:00,0,514615
06/21/16,17:27:00,0,4736376
06/21/16,17:28:00,0,743707
06/21/16,17:29:00,0,8001655
06/21/16,17:30:00,1,191247
06/21/16,17:31:00,1,511037
06/21/16,17:32:00,1,970366
06/21/16,17:33:00,2,663786
06/21/16,17:34:00,3,549246
06/21/16,17:35:00,4,160271
06/21/16,17:36:00,8,00674
06/21/16,17:37:00,13,96839
06/21/16,17:38:00,16,10891
06/21/16,17:39:00,17,49033
06/21/16,17:40:00,18,79308
06/21/16,17:41:00,19,89122
06/21/16,17:42:00,20,71807
06/21/16,17:43:00,21,30425
06/21/16,17:44:00,21,58909
06/21/16,17:45:00,22,18774
06/21/16,17:46:00,22,84166
06/21/16,17:47:00,23,32362
06/21/16,17:48:00,23,71024
06/21/16,17:49:00,24,13027
06/21/16,17:50:00,24,30484
06/21/16,17:51:00,25,44304
06/21/16,17:52:00,25,8654
06/21/16,17:53:00,26,15692
06/21/16,17:54:00,26,22917
06/21/16,17:55:00,26,40997
06/21/16,17:56:00,26,64921
06/21/16,17:57:00,29,30876
06/21/16,17:58:00,30
06/21/16,17:59:00,30
06/21/16,18:00:00,30
06/21/16,18:01:00,30
06/21/16,18:02:00,30
06/21/16,18:03:00,30
06/21/16,18:04:00,30
06/21/16,18:05:00,30
06/21/16,18:06:00,30
06/21/16,18:07:00,30
06/21/16,18:08:00,30
06/21/16,18:09:00,20,48612
06/21/16,18:10:00,3,882187
06/21/16,18:11:00,1,830911
06/21/16,18:12:00,1,081802
06/21/16,18:13:00,1,194784
06/21/16,18:14:00,1,132944
06/21/16,18:15:00,0,9259844
06/21/16,18:16:00,0,8679505
06/21/16,18:17:00,0,873361
06/21/16,18:18:00,0,9614545
06/21/16,18:19:00,1,27035
06/21/16,18:20:00,1,293367
06/21/16,18:21:00,1,28413
06/21/16,18:22:00,1,169598
06/21/16,18:23:00,1,062905
06/21/16,18:24:00,0,8345477
06/21/16,18:25:00,0,8776727
06/21/16,18:26:00,1,161333
06/21/16,18:27:00,0,9309365
06/21/16,18:28:00,1,285292
06/21/16,18:29:00,1,103406
06/21/16,18:30:00,1,037578
06/21/16,18:31:00,1,062135
06/21/16,18:32:00,1,144563
06/21/16,18:33:00,1,231115
06/21/16,18:34:00,1,182535
06/21/16,18:35:00,1,063303
06/21/16,18:36:00,1,371407
06/21/16,18:37:00,1,1999
06/21/16,18:38:00,1,327263
06/21/16,18:39:00,1,314764
06/21/16,18:40:00,1,318691
06/21/16,18:41:00,1,22234
06/21/16,18:42:00,1,236863
06/21/16,18:43:00,1,169755
06/21/16,18:44:00,1,29952
06/21/16,18:45:00,0,9699842
06/21/16,18:46:00,1,254164
06/21/16,18:47:00,1,245739
06/21/16,18:48:00,1,171022
06/21/16,18:49:00,1,164674
06/21/16,18:50:00,1,203924
06/21/16,18:51:00,1,175053
06/21/16,18:52:00,0,9835377
06/21/16,18:53:00,1,075844
06/21/16,18:54:00,1,21225
06/21/16,18:55:00,0,9979186
06/21/16,18:56:00,1,172349
06/21/16,18:57:00,1,189414
06/21/16,18:58:00,1,142663
06/21/16,18:59:00,1,116139
06/21/16,19:00:00,1,098458
06/21/16,19:01:00,1,080035
06/21/16,19:02:00,1,145685
06/21/16,19:03:00,1,239792
06/21/16,19:04:00,1,404656
06/21/16,19:05:00,1,348644
06/21/16,19:06:00,1,049878
06/21/16,19:07:00,1,330686
06/21/16,19:08:00,1,183823
06/21/16,19:09:00,1,096483
06/21/16,19:10:00,1,097744
06/21/16,19:11:00,1,102312
06/21/16,19:12:00,1,266531
06/21/16,19:13:00,1,608737
06/21/16,19:14:00,3,373828
06/21/16,19:15:00,5,251332
06/21/16,19:16:00,6,989795
06/21/16,19:17:00,7,130346
06/21/16,19:18:00,6,835456
06/21/16,19:19:00,6,769174
06/21/16,19:20:00,6,828922
06/21/16,19:21:00,4,336323
06/21/16,19:22:00,2,173336
06/21/16,19:23:00,1,902587
06/21/16,19:24:00,1,512145
06/21/16,19:25:00,1,320025
06/21/16,19:26:00,1,370793
06/21/16,19:27:00,1,790386
06/21/16,19:28:00,1,767858
06/21/16,19:29:00,2,168233
06/21/16,19:30:00,2,158918
06/21/16,19:31:00,2,309125
06/21/16,19:32:00,2,585096
06/21/16,19:33:00,2,484291
06/21/16,19:34:00,2,396796
06/21/16,19:35:00,2,452855
06/21/16,19:36:00,2,318629
06/21/16,19:37:00,1,878405
06/21/16,19:38:00,2,135069
06/21/16,19:39:00,7,052603
06/21/16,19:40:00,5,94412
06/21/16,19:41:00,7,581168
06/21/16,19:42:00,7,662792
06/21/16,19:43:00,8,05818
06/21/16,19:44:00,8,187989
06/21/16,19:45:00,5,440904
06/21/16,19:46:00,3,92954
06/21/16,19:47:00,4,080592
06/21/16,19:48:00,3,643642
06/21/16,19:49:00,3,465814
06/21/16,19:50:00,3,558305
06/21/16,19:51:00,3,357857
06/21/16,19:52:00,3,303365
06/21/16,19:53:00,3,342331
06/21/16,19:54:00,3,180155
06/21/16,19:55:00,3,050984
06/21/16,19:56:00,2,950659
06/21/16,19:57:00,2,65839
06/21/16,19:58:00,1,191119
06/21/16,19:59:00,0,741858
06/21/16,20:00:00,0,6345781
06/21/16,20:01:00,0,9405199
06/21/16,20:02:00,4,975729
06/21/16,20:03:00,9,127927
06/21/16,20:04:00,11,69141
06/21/16,20:05:00,13,37571
06/21/16,20:06:00,17,67918
06/21/16,20:07:00,19,74263
06/21/16,20:08:00,20,67929
06/21/16,20:09:00,21,73782
06/21/16,20:10:00,22,66103
06/21/16,20:11:00,23,45575
06/21/16,20:12:00,22,28828
06/21/16,20:13:00,11,4478
06/21/16,20:14:00,14,86276
06/21/16,20:15:00,17,22961
06/21/16,20:16:00,20,20033
06/21/16,20:17:00,20,86962
06/21/16,20:18:00,21,24446
06/21/16,20:19:00,21,61
06/21/16,20:20:00,21,93728
06/21/16,20:21:00,22,34234
06/21/16,20:22:00,22,38912
06/21/16,20:23:00,23,23133
06/21/16,20:24:00,24,60273
06/21/16,20:25:00,27,06199
06/21/16,20:26:00,28,8253
06/21/16,20:27:00,29,47107
06/21/16,20:28:00,29,81344
06/21/16,20:29:00,30
06/21/16,20:30:00,29,78705
06/21/16,20:31:00,29,79452
06/21/16,20:32:00,30
06/21/16,20:33:00,29,9127
06/21/16,20:34:00,29,79236
06/21/16,20:35:00,29,46768
06/21/16,20:36:00,28,93347
06/21/16,20:37:00,28,15293
06/21/16,20:38:00,28,26785
06/21/16,20:39:00,28,26266
06/21/16,20:40:00,22,35001
06/21/16,20:41:00,12,84222
06/21/16,20:42:00,11,42963
06/21/16,20:43:00,9,744191
06/21/16,20:44:00,4,594162
06/21/16,20:45:00,2,787033
06/21/16,20:46:00,1,825301
06/21/16,20:47:00,1,970257
06/21/16,20:48:00,2,075908
06/21/16,20:49:00,1,988822
06/21/16,20:50:00,1,606859
06/21/16,20:51:00,1,591183
06/21/16,20:52:00,1,143665
06/21/16,20:53:00,1,131674
06/21/16,20:54:00,1,038362
06/21/16,20:55:00,1,070244
06/21/16,20:56:00,0
06/21/16,20:57:00,0,1359178
06/21/16,20:58:00,0
06/21/16,20:59:00,1,083825
06/21/16,21:00:00,8,286564
06/21/16,21:01:00,25,62365
06/21/16,21:02:00,30
06/21/16,21:03:00,30
06/21/16,21:04:00,16,77977
06/21/16,21:05:00,2,172172
06/21/16,21:06:00,7,050957
06/21/16,21:07:00,0
06/21/16,21:08:00,0
06/21/16,21:09:00,0,7134341
06/21/16,21:10:00,0,3623385
06/21/16,21:11:00,0,07683577
06/21/16,21:12:00,0
06/21/16,21:13:00,0
06/21/16,21:14:00,0
06/21/16,21:15:00,0
06/21/16,21:16:00,0
06/21/16,21:17:00,0
06/21/16,21:18:00,0
06/21/16,21:19:00,0
06/21/16,21:20:00,0
06/21/16,21:21:00,0
06/21/16,21:22:00,0
06/21/16,21:23:00,0
06/21/16,21:24:00,0
06/21/16,21:25:00,0
06/21/16,21:26:00,0
06/21/16,21:27:00,0
06/21/16,21:28:00,0
06/21/16,21:29:00,0
06/21/16,21:30:00,0
06/21/16,21:31:00,0
06/21/16,21:32:00,0
06/21/16,21:33:00,0
06/21/16,21:34:00,0
06/21/16,21:35:00,0
06/21/16,21:36:00,0
06/21/16,21:37:00,0
06/21/16,21:38:00,0
06/21/16,21:39:00,0
06/21/16,21:40:00,0
06/21/16,21:41:00,0
06/21/16,21:42:00,0
06/21/16,21:43:00,0
06/21/16,21:44:00,0
06/21/16,21:45:00,0
06/21/16,21:46:00,0
06/21/16,21:47:00,0
06/21/16,21:48:00,0
06/21/16,21:49:00,0
06/21/16,21:50:00,0
06/21/16,21:51:00,0
06/21/16,21:52:00,0
06/21/16,21:53:00,0
06/21/16,21:54:00,0
06/21/16,21:55:00,0
06/21/16,21:56:00,0
06/21/16,21:57:00,0
06/21/16,21:58:00,0
06/21/16,21:59:00,0
06/21/16,22:00:00,0
06/21/16,22:01:00,0
06/21/16,22:02:00,0
06/21/16,22:03:00,0
06/21/16,22:04:00,0
06/21/16,22:05:00,0
06/21/16,22:06:00,0
06/21/16,22:07:00,0
06/21/16,22:08:00,0
06/21/16,22:09:00,0
06/21/16,22:10:00,0
06/21/16,22:11:00,0
06/21/16,22:12:00,0
06/21/16,22:13:00,0
06/21/16,22:14:00,0
06/21/16,22:15:00,0
06/21/16,22:16:00,0
06/21/16,22:17:00,0
06/21/16,22:18:00,0
06/21/16,22:19:00,0
06/21/16,22:20:00,0
06/21/16,22:21:00,0
06/21/16,22:22:00,0
06/21/16,22:23:00,0
06/21/16,22:24:00,0
06/21/16,22:25:00,0
06/21/16,22:26:00,0
06/21/16,22:27:00,0
06/21/16,22:28:00,0
06/21/16,22:29:00,0
06/21/16,22:30:00,0
06/21/16,22:31:00,0
06/21/16,22:32:00,1,712468
06/21/16,22:33:00,0,4055544
06/21/16,22:34:00,1,786509
06/21/16,22:35:00,1,172356
06/21/16,22:36:00,1,740342
06/21/16,22:37:00,8,415123
06/21/16,22:38:00,16,49338
06/21/16,22:39:00,11,66791
06/21/16,22:40:00,3,521423
06/21/16,22:41:00,0
06/21/16,22:42:00,0
06/21/16,22:43:00,0
06/21/16,22:44:00,0
06/21/16,22:45:00,0
06/21/16,22:46:00,0
06/21/16,22:47:00,0
06/21/16,22:48:00,0
06/21/16,22:49:00,0
06/21/16,22:50:00,0
06/21/16,22:51:00,0
06/21/16,22:52:00,0
06/21/16,22:53:00,0
06/21/16,22:54:00,0
06/21/16,22:55:00,0
06/21/16,22:56:00,0
06/21/16,22:57:00,0
06/21/16,22:58:00,0
06/21/16,22:59:00,0
06/21/16,23:00:00,0
06/21/16,23:01:00,0
06/21/16,23:02:00,0
06/21/16,23:03:00,0
06/21/16,23:04:00,0
06/21/16,23:05:00,0
06/21/16,23:06:00,0
06/21/16,23:07:00,0
06/21/16,23:08:00,2,368714
06/21/16,23:09:00,0,2486613
06/21/16,23:10:00,6,985376
06/21/16,23:11:00,16,6474
06/21/16,23:12:00,7,605772
06/21/16,23:13:00,12,77516
06/21/16,23:14:00,15,87642
06/21/16,23:15:00,18,70733
06/21/16,23:16:00,16,97017
06/21/16,23:17:00,17,14832
06/21/16,23:18:00,16,94895
06/21/16,23:19:00,16,44703
06/21/16,23:20:00,15,54723
06/21/16,23:21:00,16,12166
06/21/16,23:22:00,15,97858
06/21/16,23:23:00,15,16583
06/21/16,23:24:00,15,72097
06/21/16,23:25:00,17,4616
06/21/16,23:26:00,15,90939
06/21/16,23:27:00,15,30683
06/21/16,23:28:00,16,77475
06/21/16,23:29:00,15,68826
06/21/16,23:30:00,14,73542
06/21/16,23:31:00,15,3224
06/21/16,23:32:00,15,64509
06/21/16,23:33:00,14,16888
06/21/16,23:34:00,14,5853
06/21/16,23:35:00,15,73216
06/21/16,23:36:00,15,81652
06/21/16,23:37:00,14,5748
06/21/16,23:38:00,16,27551
06/21/16,23:39:00,17,152
06/21/16,23:40:00,14,81519
06/21/16,23:41:00,15,55733
06/21/16,23:42:00,16,61434
06/21/16,23:43:00,15,61388
06/21/16,23:44:00,15,49825
06/21/16,23:45:00,17,27296
06/21/16,23:46:00,16,49168
06/21/16,23:47:00,14,20162
06/21/16,23:48:00,14,7959
06/21/16,23:49:00,16,01773
06/21/16,23:50:00,15,32463
06/21/16,23:51:00,14,31795
06/21/16,23:52:00,15,53898
06/21/16,23:53:00,15,41489
06/21/16,23:54:00,14,52395
06/21/16,23:55:00,14,76961
06/21/16,23:56:00,15,18639
06/21/16,23:57:00,4,643157
06/21/16,23:58:00,0
06/21/16,23:59:00,0
06/22/16,00:00:00,0
06/22/16,00:01:00,0
06/22/16,00:02:00,0
06/22/16,00:03:00,0
06/22/16,00:04:00,0
06/22/16,00:05:00,0
06/22/16,00:06:00,0
06/22/16,00:07:00,0
06/22/16,00:08:00,0
06/22/16,00:09:00,0
06/22/16,00:10:00,0
06/22/16,00:11:00,0
06/22/16,00:12:00,0
06/22/16,00:13:00,0
06/22/16,00:14:00,0
06/22/16,00:15:00,0
06/22/16,00:16:00,0
06/22/16,00:17:00,0
06/22/16,00:18:00,0
06/22/16,00:19:00,5,595685
06/22/16,00:20:00,16,86814
06/22/16,00:21:00,16,10103
06/22/16,00:22:00,15,42002
06/22/16,00:23:00,16,35985
06/22/16,00:24:00,16,53081
06/22/16,00:25:00,14,92284
06/22/16,00:26:00,16,39356
06/22/16,00:27:00,17,19518
06/22/16,00:28:00,14,93542
06/22/16,00:29:00,14,97795
06/22/16,00:30:00,15,88278
06/22/16,00:31:00,15,13455
06/22/16,00:32:00,14,0701
06/22/16,00:33:00,15,92522
06/22/16,00:34:00,15,74257
06/22/16,00:35:00,14,66681
06/22/16,00:36:00,16,49126
06/22/16,00:37:00,16,44877
06/22/16,00:38:00,14,67184
06/22/16,00:39:00,15,003
06/22/16,00:40:00,15,5812
06/22/16,00:41:00,14,81949
06/22/16,00:42:00,14,13886
06/22/16,00:43:00,16,02315
06/22/16,00:44:00,15,44422
06/22/16,00:45:00,14,46575
06/22/16,00:46:00,14,90047
06/22/16,00:47:00,16,00986
06/22/16,00:48:00,14,87015
06/22/16,00:49:00,14,16181
06/22/16,00:50:00,16,20762
06/22/16,00:51:00,15,19252
06/22/16,00:52:00,14,56786
06/22/16,00:53:00,15,16392
06/22/16,00:54:00,16,00702
06/22/16,00:55:00,15,51791
06/22/16,00:56:00,15,23641
06/22/16,00:57:00,14,99942
06/22/16,00:58:00,14,75068
06/22/16,00:59:00,14,04283
06/22/16,01:00:00,15,07443
06/22/16,01:01:00,14,66173
06/22/16,01:02:00,13,52125
06/22/16,01:03:00,14,61426
06/22/16,01:04:00,15,71089
06/22/16,01:05:00,14,29671
06/22/16,01:06:00,14,99715
06/22/16,01:07:00,15,69934
06/22/16,01:08:00,15,50341
06/22/16,01:09:00,14,44498
06/22/16,01:10:00,15,4494
06/22/16,01:11:00,15,00252
06/22/16,01:12:00,13,51014
06/22/16,01:13:00,14,44302
06/22/16,01:14:00,15,04103
06/22/16,01:15:00,13,75762
06/22/16,01:16:00,14,21645
06/22/16,01:17:00,14,97074
06/22/16,01:18:00,13,87391
06/22/16,01:19:00,13,49228
06/22/16,01:20:00,14,99711
06/22/16,01:21:00,14,36793
06/22/16,01:22:00,14,45243
06/22/16,01:23:00,15,07801
06/22/16,01:24:00,15,31596
06/22/16,01:25:00,14,26971
06/22/16,01:26:00,15,04754
06/22/16,01:27:00,16,05307
06/22/16,01:28:00,14,77495
06/22/16,01:29:00,14,84021
06/22/16,01:30:00,15,98779
06/22/16,01:31:00,14,23782
06/22/16,01:32:00,14,83736
06/22/16,01:33:00,16,05973
06/22/16,01:34:00,15,02368
06/22/16,01:35:00,15,19305
06/22/16,01:36:00,14,98976
06/22/16,01:37:00,14,0915
06/22/16,01:38:00,14,03989
06/22/16,01:39:00,15,27144
06/22/16,01:40:00,15,09089
06/22/16,01:41:00,14,38428
06/22/16,01:42:00,14,81597
06/22/16,01:43:00,14,99237
06/22/16,01:44:00,14,27624
06/22/16,01:45:00,14,95685
06/22/16,01:46:00,16,59519
06/22/16,01:47:00,14,72243
06/22/16,01:48:00,14,45955
06/22/16,01:49:00,14,93749
06/22/16,01:50:00,14,25612
06/22/16,01:51:00,15,25212
06/22/16,01:52:00,15,34632
06/22/16,01:53:00,13,78858
06/22/16,01:54:00,14,86579
06/22/16,01:55:00,14,81455
06/22/16,01:56:00,13,69589
06/22/16,01:57:00,15,04829
06/22/16,01:58:00,14,96803
06/22/16,01:59:00,14,05735
06/22/16,02:00:00,15,00126
06/22/16,02:01:00,14,91343
06/22/16,02:02:00,14,5969
06/22/16,02:03:00,14,77064
06/22/16,02:04:00,15,90902
06/22/16,02:05:00,15,203
06/22/16,02:06:00,14,60318
06/22/16,02:07:00,14,94499
06/22/16,02:08:00,14,63623
06/22/16,02:09:00,14,15533
06/22/16,02:10:00,15,35744
06/22/16,02:11:00,15,71683
06/22/16,02:12:00,14,27288
06/22/16,02:13:00,14,87913
06/22/16,02:14:00,14,86183
06/22/16,02:15:00,13,86544
06/22/16,02:16:00,14,90388
06/22/16,02:17:00,14,79155
06/22/16,02:18:00,14,52937
06/22/16,02:19:00,13,86685
06/22/16,02:20:00,13,99761
06/22/16,02:21:00,14,53897
06/22/16,02:22:00,14,22499
06/22/16,02:23:00,15,44519
06/22/16,02:24:00,13,86075
06/22/16,02:25:00,14,97722
06/22/16,02:26:00,16,15187
06/22/16,02:27:00,15,89414
06/22/16,02:28:00,14,55014
06/22/16,02:29:00,14,77991
06/22/16,02:30:00,15,12714
06/22/16,02:31:00,15,38119
06/22/16,02:32:00,14,97694
06/22/16,02:33:00,15,42516
06/22/16,02:34:00,15,29427
06/22/16,02:35:00,14,83164
06/22/16,02:36:00,15,25215
06/22/16,02:37:00,15,41898
06/22/16,02:38:00,14,84958
06/22/16,02:39:00,15,04924
06/22/16,02:40:00,14,01127
06/22/16,02:41:00,13,91659
06/22/16,02:42:00,15,31939
06/22/16,02:43:00,14,73243
06/22/16,02:44:00,14,75555
06/22/16,02:45:00,15,12122
06/22/16,02:46:00,14,88546
06/22/16,02:47:00,14,73658
06/22/16,02:48:00,15,02052
06/22/16,02:49:00,15,15832
06/22/16,02:50:00,14,58992
06/22/16,02:51:00,14,61384
06/22/16,02:52:00,15,03191
06/22/16,02:53:00,14,75189
06/22/16,02:54:00,14,03025
06/22/16,02:55:00,15,20326
06/22/16,02:56:00,14,27515
06/22/16,02:57:00,14,90232
06/22/16,02:58:00,16,14914
06/22/16,02:59:00,14,97011
06/22/16,03:00:00,14,36795
06/22/16,03:01:00,15,56831
06/22/16,03:02:00,14,57332
06/22/16,03:03:00,14,73163
06/22/16,03:04:00,15,65125
06/22/16,03:05:00,14,18164
06/22/16,03:06:00,14,3864
06/22/16,03:07:00,14,97387
06/22/16,03:08:00,3,27439
06/22/16,03:09:00,0
06/22/16,03:10:00,0
06/22/16,03:11:00,0
06/22/16,03:12:00,0
06/22/16,03:13:00,0
06/22/16,03:14:00,0
06/22/16,03:15:00,0
06/22/16,03:16:00,0
06/22/16,03:17:00,0
06/22/16,03:18:00,0
06/22/16,03:19:00,0
06/22/16,03:20:00,0
06/22/16,03:21:00,0
06/22/16,03:22:00,0
06/22/16,03:23:00,0
06/22/16,03:24:00,0
06/22/16,03:25:00,0
06/22/16,03:26:00,0
06/22/16,03:27:00,0
06/22/16,03:28:00,0
06/22/16,03:29:00,7,56727
06/22/16,03:30:00,13,74117
06/22/16,03:31:00,14,3772
06/22/16,03:32:00,15,72783
06/22/16,03:33:00,16,19291
06/22/16,03:34:00,15,82392
06/22/16,03:35:00,15,40553
06/22/16,03:36:00,15,27302
06/22/16,03:37:00,14,5693
06/22/16,03:38:00,14,13901
06/22/16,03:39:00,14,83754
06/22/16,03:40:00,15,2045
06/22/16,03:41:00,16,15682
06/22/16,03:42:00,11,24836
06/22/16,03:43:00,8,655216
06/22/16,03:44:00,14,07358
06/22/16,03:45:00,14,04749
06/22/16,03:46:00,15,3075
06/22/16,03:47:00,14,55254
06/22/16,03:48:00,13,82001
06/22/16,03:49:00,14,37655
06/22/16,03:50:00,12,66948
06/22/16,03:51:00,13,03789
06/22/16,03:52:00,13,59866
06/22/16,03:53:00,14,28996
06/22/16,03:54:00,13,55574
06/22/16,03:55:00,14,42609
06/22/16,03:56:00,15,11427
06/22/16,03:57:00,15,45105
06/22/16,03:58:00,15,21199
06/22/16,03:59:00,15,68695
06/22/16,04:00:00,15,59449
06/22/16,04:01:00,14,4786
06/22/16,04:02:00,14,29644
06/22/16,04:03:00,14,95086
06/22/16,04:04:00,14,1119
06/22/16,04:05:00,14,22307
06/22/16,04:06:00,14,64854
06/22/16,04:07:00,14,11233
06/22/16,04:08:00,14,26648
06/22/16,04:09:00,15,13158
06/22/16,04:10:00,14,89651
06/22/16,04:11:00,14,3513
06/22/16,04:12:00,14,01468
06/22/16,04:13:00,13,75842
06/22/16,04:14:00,13,64928
06/22/16,04:15:00,14,42394
06/22/16,04:16:00,14,89928
06/22/16,04:17:00,14,98116
06/22/16,04:18:00,14,97733
06/22/16,04:19:00,14,39598
06/22/16,04:20:00,14,13096
06/22/16,04:21:00,14,90733
06/22/16,04:22:00,14,68575
06/22/16,04:23:00,15,53675
06/22/16,04:24:00,14,97141
06/22/16,04:25:00,15,46399
06/22/16,04:26:00,14,70487
06/22/16,04:27:00,14,76919
06/22/16,04:28:00,14,71943
06/22/16,04:29:00,15,14151
06/22/16,04:30:00,14,28364
06/22/16,04:31:00,14,87639
06/22/16,04:32:00,15,12186
06/22/16,04:33:00,14,71311
06/22/16,04:34:00,13,94624
06/22/16,04:35:00,14,9306
06/22/16,04:36:00,14,312
06/22/16,04:37:00,14,56644
06/22/16,04:38:00,14,75255
06/22/16,04:39:00,14,60361
06/22/16,04:40:00,14,94393
06/22/16,04:41:00,14,99129
06/22/16,04:42:00,15,61744
06/22/16,04:43:00,14,41335
06/22/16,04:44:00,14,83949
06/22/16,04:45:00,15,35833
06/22/16,04:46:00,14,42308
06/22/16,04:47:00,14,33007
06/22/16,04:48:00,14,94703
06/22/16,04:49:00,14,38222
06/22/16,04:50:00,14,76453
06/22/16,04:51:00,15,3059
06/22/16,04:52:00,13,93733
06/22/16,04:53:00,14,91963
06/22/16,04:54:00,15,55736
06/22/16,04:55:00,14,22723
06/22/16,04:56:00,15,33995
06/22/16,04:57:00,15,09263
06/22/16,04:58:00,14,35906
06/22/16,04:59:00,13,25906
06/22/16,05:00:00,14,93394
06/22/16,05:01:00,15,55057
06/22/16,05:02:00,15,06968
06/22/16,05:03:00,15,15703
06/22/16,05:04:00,15,50903
06/22/16,05:05:00,14,02941
06/22/16,05:06:00,14,70662
06/22/16,05:07:00,15,69117
06/22/16,05:08:00,13,9992
06/22/16,05:09:00,3,448427
06/22/16,05:10:00,0
06/22/16,05:11:00,0
06/22/16,05:12:00,0
06/22/16,05:13:00,0
06/22/16,05:14:00,0
06/22/16,05:15:00,0
06/22/16,05:16:00,8,463754
06/22/16,05:17:00,13,93028
06/22/16,05:18:00,13,92255
06/22/16,05:19:00,14,27812
06/22/16,05:20:00,14,09251
06/22/16,05:21:00,13,99105
06/22/16,05:22:00,15,05461
06/22/16,05:23:00,14,95183
06/22/16,05:24:00,15,03509
06/22/16,05:25:00,15,00545
06/22/16,05:26:00,14,13431
06/22/16,05:27:00,14,823
06/22/16,05:28:00,15,74004
06/22/16,05:29:00,15,37289
06/22/16,05:30:00,14,60077
06/22/16,05:31:00,14,49297
06/22/16,05:32:00,14,76482
06/22/16,05:33:00,14,32005
06/22/16,05:34:00,15,02288
06/22/16,05:35:00,14,42283
06/22/16,05:36:00,15,28904
06/22/16,05:37:00,15,39513
06/22/16,05:38:00,14,56049
06/22/16,05:39:00,14,45693
06/22/16,05:40:00,14,40567
06/22/16,05:41:00,14,04369
06/22/16,05:42:00,14,05253
06/22/16,05:43:00,15,78842
06/22/16,05:44:00,15,03033
06/22/16,05:45:00,14,80959
06/22/16,05:46:00,7,203823
06/22/16,05:47:00,0
06/22/16,05:48:00,0
06/22/16,05:49:00,0
06/22/16,05:50:00,0
06/22/16,05:51:00,0
06/22/16,05:52:00,0
06/22/16,05:53:00,0
06/22/16,05:54:00,0
06/22/16,05:55:00,0
06/22/16,05:56:00,0
06/22/16,05:57:00,0
06/22/16,05:58:00,0
06/22/16,05:59:00,0
06/22/16,06:00:00,0
06/22/16,06:01:00,0
06/22/16,06:02:00,0
06/22/16,06:03:00,0
06/22/16,06:04:00,0
06/22/16,06:05:00,0
06/22/16,06:06:00,0
06/22/16,06:07:00,0
06/22/16,06:08:00,0
06/22/16,06:09:00,0
06/22/16,06:10:00,0
06/22/16,06:11:00,0
06/22/16,06:12:00,0
06/22/16,06:13:00,0
06/22/16,06:14:00,0
06/22/16,06:15:00,0
06/22/16,06:16:00,0
06/22/16,06:17:00,0
06/22/16,06:18:00,0
06/22/16,06:19:00,0
06/22/16,06:20:00,0
06/22/16,06:21:00,0
06/22/16,06:22:00,0
06/22/16,06:23:00,0
06/22/16,06:24:00,6,928945
06/22/16,06:25:00,2,513149
06/22/16,06:26:00,0
06/22/16,06:27:00,0
06/22/16,06:28:00,0
06/22/16,06:29:00,0
06/22/16,06:30:00,0
06/22/16,06:31:00,7,246704
06/22/16,06:32:00,14,20807
06/22/16,06:33:00,16,31463
06/22/16,06:34:00,15,98772
06/22/16,06:35:00,15,54743
06/22/16,06:36:00,15,98053
06/22/16,06:37:00,16,39416
06/22/16,06:38:00,17,16512
06/22/16,06:39:00,17,17665
06/22/16,06:40:00,17,81276
06/22/16,06:41:00,16,9327
06/22/16,06:42:00,15,05938
06/22/16,06:43:00,14,08629
06/22/16,06:44:00,11,33729
06/22/16,06:45:00,10,69647
06/22/16,06:46:00,10,87457
06/22/16,06:47:00,9,703762
06/22/16,06:48:00,9,271249
06/22/16,06:49:00,9,640257
06/22/16,06:50:00,9,793159
06/22/16,06:51:00,10,79215
06/22/16,06:52:00,10,94424
06/22/16,06:53:00,12,03627
06/22/16,06:54:00,12,8383
06/22/16,06:55:00,14,3316
06/22/16,06:56:00,15,21421
06/22/16,06:57:00,15,89606
06/22/16,06:58:00,15,41753
06/22/16,06:59:00,16,7684
06/22/16,07:00:00,17,83412
06/22/16,07:01:00,16,3267
06/22/16,07:02:00,17,22066
06/22/16,07:03:00,18,01643
06/22/16,07:04:00,16,83858
06/22/16,07:05:00,17,40882
06/22/16,07:06:00,18,31971
06/22/16,07:07:00,16,69692
06/22/16,07:08:00,17,65325
06/22/16,07:09:00,17,85859
06/22/16,07:10:00,17,33039
06/22/16,07:11:00,17,26813
06/22/16,07:12:00,17,7355
06/22/16,07:13:00,17,19366
06/22/16,07:14:00,17,49316
06/22/16,07:15:00,18,01408
06/22/16,07:16:00,17,47423
06/22/16,07:17:00,18,08661
06/22/16,07:18:00,18,14322
06/22/16,07:19:00,18,12658
06/22/16,07:20:00,17,38445
06/22/16,07:21:00,17,28258
06/22/16,07:22:00,17,31365
06/22/16,07:23:00,17,2309
06/22/16,07:24:00,18,02032
06/22/16,07:25:00,17,2791
06/22/16,07:26:00,17,40596
06/22/16,07:27:00,17,84494
06/22/16,07:28:00,17,99078
06/22/16,07:29:00,18,5574
06/22/16,07:30:00,17,17222
06/22/16,07:31:00,16,55591
06/22/16,07:32:00,16,28042
06/22/16,07:33:00,15,91911
06/22/16,07:34:00,16,54339
06/22/16,07:35:00,16,30147
06/22/16,07:36:00,16,26743
06/22/16,07:37:00,15,99488
06/22/16,07:38:00,16,21449
06/22/16,07:39:00,16,88585
06/22/16,07:40:00,16,6085
06/22/16,07:41:00,16,62809
06/22/16,07:42:00,16,35037
06/22/16,07:43:00,15,6363
06/22/16,07:44:00,16,33911
06/22/16,07:45:00,16,92734
06/22/16,07:46:00,17,37372
06/22/16,07:47:00,17,5324
06/22/16,07:48:00,17,6561
06/22/16,07:49:00,17,04243
06/22/16,07:50:00,17,76815
06/22/16,07:51:00,17,72469
06/22/16,07:52:00,12,83999
06/22/16,07:53:00,0
06/22/16,07:54:00,0
06/22/16,07:55:00,0
06/22/16,07:56:00,0
06/22/16,07:57:00,0
06/22/16,07:58:00,0
06/22/16,07:59:00,0
06/22/16,08:00:00,8,204163
06/22/16,08:01:00,15,94242
06/22/16,08:02:00,17,23821
06/22/16,08:03:00,18,09635
06/22/16,08:04:00,19,54125
06/22/16,08:05:00,16,93667
06/22/16,08:06:00,17,34782
06/22/16,08:07:00,17,95719
06/22/16,08:08:00,17,15644
06/22/16,08:09:00,16,79125
06/22/16,08:10:00,17,06664
06/22/16,08:11:00,17,33862
06/22/16,08:12:00,17,40679
06/22/16,08:13:00,16,90189
06/22/16,08:14:00,16,78797
06/22/16,08:15:00,16,58628
06/22/16,08:16:00,17,38779
06/22/16,08:17:00,17,72891
06/22/16,08:18:00,16,8319
06/22/16,08:19:00,17,27253
06/22/16,08:20:00,17,4262
06/22/16,08:21:00,17,24719
06/22/16,08:22:00,16,85353
06/22/16,08:23:00,17,89985
06/22/16,08:24:00,17,28824
06/22/16,08:25:00,16,59511
06/22/16,08:26:00,16,84564
06/22/16,08:27:00,17,02014
06/22/16,08:28:00,16,83736
06/22/16,08:29:00,16,51426
06/22/16,08:30:00,7,112101
06/22/16,08:31:00,0
06/22/16,08:32:00,0
06/22/16,08:33:00,0
06/22/16,08:34:00,0
06/22/16,08:35:00,0
06/22/16,08:36:00,0
06/22/16,08:37:00,0
06/22/16,08:38:00,0
06/22/16,08:39:00,0
06/22/16,08:40:00,0
06/22/16,08:41:00,0
06/22/16,08:42:00,0
06/22/16,08:43:00,0
06/22/16,08:44:00,0
06/22/16,08:45:00,0
06/22/16,08:46:00,13,91263
06/22/16,08:47:00,17,86923
06/22/16,08:48:00,16,83977
06/22/16,08:49:00,17,20916
06/22/16,08:50:00,17,66067
06/22/16,08:51:00,17,58919
06/22/16,08:52:00,16,99238
06/22/16,08:53:00,17,98838
06/22/16,08:54:00,17,37364
06/22/16,08:55:00,17,83973
06/22/16,08:56:00,17,3663
06/22/16,08:57:00,16,83537
06/22/16,08:58:00,16,51804
06/22/16,08:59:00,17,69257
06/22/16,09:00:00,17,51108
06/22/16,09:01:00,17,15205
06/22/16,09:02:00,16,67454
06/22/16,09:03:00,17,31388
06/22/16,09:04:00,16,83808
06/22/16,09:05:00,17,00486
06/22/16,09:06:00,16,7269
06/22/16,09:07:00,17,36723
06/22/16,09:08:00,17,14229
06/22/16,09:09:00,17,22411
06/22/16,09:10:00,15,26278
06/22/16,09:11:00,15,71509
06/22/16,09:12:00,17,24355
06/22/16,09:13:00,16,80001
06/22/16,09:14:00,17,19854
06/22/16,09:15:00,17,55503
06/22/16,09:16:00,17,37849
06/22/16,09:17:00,17,42086
06/22/16,09:18:00,17,96425
06/22/16,09:19:00,17,45164
06/22/16,09:20:00,17,49707
06/22/16,09:21:00,17,99913
06/22/16,09:22:00,16,84786
06/22/16,09:23:00,17,19076
06/22/16,09:24:00,17,33092
06/22/16,09:25:00,16,92306
06/22/16,09:26:00,17,05726
06/22/16,09:27:00,17,5517
06/22/16,09:28:00,17,45582
06/22/16,09:29:00,17,16071
06/22/16,09:30:00,17,55797
06/22/16,09:31:00,17,64491
06/22/16,09:32:00,16,45722
06/22/16,09:33:00,16,79125
06/22/16,09:34:00,17,42417
06/22/16,09:35:00,17,09103
06/22/16,09:36:00,16,65531
06/22/16,09:37:00,17,11236
06/22/16,09:38:00,17,01702
06/22/16,09:39:00,16,8729
06/22/16,09:40:00,16,94924
06/22/16,09:41:00,16,34458
06/22/16,09:42:00,17,11365
06/22/16,09:43:00,17,32078
06/22/16,09:44:00,17,096
06/22/16,09:45:00,17,26706
06/22/16,09:46:00,17,61773
06/22/16,09:47:00,17,4972
06/22/16,09:48:00,17,55467
06/22/16,09:49:00,17,67067
06/22/16,09:50:00,17,5992
06/22/16,09:51:00,17,07412
06/22/16,09:52:00,15,90538
06/22/16,09:53:00,16,36304
06/22/16,09:54:00,16,71584
06/22/16,09:55:00,16,83669
06/22/16,09:56:00,16,81833
06/22/16,09:57:00,16,69382
06/22/16,09:58:00,16,6834
06/22/16,09:59:00,16,53985
06/22/16,10:00:00,17,3858
06/22/16,10:01:00,17,59477
06/22/16,10:02:00,16,71773
06/22/16,10:03:00,6,114253
06/22/16,10:04:00,0
06/22/16,10:05:00,0
06/22/16,10:06:00,0
06/22/16,10:07:00,0
06/22/16,10:08:00,0
06/22/16,10:09:00,0
06/22/16,10:10:00,0
06/22/16,10:11:00,0
06/22/16,10:12:00,0
06/22/16,10:13:00,0
06/22/16,10:14:00,0
06/22/16,10:15:00,0
06/22/16,10:16:00,0
06/22/16,10:17:00,1,399626
06/22/16,10:18:00,13,19222
06/22/16,10:19:00,15,69496
06/22/16,10:20:00,16,2992
06/22/16,10:21:00,17,24072
06/22/16,10:22:00,16,9143
06/22/16,10:23:00,16,30999
06/22/16,10:24:00,16,56464
06/22/16,10:25:00,16,18183
06/22/16,10:26:00,16,1313
06/22/16,10:27:00,15,94266
06/22/16,10:28:00,16,44821
06/22/16,10:29:00,17,19535
06/22/16,10:30:00,17,37266
06/22/16,10:31:00,16,8613
06/22/16,10:32:00,16,28294
06/22/16,10:33:00,16,54519
06/22/16,10:34:00,15,93758
06/22/16,10:35:00,16,02828
06/22/16,10:36:00,16,25355
06/22/16,10:37:00,17,03968
06/22/16,10:38:00,17,27854
06/22/16,10:39:00,16,21508
06/22/16,10:40:00,16,7794
06/22/16,10:41:00,17,10272
06/22/16,10:42:00,16,68049
06/22/16,10:43:00,17,11643
06/22/16,10:44:00,17,80224
06/22/16,10:45:00,16,82375
06/22/16,10:46:00,16,44651
06/22/16,10:47:00,15,14894
06/22/16,10:48:00,17,28068
06/22/16,10:49:00,17,59005
06/22/16,10:50:00,16,38751
06/22/16,10:51:00,16,27848
06/22/16,10:52:00,16,39636
06/22/16,10:53:00,15,53027
06/22/16,10:54:00,15,50859
06/22/16,10:55:00,16,057
06/22/16,10:56:00,16,23496
06/22/16,10:57:00,16,26327
06/22/16,10:58:00,16,07776
06/22/16,10:59:00,16,82867
06/22/16,11:00:00,16,02091
06/22/16,11:01:00,17,22115
06/22/16,11:02:00,17,20199
06/22/16,11:03:00,17,45455
06/22/16,11:04:00,17,66467
06/22/16,11:05:00,16,56172
06/22/16,11:06:00,16,36619
06/22/16,11:07:00,15,85919
06/22/16,11:08:00,15,89671
06/22/16,11:09:00,15,87192
06/22/16,11:10:00,15,70988
06/22/16,11:11:00,17,03369
06/22/16,11:12:00,16,83787
06/22/16,11:13:00,17,01608
06/22/16,11:14:00,16,84336
06/22/16,11:15:00,15,59482
06/22/16,11:16:00,16,36823
06/22/16,11:17:00,16,00387
06/22/16,11:18:00,15,24223
06/22/16,11:19:00,15,25834
06/22/16,11:20:00,14,647
06/22/16,11:21:00,14,22267
06/22/16,11:22:00,15,01183
06/22/16,11:23:00,14,53598
06/22/16,11:24:00,14,52991
06/22/16,11:25:00,14,73508
06/22/16,11:26:00,15,15857
06/22/16,11:27:00,14,58502
06/22/16,11:28:00,15,0447
06/22/16,11:29:00,15,25611
06/22/16,11:30:00,15,106
06/22/16,11:31:00,15,59453
06/22/16,11:32:00,16,24102
06/22/16,11:33:00,16,13851
06/22/16,11:34:00,15,49671
06/22/16,11:35:00,15,85748
06/22/16,11:36:00,15,54528
06/22/16,11:37:00,15,19943
06/22/16,11:38:00,15,6068
06/22/16,11:39:00,15,72379
06/22/16,11:40:00,15,46635
06/22/16,11:41:00,15,29648
06/22/16,11:42:00,14,40885
06/22/16,11:43:00,14,98916
06/22/16,11:44:00,15,61641
06/22/16,11:45:00,15,31235
06/22/16,11:46:00,15,78946
06/22/16,11:47:00,15,37204
06/22/16,11:48:00,14,99693
06/22/16,11:49:00,15,26925
06/22/16,11:50:00,15,5431
06/22/16,11:51:00,16,12781
06/22/16,11:52:00,15,3254
06/22/16,11:53:00,14,74952
06/22/16,11:54:00,15,18442
06/22/16,11:55:00,15,47968
06/22/16,11:56:00,15,94621
06/22/16,11:57:00,16,8302
06/22/16,11:58:00,15,84688
06/22/16,11:59:00,15,36438
06/22/16,12:00:00,15,50069
06/22/16,12:01:00,14,99509
06/22/16,12:02:00,15,55641
06/22/16,12:03:00,15,26789
06/22/16,12:04:00,15,95347
06/22/16,12:05:00,15,64575
06/22/16,12:06:00,15,35523
06/22/16,12:07:00,14,96914
06/22/16,12:08:00,14,5654
06/22/16,12:09:00,15,43464
06/22/16,12:10:00,15,60536
06/22/16,12:11:00,15,32565
06/22/16,12:12:00,15,84431
06/22/16,12:13:00,16,03812
06/22/16,12:14:00,16,33098
06/22/16,12:15:00,16,30031
06/22/16,12:16:00,15,78849
06/22/16,12:17:00,15,57235
06/22/16,12:18:00,15,62053
06/22/16,12:19:00,15,75931
06/22/16,12:20:00,15,63073
06/22/16,12:21:00,16,00742
06/22/16,12:22:00,15,69274
06/22/16,12:23:00,14,50115
06/22/16,12:24:00,15,94126
06/22/16,12:25:00,16,32624
06/22/16,12:26:00,15,74968
06/22/16,12:27:00,15,42009
06/22/16,12:28:00,15,44656
06/22/16,12:29:00,15,14692
06/22/16,12:30:00,15,32388
06/22/16,12:31:00,15,51642
06/22/16,12:32:00,14,29761
06/22/16,12:33:00,2,212639
06/22/16,12:34:00,0
06/22/16,12:35:00,0
06/22/16,12:36:00,0
06/22/16,12:37:00,0
06/22/16,12:38:00,0
06/22/16,12:39:00,0
06/22/16,12:40:00,0
06/22/16,12:41:00,0
06/22/16,12:42:00,0
06/22/16,12:43:00,4,135774
06/22/16,12:44:00,12,87981
06/22/16,12:45:00,15,55097
06/22/16,12:46:00,14,77641
06/22/16,12:47:00,15,95881
06/22/16,12:48:00,18,09322
06/22/16,12:49:00,16,79878
06/22/16,12:50:00,13,6517
06/22/16,12:51:00,16,35917
06/22/16,12:52:00,16,18141
06/22/16,12:53:00,15,74681
06/22/16,12:54:00,15,49408
06/22/16,12:55:00,15,72485
06/22/16,12:56:00,15,08024
06/22/16,12:57:00,15,7629
06/22/16,12:58:00,16,03199
06/22/16,12:59:00,15,98723
06/22/16,13:00:00,15,86918
06/22/16,13:01:00,15,14793
06/22/16,13:02:00,15,66637
06/22/16,13:03:00,15,38253
06/22/16,13:04:00,16,33703
06/22/16,13:05:00,15,48176
06/22/16,13:06:00,16,18137
06/22/16,13:07:00,15,98163
06/22/16,13:08:00,15,70823
06/22/16,13:09:00,15,8331
06/22/16,13:10:00,16,00532
06/22/16,13:11:00,15,18172
06/22/16,13:12:00,15,58151
06/22/16,13:13:00,15,23007
06/22/16,13:14:00,15,49082
06/22/16,13:15:00,15,7422
06/22/16,13:16:00,16,07913
06/22/16,13:17:00,16,56686
06/22/16,13:18:00,15,53279
06/22/16,13:19:00,15,23116
06/22/16,13:20:00,15,4277
06/22/16,13:21:00,16,39659
06/22/16,13:22:00,16,33186
06/22/16,13:23:00,16,54355
06/22/16,13:24:00,16,95911
06/22/16,13:25:00,16,32602
06/22/16,13:26:00,16,3167
06/22/16,13:27:00,16,6046
06/22/16,13:28:00,15,71413
06/22/16,13:29:00,15,31346
06/22/16,13:30:00,16,4671
06/22/16,13:31:00,15,89826
06/22/16,13:32:00,16,64051
06/22/16,13:33:00,15,45805
06/22/16,13:34:00,1,978121
06/22/16,13:35:00,0
06/22/16,13:36:00,0
06/22/16,13:37:00,0
06/22/16,13:38:00,0
06/22/16,13:39:00,0
06/22/16,13:40:00,0
06/22/16,13:41:00,0
06/22/16,13:42:00,0
06/22/16,13:43:00,0
06/22/16,13:44:00,0
06/22/16,13:45:00,0
06/22/16,13:46:00,0
06/22/16,13:47:00,0
06/22/16,13:48:00,0
06/22/16,13:49:00,0
06/22/16,13:50:00,0
06/22/16,13:51:00,0
06/22/16,13:52:00,0
06/22/16,13:53:00,0
06/22/16,13:54:00,0
06/22/16,13:55:00,0
06/22/16,13:56:00,0
06/22/16,13:57:00,0
06/22/16,13:58:00,0
06/22/16,13:59:00,0
06/22/16,14:00:00,0
06/22/16,14:01:00,0
06/22/16,14:02:00,0
06/22/16,14:03:00,0
06/22/16,14:04:00,0
06/22/16,14:05:00,0
06/22/16,14:06:00,0
06/22/16,14:07:00,0
06/22/16,14:08:00,0
06/22/16,14:09:00,9,437775
06/22/16,14:10:00,15,40149
06/22/16,14:11:00,15,88853
06/22/16,14:12:00,16,32169
06/22/16,14:13:00,16,74449
06/22/16,14:14:00,16,7197
06/22/16,14:15:00,15,87642
06/22/16,14:16:00,14,82329
06/22/16,14:17:00,15,6037
06/22/16,14:18:00,16,40705
06/22/16,14:19:00,15,58228
06/22/16,14:20:00,15,79244
06/22/16,14:21:00,15,29895
06/22/16,14:22:00,15,44885
06/22/16,14:23:00,15,72093
06/22/16,14:24:00,16,06047
06/22/16,14:25:00,16,15158
06/22/16,14:26:00,16,15623
06/22/16,14:27:00,15,97209
06/22/16,14:28:00,16,03063
06/22/16,14:29:00,16,2205
06/22/16,14:30:00,15,01955
06/22/16,14:31:00,15,72468
06/22/16,14:32:00,16,18124
06/22/16,14:33:00,16,03665
06/22/16,14:34:00,15,73431
06/22/16,14:35:00,15,85358
06/22/16,14:36:00,15,74794
06/22/16,14:37:00,16,55658
06/22/16,14:38:00,15,95181
06/22/16,14:39:00,15,41288
06/22/16,14:40:00,15,97292
06/22/16,14:41:00,16,16723
06/22/16,14:42:00,15,48875
06/22/16,14:43:00,16,09408
06/22/16,14:44:00,16,31491
06/22/16,14:45:00,15,87835
06/22/16,14:46:00,15,35866
06/22/16,14:47:00,15,59017
06/22/16,14:48:00,15,2346
06/22/16,14:49:00,15,50242
06/22/16,14:50:00,15,84339
06/22/16,14:51:00,15,42001
06/22/16,14:52:00,16,22626
06/22/16,14:53:00,15,13077
06/22/16,14:54:00,15,53531
06/22/16,14:55:00,15,69695
06/22/16,14:56:00,15,33442
06/22/16,14:57:00,14,54088
06/22/16,14:58:00,15,16166
06/22/16,14:59:00,16,07784
06/22/16,15:00:00,14,88084
06/22/16,15:01:00,15,34188
06/22/16,15:02:00,15,99638
06/22/16,15:03:00,15,63525
06/22/16,15:04:00,15,91734
06/22/16,15:05:00,5,284525
06/22/16,15:06:00,0
06/22/16,15:07:00,0
06/22/16,15:08:00,0
06/22/16,15:09:00,0
06/22/16,15:10:00,1,020043
06/22/16,15:11:00,13,11921
06/22/16,15:12:00,15,21142
06/22/16,15:13:00,15,83895
06/22/16,15:14:00,15,71165
06/22/16,15:15:00,16,12734
06/22/16,15:16:00,16,61573
06/22/16,15:17:00,15,71986
06/22/16,15:18:00,16,06904
06/22/16,15:19:00,16,08968
06/22/16,15:20:00,16,03662
06/22/16,15:21:00,16,08507
06/22/16,15:22:00,15,73305
06/22/16,15:23:00,4,637464
06/22/16,15:24:00,0
06/22/16,15:25:00,0
06/22/16,15:26:00,0
06/22/16,15:27:00,0
06/22/16,15:28:00,0
06/22/16,15:29:00,0
06/22/16,15:30:00,0
06/22/16,15:31:00,0
06/22/16,15:32:00,0
06/22/16,15:33:00,0
06/22/16,15:34:00,0
06/22/16,15:35:00,0
06/22/16,15:36:00,0
06/22/16,15:37:00,0
06/22/16,15:38:00,0
06/22/16,15:39:00,0
06/22/16,15:40:00,0
06/22/16,15:41:00,0
06/22/16,15:42:00,0
06/22/16,15:43:00,0
06/22/16,15:44:00,0
06/22/16,15:45:00,0
06/22/16,15:46:00,0
06/22/16,15:47:00,0
06/22/16,15:48:00,0
06/22/16,15:49:00,0
06/22/16,15:50:00,0
06/22/16,15:51:00,0
06/22/16,15:52:00,0
06/22/16,15:53:00,0
06/22/16,15:54:00,0
06/22/16,15:55:00,0
06/22/16,15:56:00,0
06/22/16,15:57:00,0
06/22/16,15:58:00,0
06/22/16,15:59:00,0
06/22/16,16:00:00,0
06/22/16,16:01:00,0
06/22/16,16:02:00,0
06/22/16,16:03:00,0
06/22/16,16:04:00,0
06/22/16,16:05:00,9,629737
06/22/16,16:06:00,1,974964
06/22/16,16:07:00,0
06/22/16,16:08:00,0
06/22/16,16:09:00,0
06/22/16,16:10:00,3,873786
06/22/16,16:11:00,12,59052
06/22/16,16:12:00,15,61131
06/22/16,16:13:00,17,50266
06/22/16,16:14:00,17,04961
06/22/16,16:15:00,16,48695
06/22/16,16:16:00,16,83801
06/22/16,16:17:00,16,92294
06/22/16,16:18:00,16,7878
06/22/16,16:19:00,16,466
06/22/16,16:20:00,16,23702
06/22/16,16:21:00,16,57842
06/22/16,16:22:00,17,03626
06/22/16,16:23:00,16,55822
06/22/16,16:24:00,15,82766
06/22/16,16:25:00,15,49764
06/22/16,16:26:00,15,51921
06/22/16,16:27:00,16,20123
06/22/16,16:28:00,17,00024
06/22/16,16:29:00,16,02193
06/22/16,16:30:00,16,66621
06/22/16,16:31:00,17,22832
06/22/16,16:32:00,16,55186
06/22/16,16:33:00,17,05266
06/22/16,16:34:00,16,09129
06/22/16,16:35:00,16,33362
06/22/16,16:36:00,15,93018
06/22/16,16:37:00,16,24378
06/22/16,16:38:00,16,18817
06/22/16,16:39:00,16,62571
06/22/16,16:40:00,16,20397
06/22/16,16:41:00,15,82322
06/22/16,16:42:00,15,94594
06/22/16,16:43:00,16,04285
06/22/16,16:44:00,16,42126
06/22/16,16:45:00,16,39362
06/22/16,16:46:00,17,00394
06/22/16,16:47:00,17,2725
06/22/16,16:48:00,16,3584
06/22/16,16:49:00,15,91378
06/22/16,16:50:00,16,58398
06/22/16,16:51:00,16,89139
06/22/16,16:52:00,16,15738
06/22/16,16:53:00,15,74655
06/22/16,16:54:00,16,06814
06/22/16,16:55:00,15,6932
06/22/16,16:56:00,15,52252
06/22/16,16:57:00,15,44586
06/22/16,16:58:00,15,6863
06/22/16,16:59:00,15,68015
06/22/16,17:00:00,15,64466
06/22/16,17:01:00,15,3597
06/22/16,17:02:00,16,30988
06/22/16,17:03:00,16,19501
06/22/16,17:04:00,16,30791
06/22/16,17:05:00,15,63913
06/22/16,17:06:00,17,3498
06/22/16,17:07:00,15,86971
06/22/16,17:08:00,16,4643
06/22/16,17:09:00,15,90061
06/22/16,17:10:00,15,76919
06/22/16,17:11:00,16,00595
06/22/16,17:12:00,16,13964
06/22/16,17:13:00,16,43492
06/22/16,17:14:00,16,26473
06/22/16,17:15:00,17,03326
06/22/16,17:16:00,15,64129
06/22/16,17:17:00,14,51704
06/22/16,17:18:00,16,24329
06/22/16,17:19:00,15,62905
06/22/16,17:20:00,14,8587
06/22/16,17:21:00,15,14829
06/22/16,17:22:00,15,89876
06/22/16,17:23:00,15,64348
06/22/16,17:24:00,15,40979
06/22/16,17:25:00,15,80045
06/22/16,17:26:00,15,4239
06/22/16,17:27:00,15,54981
06/22/16,17:28:00,15,31922
06/22/16,17:29:00,15,78464
06/22/16,17:30:00,16,16199
06/22/16,17:31:00,15,15774
06/22/16,17:32:00,14,97232
06/22/16,17:33:00,15,7633
06/22/16,17:34:00,15,11748
06/22/16,17:35:00,15,15535
06/22/16,17:36:00,14,69656
06/22/16,17:37:00,14,49733
06/22/16,17:38:00,15,16157
06/22/16,17:39:00,16,72432
06/22/16,17:40:00,16,01459
06/22/16,17:41:00,14,95075
06/22/16,17:42:00,15,77879
06/22/16,17:43:00,15,81675
06/22/16,17:44:00,14,82111
06/22/16,17:45:00,16,29305
06/22/16,17:46:00,15,92971
06/22/16,17:47:00,15,77886
06/22/16,17:48:00,15,31175
06/22/16,17:49:00,15,31377
06/22/16,17:50:00,15,06601
06/22/16,17:51:00,16,15866
06/22/16,17:52:00,16,49871
06/22/16,17:53:00,15,43268
06/22/16,17:54:00,15,0186
06/22/16,17:55:00,14,95031
06/22/16,17:56:00,14,92001
06/22/16,17:57:00,15,47931
06/22/16,17:58:00,15,90448
06/22/16,17:59:00,16,11585
06/22/16,18:00:00,15,96961
06/22/16,18:01:00,15,41406
06/22/16,18:02:00,16,39627
06/22/16,18:03:00,16,62343
06/22/16,18:04:00,16,2525
06/22/16,18:05:00,15,90943
06/22/16,18:06:00,15,82927
06/22/16,18:07:00,16,28227
06/22/16,18:08:00,16,11347
06/22/16,18:09:00,16,33443
06/22/16,18:10:00,16,29003
06/22/16,18:11:00,15,25326
06/22/16,18:12:00,14,69023
06/22/16,18:13:00,15,50719
06/22/16,18:14:00,15,65732
06/22/16,18:15:00,16,13616
06/22/16,18:16:00,15,50745
06/22/16,18:17:00,15,51143
06/22/16,18:18:00,15,2928
06/22/16,18:19:00,15,37749
06/22/16,18:20:00,14,82311
06/22/16,18:21:00,15,01492
06/22/16,18:22:00,15,07807
06/22/16,18:23:00,15,08686
06/22/16,18:24:00,14,94703
06/22/16,18:25:00,15,25174
06/22/16,18:26:00,15,62804
06/22/16,18:27:00,15,29335
06/22/16,18:28:00,15,61399
06/22/16,18:29:00,15,39863
06/22/16,18:30:00,15,21438
06/22/16,18:31:00,14,80502
06/22/16,18:32:00,14,9377
06/22/16,18:33:00,15,28182
06/22/16,18:34:00,15,29316
06/22/16,18:35:00,15,54799
06/22/16,18:36:00,15,79303
06/22/16,18:37:00,17,26228
06/22/16,18:38:00,16,7292
06/22/16,18:39:00,16,42804
06/22/16,18:40:00,16,3518
06/22/16,18:41:00,15,96373
06/22/16,18:42:00,16,28919
06/22/16,18:43:00,16,89741
06/22/16,18:44:00,15,69775
06/22/16,18:45:00,15,34302
06/22/16,18:46:00,14,96808
06/22/16,18:47:00,15,90264
06/22/16,18:48:00,15,74683
06/22/16,18:49:00,16,77031
06/22/16,18:50:00,15,69035
06/22/16,18:51:00,15,79642
06/22/16,18:52:00,15,84459
06/22/16,18:53:00,15,5413
06/22/16,18:54:00,15,19826
06/22/16,18:55:00,16,0486
06/22/16,18:56:00,15,79667
06/22/16,18:57:00,16,61788
06/22/16,18:58:00,16,73153
06/22/16,18:59:00,16,60521
06/22/16,19:00:00,15,92892
06/22/16,19:01:00,16,19905
06/22/16,19:02:00,16,33056
06/22/16,19:03:00,16,54593
06/22/16,19:04:00,16,72063
06/22/16,19:05:00,16,37552
06/22/16,19:06:00,16,15547
06/22/16,19:07:00,16,6155
06/22/16,19:08:00,16,69737
06/22/16,19:09:00,16,32169
06/22/16,19:10:00,15,77555
06/22/16,19:11:00,15,92943
06/22/16,19:12:00,16,48649
06/22/16,19:13:00,16,99901
06/22/16,19:14:00,16,75123
06/22/16,19:15:00,15,94187
06/22/16,19:16:00,16,22443
06/22/16,19:17:00,16,67682
06/22/16,19:18:00,16,53243
06/22/16,19:19:00,16,04621
06/22/16,19:20:00,16,1694
06/22/16,19:21:00,16,07654
06/22/16,19:22:00,16,17686
06/22/16,19:23:00,15,56053
06/22/16,19:24:00,15,53576
06/22/16,19:25:00,16,23628
06/22/16,19:26:00,15,50074
06/22/16,19:27:00,15,64114
06/22/16,19:28:00,16,07119
06/22/16,19:29:00,16,1072
06/22/16,19:30:00,15,0611
06/22/16,19:31:00,14,73425
06/22/16,19:32:00,15,30182
06/22/16,19:33:00,16,31963
06/22/16,19:34:00,14,7734
06/22/16,19:35:00,15,7178
06/22/16,19:36:00,16,11938
06/22/16,19:37:00,15,55366
06/22/16,19:38:00,16,07724
06/22/16,19:39:00,15,30942
06/22/16,19:40:00,15,40361
06/22/16,19:41:00,15,09657
06/22/16,19:42:00,14,98681
06/22/16,19:43:00,15,39822
06/22/16,19:44:00,16,01544
06/22/16,19:45:00,16,74111
06/22/16,19:46:00,16,27724
06/22/16,19:47:00,16,25249
06/22/16,19:48:00,15,96844
06/22/16,19:49:00,16,14399
06/22/16,19:50:00,16,58882
06/22/16,19:51:00,15,84534
06/22/16,19:52:00,15,7126
06/22/16,19:53:00,15,9911
06/22/16,19:54:00,15,51062
06/22/16,19:55:00,15,69099
06/22/16,19:56:00,15,70983
06/22/16,19:57:00,15,37232
06/22/16,19:58:00,15,72305
06/22/16,19:59:00,15,45491
06/22/16,20:00:00,15,91412
06/22/16,20:01:00,15,54644
06/22/16,20:02:00,15,44582
06/22/16,20:03:00,15,43323
06/22/16,20:04:00,15,64956
06/22/16,20:05:00,15,37272
06/22/16,20:06:00,15,03604
06/22/16,20:07:00,16,52718
06/22/16,20:08:00,15,82626
06/22/16,20:09:00,14,48458
06/22/16,20:10:00,16,14186
06/22/16,20:11:00,16,29061
06/22/16,20:12:00,15,79118
06/22/16,20:13:00,16,06576
06/22/16,20:14:00,16,31344
06/22/16,20:15:00,15,82086
06/22/16,20:16:00,16,05633
06/22/16,20:17:00,15,17488
06/22/16,20:18:00,14,97299
06/22/16,20:19:00,15,44289
06/22/16,20:20:00,15,44662
06/22/16,20:21:00,15,77123
06/22/16,20:22:00,15,43305
06/22/16,20:23:00,15,75121
06/22/16,20:24:00,15,57382
06/22/16,20:25:00,15,96811
06/22/16,20:26:00,16,19055
06/22/16,20:27:00,15,05079
06/22/16,20:28:00,15,73681
06/22/16,20:29:00,15,45913
06/22/16,20:30:00,14,90989
06/22/16,20:31:00,14,84682
06/22/16,20:32:00,15,10033
06/22/16,20:33:00,15,35882
06/22/16,20:34:00,15,97765
06/22/16,20:35:00,16,4093
06/22/16,20:36:00,15,84192
06/22/16,20:37:00,15,98259
06/22/16,20:38:00,15,76942
06/22/16,20:39:00,15,95469
06/22/16,20:40:00,16,45375
06/22/16,20:41:00,16,85956
06/22/16,20:42:00,15,97506
06/22/16,20:43:00,16,10973
06/22/16,20:44:00,16,72017
06/22/16,20:45:00,16,15941
06/22/16,20:46:00,15,94986
06/22/16,20:47:00,16,57001
06/22/16,20:48:00,16,02592
06/22/16,20:49:00,15,19203
06/22/16,20:50:00,15,88497
06/22/16,20:51:00,15,85267
06/22/16,20:52:00,15,70768
06/22/16,20:53:00,15,46435
06/22/16,20:54:00,14,86355
06/22/16,20:55:00,15,04798
06/22/16,20:56:00,15,81961
06/22/16,20:57:00,16,24742
06/22/16,20:58:00,16,04286
06/22/16,20:59:00,15,50322
06/22/16,21:00:00,15,48124
06/22/16,21:01:00,15,46548
06/22/16,21:02:00,15,26645
06/22/16,21:03:00,15,83081
06/22/16,21:04:00,15,84321
06/22/16,21:05:00,15,28477
06/22/16,21:06:00,15,34922
06/22/16,21:07:00,14,5541
06/22/16,21:08:00,15,21672
06/22/16,21:09:00,15,07728
06/22/16,21:10:00,14,32757
06/22/16,21:11:00,14,14695
06/22/16,21:12:00,15,75242
06/22/16,21:13:00,15,26835
06/22/16,21:14:00,14,61093
06/22/16,21:15:00,15,40641
06/22/16,21:16:00,15,5671
06/22/16,21:17:00,15,16106
06/22/16,21:18:00,15,37519
06/22/16,21:19:00,15,55037
06/22/16,21:20:00,15,3353
06/22/16,21:21:00,15,33618
06/22/16,21:22:00,14,84679
06/22/16,21:23:00,14,42299
06/22/16,21:24:00,15,31819
06/22/16,21:25:00,15,19805
06/22/16,21:26:00,14,86082
06/22/16,21:27:00,15,04333
06/22/16,21:28:00,15,34085
06/22/16,21:29:00,15,04768
06/22/16,21:30:00,16,80401
06/22/16,21:31:00,15,61509
06/22/16,21:32:00,15,69615
06/22/16,21:33:00,16,67699
06/22/16,21:34:00,16,18395
06/22/16,21:35:00,15,32711
06/22/16,21:36:00,15,89731
06/22/16,21:37:00,17,01086
06/22/16,21:38:00,16,09019
06/22/16,21:39:00,16,31555
06/22/16,21:40:00,17,01917
06/22/16,21:41:00,15,68135
06/22/16,21:42:00,2,986911
06/22/16,21:43:00,0
06/22/16,21:44:00,0
06/22/16,21:45:00,0
06/22/16,21:46:00,0
06/22/16,21:47:00,0
06/22/16,21:48:00,0
06/22/16,21:49:00,0
06/22/16,21:50:00,0
06/22/16,21:51:00,0
06/22/16,21:52:00,0
06/22/16,21:53:00,0
06/22/16,21:54:00,0
06/22/16,21:55:00,0
06/22/16,21:56:00,0
06/22/16,21:57:00,0
06/22/16,21:58:00,0
06/22/16,21:59:00,0
06/22/16,22:00:00,0
06/22/16,22:01:00,0
06/22/16,22:02:00,0
06/22/16,22:03:00,0
06/22/16,22:04:00,0
06/22/16,22:05:00,0
06/22/16,22:06:00,0
06/22/16,22:07:00,0
06/22/16,22:08:00,0
06/22/16,22:09:00,0
06/22/16,22:10:00,0
06/22/16,22:11:00,0
06/22/16,22:12:00,0
06/22/16,22:13:00,0
06/22/16,22:14:00,0
06/22/16,22:15:00,0
06/22/16,22:16:00,0
06/22/16,22:17:00,0
06/22/16,22:18:00,0
06/22/16,22:19:00,0
06/22/16,22:20:00,8,858465
06/22/16,22:21:00,16,50734
06/22/16,22:22:00,17,86482
06/22/16,22:23:00,16,06904
06/22/16,22:24:00,16,36687
06/22/16,22:25:00,16,87423
06/22/16,22:26:00,16,90115
06/22/16,22:27:00,17,22934
06/22/16,22:28:00,16,54912
06/22/16,22:29:00,17,14725
06/22/16,22:30:00,17,21218
06/22/16,22:31:00,16,88214
06/22/16,22:32:00,16,53
06/22/16,22:33:00,16,12549
06/22/16,22:34:00,18,01259
06/22/16,22:35:00,16,52627
06/22/16,22:36:00,16,33159
06/22/16,22:37:00,16,32129
06/22/16,22:38:00,16,42289
06/22/16,22:39:00,14,24205
06/22/16,22:40:00,15,18563
06/22/16,22:41:00,16,59642
06/22/16,22:42:00,16,58864
06/22/16,22:43:00,16,37331
06/22/16,22:44:00,17,08845
06/22/16,22:45:00,16,24538
06/22/16,22:46:00,15,96231
06/22/16,22:47:00,15,88928
06/22/16,22:48:00,15,57047
06/22/16,22:49:00,15,61621
06/22/16,22:50:00,15,96981
06/22/16,22:51:00,15,71927
06/22/16,22:52:00,15,26337
06/22/16,22:53:00,16,14568
06/22/16,22:54:00,16,3427
06/22/16,22:55:00,16,45622
06/22/16,22:56:00,16,06
06/22/16,22:57:00,15,80637
06/22/16,22:58:00,15,4846
06/22/16,22:59:00,16,05527
06/22/16,23:00:00,16,2044
06/22/16,23:01:00,15,93623
06/22/16,23:02:00,15,34478
06/22/16,23:03:00,16,21904
06/22/16,23:04:00,16,66488
06/22/16,23:05:00,16,02589
06/22/16,23:06:00,15,02921
06/22/16,23:07:00,15,82891
06/22/16,23:08:00,16,39099
06/22/16,23:09:00,15,51494
06/22/16,23:10:00,15,6578
06/22/16,23:11:00,16,25925
06/22/16,23:12:00,16,10844
06/22/16,23:13:00,15,52933
06/22/16,23:14:00,15,48757
06/22/16,23:15:00,15,70948
06/22/16,23:16:00,16,43629
06/22/16,23:17:00,17,05457
06/22/16,23:18:00,16,80362
06/22/16,23:19:00,16,15698
06/22/16,23:20:00,15,99836
06/22/16,23:21:00,16,2478
06/22/16,23:22:00,16,87723
06/22/16,23:23:00,16,38694
06/22/16,23:24:00,15,90804
06/22/16,23:25:00,16,32496
06/22/16,23:26:00,15,52049
06/22/16,23:27:00,16,10847
06/22/16,23:28:00,15,84441
06/22/16,23:29:00,16,51627
06/22/16,23:30:00,16,61315
06/22/16,23:31:00,17,17757
06/22/16,23:32:00,16,07146
06/22/16,23:33:00,15,93164
06/22/16,23:34:00,15,46106
06/22/16,23:35:00,15,24443
06/22/16,23:36:00,16,15196
06/22/16,23:37:00,14,86072
06/22/16,23:38:00,14,37458
06/22/16,23:39:00,15,75005
06/22/16,23:40:00,17,07635
06/22/16,23:41:00,16,93259
06/22/16,23:42:00,16,33405
06/22/16,23:43:00,15,3891
06/22/16,23:44:00,15,34599
06/22/16,23:45:00,15,43782
06/22/16,23:46:00,15,27255
06/22/16,23:47:00,15,87888
06/22/16,23:48:00,16,5773
06/22/16,23:49:00,16,59576
06/22/16,23:50:00,16,26446
06/22/16,23:51:00,15,79591
06/22/16,23:52:00,15,67898
06/22/16,23:53:00,15,99401
06/22/16,23:54:00,15,67638
06/22/16,23:55:00,15,67405
06/22/16,23:56:00,14,72719
06/22/16,23:57:00,15,66732
06/22/16,23:58:00,16,51435
06/22/16,23:59:00,16,29482
06/23/16,00:00:00,16,38563
06/23/16,00:01:00,16,62793
06/23/16,00:02:00,15,71228
06/23/16,00:03:00,15,66825
06/23/16,00:04:00,15,99017
06/23/16,00:05:00,15,56387
06/23/16,00:06:00,16,4268
06/23/16,00:07:00,16,73649
06/23/16,00:08:00,15,85829
06/23/16,00:09:00,15,09533
06/23/16,00:10:00,15,64924
06/23/16,00:11:00,16,109
06/23/16,00:12:00,15,73261
06/23/16,00:13:00,16,49255
06/23/16,00:14:00,15,95865
06/23/16,00:15:00,15,09211
06/23/16,00:16:00,15,36668
06/23/16,00:17:00,15,03423
06/23/16,00:18:00,15,24543
06/23/16,00:19:00,16,29511
06/23/16,00:20:00,12,23853
06/23/16,00:21:00,1,043901
06/23/16,00:22:00,0
06/23/16,00:23:00,0
06/23/16,00:24:00,0
06/23/16,00:25:00,0
06/23/16,00:26:00,0
06/23/16,00:27:00,11,40593
06/23/16,00:28:00,16,02107
06/23/16,00:29:00,15,93738
06/23/16,00:30:00,14,8845
06/23/16,00:31:00,15,06429
06/23/16,00:32:00,16,05307
06/23/16,00:33:00,16,12311
06/23/16,00:34:00,15,85463
06/23/16,00:35:00,15,59182
06/23/16,00:36:00,15,36328
06/23/16,00:37:00,16,32691
06/23/16,00:38:00,15,89942
06/23/16,00:39:00,16,06502
06/23/16,00:40:00,16,09341
06/23/16,00:41:00,15,44917
06/23/16,00:42:00,15,22305
06/23/16,00:43:00,15,57521
06/23/16,00:44:00,15,25744
06/23/16,00:45:00,15,25488
06/23/16,00:46:00,16,47751
06/23/16,00:47:00,17,15797
06/23/16,00:48:00,17,29602
06/23/16,00:49:00,17,09112
06/23/16,00:50:00,15,7035
06/23/16,00:51:00,16,07663
06/23/16,00:52:00,16,13475
06/23/16,00:53:00,16,26464
06/23/16,00:54:00,16,7659
06/23/16,00:55:00,16,84519
06/23/16,00:56:00,15,89924
06/23/16,00:57:00,16,50581
06/23/16,00:58:00,16,45591
06/23/16,00:59:00,16,1486
06/23/16,01:00:00,16,1815
06/23/16,01:01:00,15,93576
06/23/16,01:02:00,15,58862
06/23/16,01:03:00,16,40325
06/23/16,01:04:00,17,06408
06/23/16,01:05:00,15,65279
06/23/16,01:06:00,15,4041
06/23/16,01:07:00,16,11778
06/23/16,01:08:00,15,77747
06/23/16,01:09:00,15,6152
06/23/16,01:10:00,15,64271
06/23/16,01:11:00,16,34528
06/23/16,01:12:00,15,89546
06/23/16,01:13:00,17,26073
06/23/16,01:14:00,16,02779
06/23/16,01:15:00,15,5787
06/23/16,01:16:00,16,13726
06/23/16,01:17:00,16,57873
06/23/16,01:18:00,16,39208
06/23/16,01:19:00,16,53677
06/23/16,01:20:00,16,82077
06/23/16,01:21:00,16,6528
06/23/16,01:22:00,17,60339
06/23/16,01:23:00,16,5568
06/23/16,01:24:00,16,1005
06/23/16,01:25:00,16,6246
06/23/16,01:26:00,17,06945
06/23/16,01:27:00,16,08999
06/23/16,01:28:00,15,96509
06/23/16,01:29:00,16,70711
06/23/16,01:30:00,16,52646
06/23/16,01:31:00,16,08358
06/23/16,01:32:00,16,33993
06/23/16,01:33:00,16,33989
06/23/16,01:34:00,17,15003
06/23/16,01:35:00,16,99219
06/23/16,01:36:00,16,53286
06/23/16,01:37:00,16,28891
06/23/16,01:38:00,16,59734
06/23/16,01:39:00,16,76328
06/23/16,01:40:00,17,27667
06/23/16,01:41:00,16,15512
06/23/16,01:42:00,16,6039
06/23/16,01:43:00,16,15462
06/23/16,01:44:00,16,95412
06/23/16,01:45:00,16,58553
06/23/16,01:46:00,16,06326
06/23/16,01:47:00,16,87091
06/23/16,01:48:00,16,38091
06/23/16,01:49:00,16,50399
06/23/16,01:50:00,16,24031
06/23/16,01:51:00,16,39775
06/23/16,01:52:00,16,9641
06/23/16,01:53:00,18,00072
06/23/16,01:54:00,17,88258
06/23/16,01:55:00,15,57433
06/23/16,01:56:00,16,79097
06/23/16,01:57:00,16,60532
06/23/16,01:58:00,16,14758
06/23/16,01:59:00,16,38488
06/23/16,02:00:00,17,68148
06/23/16,02:01:00,16,62157
06/23/16,02:02:00,17,2131
06/23/16,02:03:00,16,86895
06/23/16,02:04:00,16,4298
06/23/16,02:05:00,16,58682
06/23/16,02:06:00,16,68566
06/23/16,02:07:00,16,85508
06/23/16,02:08:00,16,26196
06/23/16,02:09:00,16,28055
06/23/16,02:10:00,16,20694
06/23/16,02:11:00,16,35426
06/23/16,02:12:00,16,39959
06/23/16,02:13:00,16,50767
06/23/16,02:14:00,16,41993
06/23/16,02:15:00,16,21987
06/23/16,02:16:00,16,22046
06/23/16,02:17:00,16,90725
06/23/16,02:18:00,17,23462
06/23/16,02:19:00,15,99346
06/23/16,02:20:00,16,50832
06/23/16,02:21:00,16,81413
06/23/16,02:22:00,16,1623
06/23/16,02:23:00,16,76939
06/23/16,02:24:00,17,19737
06/23/16,02:25:00,16,98137
06/23/16,02:26:00,16,91881
06/23/16,02:27:00,17,13975
06/23/16,02:28:00,16,55721
06/23/16,02:29:00,15,91985
06/23/16,02:30:00,16,40952
06/23/16,02:31:00,15,74545
06/23/16,02:32:00,15,78905
06/23/16,02:33:00,16,58726
06/23/16,02:34:00,16,45651
06/23/16,02:35:00,16,8636
06/23/16,02:36:00,16,8491
06/23/16,02:37:00,15,88807
06/23/16,02:38:00,15,82657
06/23/16,02:39:00,16,78584
06/23/16,02:40:00,16,93093
06/23/16,02:41:00,16,16792
06/23/16,02:42:00,16,75464
06/23/16,02:43:00,16,66664
06/23/16,02:44:00,16,09129
06/23/16,02:45:00,16,62805
06/23/16,02:46:00,17,05899
06/23/16,02:47:00,16,90672
06/23/16,02:48:00,16,56196
06/23/16,02:49:00,17,49262
06/23/16,02:50:00,16,69451
06/23/16,02:51:00,17,14045
06/23/16,02:52:00,15,86265
06/23/16,02:53:00,15,68644
06/23/16,02:54:00,15,84873
06/23/16,02:55:00,16,63204
06/23/16,02:56:00,15,244
06/23/16,02:57:00,16,68835
06/23/16,02:58:00,17,85632
06/23/16,02:59:00,16,44768
06/23/16,03:00:00,16,02418
06/23/16,03:01:00,16,51525
06/23/16,03:02:00,16,52269
06/23/16,03:03:00,16,41818
06/23/16,03:04:00,17,02751
06/23/16,03:05:00,14,96554
06/23/16,03:06:00,15,25006
06/23/16,03:07:00,16,40391
06/23/16,03:08:00,17,14272
06/23/16,03:09:00,16,77896
06/23/16,03:10:00,16,99168
06/23/16,03:11:00,17,13449
06/23/16,03:12:00,17,11941
06/23/16,03:13:00,17,05372
06/23/16,03:14:00,16,92838
06/23/16,03:15:00,16,12631
06/23/16,03:16:00,15,98271
06/23/16,03:17:00,16,11507
06/23/16,03:18:00,17,08895
06/23/16,03:19:00,16,99161
06/23/16,03:20:00,17,35652
06/23/16,03:21:00,16,64736
06/23/16,03:22:00,16,65524
06/23/16,03:23:00,16,79515
06/23/16,03:24:00,17,21953
06/23/16,03:25:00,17,31172
06/23/16,03:26:00,17,12981
06/23/16,03:27:00,15,84983
06/23/16,03:28:00,16,41585
06/23/16,03:29:00,16,54648
06/23/16,03:30:00,15,92014
06/23/16,03:31:00,15,65316
06/23/16,03:32:00,17,4303
06/23/16,03:33:00,18,31432
06/23/16,03:34:00,17,3289
06/23/16,03:35:00,17,2427
06/23/16,03:36:00,16,6638
06/23/16,03:37:00,15,79152
06/23/16,03:38:00,16,43572
06/23/16,03:39:00,17,01676
06/23/16,03:40:00,16,97211
06/23/16,03:41:00,17,19164
06/23/16,03:42:00,16,76917
06/23/16,03:43:00,16,53023
06/23/16,03:44:00,16,59974
06/23/16,03:45:00,16,39925
06/23/16,03:46:00,16,03195
06/23/16,03:47:00,16,46337
06/23/16,03:48:00,16,87243
06/23/16,03:49:00,14,96095
06/23/16,03:50:00,6,068941
06/23/16,03:51:00,0
06/23/16,03:52:00,0
06/23/16,03:53:00,0
06/23/16,03:54:00,0
06/23/16,03:55:00,0
06/23/16,03:56:00,7,408787
06/23/16,03:57:00,14,13902
06/23/16,03:58:00,16,68853
06/23/16,03:59:00,16,85461
06/23/16,04:00:00,16,29699
06/23/16,04:01:00,17,15026
06/23/16,04:02:00,17,49152
06/23/16,04:03:00,16,83518
06/23/16,04:04:00,16,91385
06/23/16,04:05:00,17,83619
06/23/16,04:06:00,17,06156
06/23/16,04:07:00,15,70718
06/23/16,04:08:00,16,45788
06/23/16,04:09:00,17,26245
06/23/16,04:10:00,16,95922
06/23/16,04:11:00,16,96074
06/23/16,04:12:00,16,26666
06/23/16,04:13:00,16,98329
06/23/16,04:14:00,16,55433
06/23/16,04:15:00,16,56824
06/23/16,04:16:00,17,24123
06/23/16,04:17:00,16,73161
06/23/16,04:18:00,16,64569
06/23/16,04:19:00,17,26604
06/23/16,04:20:00,16,54109
06/23/16,04:21:00,16,92087
06/23/16,04:22:00,17,31325
06/23/16,04:23:00,16,84199
06/23/16,04:24:00,17,75496
06/23/16,04:25:00,17,24859
06/23/16,04:26:00,17,00962
06/23/16,04:27:00,17,28497
06/23/16,04:28:00,17,38046
06/23/16,04:29:00,17,2291
06/23/16,04:30:00,16,47856
06/23/16,04:31:00,16,47034
06/23/16,04:32:00,17,07189
06/23/16,04:33:00,16,84408
06/23/16,04:34:00,3,161978
06/23/16,04:35:00,0
06/23/16,04:36:00,0
06/23/16,04:37:00,0
06/23/16,04:38:00,0
06/23/16,04:39:00,0
06/23/16,04:40:00,0
06/23/16,04:41:00,0
06/23/16,04:42:00,0
06/23/16,04:43:00,0
06/23/16,04:44:00,0
06/23/16,04:45:00,0
06/23/16,04:46:00,0
06/23/16,04:47:00,0
06/23/16,04:48:00,0
06/23/16,04:49:00,0
06/23/16,04:50:00,0
06/23/16,04:51:00,11,16035
06/23/16,04:52:00,15,46341
06/23/16,04:53:00,15,36499
06/23/16,04:54:00,15,49106
06/23/16,04:55:00,15,86828
06/23/16,04:56:00,16,44188
06/23/16,04:57:00,17,46627
06/23/16,04:58:00,16,87356
06/23/16,04:59:00,16,88203
06/23/16,05:00:00,16,51026
06/23/16,05:01:00,16,62768
06/23/16,05:02:00,16,93789
06/23/16,05:03:00,16,72777
06/23/16,05:04:00,16,80368
06/23/16,05:05:00,16,49449
06/23/16,05:06:00,16,63603
06/23/16,05:07:00,17,26061
06/23/16,05:08:00,16,24975
06/23/16,05:09:00,16,35784
06/23/16,05:10:00,17,23868
06/23/16,05:11:00,16,52154
06/23/16,05:12:00,15,42875
06/23/16,05:13:00,16,20007
06/23/16,05:14:00,16,64789
06/23/16,05:15:00,16,88014
06/23/16,05:16:00,16,79974
06/23/16,05:17:00,15,56077
06/23/16,05:18:00,15,96614
06/23/16,05:19:00,15,29809
06/23/16,05:20:00,16,10812
06/23/16,05:21:00,16,65203
06/23/16,05:22:00,15,90252
06/23/16,05:23:00,9,376642
06/23/16,05:24:00,0
06/23/16,05:25:00,0
06/23/16,05:26:00,0
06/23/16,05:27:00,0
06/23/16,05:28:00,0
06/23/16,05:29:00,11,36588
06/23/16,05:30:00,15,4195
06/23/16,05:31:00,16,17675
06/23/16,05:32:00,16,41525
06/23/16,05:33:00,16,87393
06/23/16,05:34:00,9,963815
06/23/16,05:35:00,0
06/23/16,05:36:00,0
06/23/16,05:37:00,0
06/23/16,05:38:00,0
06/23/16,05:39:00,0
06/23/16,05:40:00,0
06/23/16,05:41:00,0
06/23/16,05:42:00,0
06/23/16,05:43:00,0
06/23/16,05:44:00,0
06/23/16,05:45:00,0
06/23/16,05:46:00,0
06/23/16,05:47:00,0
06/23/16,05:48:00,0
06/23/16,05:49:00,0
06/23/16,05:50:00,0
06/23/16,05:51:00,0
06/23/16,05:52:00,0
06/23/16,05:53:00,0
06/23/16,05:54:00,0
06/23/16,05:55:00,0
06/23/16,05:56:00,0
06/23/16,05:57:00,0
06/23/16,05:58:00,0
06/23/16,05:59:00,0
06/23/16,06:00:00,0
06/23/16,06:01:00,0
06/23/16,06:02:00,0
06/23/16,06:03:00,0
06/23/16,06:04:00,0
06/23/16,06:05:00,0
06/23/16,06:06:00,0
06/23/16,06:07:00,0
06/23/16,06:08:00,0
06/23/16,06:09:00,0
06/23/16,06:10:00,0
06/23/16,06:11:00,0
06/23/16,06:12:00,0
06/23/16,06:13:00,0
06/23/16,06:14:00,0
06/23/16,06:15:00,0
06/23/16,06:16:00,0
06/23/16,06:17:00,0
06/23/16,06:18:00,0
06/23/16,06:19:00,0
06/23/16,06:20:00,0
06/23/16,06:21:00,0
06/23/16,06:22:00,0
06/23/16,06:23:00,0
06/23/16,06:24:00,0
06/23/16,06:25:00,0
06/23/16,06:26:00,0
06/23/16,06:27:00,0
06/23/16,06:28:00,0
06/23/16,06:29:00,0
06/23/16,06:30:00,0
06/23/16,06:31:00,0
06/23/16,06:32:00,0
06/23/16,06:33:00,0
06/23/16,06:34:00,0
06/23/16,06:35:00,0
06/23/16,06:36:00,0
06/23/16,06:37:00,0
06/23/16,06:38:00,0
06/23/16,06:39:00,0
06/23/16,06:40:00,0
06/23/16,06:41:00,0
06/23/16,06:42:00,0
06/23/16,06:43:00,0
06/23/16,06:44:00,0
06/23/16,06:45:00,3,522389
06/23/16,06:46:00,14,20316
06/23/16,06:47:00,16,62875
06/23/16,06:48:00,16,21756
06/23/16,06:49:00,15,90338
06/23/16,06:50:00,16,54335
06/23/16,06:51:00,17,25696
06/23/16,06:52:00,16,65656
06/23/16,06:53:00,17,04842
06/23/16,06:54:00,17,46965
06/23/16,06:55:00,16,78814
06/23/16,06:56:00,18,20551
06/23/16,06:57:00,18,10387
06/23/16,06:58:00,18,38395
06/23/16,06:59:00,18,8688
06/23/16,07:00:00,18,9542
06/23/16,07:01:00,18,97451
06/23/16,07:02:00,19,02732
06/23/16,07:03:00,19,38168
06/23/16,07:04:00,19,19494
06/23/16,07:05:00,19,37884
06/23/16,07:06:00,19,67003
06/23/16,07:07:00,19,40432
06/23/16,07:08:00,18,85034
06/23/16,07:09:00,19,38897
06/23/16,07:10:00,19,42211
06/23/16,07:11:00,18,90683
06/23/16,07:12:00,19,31111
06/23/16,07:13:00,19,49936
06/23/16,07:14:00,19,34422
06/23/16,07:15:00,19,67283
06/23/16,07:16:00,19,47677
06/23/16,07:17:00,19,17759
06/23/16,07:18:00,19,18655
06/23/16,07:19:00,19,28706
06/23/16,07:20:00,19,83479
06/23/16,07:21:00,19,78736
06/23/16,07:22:00,19,28495
06/23/16,07:23:00,19,27055
06/23/16,07:24:00,18,71181
06/23/16,07:25:00,19,94153
06/23/16,07:26:00,19,6913
06/23/16,07:27:00,20,28075
06/23/16,07:28:00,20,3793
06/23/16,07:29:00,19,42882
06/23/16,07:30:00,20,63248
06/23/16,07:31:00,19,93677
06/23/16,07:32:00,20,13874
06/23/16,07:33:00,20,07524
06/23/16,07:34:00,16,96984
06/23/16,07:35:00,16,4514
06/23/16,07:36:00,17,10615
06/23/16,07:37:00,17,66966
06/23/16,07:38:00,16,64885
06/23/16,07:39:00,16,79556
06/23/16,07:40:00,17,28739
06/23/16,07:41:00,17,56541
06/23/16,07:42:00,16,46986
06/23/16,07:43:00,2,90039
06/23/16,07:44:00,0
06/23/16,07:45:00,0
06/23/16,07:46:00,0
06/23/16,07:47:00,0
06/23/16,07:48:00,0
06/23/16,07:49:00,0
06/23/16,07:50:00,0
06/23/16,07:51:00,0
06/23/16,07:52:00,0
06/23/16,07:53:00,0
06/23/16,07:54:00,0
06/23/16,07:55:00,0
06/23/16,07:56:00,0
06/23/16,07:57:00,0
06/23/16,07:58:00,0
06/23/16,07:59:00,0
06/23/16,08:00:00,0
06/23/16,08:01:00,0
06/23/16,08:02:00,0
06/23/16,08:03:00,0
06/23/16,08:04:00,0
06/23/16,08:05:00,6,607424
06/23/16,08:06:00,15,98227
06/23/16,08:07:00,17,83989
06/23/16,08:08:00,17,90954
06/23/16,08:09:00,17,63254
06/23/16,08:10:00,18,54315
06/23/16,08:11:00,18,87524
06/23/16,08:12:00,18,42523
06/23/16,08:13:00,18,02922
06/23/16,08:14:00,18,46069
06/23/16,08:15:00,17,75712
06/23/16,08:16:00,18,11602
06/23/16,08:17:00,18,07247
06/23/16,08:18:00,17,64064
06/23/16,08:19:00,17,56453
06/23/16,08:20:00,18,13213
06/23/16,08:21:00,17,76216
06/23/16,08:22:00,18,08665
06/23/16,08:23:00,18,6507
06/23/16,08:24:00,17,81052
06/23/16,08:25:00,18,44126
06/23/16,08:26:00,18,93113
06/23/16,08:27:00,18,92312
06/23/16,08:28:00,18,28094
06/23/16,08:29:00,18,5339
06/23/16,08:30:00,18,1694
06/23/16,08:31:00,17,7187
06/23/16,08:32:00,18,10019
06/23/16,08:33:00,18,79451
06/23/16,08:34:00,18,02252
06/23/16,08:35:00,18,34602
06/23/16,08:36:00,18,44479
06/23/16,08:37:00,18,14717
06/23/16,08:38:00,17,44992
06/23/16,08:39:00,18,3759
06/23/16,08:40:00,17,92331
06/23/16,08:41:00,17,97583
06/23/16,08:42:00,18,32977
06/23/16,08:43:00,18,01637
06/23/16,08:44:00,18,46771
06/23/16,08:45:00,18,58399
06/23/16,08:46:00,19,08692
06/23/16,08:47:00,18,77898
06/23/16,08:48:00,18,50872
06/23/16,08:49:00,18,08809
06/23/16,08:50:00,18,37542
06/23/16,08:51:00,18,34673
06/23/16,08:52:00,18,05155
06/23/16,08:53:00,17,55633
06/23/16,08:54:00,17,68895
06/23/16,08:55:00,18,40287
06/23/16,08:56:00,18,43717
06/23/16,08:57:00,17,98606
06/23/16,08:58:00,18,9407
06/23/16,08:59:00,19,77173
06/23/16,09:00:00,19,40127
06/23/16,09:01:00,18,75542
06/23/16,09:02:00,18,54245
06/23/16,09:03:00,17,35116
06/23/16,09:04:00,3,674147
06/23/16,09:05:00,0
06/23/16,09:06:00,0
06/23/16,09:07:00,0
06/23/16,09:08:00,0
06/23/16,09:09:00,0
06/23/16,09:10:00,0
06/23/16,09:11:00,0
06/23/16,09:12:00,0
06/23/16,09:13:00,0
06/23/16,09:14:00,0
06/23/16,09:15:00,0
06/23/16,09:16:00,0
06/23/16,09:17:00,0
06/23/16,09:18:00,0
06/23/16,09:19:00,0
06/23/16,09:20:00,0
06/23/16,09:21:00,0
06/23/16,09:22:00,4,935294
06/23/16,09:23:00,10,52171
06/23/16,09:24:00,0,3052592
06/23/16,09:25:00,0
06/23/16,09:26:00,0
06/23/16,09:27:00,0
06/23/16,09:28:00,0
06/23/16,09:29:00,0
06/23/16,09:30:00,0
06/23/16,09:31:00,0
06/23/16,09:32:00,0
06/23/16,09:33:00,0
06/23/16,09:34:00,0
06/23/16,09:35:00,0
06/23/16,09:36:00,0
06/23/16,09:37:00,0
06/23/16,09:38:00,0
06/23/16,09:39:00,0
06/23/16,09:40:00,0
06/23/16,09:41:00,0
06/23/16,09:42:00,0
06/23/16,09:43:00,0
06/23/16,09:44:00,0
06/23/16,09:45:00,0
06/23/16,09:46:00,1,621037
06/23/16,09:47:00,13,24351
06/23/16,09:48:00,15,73456
06/23/16,09:49:00,15,78326
06/23/16,09:50:00,16,28476
06/23/16,09:51:00,16,56917
06/23/16,09:52:00,16,16105
06/23/16,09:53:00,16,78544
06/23/16,09:54:00,17,09301
06/23/16,09:55:00,16,48416
06/23/16,09:56:00,16,45797
06/23/16,09:57:00,16,25472
06/23/16,09:58:00,15,96155
06/23/16,09:59:00,16,28237
06/23/16,10:00:00,16,41945
06/23/16,10:01:00,16,86059
06/23/16,10:02:00,16,47981
06/23/16,10:03:00,16,51086
06/23/16,10:04:00,15,97601
06/23/16,10:05:00,14,83142
06/23/16,10:06:00,13,92956
06/23/16,10:07:00,14,91074
06/23/16,10:08:00,14,8543
06/23/16,10:09:00,17,00491
06/23/16,10:10:00,16,55026
06/23/16,10:11:00,16,19236
06/23/16,10:12:00,17,20771
06/23/16,10:13:00,17,20175
06/23/16,10:14:00,16,97992
06/23/16,10:15:00,16,9029
06/23/16,10:16:00,17,29434
06/23/16,10:17:00,17,14791
06/23/16,10:18:00,17,08633
06/23/16,10:19:00,17,4868
06/23/16,10:20:00,17,14658
06/23/16,10:21:00,16,97022
06/23/16,10:22:00,17,31187
06/23/16,10:23:00,16,30165
06/23/16,10:24:00,16,30658
06/23/16,10:25:00,16,91936
06/23/16,10:26:00,16,87957
06/23/16,10:27:00,16,83066
06/23/16,10:28:00,17,7534
06/23/16,10:29:00,16,46789
06/23/16,10:30:00,16,6629
06/23/16,10:31:00,17,00345
06/23/16,10:32:00,16,57912
06/23/16,10:33:00,16,33438
06/23/16,10:34:00,17,17607
06/23/16,10:35:00,16,87437
06/23/16,10:36:00,16,4627
06/23/16,10:37:00,16,06209
06/23/16,10:38:00,15,05163
06/23/16,10:39:00,15,23007
06/23/16,10:40:00,15,99176
06/23/16,10:41:00,16,31735
06/23/16,10:42:00,15,81567
06/23/16,10:43:00,15,47214
06/23/16,10:44:00,16,22172
06/23/16,10:45:00,16,162
06/23/16,10:46:00,15,84534
06/23/16,10:47:00,16,48849
06/23/16,10:48:00,16,5909
06/23/16,10:49:00,15,98411
06/23/16,10:50:00,16,78041
06/23/16,10:51:00,16,95391
06/23/16,10:52:00,16,25456
06/23/16,10:53:00,15,9897
06/23/16,10:54:00,16,65564
06/23/16,10:55:00,16,17334
06/23/16,10:56:00,16,01022
06/23/16,10:57:00,15,99154
06/23/16,10:58:00,15,11983
06/23/16,10:59:00,15,41683
06/23/16,11:00:00,15,95632
06/23/16,11:01:00,15,87374
06/23/16,11:02:00,16,93303
06/23/16,11:03:00,17,44354
06/23/16,11:04:00,16,56984
06/23/16,11:05:00,16,57565
06/23/16,11:06:00,17,28981
06/23/16,11:07:00,16,54522
06/23/16,11:08:00,16,01572
06/23/16,11:09:00,16,68262
06/23/16,11:10:00,16,53322
06/23/16,11:11:00,15,3528
06/23/16,11:12:00,15,28349
06/23/16,11:13:00,17,01586
06/23/16,11:14:00,17,63396
06/23/16,11:15:00,18,02206
06/23/16,11:16:00,17,88135
06/23/16,11:17:00,16,92538
06/23/16,11:18:00,16,0778
06/23/16,11:19:00,17,15308
06/23/16,11:20:00,16,58736
06/23/16,11:21:00,16,47933
06/23/16,11:22:00,17,22274
06/23/16,11:23:00,16,88859
06/23/16,11:24:00,16,46724
06/23/16,11:25:00,16,29895
06/23/16,11:26:00,16,35089
06/23/16,11:27:00,15,19729
06/23/16,11:28:00,15,59841
06/23/16,11:29:00,16,54672
06/23/16,11:30:00,16,1154
06/23/16,11:31:00,16,13845
06/23/16,11:32:00,16,59263
06/23/16,11:33:00,16,10564
06/23/16,11:34:00,15,91084
06/23/16,11:35:00,16,49378
06/23/16,11:36:00,16,6816
06/23/16,11:37:00,16,41257
06/23/16,11:38:00,17,24601
06/23/16,11:39:00,16,79731
06/23/16,11:40:00,16,58254
06/23/16,11:41:00,17,37102
06/23/16,11:42:00,17,11064
06/23/16,11:43:00,16,62818
06/23/16,11:44:00,16,97563
06/23/16,11:45:00,17,67156
06/23/16,11:46:00,16,58427
06/23/16,11:47:00,17,27289
06/23/16,11:48:00,16,92116
06/23/16,11:49:00,15,9019
06/23/16,11:50:00,16,49808
06/23/16,11:51:00,16,13012
06/23/16,11:52:00,15,49505
06/23/16,11:53:00,16,20282
06/23/16,11:54:00,18,03435
06/23/16,11:55:00,17,20929
06/23/16,11:56:00,16,31204
06/23/16,11:57:00,16,35821
06/23/16,11:58:00,16,67757
06/23/16,11:59:00,16,0712
06/23/16,12:00:00,17,46104
06/23/16,12:01:00,16,87882
06/23/16,12:02:00,16,19535
06/23/16,12:03:00,17,15386
06/23/16,12:04:00,17,20961
06/23/16,12:05:00,17,43794
06/23/16,12:06:00,17,63019
06/23/16,12:07:00,16,27391
06/23/16,12:08:00,15,51727
06/23/16,12:09:00,16,84409
06/23/16,12:10:00,16,96618
06/23/16,12:11:00,16,93617
06/23/16,12:12:00,16,37174
06/23/16,12:13:00,17,38029
06/23/16,12:14:00,16,67036
06/23/16,12:15:00,16,21902
06/23/16,12:16:00,16,50976
06/23/16,12:17:00,16,37784
06/23/16,12:18:00,17,16298
06/23/16,12:19:00,18,69544
06/23/16,12:20:00,17,43528
06/23/16,12:21:00,16,74131
06/23/16,12:22:00,16,65883
06/23/16,12:23:00,17,39487
06/23/16,12:24:00,16,84671
06/23/16,12:25:00,17,68956
06/23/16,12:26:00,17,40154
06/23/16,12:27:00,16,99432
06/23/16,12:28:00,17,17995
06/23/16,12:29:00,17,55531
06/23/16,12:30:00,17,26885
06/23/16,12:31:00,16,83096
06/23/16,12:32:00,17,52062
06/23/16,12:33:00,17,26874
06/23/16,12:34:00,15,73776
06/23/16,12:35:00,16,58133
06/23/16,12:36:00,16,04675
06/23/16,12:37:00,15,49433
06/23/16,12:38:00,16,59324
06/23/16,12:39:00,16,66832
06/23/16,12:40:00,15,33267
06/23/16,12:41:00,17,39947
06/23/16,12:42:00,16,79919
06/23/16,12:43:00,16,29941
06/23/16,12:44:00,17,98903
06/23/16,12:45:00,16,61355
06/23/16,12:46:00,15,51448
06/23/16,12:47:00,15,88955
06/23/16,12:48:00,16,83645
06/23/16,12:49:00,16,23312
06/23/16,12:50:00,16,66445
06/23/16,12:51:00,17,60461
06/23/16,12:52:00,17,1854
06/23/16,12:53:00,16,38744
06/23/16,12:54:00,16,95556
06/23/16,12:55:00,16,73662
06/23/16,12:56:00,16,04557
06/23/16,12:57:00,17,13004
06/23/16,12:58:00,17,38049
06/23/16,12:59:00,16,02637
06/23/16,13:00:00,16,52701
06/23/16,13:01:00,16,37652
06/23/16,13:02:00,15,86029
06/23/16,13:03:00,16,13334
06/23/16,13:04:00,16,68682
06/23/16,13:05:00,16,01151
06/23/16,13:06:00,16,4581
06/23/16,13:07:00,16,36827
06/23/16,13:08:00,15,53058
06/23/16,13:09:00,15,14936
06/23/16,13:10:00,2,731881
06/23/16,13:11:00,0
06/23/16,13:12:00,0
06/23/16,13:13:00,0
06/23/16,13:14:00,0
06/23/16,13:15:00,0
06/23/16,13:16:00,0
06/23/16,13:17:00,0
06/23/16,13:18:00,0
06/23/16,13:19:00,0
06/23/16,13:20:00,0
06/23/16,13:21:00,0
06/23/16,13:22:00,0
06/23/16,13:23:00,0
06/23/16,13:24:00,0
06/23/16,13:25:00,0
06/23/16,13:26:00,0
06/23/16,13:27:00,0
06/23/16,13:28:00,0
06/23/16,13:29:00,0
06/23/16,13:30:00,0
06/23/16,13:31:00,0
06/23/16,13:32:00,0
06/23/16,13:33:00,0
06/23/16,13:34:00,0
06/23/16,13:35:00,0
06/23/16,13:36:00,0
06/23/16,13:37:00,0
06/23/16,13:38:00,0
06/23/16,13:39:00,0
06/23/16,13:40:00,0
06/23/16,13:41:00,0
06/23/16,13:42:00,0
06/23/16,13:43:00,0
06/23/16,13:44:00,0
06/23/16,13:45:00,0
06/23/16,13:46:00,0
06/23/16,13:47:00,0
06/23/16,13:48:00,0
06/23/16,13:49:00,0
06/23/16,13:50:00,0
06/23/16,13:51:00,0
06/23/16,13:52:00,0
06/23/16,13:53:00,0
06/23/16,13:54:00,0
06/23/16,13:55:00,0
06/23/16,13:56:00,0
06/23/16,13:57:00,0
06/23/16,13:58:00,0
06/23/16,13:59:00,0
06/23/16,14:00:00,0
06/23/16,14:01:00,0
06/23/16,14:02:00,0
06/23/16,14:03:00,0
06/23/16,14:04:00,0
06/23/16,14:05:00,0
06/23/16,14:06:00,0
06/23/16,14:07:00,0
06/23/16,14:08:00,0
06/23/16,14:09:00,0
06/23/16,14:10:00,0
06/23/16,14:11:00,0
06/23/16,14:12:00,0
06/23/16,14:13:00,0
06/23/16,14:14:00,0
06/23/16,14:15:00,0
06/23/16,14:16:00,0
06/23/16,14:17:00,0
06/23/16,14:18:00,0
06/23/16,14:19:00,0
06/23/16,14:20:00,0
06/23/16,14:21:00,0
06/23/16,14:22:00,0
06/23/16,14:23:00,0,007542504
06/23/16,14:24:00,13,94983
06/23/16,14:25:00,18,60392
06/23/16,14:26:00,18,35849
06/23/16,14:27:00,17,6934
06/23/16,14:28:00,17,97382
06/23/16,14:29:00,17,41671
06/23/16,14:30:00,17,1287
06/23/16,14:31:00,17,95642
06/23/16,14:32:00,18,74635
06/23/16,14:33:00,17,90755
06/23/16,14:34:00,16,44068
06/23/16,14:35:00,16,7713
06/23/16,14:36:00,17,03459
06/23/16,14:37:00,17,30261
06/23/16,14:38:00,17,52897
06/23/16,14:39:00,17,41754
06/23/16,14:40:00,16,60995
06/23/16,14:41:00,16,37955
06/23/16,14:42:00,16,09425
06/23/16,14:43:00,16,20417
06/23/16,14:44:00,17,62453
06/23/16,14:45:00,17,60704
06/23/16,14:46:00,17,11605
06/23/16,14:47:00,17,32447
06/23/16,14:48:00,16,91576
06/23/16,14:49:00,16,41225
06/23/16,14:50:00,17,18173
06/23/16,14:51:00,16,67692
06/23/16,14:52:00,15,86258
06/23/16,14:53:00,16,54067
06/23/16,14:54:00,16,59415
06/23/16,14:55:00,16,18933
06/23/16,14:56:00,17,02876
06/23/16,14:57:00,17,67528
06/23/16,14:58:00,15,58083
06/23/16,14:59:00,15,29262
06/23/16,15:00:00,15,90638
06/23/16,15:01:00,16,13399
06/23/16,15:02:00,15,90109
06/23/16,15:03:00,16,99904
06/23/16,15:04:00,15,92102
06/23/16,15:05:00,15,48521
06/23/16,15:06:00,15,86384
06/23/16,15:07:00,16,44234
06/23/16,15:08:00,15,61308
06/23/16,15:09:00,16,39779
06/23/16,15:10:00,15,91783
06/23/16,15:11:00,15,0423
06/23/16,15:12:00,15,68807
06/23/16,15:13:00,16,50161
06/23/16,15:14:00,16,27933
06/23/16,15:15:00,15,72443
06/23/16,15:16:00,16,13787
06/23/16,15:17:00,15,99914
06/23/16,15:18:00,15,82409
06/23/16,15:19:00,16,71387
06/23/16,15:20:00,15,84828
06/23/16,15:21:00,15,83096
06/23/16,15:22:00,16,51948
06/23/16,15:23:00,15,94178
06/23/16,15:24:00,15,12462
06/23/16,15:25:00,16,24121
06/23/16,15:26:00,16,92833
06/23/16,15:27:00,16,20729
06/23/16,15:28:00,16,34977
06/23/16,15:29:00,16,97747
06/23/16,15:30:00,16,25742
06/23/16,15:31:00,16,18439
06/23/16,15:32:00,16,90561
06/23/16,15:33:00,16,47109
06/23/16,15:34:00,16,7052
06/23/16,15:35:00,16,45724
06/23/16,15:36:00,15,88858
06/23/16,15:37:00,15,7387
06/23/16,15:38:00,15,9498
06/23/16,15:39:00,15,87548
06/23/16,15:40:00,16,23054
06/23/16,15:41:00,16,91678
06/23/16,15:42:00,16,97658
06/23/16,15:43:00,16,00901
06/23/16,15:44:00,16,85272
06/23/16,15:45:00,16,55064
06/23/16,15:46:00,16,20835
06/23/16,15:47:00,16,95683
06/23/16,15:48:00,17,80926
06/23/16,15:49:00,16,73785
06/23/16,15:50:00,16,15686
06/23/16,15:51:00,16,02377
06/23/16,15:52:00,17,16819
06/23/16,15:53:00,16,65026
06/23/16,15:54:00,15,75222
06/23/16,15:55:00,16,61156
06/23/16,15:56:00,15,24681
06/23/16,15:57:00,14,08283
06/23/16,15:58:00,13,67777
06/23/16,15:59:00,14,93273
06/23/16,16:00:00,16,60347
06/23/16,16:01:00,16,03364
06/23/16,16:02:00,16,15545
06/23/16,16:03:00,16,42249
06/23/16,16:04:00,16,53157
06/23/16,16:05:00,16,47389
06/23/16,16:06:00,17,06382
06/23/16,16:07:00,17,07774
06/23/16,16:08:00,16,54773
06/23/16,16:09:00,7,440782
06/23/16,16:10:00,0
06/23/16,16:11:00,0
06/23/16,16:12:00,0
06/23/16,16:13:00,0
06/23/16,16:14:00,0
06/23/16,16:15:00,0
06/23/16,16:16:00,0
06/23/16,16:17:00,0
06/23/16,16:18:00,0,6554363
06/23/16,16:19:00,11,93298
06/23/16,16:20:00,14,95617
06/23/16,16:21:00,16,11637
06/23/16,16:22:00,15,84431
06/23/16,16:23:00,15,57126
06/23/16,16:24:00,16,02288
06/23/16,16:25:00,17,12211
06/23/16,16:26:00,16,9094
06/23/16,16:27:00,16,48772
06/23/16,16:28:00,15,68397
06/23/16,16:29:00,16,10893
06/23/16,16:30:00,16,50499
06/23/16,16:31:00,15,87241
06/23/16,16:32:00,15,64039
06/23/16,16:33:00,15,59558
06/23/16,16:34:00,15,86704
06/23/16,16:35:00,15,85297
06/23/16,16:36:00,15,76182
06/23/16,16:37:00,16,39317
06/23/16,16:38:00,16,06267
06/23/16,16:39:00,15,80662
06/23/16,16:40:00,16,82943
06/23/16,16:41:00,16,36755
06/23/16,16:42:00,16,18732
06/23/16,16:43:00,16,50348
06/23/16,16:44:00,16,72548
06/23/16,16:45:00,16,81335
06/23/16,16:46:00,16,38344
06/23/16,16:47:00,17,09539
06/23/16,16:48:00,16,7098
06/23/16,16:49:00,17,29894
06/23/16,16:50:00,17,35952
06/23/16,16:51:00,16,29226
06/23/16,16:52:00,16,39486
06/23/16,16:53:00,16,31528
06/23/16,16:54:00,16,23897
06/23/16,16:55:00,16,77701
06/23/16,16:56:00,16,99805
06/23/16,16:57:00,17,2937
06/23/16,16:58:00,16,69467
06/23/16,16:59:00,16,35689
06/23/16,17:00:00,16,96836
06/23/16,17:01:00,16,25314
06/23/16,17:02:00,16,96085
06/23/16,17:03:00,17,64104
06/23/16,17:04:00,17,38321
06/23/16,17:05:00,16,93756
06/23/16,17:06:00,17,33585
06/23/16,17:07:00,16,53211
06/23/16,17:08:00,17,00366
06/23/16,17:09:00,17,42453
06/23/16,17:10:00,15,86761
06/23/16,17:11:00,15,15482
06/23/16,17:12:00,16,50581
06/23/16,17:13:00,16,40538
06/23/16,17:14:00,16,27248
06/23/16,17:15:00,16,98804
06/23/16,17:16:00,16,06013
06/23/16,17:17:00,16,13083
06/23/16,17:18:00,15,41926
06/23/16,17:19:00,16,38553
06/23/16,17:20:00,16,64589
06/23/16,17:21:00,16,1092
06/23/16,17:22:00,16,21631
06/23/16,17:23:00,15,54152
06/23/16,17:24:00,16,19747
06/23/16,17:25:00,16,30238
06/23/16,17:26:00,16,52309
06/23/16,17:27:00,16,41875
06/23/16,17:28:00,16,70103
06/23/16,17:29:00,16,82296
06/23/16,17:30:00,16,86728
06/23/16,17:31:00,17,4882
06/23/16,17:32:00,16,68036
06/23/16,17:33:00,15,66985
06/23/16,17:34:00,16,37553
06/23/16,17:35:00,16,79921
06/23/16,17:36:00,16,31648
06/23/16,17:37:00,16,29378
06/23/16,17:38:00,16,25992
06/23/16,17:39:00,16,25765
06/23/16,17:40:00,14,91358
06/23/16,17:41:00,15,9375
06/23/16,17:42:00,16,54206
06/23/16,17:43:00,16,07027
06/23/16,17:44:00,16,69831
06/23/16,17:45:00,16,59336
06/23/16,17:46:00,15,52069
06/23/16,17:47:00,16,92991
06/23/16,17:48:00,17,6117
06/23/16,17:49:00,17,12216
06/23/16,17:50:00,17,3272
06/23/16,17:51:00,17,88558
06/23/16,17:52:00,17,62256
06/23/16,17:53:00,17,60106
06/23/16,17:54:00,18,19156
06/23/16,17:55:00,17,15727
06/23/16,17:56:00,16,74688
06/23/16,17:57:00,18,15935
06/23/16,17:58:00,17,27215
06/23/16,17:59:00,16,67894
06/23/16,18:00:00,16,8298
06/23/16,18:01:00,16,74159
06/23/16,18:02:00,16,32408
06/23/16,18:03:00,16,97027
06/23/16,18:04:00,17,25768
06/23/16,18:05:00,16,61378
06/23/16,18:06:00,16,95427
06/23/16,18:07:00,15,88839
06/23/16,18:08:00,16,1324
06/23/16,18:09:00,16,50284
06/23/16,18:10:00,16,60903
06/23/16,18:11:00,16,26408
06/23/16,18:12:00,15,77343
06/23/16,18:13:00,15,97633
06/23/16,18:14:00,15,57831
06/23/16,18:15:00,16,10184
06/23/16,18:16:00,17,10716
06/23/16,18:17:00,16,53397
06/23/16,18:18:00,17,04213
06/23/16,18:19:00,17,54889
06/23/16,18:20:00,17,7741
06/23/16,18:21:00,16,56472
06/23/16,18:22:00,15,90622
06/23/16,18:23:00,16,05178
06/23/16,18:24:00,16,12873
06/23/16,18:25:00,16,85231
06/23/16,18:26:00,16,47129
06/23/16,18:27:00,16,16087
06/23/16,18:28:00,15,90764
06/23/16,18:29:00,16,84242
06/23/16,18:30:00,16,58797
06/23/16,18:31:00,16,82613
06/23/16,18:32:00,18,15793
06/23/16,18:33:00,18,44478
06/23/16,18:34:00,17,77104
06/23/16,18:35:00,18,25618
06/23/16,18:36:00,17,87297
06/23/16,18:37:00,17,78158
06/23/16,18:38:00,18,12351
06/23/16,18:39:00,19,09757
06/23/16,18:40:00,17,57842
06/23/16,18:41:00,17,82355
06/23/16,18:42:00,19,0023
06/23/16,18:43:00,17,78929
06/23/16,18:44:00,17,8908
06/23/16,18:45:00,17,66152
06/23/16,18:46:00,17,06833
06/23/16,18:47:00,17,90259
06/23/16,18:48:00,18,49853
06/23/16,18:49:00,17,83098
06/23/16,18:50:00,17,72961
06/23/16,18:51:00,18,62922
06/23/16,18:52:00,18,42764
06/23/16,18:53:00,16,92366
06/23/16,18:54:00,17,83599
06/23/16,18:55:00,17,90196
06/23/16,18:56:00,18,49888
06/23/16,18:57:00,18,62596
06/23/16,18:58:00,17,927
06/23/16,18:59:00,17,58771
06/23/16,19:00:00,18,14767
06/23/16,19:01:00,18,41671
06/23/16,19:02:00,17,46152
06/23/16,19:03:00,17,72205
06/23/16,19:04:00,18,37125
06/23/16,19:05:00,18,6571
06/23/16,19:06:00,18,13543
06/23/16,19:07:00,17,73222
06/23/16,19:08:00,17,66744
06/23/16,19:09:00,17,23179
06/23/16,19:10:00,18,50841
06/23/16,19:11:00,17,80516
06/23/16,19:12:00,18,21614
06/23/16,19:13:00,18,44346
06/23/16,19:14:00,18,13154
06/23/16,19:15:00,17,71116
06/23/16,19:16:00,17,68382
06/23/16,19:17:00,17,45516
06/23/16,19:18:00,18,03537
06/23/16,19:19:00,17,98465
06/23/16,19:20:00,18,72363
06/23/16,19:21:00,17,68457
06/23/16,19:22:00,17,38172
06/23/16,19:23:00,18,60907
06/23/16,19:24:00,18,05558
06/23/16,19:25:00,17,70666
06/23/16,19:26:00,17,74461
06/23/16,19:27:00,17,9243
06/23/16,19:28:00,19,18866
06/23/16,19:29:00,18,87218
06/23/16,19:30:00,18,08542
06/23/16,19:31:00,18,34969
06/23/16,19:32:00,17,64293
06/23/16,19:33:00,17,51412
06/23/16,19:34:00,17,58526
06/23/16,19:35:00,17,43355
06/23/16,19:36:00,17,67314
06/23/16,19:37:00,17,94409
06/23/16,19:38:00,17,07627
06/23/16,19:39:00,17,34996
06/23/16,19:40:00,18,01016
06/23/16,19:41:00,18,36382
06/23/16,19:42:00,17,84119
06/23/16,19:43:00,6,998331
06/23/16,19:44:00,0
06/23/16,19:45:00,0
06/23/16,19:46:00,0
06/23/16,19:47:00,0
06/23/16,19:48:00,0
06/23/16,19:49:00,9,214889
06/23/16,19:50:00,14,69268
06/23/16,19:51:00,16,07931
06/23/16,19:52:00,16,9786
06/23/16,19:53:00,16,56546
06/23/16,19:54:00,16,41839
06/23/16,19:55:00,16,80305
06/23/16,19:56:00,16,18553
06/23/16,19:57:00,16,57903
06/23/16,19:58:00,16,38691
06/23/16,19:59:00,16,52565
06/23/16,20:00:00,15,9943
06/23/16,20:01:00,16,50062
06/23/16,20:02:00,16,30507
06/23/16,20:03:00,16,83172
06/23/16,20:04:00,16,46932
06/23/16,20:05:00,16,55449
06/23/16,20:06:00,16,68582
06/23/16,20:07:00,16,20656
06/23/16,20:08:00,16,27891
06/23/16,20:09:00,15,92728
06/23/16,20:10:00,15,86442
06/23/16,20:11:00,16,22845
06/23/16,20:12:00,16,34314
06/23/16,20:13:00,16,53095
06/23/16,20:14:00,16,59506
06/23/16,20:15:00,16,14545
06/23/16,20:16:00,16,0867
06/23/16,20:17:00,15,9309
06/23/16,20:18:00,16,36086
06/23/16,20:19:00,16,43875
06/23/16,20:20:00,17,64176
06/23/16,20:21:00,16,62411
06/23/16,20:22:00,17,39063
06/23/16,20:23:00,17,14473
06/23/16,20:24:00,16,5616
06/23/16,20:25:00,16,68997
06/23/16,20:26:00,17,53295
06/23/16,20:27:00,15,88139
06/23/16,20:28:00,15,91468
06/23/16,20:29:00,16,40015
06/23/16,20:30:00,15,92582
06/23/16,20:31:00,16,02426
06/23/16,20:32:00,16,14121
06/23/16,20:33:00,17,14861
06/23/16,20:34:00,16,99811
06/23/16,20:35:00,16,06025
06/23/16,20:36:00,16,96566
06/23/16,20:37:00,16,88714
06/23/16,20:38:00,17,41393
06/23/16,20:39:00,17,66291
06/23/16,20:40:00,16,98547
06/23/16,20:41:00,17,00733
06/23/16,20:42:00,17,1285
06/23/16,20:43:00,16,5645
06/23/16,20:44:00,15,85316
06/23/16,20:45:00,15,9207
06/23/16,20:46:00,16,21308
06/23/16,20:47:00,16,57402
06/23/16,20:48:00,17,71699
06/23/16,20:49:00,17,06483
06/23/16,20:50:00,16,47459
06/23/16,20:51:00,16,08319
06/23/16,20:52:00,16,45129
06/23/16,20:53:00,16,01302
06/23/16,20:54:00,16,80718
06/23/16,20:55:00,17,74603
06/23/16,20:56:00,17,4525
06/23/16,20:57:00,17,18232
06/23/16,20:58:00,16,62214
06/23/16,20:59:00,16,70205
06/23/16,21:00:00,17,17798
06/23/16,21:01:00,18,06077
06/23/16,21:02:00,16,71273
06/23/16,21:03:00,16,76264
06/23/16,21:04:00,17,48378
06/23/16,21:05:00,16,74724
06/23/16,21:06:00,16,62839
06/23/16,21:07:00,16,68756
06/23/16,21:08:00,17,82717
06/23/16,21:09:00,16,30265
06/23/16,21:10:00,16,3372
06/23/16,21:11:00,16,98813
06/23/16,21:12:00,16,2045
06/23/16,21:13:00,16,73789
06/23/16,21:14:00,17,3231
06/23/16,21:15:00,16,45306
06/23/16,21:16:00,15,3059
06/23/16,21:17:00,16,96545
06/23/16,21:18:00,17,03401
06/23/16,21:19:00,16,52676
06/23/16,21:20:00,16,80484
06/23/16,21:21:00,16,45243
06/23/16,21:22:00,16,54612
06/23/16,21:23:00,16,18299
06/23/16,21:24:00,17,09895
06/23/16,21:25:00,16,58589
06/23/16,21:26:00,17,09758
06/23/16,21:27:00,17,80964
06/23/16,21:28:00,16,8103
06/23/16,21:29:00,17,31731
06/23/16,21:30:00,17,84025
06/23/16,21:31:00,18,0286
06/23/16,21:32:00,17,05086
06/23/16,21:33:00,16,71502
06/23/16,21:34:00,17,57389
06/23/16,21:35:00,16,83575
06/23/16,21:36:00,3,802955
06/23/16,21:37:00,0
06/23/16,21:38:00,0
06/23/16,21:39:00,0
06/23/16,21:40:00,0
06/23/16,21:41:00,0
06/23/16,21:42:00,0
06/23/16,21:43:00,0
06/23/16,21:44:00,0
06/23/16,21:45:00,0
06/23/16,21:46:00,0
06/23/16,21:47:00,0
06/23/16,21:48:00,0
06/23/16,21:49:00,0
06/23/16,21:50:00,0
06/23/16,21:51:00,0
06/23/16,21:52:00,0
06/23/16,21:53:00,0
06/23/16,21:54:00,0
06/23/16,21:55:00,0
06/23/16,21:56:00,0
06/23/16,21:57:00,0
06/23/16,21:58:00,0
06/23/16,21:59:00,0
06/23/16,22:00:00,0
06/23/16,22:01:00,0
06/23/16,22:02:00,0
06/23/16,22:03:00,0
06/23/16,22:04:00,0
06/23/16,22:05:00,0
06/23/16,22:06:00,0
06/23/16,22:07:00,0
06/23/16,22:08:00,0
06/23/16,22:09:00,0
06/23/16,22:10:00,0
06/23/16,22:11:00,0
06/23/16,22:12:00,0
06/23/16,22:13:00,0
06/23/16,22:14:00,0
06/23/16,22:15:00,0
06/23/16,22:16:00,0
06/23/16,22:17:00,0
06/23/16,22:18:00,10,22007
06/23/16,22:19:00,16,29407
06/23/16,22:20:00,18,01515
06/23/16,22:21:00,18,76278
06/23/16,22:22:00,18,4422
06/23/16,22:23:00,18,0143
06/23/16,22:24:00,18,32517
06/23/16,22:25:00,18,0157
06/23/16,22:26:00,17,7134
06/23/16,22:27:00,17,739
06/23/16,22:28:00,17,37597
06/23/16,22:29:00,17,65111
06/23/16,22:30:00,17,83592
06/23/16,22:31:00,17,9268
06/23/16,22:32:00,18,24807
06/23/16,22:33:00,18,5079
06/23/16,22:34:00,18,27176
06/23/16,22:35:00,17,84931
06/23/16,22:36:00,17,43536
06/23/16,22:37:00,17,20606
06/23/16,22:38:00,17,56205
06/23/16,22:39:00,17,70384
06/23/16,22:40:00,16,9902
06/23/16,22:41:00,16,61144
06/23/16,22:42:00,16,73062
06/23/16,22:43:00,17,71163
06/23/16,22:44:00,16,22818
06/23/16,22:45:00,15,55923
06/23/16,22:46:00,16,23716
06/23/16,22:47:00,16,9375
06/23/16,22:48:00,17,76775
06/23/16,22:49:00,17,95662
06/23/16,22:50:00,18,26074
06/23/16,22:51:00,18,0508
06/23/16,22:52:00,17,91243
06/23/16,22:53:00,18,14945
06/23/16,22:54:00,18,08995
06/23/16,22:55:00,18,64166
06/23/16,22:56:00,18,46855
06/23/16,22:57:00,17,24637
06/23/16,22:58:00,17,76624
06/23/16,22:59:00,18,27483
06/23/16,23:00:00,10,626
06/23/16,23:01:00,0
06/23/16,23:02:00,0
06/23/16,23:03:00,0
06/23/16,23:04:00,0
06/23/16,23:05:00,0
06/23/16,23:06:00,0
06/23/16,23:07:00,0
06/23/16,23:08:00,0
06/23/16,23:09:00,0
06/23/16,23:10:00,0
06/23/16,23:11:00,0
06/23/16,23:12:00,0
06/23/16,23:13:00,0
06/23/16,23:14:00,0
06/23/16,23:15:00,0
06/23/16,23:16:00,0
06/23/16,23:17:00,0
06/23/16,23:18:00,0
06/23/16,23:19:00,0
06/23/16,23:20:00,0
06/23/16,23:21:00,0
06/23/16,23:22:00,10,89124
06/23/16,23:23:00,15,83325
06/23/16,23:24:00,17,59741
06/23/16,23:25:00,17,43821
06/23/16,23:26:00,16,28893
06/23/16,23:27:00,16,85064
06/23/16,23:28:00,16,67383
06/23/16,23:29:00,16,63555
06/23/16,23:30:00,17,26619
06/23/16,23:31:00,16,6896
06/23/16,23:32:00,16,89529
06/23/16,23:33:00,17,15175
06/23/16,23:34:00,16,37564
06/23/16,23:35:00,16,03245
06/23/16,23:36:00,16,11306
06/23/16,23:37:00,16,56577
06/23/16,23:38:00,17,21909
06/23/16,23:39:00,17,3814
06/23/16,23:40:00,16,97456
06/23/16,23:41:00,16,34494
06/23/16,23:42:00,16,81626
06/23/16,23:43:00,17,63537
06/23/16,23:44:00,17,58547
06/23/16,23:45:00,17,78563
06/23/16,23:46:00,17,66579
06/23/16,23:47:00,16,5327
06/23/16,23:48:00,15,85217
06/23/16,23:49:00,16,36534
06/23/16,23:50:00,16,86851
06/23/16,23:51:00,17,24574
06/23/16,23:52:00,17,45979
06/23/16,23:53:00,18,20152
06/23/16,23:54:00,17,84486
06/23/16,23:55:00,18,38399
06/23/16,23:56:00,18,5802
06/23/16,23:57:00,18,46627
06/23/16,23:58:00,18,77834
06/23/16,23:59:00,18,61801
06/24/16,00:00:00,17,71049
06/24/16,00:01:00,17,78974
06/24/16,00:02:00,18,13721
06/24/16,00:03:00,18,44759
06/24/16,00:04:00,18,38206
06/24/16,00:05:00,18,16758
06/24/16,00:06:00,18,53205
06/24/16,00:07:00,17,71721
06/24/16,00:08:00,18,63447
06/24/16,00:09:00,18,8264
06/24/16,00:10:00,18,49212
06/24/16,00:11:00,18,99197
06/24/16,00:12:00,18,73777
06/24/16,00:13:00,18,18528
06/24/16,00:14:00,18,49317
06/24/16,00:15:00,18,45548
06/24/16,00:16:00,17,95501
06/24/16,00:17:00,18,42756
06/24/16,00:18:00,19,20997
06/24/16,00:19:00,19,2133
06/24/16,00:20:00,19,12479
06/24/16,00:21:00,17,46461
06/24/16,00:22:00,10,37949
06/24/16,00:23:00,0,4640385
06/24/16,00:24:00,0
06/24/16,00:25:00,0
06/24/16,00:26:00,0
06/24/16,00:27:00,0
06/24/16,00:28:00,0
06/24/16,00:29:00,0
06/24/16,00:30:00,0
06/24/16,00:31:00,0
06/24/16,00:32:00,8,452707
06/24/16,00:33:00,15,97147
06/24/16,00:34:00,17,2422
06/24/16,00:35:00,16,25174
06/24/16,00:36:00,16,11706
06/24/16,00:37:00,16,3812
06/24/16,00:38:00,16,34458
06/24/16,00:39:00,16,48355
06/24/16,00:40:00,16,94126
06/24/16,00:41:00,16,59982
06/24/16,00:42:00,17,00332
06/24/16,00:43:00,16,9614
06/24/16,00:44:00,16,59086
06/24/16,00:45:00,16,76015
06/24/16,00:46:00,17,09979
06/24/16,00:47:00,16,2333
06/24/16,00:48:00,13,1502
06/24/16,00:49:00,2,848719
06/24/16,00:50:00,0
06/24/16,00:51:00,0
06/24/16,00:52:00,0
06/24/16,00:53:00,0
06/24/16,00:54:00,0
06/24/16,00:55:00,0
06/24/16,00:56:00,0
06/24/16,00:57:00,0
06/24/16,00:58:00,0
06/24/16,00:59:00,0
06/24/16,01:00:00,0
06/24/16,01:01:00,0
06/24/16,01:02:00,0
06/24/16,01:03:00,0
06/24/16,01:04:00,0
06/24/16,01:05:00,0
06/24/16,01:06:00,0
06/24/16,01:07:00,0
06/24/16,01:08:00,0
06/24/16,01:09:00,0
06/24/16,01:10:00,0
06/24/16,01:11:00,0
06/24/16,01:12:00,0
06/24/16,01:13:00,0
06/24/16,01:14:00,0
06/24/16,01:15:00,0
06/24/16,01:16:00,0
06/24/16,01:17:00,0
06/24/16,01:18:00,0
06/24/16,01:19:00,0
06/24/16,01:20:00,0
06/24/16,01:21:00,0
06/24/16,01:22:00,0
06/24/16,01:23:00,0
06/24/16,01:24:00,0
06/24/16,01:25:00,0
06/24/16,01:26:00,0
06/24/16,01:27:00,0
06/24/16,01:28:00,0
06/24/16,01:29:00,0
06/24/16,01:30:00,0
06/24/16,01:31:00,0
06/24/16,01:32:00,0
06/24/16,01:33:00,0
06/24/16,01:34:00,0
06/24/16,01:35:00,0
06/24/16,01:36:00,0
06/24/16,01:37:00,0
06/24/16,01:38:00,0
06/24/16,01:39:00,0
06/24/16,01:40:00,0
06/24/16,01:41:00,0
06/24/16,01:42:00,0
06/24/16,01:43:00,0
06/24/16,01:44:00,0
06/24/16,01:45:00,0
06/24/16,01:46:00,0
06/24/16,01:47:00,0
06/24/16,01:48:00,0
06/24/16,01:49:00,0
06/24/16,01:50:00,0
06/24/16,01:51:00,0
06/24/16,01:52:00,0
06/24/16,01:53:00,0
06/24/16,01:54:00,0
06/24/16,01:55:00,0
06/24/16,01:56:00,0
06/24/16,01:57:00,0
06/24/16,01:58:00,0
06/24/16,01:59:00,0
06/24/16,02:00:00,0
06/24/16,02:01:00,0
06/24/16,02:02:00,0
06/24/16,02:03:00,0
06/24/16,02:04:00,0
06/24/16,02:05:00,0
06/24/16,02:06:00,0
06/24/16,02:07:00,0
06/24/16,02:08:00,0
06/24/16,02:09:00,0
06/24/16,02:10:00,0
06/24/16,02:11:00,0
06/24/16,02:12:00,0
06/24/16,02:13:00,0
06/24/16,02:14:00,0
06/24/16,02:15:00,0
06/24/16,02:16:00,0
06/24/16,02:17:00,0
06/24/16,02:18:00,0
06/24/16,02:19:00,0
06/24/16,02:20:00,0
06/24/16,02:21:00,0
06/24/16,02:22:00,0
06/24/16,02:23:00,0
06/24/16,02:24:00,0
06/24/16,02:25:00,0
06/24/16,02:26:00,0
06/24/16,02:27:00,0
06/24/16,02:28:00,0
06/24/16,02:29:00,0
06/24/16,02:30:00,0
06/24/16,02:31:00,0
06/24/16,02:32:00,0
06/24/16,02:33:00,0
06/24/16,02:34:00,0
06/24/16,02:35:00,0
06/24/16,02:36:00,0
06/24/16,02:37:00,0
06/24/16,02:38:00,0
06/24/16,02:39:00,0
06/24/16,02:40:00,0
06/24/16,02:41:00,0,2892481
06/24/16,02:42:00,0,6278266
06/24/16,02:43:00,1,013864
06/24/16,02:44:00,1,340771
06/24/16,02:45:00,1,525226
06/24/16,02:46:00,1,775778
06/24/16,02:47:00,1,908118
06/24/16,02:48:00,2,067031
06/24/16,02:49:00,2,117941
06/24/16,02:50:00,2,321121
06/24/16,02:51:00,2,158693
06/24/16,02:52:00,2,173947
06/24/16,02:53:00,2,251717
06/24/16,02:54:00,2,456118
06/24/16,02:55:00,2,263993
06/24/16,02:56:00,2,150306
06/24/16,02:57:00,2,351987
06/24/16,02:58:00,2,327283
06/24/16,02:59:00,2,355745
06/24/16,03:00:00,2,50505
06/24/16,03:01:00,2,5845
06/24/16,03:02:00,2,689853
06/24/16,03:03:00,2,829011
06/24/16,03:04:00,2,895024
06/24/16,03:05:00,3,045135
06/24/16,03:06:00,3,245107
06/24/16,03:07:00,3,172486
06/24/16,03:08:00,3,250148
06/24/16,03:09:00,3,567227
06/24/16,03:10:00,3,827449
06/24/16,03:11:00,3,855116
06/24/16,03:12:00,3,88101
06/24/16,03:13:00,4,078075
06/24/16,03:14:00,3,968124
06/24/16,03:15:00,1,380906
06/24/16,03:16:00,0
06/24/16,03:17:00,0
06/24/16,03:18:00,0
06/24/16,03:19:00,0
06/24/16,03:20:00,0
06/24/16,03:21:00,0
06/24/16,03:22:00,0
06/24/16,03:23:00,0
06/24/16,03:24:00,0,1400421
06/24/16,03:25:00,0,1220968
06/24/16,03:26:00,0,2129092
06/24/16,03:27:00,0,3557456
06/24/16,03:28:00,0,4277298
06/24/16,03:29:00,0,6015048
06/24/16,03:30:00,0,8952953
06/24/16,03:31:00,1,104976
06/24/16,03:32:00,1,310229
06/24/16,03:33:00,1,633975
06/24/16,03:34:00,1,88451
06/24/16,03:35:00,2,062626
06/24/16,03:36:00,2,017567
06/24/16,03:37:00,2,355295
06/24/16,03:38:00,2,343858
06/24/16,03:39:00,2,492452
06/24/16,03:40:00,2,524697
06/24/16,03:41:00,2,639084
06/24/16,03:42:00,2,580763
06/24/16,03:43:00,2,547281
06/24/16,03:44:00,2,636325
06/24/16,03:45:00,2,741183
06/24/16,03:46:00,2,593789
06/24/16,03:47:00,2,666475
06/24/16,03:48:00,2,882821
06/24/16,03:49:00,2,628879
06/24/16,03:50:00,2,83059
06/24/16,03:51:00,2,731927
06/24/16,03:52:00,2,900039
06/24/16,03:53:00,3,095737
06/24/16,03:54:00,2,950395
06/24/16,03:55:00,3,302966
06/24/16,03:56:00,3,061745
06/24/16,03:57:00,3,275157
06/24/16,03:58:00,3,205763
06/24/16,03:59:00,3,292322
06/24/16,04:00:00,3,484255
06/24/16,04:01:00,3,574645
06/24/16,04:02:00,3,559217
06/24/16,04:03:00,3,70925
06/24/16,04:04:00,3,913207
06/24/16,04:05:00,3,797864
06/24/16,04:06:00,3,915854
06/24/16,04:07:00,4,105453
06/24/16,04:08:00,4,112416
06/24/16,04:09:00,4,260445
06/24/16,04:10:00,4,235925
06/24/16,04:11:00,4,211716
06/24/16,04:12:00,4,460032
06/24/16,04:13:00,4,56128
06/24/16,04:14:00,4,678536
06/24/16,04:15:00,4,732656
06/24/16,04:16:00,4,685667
06/24/16,04:17:00,4,751346
06/24/16,04:18:00,5,004484
06/24/16,04:19:00,5,133225
06/24/16,04:20:00,4,968241
06/24/16,04:21:00,5,061102
06/24/16,04:22:00,5,232783
06/24/16,04:23:00,5,289288
06/24/16,04:24:00,5,557716
06/24/16,04:25:00,5,383534
06/24/16,04:26:00,5,526542
06/24/16,04:27:00,5,723548
06/24/16,04:28:00,5,68974
06/24/16,04:29:00,6,060225
06/24/16,04:30:00,6,034717
06/24/16,04:31:00,5,926167
06/24/16,04:32:00,6,003177
06/24/16,04:33:00,6,104839
06/24/16,04:34:00,6,289761
06/24/16,04:35:00,6,26489
06/24/16,04:36:00,6,384908
06/24/16,04:37:00,6,549079
06/24/16,04:38:00,6,550966
06/24/16,04:39:00,6,932691
06/24/16,04:40:00,6,642416
06/24/16,04:41:00,6,750223
06/24/16,04:42:00,6,776624
06/24/16,04:43:00,6,899184
06/24/16,04:44:00,6,990408
06/24/16,04:45:00,7,057426
06/24/16,04:46:00,7,152296
06/24/16,04:47:00,7,319085
06/24/16,04:48:00,7,454103
06/24/16,04:49:00,7,410511
06/24/16,04:50:00,7,489657
06/24/16,04:51:00,7,524842
06/24/16,04:52:00,7,471128
06/24/16,04:53:00,7,668784
06/24/16,04:54:00,7,844572
06/24/16,04:55:00,7,931847
06/24/16,04:56:00,7,979596
06/24/16,04:57:00,8,129193
06/24/16,04:58:00,8,061442
06/24/16,04:59:00,8,055159
06/24/16,05:00:00,8,132594
06/24/16,05:01:00,8,278833
06/24/16,05:02:00,8,377156
06/24/16,05:03:00,8,464824
06/24/16,05:04:00,8,503403
06/24/16,05:05:00,8,518926
06/24/16,05:06:00,8,550288
06/24/16,05:07:00,8,619061
06/24/16,05:08:00,8,747946
06/24/16,05:09:00,8,927436
06/24/16,05:10:00,8,807375
06/24/16,05:11:00,8,896356
06/24/16,05:12:00,8,9491
06/24/16,05:13:00,9,05514
06/24/16,05:14:00,9,116258
06/24/16,05:15:00,9,197748
06/24/16,05:16:00,9,287379
06/24/16,05:17:00,9,268601
06/24/16,05:18:00,9,456686
06/24/16,05:19:00,9,366091
06/24/16,05:20:00,9,351683
06/24/16,05:21:00,9,335646
06/24/16,05:22:00,9,676845
06/24/16,05:23:00,9,695747
06/24/16,05:24:00,9,477136
06/24/16,05:25:00,9,57155
06/24/16,05:26:00,9,82561
06/24/16,05:27:00,9,696794
06/24/16,05:28:00,9,833608
06/24/16,05:29:00,9,877171
06/24/16,05:30:00,9,895778
06/24/16,05:31:00,9,93713
06/24/16,05:32:00,10,06874
06/24/16,05:33:00,10,10247
06/24/16,05:34:00,10,15116
06/24/16,05:35:00,10,36684
06/24/16,05:36:00,10,49245
06/24/16,05:37:00,10,27344
06/24/16,05:38:00,10,61141
06/24/16,05:39:00,10,37629
06/24/16,05:40:00,10,48458
06/24/16,05:41:00,10,33223
06/24/16,05:42:00,10,51094
06/24/16,05:43:00,10,51446
06/24/16,05:44:00,10,57534
06/24/16,05:45:00,10,68438
06/24/16,05:46:00,10,82269
06/24/16,05:47:00,10,72208
06/24/16,05:48:00,10,84403
06/24/16,05:49:00,10,83857
06/24/16,05:50:00,11,03605
06/24/16,05:51:00,11,03187
06/24/16,05:52:00,11,01764
06/24/16,05:53:00,11,10484
06/24/16,05:54:00,11,01304
06/24/16,05:55:00,11,05182
06/24/16,05:56:00,11,11018
06/24/16,05:57:00,11,23458
06/24/16,05:58:00,11,19868
06/24/16,05:59:00,11,21787
06/24/16,06:00:00,11,45813
06/24/16,06:01:00,11,30374
06/24/16,06:02:00,11,4984
06/24/16,06:03:00,11,48643
06/24/16,06:04:00,11,56502
06/24/16,06:05:00,11,59667
06/24/16,06:06:00,11,7025
06/24/16,06:07:00,11,71703
06/24/16,06:08:00,11,71017
06/24/16,06:09:00,11,76662
06/24/16,06:10:00,11,80519
06/24/16,06:11:00,11,81621
06/24/16,06:12:00,11,83239
06/24/16,06:13:00,12,01335
06/24/16,06:14:00,11,96596
06/24/16,06:15:00,12,09843
06/24/16,06:16:00,11,98767
06/24/16,06:17:00,12,16069
06/24/16,06:18:00,12,14306
06/24/16,06:19:00,12,14244
06/24/16,06:20:00,12,15359
06/24/16,06:21:00,12,16664
06/24/16,06:22:00,12,29112
06/24/16,06:23:00,12,47874
06/24/16,06:24:00,9,830976
06/24/16,06:25:00,4,972885
06/24/16,06:26:00,1,029638
06/24/16,06:27:00,0,4615618
06/24/16,06:28:00,0,2108414
06/24/16,06:29:00,0,1688958
06/24/16,06:30:00,0,2499435
06/24/16,06:31:00,0,2162389
06/24/16,06:32:00,0,327971
06/24/16,06:33:00,0,283139
06/24/16,06:34:00,0,4547166
06/24/16,06:35:00,0,2287814
06/24/16,06:36:00,0,1415421
06/24/16,06:37:00,0
06/24/16,06:38:00,0
06/24/16,06:39:00,0,0786431
06/24/16,06:40:00,0,1017146
06/24/16,06:41:00,0
06/24/16,06:42:00,0,1417685
06/24/16,06:43:00,0,1972857
06/24/16,06:44:00,1,618608
06/24/16,06:45:00,2,219878
06/24/16,06:46:00,2,301034
06/24/16,06:47:00,2,557282
06/24/16,06:48:00,2,894659
06/24/16,06:49:00,3,324164
06/24/16,06:50:00,3,536279
06/24/16,06:51:00,3,954073
06/24/16,06:52:00,4,308099
06/24/16,06:53:00,4,588548
06/24/16,06:54:00,4,882321
06/24/16,06:55:00,3,767731
06/24/16,06:56:00,1,498115
06/24/16,06:57:00,0,4178011
06/24/16,06:58:00,0,364192
06/24/16,06:59:00,0,2828431
06/24/16,07:00:00,0,2079153
06/24/16,07:01:00,0,3663844
06/24/16,07:02:00,0
06/24/16,07:03:00,0
06/24/16,07:04:00,0
06/24/16,07:05:00,0
06/24/16,07:06:00,0
06/24/16,07:07:00,0
06/24/16,07:08:00,0
06/24/16,07:09:00,0
06/24/16,07:10:00,0
06/24/16,07:11:00,7,659237
06/24/16,07:12:00,17,06708
06/24/16,07:13:00,20,43379
06/24/16,07:14:00,21,13819
06/24/16,07:15:00,20,51981
06/24/16,07:16:00,20,46552
06/24/16,07:17:00,20,42415
06/24/16,07:18:00,20,66811
06/24/16,07:19:00,20,35355
06/24/16,07:20:00,19,2322
06/24/16,07:21:00,19,28466
06/24/16,07:22:00,19,00717
06/24/16,07:23:00,19,07458
06/24/16,07:24:00,18,23624
06/24/16,07:25:00,18,22699
06/24/16,07:26:00,18,72204
06/24/16,07:27:00,19,11206
06/24/16,07:28:00,18,08785
06/24/16,07:29:00,17,9922
06/24/16,07:30:00,17,80128
06/24/16,07:31:00,18,31195
06/24/16,07:32:00,17,32322
06/24/16,07:33:00,17,40971
06/24/16,07:34:00,17,80138
06/24/16,07:35:00,17,71606
06/24/16,07:36:00,17,88796
06/24/16,07:37:00,17,3892
06/24/16,07:38:00,16,65471
06/24/16,07:39:00,17,54905
06/24/16,07:40:00,17,51938
06/24/16,07:41:00,16,83313
06/24/16,07:42:00,16,96157
06/24/16,07:43:00,17,01722
06/24/16,07:44:00,16,87644
06/24/16,07:45:00,17,52603
06/24/16,07:46:00,17,46808
06/24/16,07:47:00,17,36351
06/24/16,07:48:00,16,70427
06/24/16,07:49:00,18,22464
06/24/16,07:50:00,18,36746
06/24/16,07:51:00,17,44825
06/24/16,07:52:00,17,14375
06/24/16,07:53:00,16,94224
06/24/16,07:54:00,17,30637
06/24/16,07:55:00,17,63914
06/24/16,07:56:00,16,20234
06/24/16,07:57:00,16,05755
06/24/16,07:58:00,15,62356
06/24/16,07:59:00,15,46824
06/24/16,08:00:00,15,34905
06/24/16,08:01:00,16,27378
06/24/16,08:02:00,15,67002
06/24/16,08:03:00,15,38708
06/24/16,08:04:00,16,78021
06/24/16,08:05:00,16,77923
06/24/16,08:06:00,16,93539
06/24/16,08:07:00,16,54651
06/24/16,08:08:00,16,71494
06/24/16,08:09:00,16,90048
06/24/16,08:10:00,15,3542
06/24/16,08:11:00,16,20242
06/24/16,08:12:00,17,56722
06/24/16,08:13:00,16,55381
06/24/16,08:14:00,16,04167
06/24/16,08:15:00,15,70672
06/24/16,08:16:00,7,804664
06/24/16,08:17:00,0
06/24/16,08:18:00,0
06/24/16,08:19:00,0
06/24/16,08:20:00,0
06/24/16,08:21:00,0
06/24/16,08:22:00,0
06/24/16,08:23:00,0
06/24/16,08:24:00,0
06/24/16,08:25:00,0
06/24/16,08:26:00,0
06/24/16,08:27:00,0
06/24/16,08:28:00,0
06/24/16,08:29:00,0
06/24/16,08:30:00,0
06/24/16,08:31:00,0
06/24/16,08:32:00,0
06/24/16,08:33:00,9,303722
06/24/16,08:34:00,14,53016
06/24/16,08:35:00,15,45007
06/24/16,08:36:00,15,74446
06/24/16,08:37:00,15,96444
06/24/16,08:38:00,16,00326
06/24/16,08:39:00,16,65668
06/24/16,08:40:00,16,98341
06/24/16,08:41:00,16,26212
06/24/16,08:42:00,17,07312
06/24/16,08:43:00,17,00852
06/24/16,08:44:00,16,69244
06/24/16,08:45:00,17,11841
06/24/16,08:46:00,8,317169
06/24/16,08:47:00,12,73289
06/24/16,08:48:00,15,83174
06/24/16,08:49:00,16,35103
06/24/16,08:50:00,16,70353
06/24/16,08:51:00,17,86145
06/24/16,08:52:00,17,88478
06/24/16,08:53:00,17,2442
06/24/16,08:54:00,16,69525
06/24/16,08:55:00,17,61314
06/24/16,08:56:00,17,40997
06/24/16,08:57:00,16,90265
06/24/16,08:58:00,16,19973
06/24/16,08:59:00,17,02369
06/24/16,09:00:00,16,96595
06/24/16,09:01:00,17,80825
06/24/16,09:02:00,17,81645
06/24/16,09:03:00,17,82789
06/24/16,09:04:00,17,68541
06/24/16,09:05:00,17,08244
06/24/16,09:06:00,16,27031
06/24/16,09:07:00,17,33333
06/24/16,09:08:00,20,09042
06/24/16,09:09:00,18,81971
06/24/16,09:10:00,18,46554
06/24/16,09:11:00,19,33735
06/24/16,09:12:00,19,39342
06/24/16,09:13:00,17,22683
06/24/16,09:14:00,17,81184
06/24/16,09:15:00,18,90935
06/24/16,09:16:00,19,68796
06/24/16,09:17:00,19,50169
06/24/16,09:18:00,18,89062
06/24/16,09:19:00,18,883
06/24/16,09:20:00,18,28203
06/24/16,09:21:00,18,54939
06/24/16,09:22:00,18,11683
06/24/16,09:23:00,18,98493
06/24/16,09:24:00,19,16041
06/24/16,09:25:00,19,26935
06/24/16,09:26:00,19,60771
06/24/16,09:27:00,18,78765
06/24/16,09:28:00,18,65929
06/24/16,09:29:00,18,33397
06/24/16,09:30:00,17,99594
06/24/16,09:31:00,18,76868
06/24/16,09:32:00,19,08169
06/24/16,09:33:00,19,37267
06/24/16,09:34:00,19,71587
06/24/16,09:35:00,18,99675
06/24/16,09:36:00,18,92104
06/24/16,09:37:00,18,69971
06/24/16,09:38:00,18,12936
06/24/16,09:39:00,4,484116
06/24/16,09:40:00,0
06/24/16,09:41:00,0
06/24/16,09:42:00,0
06/24/16,09:43:00,0
06/24/16,09:44:00,0
06/24/16,09:45:00,0
06/24/16,09:46:00,0
06/24/16,09:47:00,0
06/24/16,09:48:00,0
06/24/16,09:49:00,0
06/24/16,09:50:00,0
06/24/16,09:51:00,7,127877
06/24/16,09:52:00,14,49904
06/24/16,09:53:00,15,55368
06/24/16,09:54:00,16,19151
06/24/16,09:55:00,16,46198
06/24/16,09:56:00,16,4494
06/24/16,09:57:00,16,60566
06/24/16,09:58:00,16,27376
06/24/16,09:59:00,14,79708
06/24/16,10:00:00,15,72535
06/24/16,10:01:00,16,98602
06/24/16,10:02:00,16,4874
06/24/16,10:03:00,15,64675
06/24/16,10:04:00,16,5266
06/24/16,10:05:00,16,13933
06/24/16,10:06:00,16,88062
06/24/16,10:07:00,17,8205
06/24/16,10:08:00,17,32716
06/24/16,10:09:00,16,71945
06/24/16,10:10:00,16,56458
06/24/16,10:11:00,17,48575
06/24/16,10:12:00,16,56719
06/24/16,10:13:00,16,5895
06/24/16,10:14:00,17,40381
06/24/16,10:15:00,16,59748
06/24/16,10:16:00,16,1766
06/24/16,10:17:00,17,65447
06/24/16,10:18:00,17,34206
06/24/16,10:19:00,16,39765
06/24/16,10:20:00,16,61718
06/24/16,10:21:00,16,28904
06/24/16,10:22:00,15,87676
06/24/16,10:23:00,16,48542
06/24/16,10:24:00,16,85786
06/24/16,10:25:00,17,12222
06/24/16,10:26:00,16,18874
06/24/16,10:27:00,16,25164
06/24/16,10:28:00,16,30583
06/24/16,10:29:00,16,84343
06/24/16,10:30:00,17,18078
06/24/16,10:31:00,16,74136
06/24/16,10:32:00,16,84761
06/24/16,10:33:00,16,77278
06/24/16,10:34:00,17,22883
06/24/16,10:35:00,16,6593
06/24/16,10:36:00,16,77558
06/24/16,10:37:00,16,43911
06/24/16,10:38:00,15,87894
06/24/16,10:39:00,16,97244
06/24/16,10:40:00,16,22706
06/24/16,10:41:00,15,94314
06/24/16,10:42:00,16,76814
06/24/16,10:43:00,16,78313
06/24/16,10:44:00,16,70401
06/24/16,10:45:00,16,2843
06/24/16,10:46:00,16,5251
06/24/16,10:47:00,15,87332
06/24/16,10:48:00,16,31468
06/24/16,10:49:00,17,04974
06/24/16,10:50:00,16,86824
06/24/16,10:51:00,17,35064
06/24/16,10:52:00,17,53982
06/24/16,10:53:00,17,19671
06/24/16,10:54:00,16,76466
06/24/16,10:55:00,17,83613
06/24/16,10:56:00,16,82869
06/24/16,10:57:00,16,53602
06/24/16,10:58:00,16,49435
06/24/16,10:59:00,17,27242
06/24/16,11:00:00,17,50055
06/24/16,11:01:00,17,33092
06/24/16,11:02:00,17,26953
06/24/16,11:03:00,15,86013
06/24/16,11:04:00,17,27146
06/24/16,11:05:00,16,29185
06/24/16,11:06:00,16,29937
06/24/16,11:07:00,16,74865
06/24/16,11:08:00,17,63103
06/24/16,11:09:00,17,72837
06/24/16,11:10:00,18,78494
06/24/16,11:11:00,18,86803
06/24/16,11:12:00,17,07016
06/24/16,11:13:00,17,25445
06/24/16,11:14:00,16,96536
06/24/16,11:15:00,16,77726
06/24/16,11:16:00,17,3068
06/24/16,11:17:00,16,35622
06/24/16,11:18:00,16,46447
06/24/16,11:19:00,16,79969
06/24/16,11:20:00,17,8668
06/24/16,11:21:00,16,25358
06/24/16,11:22:00,17,16353
06/24/16,11:23:00,17,47021
06/24/16,11:24:00,17,28518
06/24/16,11:25:00,17,00954
06/24/16,11:26:00,17,97387
06/24/16,11:27:00,16,19547
06/24/16,11:28:00,16,4999
06/24/16,11:29:00,16,27716
06/24/16,11:30:00,17,60037
06/24/16,11:31:00,17,68748
06/24/16,11:32:00,17,21094
06/24/16,11:33:00,16,10763
06/24/16,11:34:00,16,62395
06/24/16,11:35:00,17,7377
06/24/16,11:36:00,16,57895
06/24/16,11:37:00,16,51706
06/24/16,11:38:00,16,29557
06/24/16,11:39:00,16,58516
06/24/16,11:40:00,17,30538
06/24/16,11:41:00,18,25243
06/24/16,11:42:00,17,80498
06/24/16,11:43:00,17,49868
06/24/16,11:44:00,17,69643
06/24/16,11:45:00,17,0132
06/24/16,11:46:00,16,50443
06/24/16,11:47:00,16,35626
06/24/16,11:48:00,17,24034
06/24/16,11:49:00,16,8907
06/24/16,11:50:00,17,09312
06/24/16,11:51:00,16,93987
06/24/16,11:52:00,17,56158
06/24/16,11:53:00,17,70056
06/24/16,11:54:00,17,3946
06/24/16,11:55:00,17,54734
06/24/16,11:56:00,17,63677
06/24/16,11:57:00,17,37493
06/24/16,11:58:00,17,20486
06/24/16,11:59:00,17,90244
06/24/16,12:00:00,18,60448
06/24/16,12:01:00,17,0693
06/24/16,12:02:00,17,10258
06/24/16,12:03:00,17,49425
06/24/16,12:04:00,16,41704
06/24/16,12:05:00,16,55624
06/24/16,12:06:00,16,82957
06/24/16,12:07:00,17,46642
06/24/16,12:08:00,17,38711
06/24/16,12:09:00,17,51099
06/24/16,12:10:00,17,28766
06/24/16,12:11:00,16,99035
06/24/16,12:12:00,17,2412
06/24/16,12:13:00,17,12134
06/24/16,12:14:00,17,29174
06/24/16,12:15:00,16,9165
06/24/16,12:16:00,17,13283
06/24/16,12:17:00,16,49506
06/24/16,12:18:00,17,43407
06/24/16,12:19:00,17,65995
06/24/16,12:20:00,17,68606
06/24/16,12:21:00,17,56012
06/24/16,12:22:00,17,38337
06/24/16,12:23:00,17,72106
06/24/16,12:24:00,17,70287
06/24/16,12:25:00,18,84528
06/24/16,12:26:00,17,49342
06/24/16,12:27:00,16,57133
06/24/16,12:28:00,17,04935
06/24/16,12:29:00,17,17615
06/24/16,12:30:00,17,41322
06/24/16,12:31:00,5,740881
06/24/16,12:32:00,0
06/24/16,12:33:00,0
06/24/16,12:34:00,0
06/24/16,12:35:00,0
06/24/16,12:36:00,0
06/24/16,12:37:00,0
06/24/16,12:38:00,0
06/24/16,12:39:00,0
06/24/16,12:40:00,0
06/24/16,12:41:00,0
06/24/16,12:42:00,10,3747
06/24/16,12:43:00,16,61215
06/24/16,12:44:00,17,34837
06/24/16,12:45:00,16,83
06/24/16,12:46:00,17,141
06/24/16,12:47:00,16,68764
06/24/16,12:48:00,17,35297
06/24/16,12:49:00,16,51724
06/24/16,12:50:00,16,98514
06/24/16,12:51:00,17,06496
06/24/16,12:52:00,17,7299
06/24/16,12:53:00,17,80589
06/24/16,12:54:00,17,26233
06/24/16,12:55:00,16,58032
06/24/16,12:56:00,16,53695
06/24/16,12:57:00,17,03025
06/24/16,12:58:00,16,60019
06/24/16,12:59:00,16,74029
06/24/16,13:00:00,16,91987
06/24/16,13:01:00,16,89949
06/24/16,13:02:00,16,46686
06/24/16,13:03:00,16,67788
06/24/16,13:04:00,17,17175
06/24/16,13:05:00,16,3347
06/24/16,13:06:00,17,1012
06/24/16,13:07:00,16,72181
06/24/16,13:08:00,15,70903
06/24/16,13:09:00,15,30221
06/24/16,13:10:00,16,16978
06/24/16,13:11:00,16,64588
06/24/16,13:12:00,16,44446
06/24/16,13:13:00,11,32264
06/24/16,13:14:00,0
06/24/16,13:15:00,0
06/24/16,13:16:00,0
06/24/16,13:17:00,0
06/24/16,13:18:00,0
06/24/16,13:19:00,0
06/24/16,13:20:00,0
06/24/16,13:21:00,0
06/24/16,13:22:00,0
06/24/16,13:23:00,0
06/24/16,13:24:00,0
06/24/16,13:25:00,0
06/24/16,13:26:00,0
06/24/16,13:27:00,0
06/24/16,13:28:00,0
06/24/16,13:29:00,0
06/24/16,13:30:00,0
06/24/16,13:31:00,0
06/24/16,13:32:00,0
06/24/16,13:33:00,0
06/24/16,13:34:00,0
06/24/16,13:35:00,0
06/24/16,13:36:00,0
06/24/16,13:37:00,0
06/24/16,13:38:00,0
06/24/16,13:39:00,0
06/24/16,13:40:00,0
06/24/16,13:41:00,0
06/24/16,13:42:00,0
06/24/16,13:43:00,0
06/24/16,13:44:00,0
06/24/16,13:45:00,0
06/24/16,13:46:00,0
06/24/16,13:47:00,0
06/24/16,13:48:00,0
06/24/16,13:49:00,0
06/24/16,13:50:00,0
06/24/16,13:51:00,0
06/24/16,13:52:00,0
06/24/16,13:53:00,0
06/24/16,13:54:00,0
06/24/16,13:55:00,0
06/24/16,13:56:00,0
06/24/16,13:57:00,0
06/24/16,13:58:00,0
06/24/16,13:59:00,0
06/24/16,14:00:00,0
06/24/16,14:01:00,0
06/24/16,14:02:00,0
06/24/16,14:03:00,0
06/24/16,14:04:00,0
06/24/16,14:05:00,0
06/24/16,14:06:00,0
06/24/16,14:07:00,0
06/24/16,14:08:00,0
06/24/16,14:09:00,0,834081
06/24/16,14:10:00,14,29165
06/24/16,14:11:00,16,51918
06/24/16,14:12:00,17,30004
06/24/16,14:13:00,17,57878
06/24/16,14:14:00,18,33884
06/24/16,14:15:00,17,56596
06/24/16,14:16:00,17,99046
06/24/16,14:17:00,18,74526
06/24/16,14:18:00,18,06375
06/24/16,14:19:00,18,65247
06/24/16,14:20:00,18,8501
06/24/16,14:21:00,18,66134
06/24/16,14:22:00,17,94037
06/24/16,14:23:00,18,32817
06/24/16,14:24:00,17,85371
06/24/16,14:25:00,17,60029
06/24/16,14:26:00,17,5042
06/24/16,14:27:00,18,15995
06/24/16,14:28:00,17,90998
06/24/16,14:29:00,17,71041
06/24/16,14:30:00,17,56816
06/24/16,14:31:00,17,72821
06/24/16,14:32:00,17,36674
06/24/16,14:33:00,16,80491
06/24/16,14:34:00,16,16726
06/24/16,14:35:00,16,35714
06/24/16,14:36:00,16,60679
06/24/16,14:37:00,18,25359
06/24/16,14:38:00,18,8144
06/24/16,14:39:00,18,07219
06/24/16,14:40:00,17,37155
06/24/16,14:41:00,17,24208
06/24/16,14:42:00,17,13794
06/24/16,14:43:00,16,32559
06/24/16,14:44:00,15,3582
06/24/16,14:45:00,7,36063
06/24/16,14:46:00,5,041701
06/24/16,14:47:00,8,439501
06/24/16,14:48:00,14,69721
06/24/16,14:49:00,16,33506
06/24/16,14:50:00,16,63039
06/24/16,14:51:00,16,81963
06/24/16,14:52:00,17,94518
06/24/16,14:53:00,17,77479
06/24/16,14:54:00,17,91346
06/24/16,14:55:00,18,82306
06/24/16,14:56:00,19,60443
06/24/16,14:57:00,18,67071
06/24/16,14:58:00,18,3027
06/24/16,14:59:00,17,43929
06/24/16,15:00:00,16,64918
06/24/16,15:01:00,17,3457
06/24/16,15:02:00,18,03936
06/24/16,15:03:00,20,73613
06/24/16,15:04:00,17,75287
06/24/16,15:05:00,15,41705
06/24/16,15:06:00,14,81965
06/24/16,15:07:00,16,58559
06/24/16,15:08:00,15,77685
06/24/16,15:09:00,16,36685
06/24/16,15:10:00,15,4902
06/24/16,15:11:00,16,26713
06/24/16,15:12:00,16,20249
06/24/16,15:13:00,15,71128
06/24/16,15:14:00,15,82666
06/24/16,15:15:00,16,06031
06/24/16,15:16:00,16,65742
06/24/16,15:17:00,16,69868
06/24/16,15:18:00,16,25842
06/24/16,15:19:00,17,07098
06/24/16,15:20:00,16,43812
06/24/16,15:21:00,15,95869
06/24/16,15:22:00,16,21496
06/24/16,15:23:00,16,56228
06/24/16,15:24:00,16,5738
06/24/16,15:25:00,15,98359
06/24/16,15:26:00,15,96829
06/24/16,15:27:00,16,66227
06/24/16,15:28:00,17,32996
06/24/16,15:29:00,16,95395
06/24/16,15:30:00,16,25581
06/24/16,15:31:00,15,22513
06/24/16,15:32:00,16,05175
06/24/16,15:33:00,15,52274
06/24/16,15:34:00,16,44992
06/24/16,15:35:00,15,80125
06/24/16,15:36:00,15,40375
06/24/16,15:37:00,16,17616
06/24/16,15:38:00,15,99384
06/24/16,15:39:00,16,52704
06/24/16,15:40:00,16,22351
06/24/16,15:41:00,17,39299
06/24/16,15:42:00,17,54419
06/24/16,15:43:00,16,85215
06/24/16,15:44:00,16,04893
06/24/16,15:45:00,15,92704
06/24/16,15:46:00,15,14753
06/24/16,15:47:00,16,46274
06/24/16,15:48:00,16,81064
06/24/16,15:49:00,17,12545
06/24/16,15:50:00,17,42238
06/24/16,15:51:00,16,32011
06/24/16,15:52:00,14,73023
06/24/16,15:53:00,15,66369
06/24/16,15:54:00,16,842
06/24/16,15:55:00,15,78934
06/24/16,15:56:00,15,97035
06/24/16,15:57:00,17,17152
06/24/16,15:58:00,16,50809
06/24/16,15:59:00,16,24174
06/24/16,16:00:00,16,79827
06/24/16,16:01:00,16,88177
06/24/16,16:02:00,16,41999
06/24/16,16:03:00,16,9566
06/24/16,16:04:00,15,61527
06/24/16,16:05:00,16,41038
06/24/16,16:06:00,17,15972
06/24/16,16:07:00,16,36451
06/24/16,16:08:00,15,25445
06/24/16,16:09:00,16,5756
06/24/16,16:10:00,16,954
06/24/16,16:11:00,14,94743
06/24/16,16:12:00,14,89905
06/24/16,16:13:00,15,17626
06/24/16,16:14:00,14,74069
06/24/16,16:15:00,14,95055
06/24/16,16:16:00,14,92774
06/24/16,16:17:00,15,07244
06/24/16,16:18:00,14,72127
06/24/16,16:19:00,15,38258
06/24/16,16:20:00,16,00263
06/24/16,16:21:00,15,04161
06/24/16,16:22:00,16,33433
06/24/16,16:23:00,16,64873
06/24/16,16:24:00,15,80353
06/24/16,16:25:00,15,74604
06/24/16,16:26:00,16,03376
06/24/16,16:27:00,15,48645
06/24/16,16:28:00,16,13877
06/24/16,16:29:00,18,3878
06/24/16,16:30:00,17,62616
06/24/16,16:31:00,17,15315
06/24/16,16:32:00,17,39682
06/24/16,16:33:00,17,45486
06/24/16,16:34:00,16,19569
06/24/16,16:35:00,17,15051
06/24/16,16:36:00,17,28365
06/24/16,16:37:00,17,47768
06/24/16,16:38:00,16,83132
06/24/16,16:39:00,15,81773
06/24/16,16:40:00,16,39856
06/24/16,16:41:00,16,5566
06/24/16,16:42:00,16,36167
06/24/16,16:43:00,15,08656
06/24/16,16:44:00,14,67715
06/24/16,16:45:00,15,87826
06/24/16,16:46:00,15,65097
06/24/16,16:47:00,17,22599
06/24/16,16:48:00,17,05287
06/24/16,16:49:00,16,72333
06/24/16,16:50:00,17,7617
06/24/16,16:51:00,18,19525
06/24/16,16:52:00,17,71218
06/24/16,16:53:00,16,58105
06/24/16,16:54:00,16,93781
06/24/16,16:55:00,17,08086
06/24/16,16:56:00,17,03199
06/24/16,16:57:00,18,55924
06/24/16,16:58:00,18,46695
06/24/16,16:59:00,16,84344
06/24/16,17:00:00,16,43618
06/24/16,17:01:00,16,70431
06/24/16,17:02:00,16,70542
06/24/16,17:03:00,16,84363
06/24/16,17:04:00,16,69778
06/24/16,17:05:00,17,02054
06/24/16,17:06:00,17,49674
06/24/16,17:07:00,18,33719
06/24/16,17:08:00,17,44959
06/24/16,17:09:00,16,24235
06/24/16,17:10:00,16,83974
06/24/16,17:11:00,16,81189
06/24/16,17:12:00,17,13899
06/24/16,17:13:00,8,462243
06/24/16,17:14:00,0
06/24/16,17:15:00,0
06/24/16,17:16:00,0
06/24/16,17:17:00,0
06/24/16,17:18:00,0
06/24/16,17:19:00,0
06/24/16,17:20:00,0
06/24/16,17:21:00,0
06/24/16,17:22:00,0
06/24/16,17:23:00,0
06/24/16,17:24:00,0
06/24/16,17:25:00,0
06/24/16,17:26:00,0
06/24/16,17:27:00,0
06/24/16,17:28:00,0
06/24/16,17:29:00,6,568028
06/24/16,17:30:00,14,9843
06/24/16,17:31:00,16,98053
06/24/16,17:32:00,17,44059
06/24/16,17:33:00,17,62587
06/24/16,17:34:00,17,34695
06/24/16,17:35:00,16,2126
06/24/16,17:36:00,16,44313
06/24/16,17:37:00,17,16269
06/24/16,17:38:00,17,13771
06/24/16,17:39:00,17,14774
06/24/16,17:40:00,17,17771
06/24/16,17:41:00,16,61282
06/24/16,17:42:00,16,48754
06/24/16,17:43:00,16,2972
06/24/16,17:44:00,16,80745
06/24/16,17:45:00,16,84573
06/24/16,17:46:00,17,15215
06/24/16,17:47:00,16,10529
06/24/16,17:48:00,15,14485
06/24/16,17:49:00,14,70681
06/24/16,17:50:00,15,00641
06/24/16,17:51:00,15,96238
06/24/16,17:52:00,16,78342
06/24/16,17:53:00,15,84289
06/24/16,17:54:00,15,29446
06/24/16,17:55:00,15,98052
06/24/16,17:56:00,16,39231
06/24/16,17:57:00,16,50505
06/24/16,17:58:00,16,95214
06/24/16,17:59:00,16,7145
06/24/16,18:00:00,17,61959
06/24/16,18:01:00,17,86884
06/24/16,18:02:00,17,29156
06/24/16,18:03:00,16,10909
06/24/16,18:04:00,15,75296
06/24/16,18:05:00,16,43862
06/24/16,18:06:00,16,56837
06/24/16,18:07:00,16,59083
06/24/16,18:08:00,16,57562
06/24/16,18:09:00,16,37645
06/24/16,18:10:00,16,52638
06/24/16,18:11:00,17,53414
06/24/16,18:12:00,17,35115
06/24/16,18:13:00,18,01401
06/24/16,18:14:00,18,18313
06/24/16,18:15:00,16,83174
06/24/16,18:16:00,16,4206
06/24/16,18:17:00,15,46953
06/24/16,18:18:00,15,94724
06/24/16,18:19:00,17,69875
06/24/16,18:20:00,17,61552
06/24/16,18:21:00,17,327
06/24/16,18:22:00,17,19159
06/24/16,18:23:00,15,7571
06/24/16,18:24:00,15,44311
06/24/16,18:25:00,16,25438
06/24/16,18:26:00,16,98392
06/24/16,18:27:00,17,15544
06/24/16,18:28:00,16,78476
06/24/16,18:29:00,17,40405
06/24/16,18:30:00,17,16067
06/24/16,18:31:00,15,5871
06/24/16,18:32:00,16,38482
06/24/16,18:33:00,16,33926
06/24/16,18:34:00,16,04402
06/24/16,18:35:00,16,72377
06/24/16,18:36:00,17,44869
06/24/16,18:37:00,16,54321
06/24/16,18:38:00,17,23101
06/24/16,18:39:00,18,24289
06/24/16,18:40:00,17,06025
06/24/16,18:41:00,17,2476
06/24/16,18:42:00,17,47251
06/24/16,18:43:00,16,40151
06/24/16,18:44:00,15,41494
06/24/16,18:45:00,17,18121
06/24/16,18:46:00,17,67126
06/24/16,18:47:00,17,48553
06/24/16,18:48:00,17,2292
06/24/16,18:49:00,16,6621
06/24/16,18:50:00,16,91574
06/24/16,18:51:00,16,94642
06/24/16,18:52:00,16,63784
06/24/16,18:53:00,16,18055
06/24/16,18:54:00,16,9153
06/24/16,18:55:00,16,47802
06/24/16,18:56:00,16,90116
06/24/16,18:57:00,17,46888
06/24/16,18:58:00,16,62501
06/24/16,18:59:00,16,32242
06/24/16,19:00:00,16,80197
06/24/16,19:01:00,16,11068
06/24/16,19:02:00,15,86771
06/24/16,19:03:00,15,89428
06/24/16,19:04:00,16,29832
06/24/16,19:05:00,16,01452
06/24/16,19:06:00,16,29448
06/24/16,19:07:00,17,23341
06/24/16,19:08:00,15,46499
06/24/16,19:09:00,15,16999
06/24/16,19:10:00,15,85973
06/24/16,19:11:00,15,46948
06/24/16,19:12:00,16,28462
06/24/16,19:13:00,17,03804
06/24/16,19:14:00,15,07302
06/24/16,19:15:00,15,33872
06/24/16,19:16:00,16,39492
06/24/16,19:17:00,15,25164
06/24/16,19:18:00,16,17579
06/24/16,19:19:00,17,04815
06/24/16,19:20:00,16,89975
06/24/16,19:21:00,16,96569
06/24/16,19:22:00,17,79578
06/24/16,19:23:00,17,59321
06/24/16,19:24:00,17,17858
06/24/16,19:25:00,17,7075
06/24/16,19:26:00,17,16811
06/24/16,19:27:00,17,17158
06/24/16,19:28:00,17,4913
06/24/16,19:29:00,17,21089
06/24/16,19:30:00,17,30892
06/24/16,19:31:00,18,26077
06/24/16,19:32:00,17,21092
06/24/16,19:33:00,16,99839
06/24/16,19:34:00,10,08564
06/24/16,19:35:00,0
06/24/16,19:36:00,0
06/24/16,19:37:00,0
06/24/16,19:38:00,0
06/24/16,19:39:00,0
06/24/16,19:40:00,0
06/24/16,19:41:00,11,01008
06/24/16,19:42:00,16,20671
06/24/16,19:43:00,17,61371
06/24/16,19:44:00,17,50589
06/24/16,19:45:00,16,77702
06/24/16,19:46:00,17,97745
06/24/16,19:47:00,17,86141
06/24/16,19:48:00,17,82379
06/24/16,19:49:00,17,81233
06/24/16,19:50:00,17,90044
06/24/16,19:51:00,17,66214
06/24/16,19:52:00,17,34813
06/24/16,19:53:00,16,34413
06/24/16,19:54:00,15,78364
06/24/16,19:55:00,16,09736
06/24/16,19:56:00,16,26906
06/24/16,19:57:00,16,22264
06/24/16,19:58:00,16,39004
06/24/16,19:59:00,15,86601
06/24/16,20:00:00,15,24362
06/24/16,20:01:00,16,4896
06/24/16,20:02:00,15,84881
06/24/16,20:03:00,15,58401
06/24/16,20:04:00,13,65378
06/24/16,20:05:00,1,632987
06/24/16,20:06:00,0
06/24/16,20:07:00,0
06/24/16,20:08:00,0
06/24/16,20:09:00,0
06/24/16,20:10:00,0
06/24/16,20:11:00,0
06/24/16,20:12:00,0
06/24/16,20:13:00,0
06/24/16,20:14:00,0
06/24/16,20:15:00,0
06/24/16,20:16:00,0
06/24/16,20:17:00,0
06/24/16,20:18:00,0
06/24/16,20:19:00,0
06/24/16,20:20:00,0
06/24/16,20:21:00,0
06/24/16,20:22:00,0
06/24/16,20:23:00,0
06/24/16,20:24:00,0
06/24/16,20:25:00,0
06/24/16,20:26:00,0
06/24/16,20:27:00,0
06/24/16,20:28:00,0
06/24/16,20:29:00,0
06/24/16,20:30:00,0
06/24/16,20:31:00,0
06/24/16,20:32:00,0
06/24/16,20:33:00,0
06/24/16,20:34:00,0
06/24/16,20:35:00,0
06/24/16,20:36:00,0
06/24/16,20:37:00,0
06/24/16,20:38:00,0
06/24/16,20:39:00,0
06/24/16,20:40:00,0
06/24/16,20:41:00,0
06/24/16,20:42:00,0
06/24/16,20:43:00,0
06/24/16,20:44:00,0
06/24/16,20:45:00,0
06/24/16,20:46:00,0
06/24/16,20:47:00,0
06/24/16,20:48:00,0
06/24/16,20:49:00,0
06/24/16,20:50:00,0
06/24/16,20:51:00,0
06/24/16,20:52:00,0
06/24/16,20:53:00,0
06/24/16,20:54:00,0
06/24/16,20:55:00,0
06/24/16,20:56:00,0
06/24/16,20:57:00,0
06/24/16,20:58:00,0
06/24/16,20:59:00,0
06/24/16,21:00:00,0
06/24/16,21:01:00,0
06/24/16,21:02:00,0
06/24/16,21:03:00,0
06/24/16,21:04:00,0
06/24/16,21:05:00,0
06/24/16,21:06:00,0
06/24/16,21:07:00,0
06/24/16,21:08:00,0
06/24/16,21:09:00,0
06/24/16,21:10:00,0
06/24/16,21:11:00,0
06/24/16,21:12:00,0
06/24/16,21:13:00,0
06/24/16,21:14:00,0
06/24/16,21:15:00,0
06/24/16,21:16:00,0
06/24/16,21:17:00,0
06/24/16,21:18:00,0
06/24/16,21:19:00,0
06/24/16,21:20:00,0
06/24/16,21:21:00,0
06/24/16,21:22:00,0
06/24/16,21:23:00,0
06/24/16,21:24:00,0
06/24/16,21:25:00,0
06/24/16,21:26:00,0
06/24/16,21:27:00,0
06/24/16,21:28:00,0
06/24/16,21:29:00,0
06/24/16,21:30:00,0
06/24/16,21:31:00,0
06/24/16,21:32:00,0
06/24/16,21:33:00,0
06/24/16,21:34:00,0
06/24/16,21:35:00,0
06/24/16,21:36:00,0
06/24/16,21:37:00,0
06/24/16,21:38:00,0
06/24/16,21:39:00,0
06/24/16,21:40:00,0
06/24/16,21:41:00,0
06/24/16,21:42:00,0
06/24/16,21:43:00,0
06/24/16,21:44:00,0
06/24/16,21:45:00,0
06/24/16,21:46:00,0
06/24/16,21:47:00,0
06/24/16,21:48:00,0
06/24/16,21:49:00,0
06/24/16,21:50:00,0
06/24/16,21:51:00,0
06/24/16,21:52:00,0
06/24/16,21:53:00,0
06/24/16,21:54:00,0
06/24/16,21:55:00,0
06/24/16,21:56:00,0
06/24/16,21:57:00,0
06/24/16,21:58:00,0
06/24/16,21:59:00,0
06/24/16,22:00:00,0
06/24/16,22:01:00,0
06/24/16,22:02:00,0
06/24/16,22:03:00,0
06/24/16,22:04:00,0
06/24/16,22:05:00,0
06/24/16,22:06:00,0
06/24/16,22:07:00,0
06/24/16,22:08:00,0
06/24/16,22:09:00,0
06/24/16,22:10:00,0
06/24/16,22:11:00,0
06/24/16,22:12:00,0
06/24/16,22:13:00,0
06/24/16,22:14:00,0
06/24/16,22:15:00,0
06/24/16,22:16:00,0
06/24/16,22:17:00,0
06/24/16,22:18:00,0
06/24/16,22:19:00,0
06/24/16,22:20:00,0
06/24/16,22:21:00,0
06/24/16,22:22:00,0
06/24/16,22:23:00,0
06/24/16,22:24:00,0
06/24/16,22:25:00,0,016149
06/24/16,22:26:00,0,459583
06/24/16,22:27:00,0,6249357
06/24/16,22:28:00,1,27945
06/24/16,22:29:00,1,186027
06/24/16,22:30:00,1,346905
06/24/16,22:31:00,1,677377
06/24/16,22:32:00,1,875914
06/24/16,22:33:00,2,154681
06/24/16,22:34:00,1,950168
06/24/16,22:35:00,2,166572
06/24/16,22:36:00,2,115417
06/24/16,22:37:00,2,096205
06/24/16,22:38:00,2,113718
06/24/16,22:39:00,2,242784
06/24/16,22:40:00,2,143091
06/24/16,22:41:00,2,253925
06/24/16,22:42:00,2,305761
06/24/16,22:43:00,2,329544
06/24/16,22:44:00,2,511084
06/24/16,22:45:00,2,647337
06/24/16,22:46:00,2,693189
06/24/16,22:47:00,2,916855
06/24/16,22:48:00,3,972816
06/24/16,22:49:00,5,929031
06/24/16,22:50:00,0,6348239
06/24/16,22:51:00,0
06/24/16,22:52:00,0
06/24/16,22:53:00,0
06/24/16,22:54:00,0
06/24/16,22:55:00,0
06/24/16,22:56:00,0
06/24/16,22:57:00,0
06/24/16,22:58:00,0,2751617
06/24/16,22:59:00,1,000732
06/24/16,23:00:00,8,523542
06/24/16,23:01:00,14,23559
06/24/16,23:02:00,19,51651
06/24/16,23:03:00,24,04059
06/24/16,23:04:00,27,6992
06/24/16,23:05:00,30
06/24/16,23:06:00,30
06/24/16,23:07:00,30
06/24/16,23:08:00,30
06/24/16,23:09:00,30
06/24/16,23:10:00,30
06/24/16,23:11:00,30
06/24/16,23:12:00,30
06/24/16,23:13:00,30
06/24/16,23:14:00,30
06/24/16,23:15:00,30
06/24/16,23:16:00,30
06/24/16,23:17:00,30
06/24/16,23:18:00,30
06/24/16,23:19:00,30
06/24/16,23:20:00,30
06/24/16,23:21:00,30
06/24/16,23:22:00,30
06/24/16,23:23:00,30
06/24/16,23:24:00,30
06/24/16,23:25:00,30
06/24/16,23:26:00,30
06/24/16,23:27:00,30
06/24/16,23:28:00,30
06/24/16,23:29:00,30
06/24/16,23:30:00,30
06/24/16,23:31:00,30
06/24/16,23:32:00,30
06/24/16,23:33:00,30
06/24/16,23:34:00,30
06/24/16,23:35:00,30
06/24/16,23:36:00,30
06/24/16,23:37:00,30
06/24/16,23:38:00,30
06/24/16,23:39:00,30
06/24/16,23:40:00,30
06/24/16,23:41:00,30
06/24/16,23:42:00,30
06/24/16,23:43:00,30
06/24/16,23:44:00,30
06/24/16,23:45:00,30
06/24/16,23:46:00,30
06/24/16,23:47:00,30
06/24/16,23:48:00,30
06/24/16,23:49:00,30
06/24/16,23:50:00,30
06/24/16,23:51:00,30
06/24/16,23:52:00,30
06/24/16,23:53:00,30
06/24/16,23:54:00,30
06/24/16,23:55:00,30
06/24/16,23:56:00,30
06/24/16,23:57:00,30
06/24/16,23:58:00,30
06/24/16,23:59:00,30
06/25/16,00:00:00,30
06/25/16,00:01:00,30
06/25/16,00:02:00,30
06/25/16,00:03:00,30
06/25/16,00:04:00,30
06/25/16,00:05:00,30
06/25/16,00:06:00,30
06/25/16,00:07:00,30
06/25/16,00:08:00,30
06/25/16,00:09:00,30
06/25/16,00:10:00,30
06/25/16,00:11:00,30
06/25/16,00:12:00,30
06/25/16,00:13:00,30
06/25/16,00:14:00,30
06/25/16,00:15:00,30
06/25/16,00:16:00,30
06/25/16,00:17:00,30
06/25/16,00:18:00,30
06/25/16,00:19:00,30
06/25/16,00:20:00,30
06/25/16,00:21:00,30
06/25/16,00:22:00,30
06/25/16,00:23:00,30
06/25/16,00:24:00,30
06/25/16,00:25:00,30
06/25/16,00:26:00,19,78747
06/25/16,00:27:00,6,458003
06/25/16,00:28:00,5,152325
06/25/16,00:29:00,2,06747
06/25/16,00:30:00,0,9983594
06/25/16,00:31:00,1,552013
06/25/16,00:32:00,3,332551
06/25/16,00:33:00,4,209274
06/25/16,00:34:00,4,690148
06/25/16,00:35:00,4,817476
06/25/16,00:36:00,4,963584
06/25/16,00:37:00,4,229506
06/25/16,00:38:00,2,336912
06/25/16,00:39:00,1,184908
06/25/16,00:40:00,0,9076526
06/25/16,00:41:00,0,8067711
06/25/16,00:42:00,0,6968666
06/25/16,00:43:00,0,8553474
06/25/16,00:44:00,0,8213913
06/25/16,00:45:00,0,7668445
06/25/16,00:46:00,0,9838227
06/25/16,00:47:00,0,8298832
06/25/16,00:48:00,0,9493065
06/25/16,00:49:00,0,9424153
06/25/16,00:50:00,0,9851429
06/25/16,00:51:00,1,022551
06/25/16,00:52:00,1,011611
06/25/16,00:53:00,1,056143
06/25/16,00:54:00,0,9548122
06/25/16,00:55:00,1,064037
06/25/16,00:56:00,1,202455
06/25/16,00:57:00,1,204968
06/25/16,00:58:00,1,159519
06/25/16,00:59:00,1,274387
06/25/16,01:00:00,1,216108
06/25/16,01:01:00,1,257022
06/25/16,01:02:00,1,139776
06/25/16,01:03:00,1,172121
06/25/16,01:04:00,1,024843
06/25/16,01:05:00,0,950754
06/25/16,01:06:00,0,1646532
06/25/16,01:07:00,2,512179
06/25/16,01:08:00,4,772118
06/25/16,01:09:00,5,890111
06/25/16,01:10:00,6,676669
06/25/16,01:11:00,6,702169
06/25/16,01:12:00,7,990156
06/25/16,01:13:00,9,385845
06/25/16,01:14:00,10,2165
06/25/16,01:15:00,9,57301
06/25/16,01:16:00,9,231336
06/25/16,01:17:00,7,890348
06/25/16,01:18:00,4,139846
06/25/16,01:19:00,1,463026
06/25/16,01:20:00,2,985449
06/25/16,01:21:00,1,081084
06/25/16,01:22:00,1,604759
06/25/16,01:23:00,0,6046891
06/25/16,01:24:00,0,4156698
06/25/16,01:25:00,0,6840614
06/25/16,01:26:00,0,306045
06/25/16,01:27:00,0,5123328
06/25/16,01:28:00,0,1298903
06/25/16,01:29:00,0,2762927
06/25/16,01:30:00,0,396389
06/25/16,01:31:00,0,8987155
06/25/16,01:32:00,0,5461479
06/25/16,01:33:00,0,6342741
06/25/16,01:34:00,0,4756996
06/25/16,01:35:00,0,4126383
06/25/16,01:36:00,3,92818
06/25/16,01:37:00,4,082358
06/25/16,01:38:00,3,866363
06/25/16,01:39:00,0,3860985
06/25/16,01:40:00,0
06/25/16,01:41:00,0,6420426
06/25/16,01:42:00,0
06/25/16,01:43:00,0
06/25/16,01:44:00,0
06/25/16,01:45:00,0
06/25/16,01:46:00,0
06/25/16,01:47:00,0
06/25/16,01:48:00,0
06/25/16,01:49:00,0
06/25/16,01:50:00,0
06/25/16,01:51:00,0
06/25/16,01:52:00,
06/25/16,01:53:00,
06/25/16,01:54:00,
06/25/16,01:55:00,
06/25/16,01:56:00,
06/25/16,01:57:00,
06/25/16,01:58:00,
06/25/16,01:59:00,
06/25/16,02:00:00,
06/25/16,02:01:00,
06/25/16,02:02:00,
06/25/16,02:03:00,
06/25/16,02:04:00,
06/25/16,02:05:00,
06/25/16,02:06:00,
06/25/16,02:07:00,
06/25/16,02:08:00,
06/25/16,02:09:00,0,06877098
06/25/16,02:10:00,0,4529287
06/25/16,02:11:00,0,2460612
06/25/16,02:12:00,0
06/25/16,02:13:00,0
06/25/16,02:14:00,0
06/25/16,02:15:00,0
06/25/16,02:16:00,0
06/25/16,02:17:00,0
06/25/16,02:18:00,0
06/25/16,02:19:00,0
06/25/16,02:20:00,0
06/25/16,02:21:00,0
06/25/16,02:22:00,0
06/25/16,02:23:00,0
06/25/16,02:24:00,0
06/25/16,02:25:00,0
06/25/16,02:26:00,0
06/25/16,02:27:00,0
06/25/16,02:28:00,0
06/25/16,02:29:00,0
06/25/16,02:30:00,0
06/25/16,02:31:00,0
06/25/16,02:32:00,0
06/25/16,02:33:00,0
06/25/16,02:34:00,0
06/25/16,02:35:00,0
06/25/16,02:36:00,0
06/25/16,02:37:00,0
06/25/16,02:38:00,0
06/25/16,02:39:00,0
06/25/16,02:40:00,0
06/25/16,02:41:00,0
06/25/16,02:42:00,0
06/25/16,02:43:00,0
06/25/16,02:44:00,0
06/25/16,02:45:00,0
06/25/16,02:46:00,0
06/25/16,02:47:00,0
06/25/16,02:48:00,0
06/25/16,02:49:00,0
06/25/16,02:50:00,0
06/25/16,02:51:00,0
06/25/16,02:52:00,0
06/25/16,02:53:00,0
06/25/16,02:54:00,0
06/25/16,02:55:00,0
06/25/16,02:56:00,0
06/25/16,02:57:00,0,274888
06/25/16,02:58:00,0
06/25/16,02:59:00,0
06/25/16,03:00:00,0
06/25/16,03:01:00,0
06/25/16,03:02:00,0
06/25/16,03:03:00,0
06/25/16,03:04:00,0
06/25/16,03:05:00,0
06/25/16,03:06:00,0
06/25/16,03:07:00,0
06/25/16,03:08:00,0
06/25/16,03:09:00,0
06/25/16,03:10:00,0,1389241
06/25/16,03:11:00,0,5383799
06/25/16,03:12:00,0,2655604
06/25/16,03:13:00,0,4236695
06/25/16,03:14:00,0,2315866
06/25/16,03:15:00,0,2720149
06/25/16,03:16:00,0,3343989
06/25/16,03:17:00,0,2430023
06/25/16,03:18:00,0,4656594
06/25/16,03:19:00,0,5984175
06/25/16,03:20:00,1,029321
06/25/16,03:21:00,1,214927
06/25/16,03:22:00,2,392936
06/25/16,03:23:00,7,197451
06/25/16,03:24:00,15,89211
06/25/16,03:25:00,23,99101
06/25/16,03:26:00,27,49155
06/25/16,03:27:00,29,122
06/25/16,03:28:00,30
06/25/16,03:29:00,30
06/25/16,03:30:00,30
06/25/16,03:31:00,30
06/25/16,03:32:00,30
06/25/16,03:33:00,30
06/25/16,03:34:00,30
06/25/16,03:35:00,30
06/25/16,03:36:00,30
06/25/16,03:37:00,30
06/25/16,03:38:00,30
06/25/16,03:39:00,30
06/25/16,03:40:00,30
06/25/16,03:41:00,30
06/25/16,03:42:00,30
06/25/16,03:43:00,30
06/25/16,03:44:00,30
06/25/16,03:45:00,30
06/25/16,03:46:00,30
06/25/16,03:47:00,30
06/25/16,03:48:00,30
06/25/16,03:49:00,30
06/25/16,03:50:00,30
06/25/16,03:51:00,30
06/25/16,03:52:00,30
06/25/16,03:53:00,30
06/25/16,03:54:00,30
06/25/16,03:55:00,30
06/25/16,03:56:00,30
06/25/16,03:57:00,30
06/25/16,03:58:00,30
06/25/16,03:59:00,30
06/25/16,04:00:00,30
06/25/16,04:01:00,30
06/25/16,04:02:00,30
06/25/16,04:03:00,30
06/25/16,04:04:00,30
06/25/16,04:05:00,30
06/25/16,04:06:00,27,55927
06/25/16,04:07:00,4,746678
06/25/16,04:08:00,1,991293
06/25/16,04:09:00,0,5565424
06/25/16,04:10:00,0,8498624
06/25/16,04:11:00,0,7288145
06/25/16,04:12:00,0,7847964
06/25/16,04:13:00,0,7494248
06/25/16,04:14:00,0,9650917
06/25/16,04:15:00,0,8743461
06/25/16,04:16:00,0,8155513
06/25/16,04:17:00,0,8215717
06/25/16,04:18:00,0,7888942
06/25/16,04:19:00,0,9621657
06/25/16,04:20:00,0,9085649
06/25/16,04:21:00,0,8913051
06/25/16,04:22:00,0,9938712
06/25/16,04:23:00,0,9903961
06/25/16,04:24:00,0,9913327
06/25/16,04:25:00,1,068463
06/25/16,04:26:00,1,027422
06/25/16,04:27:00,1,063349
06/25/16,04:28:00,1,10998
06/25/16,04:29:00,0,9991972
06/25/16,04:30:00,0,9558972
06/25/16,04:31:00,1,157624
06/25/16,04:32:00,1,171928
06/25/16,04:33:00,1,085095
06/25/16,04:34:00,1,095557
06/25/16,04:35:00,1,065562
06/25/16,04:36:00,1,140569
06/25/16,04:37:00,1,148905
06/25/16,04:38:00,1,074158
06/25/16,04:39:00,1,094223
06/25/16,04:40:00,1,11862
06/25/16,04:41:00,1,067567
06/25/16,04:42:00,1,156939
06/25/16,04:43:00,1,139001
06/25/16,04:44:00,1,121568
06/25/16,04:45:00,1,156232
06/25/16,04:46:00,1,115985
06/25/16,04:47:00,1,244522
06/25/16,04:48:00,1,258861
06/25/16,04:49:00,1,236525
06/25/16,04:50:00,1,182782
06/25/16,04:51:00,1,089955
06/25/16,04:52:00,1,090569
06/25/16,04:53:00,1,134795
06/25/16,04:54:00,1,252795
06/25/16,04:55:00,1,238074
06/25/16,04:56:00,1,229632
06/25/16,04:57:00,1,279059
06/25/16,04:58:00,1,329315
06/25/16,04:59:00,1,164232
06/25/16,05:00:00,1,182198
06/25/16,05:01:00,1,180017
06/25/16,05:02:00,1,102516
06/25/16,05:03:00,1,147576
06/25/16,05:04:00,1,088356
06/25/16,05:05:00,1,107142
06/25/16,05:06:00,1,165195
06/25/16,05:07:00,1,177137
06/25/16,05:08:00,1,240143
06/25/16,05:09:00,1,282359
06/25/16,05:10:00,1,245539
06/25/16,05:11:00,1,206314
06/25/16,05:12:00,1,252476
06/25/16,05:13:00,1,145364
06/25/16,05:14:00,1,193698
06/25/16,05:15:00,1,256362
06/25/16,05:16:00,1,082593
06/25/16,05:17:00,1,092233
06/25/16,05:18:00,1,077378
06/25/16,05:19:00,1,189096
06/25/16,05:20:00,0,9649147
06/25/16,05:21:00,1,046464
06/25/16,05:22:00,1,198835
06/25/16,05:23:00,1,118794
06/25/16,05:24:00,1,148378
06/25/16,05:25:00,1,108633
06/25/16,05:26:00,1,195264
06/25/16,05:27:00,1,122352
06/25/16,05:28:00,1,13574
06/25/16,05:29:00,1,046324
06/25/16,05:30:00,1,174597
06/25/16,05:31:00,1,080116
06/25/16,05:32:00,1,12533
06/25/16,05:33:00,1,092988
06/25/16,05:34:00,1,139059
06/25/16,05:35:00,1,169724
06/25/16,05:36:00,1,144943
06/25/16,05:37:00,1,167316
06/25/16,05:38:00,1,042074
06/25/16,05:39:00,1,151845
06/25/16,05:40:00,1,106612
06/25/16,05:41:00,1,132994
06/25/16,05:42:00,1,188484
06/25/16,05:43:00,1,050158
06/25/16,05:44:00,1,103519
06/25/16,05:45:00,1,293747
06/25/16,05:46:00,1,085422
06/25/16,05:47:00,1,089771
06/25/16,05:48:00,1,092673
06/25/16,05:49:00,1,129627
06/25/16,05:50:00,1,131526
06/25/16,05:51:00,1,070611
06/25/16,05:52:00,1,271054
06/25/16,05:53:00,1,232612
06/25/16,05:54:00,1,099542
06/25/16,05:55:00,1,049249
06/25/16,05:56:00,1,192147
06/25/16,05:57:00,1,019422
06/25/16,05:58:00,1,012489
06/25/16,05:59:00,1,180942
06/25/16,06:00:00,1,035517
06/25/16,06:01:00,1,170944
06/25/16,06:02:00,1,18236
06/25/16,06:03:00,1,209067
06/25/16,06:04:00,1,133371
06/25/16,06:05:00,1,018763
06/25/16,06:06:00,1,173324
06/25/16,06:07:00,1,107302
06/25/16,06:08:00,1,037371
06/25/16,06:09:00,1,007174
06/25/16,06:10:00,1,042296
06/25/16,06:11:00,1,042034
06/25/16,06:12:00,1,059793
06/25/16,06:13:00,1,156343
06/25/16,06:14:00,1,210459
06/25/16,06:15:00,1,06449
06/25/16,06:16:00,1,106618
06/25/16,06:17:00,1,128899
06/25/16,06:18:00,1,061978
06/25/16,06:19:00,1,093866
06/25/16,06:20:00,1,026409
06/25/16,06:21:00,1,071795
06/25/16,06:22:00,1,063105
06/25/16,06:23:00,1,079119
06/25/16,06:24:00,1,011965
06/25/16,06:25:00,1,011471
06/25/16,06:26:00,1,071112
06/25/16,06:27:00,1,078128
06/25/16,06:28:00,1,025071
06/25/16,06:29:00,1,190612
06/25/16,06:30:00,1,067998
06/25/16,06:31:00,1,069625
06/25/16,06:32:00,1,076832
06/25/16,06:33:00,1,070664
06/25/16,06:34:00,1,074234
06/25/16,06:35:00,1,008557
06/25/16,06:36:00,1,078108
06/25/16,06:37:00,0,9792315
06/25/16,06:38:00,1,135322
06/25/16,06:39:00,1,112993
06/25/16,06:40:00,1,14624
06/25/16,06:41:00,1,252195
06/25/16,06:42:00,1,096324
06/25/16,06:43:00,1,220984
06/25/16,06:44:00,1,114545
06/25/16,06:45:00,0,9771689
06/25/16,06:46:00,1,023141
06/25/16,06:47:00,1,114413
06/25/16,06:48:00,1,121536
06/25/16,06:49:00,1,148581
06/25/16,06:50:00,1,053719
06/25/16,06:51:00,1,052189
06/25/16,06:52:00,1,049617
06/25/16,06:53:00,1,063633
06/25/16,06:54:00,1,080191
06/25/16,06:55:00,0,9572679
06/25/16,06:56:00,1,138318
06/25/16,06:57:00,1,030817
06/25/16,06:58:00,1,019072
06/25/16,06:59:00,1,128295
06/25/16,07:00:00,1,048867
06/25/16,07:01:00,1,055066
06/25/16,07:02:00,1,063713
06/25/16,07:03:00,0,8937969
06/25/16,07:04:00,1,152598
06/25/16,07:05:00,1,048775
06/25/16,07:06:00,1,160449
06/25/16,07:07:00,2,395407
06/25/16,07:08:00,4,006329
06/25/16,07:09:00,5,070311
06/25/16,07:10:00,7,726023
06/25/16,07:11:00,10,05111
06/25/16,07:12:00,10,12496
06/25/16,07:13:00,9,743534
06/25/16,07:14:00,7,366217
06/25/16,07:15:00,4,033197
06/25/16,07:16:00,2,257151
06/25/16,07:17:00,1,391564
06/25/16,07:18:00,1,187476
06/25/16,07:19:00,1,220008
06/25/16,07:20:00,1,367878
06/25/16,07:21:00,1,278076
06/25/16,07:22:00,1,328957
06/25/16,07:23:00,1,330851
06/25/16,07:24:00,1,461726
06/25/16,07:25:00,1,428064
06/25/16,07:26:00,1,429014
06/25/16,07:27:00,1,399907
06/25/16,07:28:00,1,313346
06/25/16,07:29:00,1,505266
06/25/16,07:30:00,1,427719
06/25/16,07:31:00,1,441861
06/25/16,07:32:00,1,22699
06/25/16,07:33:00,1,461043
06/25/16,07:34:00,1,439209
06/25/16,07:35:00,1,363009
06/25/16,07:36:00,1,427986
06/25/16,07:37:00,1,350172
06/25/16,07:38:00,1,441651
06/25/16,07:39:00,1,420594
06/25/16,07:40:00,1,334519
06/25/16,07:41:00,1,624842
06/25/16,07:42:00,1,67928
06/25/16,07:43:00,1,577241
06/25/16,07:44:00,1,655625
06/25/16,07:45:00,1,954776
06/25/16,07:46:00,1,584397
06/25/16,07:47:00,1,828775
06/25/16,07:48:00,2,213731
06/25/16,07:49:00,2,762976
06/25/16,07:50:00,3,319873
06/25/16,07:51:00,2,866688
06/25/16,07:52:00,2,598468
06/25/16,07:53:00,2,388589
06/25/16,07:54:00,2,236117
06/25/16,07:55:00,1,500395
06/25/16,07:56:00,1,592933
06/25/16,07:57:00,1,360369
06/25/16,07:58:00,1,578871
06/25/16,07:59:00,1,373679
06/25/16,08:00:00,1,447483
06/25/16,08:01:00,1,52126
06/25/16,08:02:00,1,427375
06/25/16,08:03:00,1,450072
06/25/16,08:04:00,1,433542
06/25/16,08:05:00,1,467836
06/25/16,08:06:00,1,454836
06/25/16,08:07:00,1,385524
06/25/16,08:08:00,1,43122
06/25/16,08:09:00,1,519341
06/25/16,08:10:00,1,636951
06/25/16,08:11:00,1,463277
06/25/16,08:12:00,1,268682
06/25/16,08:13:00,1,493118
06/25/16,08:14:00,1,493776
06/25/16,08:15:00,1,414366
06/25/16,08:16:00,1,481166
06/25/16,08:17:00,1,663862
06/25/16,08:18:00,1,537444
06/25/16,08:19:00,1,533549
06/25/16,08:20:00,1,627755
06/25/16,08:21:00,1,497952
06/25/16,08:22:00,1,556156
06/25/16,08:23:00,1,624106
06/25/16,08:24:00,1,519522
06/25/16,08:25:00,1,457056
06/25/16,08:26:00,1,352238
06/25/16,08:27:00,1,405381
06/25/16,08:28:00,1,411635
06/25/16,08:29:00,1,57011
06/25/16,08:30:00,1,515447
06/25/16,08:31:00,1,321465
06/25/16,08:32:00,1,364399
06/25/16,08:33:00,1,50504
06/25/16,08:34:00,1,496085
06/25/16,08:35:00,1,535782
06/25/16,08:36:00,1,447967
06/25/16,08:37:00,1,61465
06/25/16,08:38:00,1,64344
06/25/16,08:39:00,1,540927
06/25/16,08:40:00,1,622827
06/25/16,08:41:00,1,669314
06/25/16,08:42:00,1,488505
06/25/16,08:43:00,1,395406
06/25/16,08:44:00,1,478777
06/25/16,08:45:00,1,570299
06/25/16,08:46:00,1,500438
06/25/16,08:47:00,1,522981
06/25/16,08:48:00,1,549942
06/25/16,08:49:00,1,423783
06/25/16,08:50:00,1,345871
06/25/16,08:51:00,1,488967
06/25/16,08:52:00,1,43948
06/25/16,08:53:00,1,492993
06/25/16,08:54:00,1,565188
06/25/16,08:55:00,1,458487
06/25/16,08:56:00,1,451333
06/25/16,08:57:00,1,502246
06/25/16,08:58:00,1,590169
06/25/16,08:59:00,1,508876
06/25/16,09:00:00,1,440891
06/25/16,09:01:00,1,399753
06/25/16,09:02:00,1,401531
06/25/16,09:03:00,1,468456
06/25/16,09:04:00,1,32382
06/25/16,09:05:00,1,489506
06/25/16,09:06:00,1,399427
06/25/16,09:07:00,1,393348
06/25/16,09:08:00,1,463641
06/25/16,09:09:00,1,305088
06/25/16,09:10:00,1,443776
06/25/16,09:11:00,1,442601
06/25/16,09:12:00,1,470435
06/25/16,09:13:00,1,362359
06/25/16,09:14:00,1,570216
06/25/16,09:15:00,1,488207
06/25/16,09:16:00,1,495473
06/25/16,09:17:00,1,549449
06/25/16,09:18:00,1,5558
06/25/16,09:19:00,1,488027
06/25/16,09:20:00,1,395387
06/25/16,09:21:00,1,494061
06/25/16,09:22:00,1,494455
06/25/16,09:23:00,1,670586
06/25/16,09:24:00,1,679774
06/25/16,09:25:00,1,682959
06/25/16,09:26:00,1,520662
06/25/16,09:27:00,1,447315
06/25/16,09:28:00,1,364517
06/25/16,09:29:00,1,65616
06/25/16,09:30:00,2,292651
06/25/16,09:31:00,3,312515
06/25/16,09:32:00,3,715604
06/25/16,09:33:00,4,1796
06/25/16,09:34:00,4,327399
06/25/16,09:35:00,4,595626
06/25/16,09:36:00,4,806554
06/25/16,09:37:00,4,818414
06/25/16,09:38:00,5,094371
06/25/16,09:39:00,5,235537
06/25/16,09:40:00,5,326553
06/25/16,09:41:00,5,460002
06/25/16,09:42:00,5,547899
06/25/16,09:43:00,5,855141
06/25/16,09:44:00,5,848952
06/25/16,09:45:00,5,868321
06/25/16,09:46:00,5,892721
06/25/16,09:47:00,6,049651
06/25/16,09:48:00,6,086394
06/25/16,09:49:00,6,045514
06/25/16,09:50:00,6,143165
06/25/16,09:51:00,6,107716
06/25/16,09:52:00,6,0616
06/25/16,09:53:00,6,154211
06/25/16,09:54:00,6,222391
06/25/16,09:55:00,6,177088
06/25/16,09:56:00,6,245058
06/25/16,09:57:00,6,200015
06/25/16,09:58:00,6,347509
06/25/16,09:59:00,6,341793
06/25/16,10:00:00,6,390797
06/25/16,10:01:00,6,329849
06/25/16,10:02:00,6,179873
06/25/16,10:03:00,6,161549
06/25/16,10:04:00,6,157488
06/25/16,10:05:00,6,151901
06/25/16,10:06:00,6,244374
06/25/16,10:07:00,6,1557
06/25/16,10:08:00,5,931287
06/25/16,10:09:00,5,759943
06/25/16,10:10:00,5,850871
06/25/16,10:11:00,5,958097
06/25/16,10:12:00,6,042497
06/25/16,10:13:00,6,140085
06/25/16,10:14:00,6,297483
06/25/16,10:15:00,5,947105
06/25/16,10:16:00,5,599772
06/25/16,10:17:00,5,834355
06/25/16,10:18:00,5,916469
06/25/16,10:19:00,6,108168
06/25/16,10:20:00,4,344922
06/25/16,10:21:00,0
06/25/16,10:22:00,0
06/25/16,10:23:00,1,061652
06/25/16,10:24:00,2,048154
06/25/16,10:25:00,1,708788
06/25/16,10:26:00,1,167961
06/25/16,10:27:00,1,027289
06/25/16,10:28:00,1,208325
06/25/16,10:29:00,1,613039
06/25/16,10:30:00,1,575889
06/25/16,10:31:00,1,13818
06/25/16,10:32:00,1,118448
06/25/16,10:33:00,0,9188751
06/25/16,10:34:00,0,6212638
06/25/16,10:35:00,0,403896
06/25/16,10:36:00,0
06/25/16,10:37:00,0
06/25/16,10:38:00,0
06/25/16,10:39:00,0
06/25/16,10:40:00,0
06/25/16,10:41:00,0
06/25/16,10:42:00,0
06/25/16,10:43:00,0
06/25/16,10:44:00,0
06/25/16,10:45:00,0
06/25/16,10:46:00,0
06/25/16,10:47:00,0
06/25/16,10:48:00,0
06/25/16,10:49:00,0
06/25/16,10:50:00,0
06/25/16,10:51:00,3,075096
06/25/16,10:52:00,4,133125
06/25/16,10:53:00,5,19588
06/25/16,10:54:00,2,838093
06/25/16,10:55:00,1,827791
06/25/16,10:56:00,1,385697
06/25/16,10:57:00,1,414698
06/25/16,10:58:00,0,7563419
06/25/16,10:59:00,0
06/25/16,11:00:00,0,2715065
06/25/16,11:01:00,0,610453
06/25/16,11:02:00,2,924876
06/25/16,11:03:00,0
06/25/16,11:04:00,5,111288
06/25/16,11:05:00,21,48976
06/25/16,11:06:00,19,81116
06/25/16,11:07:00,14,78293
06/25/16,11:08:00,10,21768
06/25/16,11:09:00,6,465094
06/25/16,11:10:00,3,584616
06/25/16,11:11:00,1,704574
06/25/16,11:12:00,0,1985434
06/25/16,11:13:00,0
06/25/16,11:14:00,0
06/25/16,11:15:00,0
06/25/16,11:16:00,0,002239545
06/25/16,11:17:00,11,23719
06/25/16,11:18:00,10,46562
06/25/16,11:19:00,2,988322
06/25/16,11:20:00,0
06/25/16,11:21:00,0
06/25/16,11:22:00,0
06/25/16,11:23:00,0
06/25/16,11:24:00,0
06/25/16,11:25:00,0
06/25/16,11:26:00,0
06/25/16,11:27:00,0
06/25/16,11:28:00,0
06/25/16,11:29:00,0
06/25/16,11:30:00,0
06/25/16,11:31:00,0
06/25/16,11:32:00,0
06/25/16,11:33:00,0
06/25/16,11:34:00,0
06/25/16,11:35:00,0
06/25/16,11:36:00,0
06/25/16,11:37:00,0
06/25/16,11:38:00,0
06/25/16,11:39:00,0
06/25/16,11:40:00,0
06/25/16,11:41:00,0
06/25/16,11:42:00,0
06/25/16,11:43:00,0
06/25/16,11:44:00,0
06/25/16,11:45:00,0
06/25/16,11:46:00,0
06/25/16,11:47:00,0
06/25/16,11:48:00,0
06/25/16,11:49:00,0
06/25/16,11:50:00,0
06/25/16,11:51:00,0
06/25/16,11:52:00,0
06/25/16,11:53:00,0
06/25/16,11:54:00,0
06/25/16,11:55:00,0
06/25/16,11:56:00,0
06/25/16,11:57:00,0
06/25/16,11:58:00,0
06/25/16,11:59:00,0
06/25/16,12:00:00,0
06/25/16,12:01:00,0
06/25/16,12:02:00,0
06/25/16,12:03:00,0
06/25/16,12:04:00,0
06/25/16,12:05:00,0
06/25/16,12:06:00,0
06/25/16,12:07:00,0
06/25/16,12:08:00,0
06/25/16,12:09:00,0
06/25/16,12:10:00,0
06/25/16,12:11:00,0
06/25/16,12:12:00,0
06/25/16,12:13:00,0
06/25/16,12:14:00,0
06/25/16,12:15:00,0
06/25/16,12:16:00,0
06/25/16,12:17:00,0
06/25/16,12:18:00,0
06/25/16,12:19:00,0
06/25/16,12:20:00,0
06/25/16,12:21:00,0
06/25/16,12:22:00,0
06/25/16,12:23:00,0
06/25/16,12:24:00,0
06/25/16,12:25:00,0
06/25/16,12:26:00,0
06/25/16,12:27:00,0
06/25/16,12:28:00,0
06/25/16,12:29:00,0
06/25/16,12:30:00,0
06/25/16,12:31:00,0
06/25/16,12:32:00,0
06/25/16,12:33:00,0,3564521
06/25/16,12:34:00,0,7184423
06/25/16,12:35:00,1,08241
06/25/16,12:36:00,1,267308
06/25/16,12:37:00,1,45358
06/25/16,12:38:00,1,900541
06/25/16,12:39:00,2,188395
06/25/16,12:40:00,2,242345
06/25/16,12:41:00,2,492612
06/25/16,12:42:00,2,645855
06/25/16,12:43:00,2,933938
06/25/16,12:44:00,3,022096
06/25/16,12:45:00,3,196034
06/25/16,12:46:00,3,166704
06/25/16,12:47:00,3,477591
06/25/16,12:48:00,3,512958
06/25/16,12:49:00,3,457875
06/25/16,12:50:00,3,589037
06/25/16,12:51:00,3,682665
06/25/16,12:52:00,3,726951
06/25/16,12:53:00,3,697978
06/25/16,12:54:00,3,787438
06/25/16,12:55:00,3,984581
06/25/16,12:56:00,4,17185
06/25/16,12:57:00,4,217367
06/25/16,12:58:00,4,181938
06/25/16,12:59:00,4,39533
06/25/16,13:00:00,4,511458
06/25/16,13:01:00,4,368773
06/25/16,13:02:00,4,549428
06/25/16,13:03:00,4,787691
06/25/16,13:04:00,4,865213
06/25/16,13:05:00,4,968748
06/25/16,13:06:00,4,959719
06/25/16,13:07:00,4,935728
06/25/16,13:08:00,5,004558
06/25/16,13:09:00,5,224867
06/25/16,13:10:00,5,241921
06/25/16,13:11:00,5,230735
06/25/16,13:12:00,5,386344
06/25/16,13:13:00,5,485571
06/25/16,13:14:00,5,565681
06/25/16,13:15:00,5,515652
06/25/16,13:16:00,5,531662
06/25/16,13:17:00,5,672619
06/25/16,13:18:00,5,801557
06/25/16,13:19:00,5,702187
06/25/16,13:20:00,5,770608
06/25/16,13:21:00,5,812226
06/25/16,13:22:00,5,953422
06/25/16,13:23:00,5,797245
06/25/16,13:24:00,6,125335
06/25/16,13:25:00,5,889616
06/25/16,13:26:00,5,957998
06/25/16,13:27:00,6,042409
06/25/16,13:28:00,6,122944
06/25/16,13:29:00,6,238254
06/25/16,13:30:00,6,230954
06/25/16,13:31:00,6,209049
06/25/16,13:32:00,6,264752
06/25/16,13:33:00,6,296203
06/25/16,13:34:00,6,253225
06/25/16,13:35:00,6,360627
06/25/16,13:36:00,6,478197
06/25/16,13:37:00,6,584794
06/25/16,13:38:00,6,341665
06/25/16,13:39:00,6,311622
06/25/16,13:40:00,6,368255
06/25/16,13:41:00,6,689005
06/25/16,13:42:00,6,665515
06/25/16,13:43:00,6,410188
06/25/16,13:44:00,6,60854
06/25/16,13:45:00,6,621566
06/25/16,13:46:00,6,631017
06/25/16,13:47:00,6,795716
06/25/16,13:48:00,6,641865
06/25/16,13:49:00,6,733652
06/25/16,13:50:00,6,736025
06/25/16,13:51:00,6,658455
06/25/16,13:52:00,6,889418
06/25/16,13:53:00,6,745152
06/25/16,13:54:00,6,738782
06/25/16,13:55:00,6,81085
06/25/16,13:56:00,6,894851
06/25/16,13:57:00,6,925092
06/25/16,13:58:00,6,942972
06/25/16,13:59:00,7,002983
06/25/16,14:00:00,7,00454
06/25/16,14:01:00,7,004823
06/25/16,14:02:00,7,097645
06/25/16,14:03:00,7,091761
06/25/16,14:04:00,7,214319
06/25/16,14:05:00,7,16523
06/25/16,14:06:00,7,176023
06/25/16,14:07:00,7,160598
06/25/16,14:08:00,7,168454
06/25/16,14:09:00,7,290679
06/25/16,14:10:00,7,133445
06/25/16,14:11:00,7,287079
06/25/16,14:12:00,7,122358
06/25/16,14:13:00,7,186258
06/25/16,14:14:00,7,253313
06/25/16,14:15:00,7,277918
06/25/16,14:16:00,7,257592
06/25/16,14:17:00,7,160336
06/25/16,14:18:00,7,232567
06/25/16,14:19:00,7,181039
06/25/16,14:20:00,7,212785
06/25/16,14:21:00,7,433683
06/25/16,14:22:00,7,32311
06/25/16,14:23:00,7,275636
06/25/16,14:24:00,7,38749
06/25/16,14:25:00,7,382245
06/25/16,14:26:00,7,287523
06/25/16,14:27:00,7,310981
06/25/16,14:28:00,7,244301
06/25/16,14:29:00,7,23379
06/25/16,14:30:00,7,335058
06/25/16,14:31:00,7,358685
06/25/16,14:32:00,7,434596
06/25/16,14:33:00,7,378942
06/25/16,14:34:00,7,345734
06/25/16,14:35:00,7,223893
06/25/16,14:36:00,7,367148
06/25/16,14:37:00,7,548918
06/25/16,14:38:00,7,384359
06/25/16,14:39:00,7,474416
06/25/16,14:40:00,7,356402
06/25/16,14:41:00,7,452608
06/25/16,14:42:00,7,322745
06/25/16,14:43:00,7,547195
06/25/16,14:44:00,7,291072
06/25/16,14:45:00,7,505775
06/25/16,14:46:00,7,316404
06/25/16,14:47:00,7,382373
06/25/16,14:48:00,7,302362
06/25/16,14:49:00,7,350415
06/25/16,14:50:00,7,458579
06/25/16,14:51:00,7,425554
06/25/16,14:52:00,7,294026
06/25/16,14:53:00,7,307328
06/25/16,14:54:00,7,330771
06/25/16,14:55:00,7,375426
06/25/16,14:56:00,7,456099
06/25/16,14:57:00,7,478691
06/25/16,14:58:00,7,401488
06/25/16,14:59:00,7,193452
06/25/16,15:00:00,7,284846
06/25/16,15:01:00,7,370388
06/25/16,15:02:00,7,530191
06/25/16,15:03:00,7,470199
06/25/16,15:04:00,7,415805
06/25/16,15:05:00,7,408361
06/25/16,15:06:00,7,272769
06/25/16,15:07:00,7,345011
06/25/16,15:08:00,7,455507
06/25/16,15:09:00,7,449681
06/25/16,15:10:00,7,398993
06/25/16,15:11:00,7,469898
06/25/16,15:12:00,7,353242
06/25/16,15:13:00,7,337964
06/25/16,15:14:00,7,401023
06/25/16,15:15:00,7,4164
06/25/16,15:16:00,7,356225
06/25/16,15:17:00,7,349706
06/25/16,15:18:00,7,444928
06/25/16,15:19:00,7,297497
06/25/16,15:20:00,7,348505
06/25/16,15:21:00,7,249183
06/25/16,15:22:00,7,163388
06/25/16,15:23:00,7,280495
06/25/16,15:24:00,7,350238
06/25/16,15:25:00,7,272475
06/25/16,15:26:00,7,367031
06/25/16,15:27:00,7,310296
06/25/16,15:28:00,7,266675
06/25/16,15:29:00,7,328238
06/25/16,15:30:00,7,254364
06/25/16,15:31:00,
06/25/16,15:32:00,
06/25/16,15:33:00,
06/25/16,15:34:00,
06/25/16,15:35:00,
06/25/16,15:36:00,
06/25/16,15:37:00,
06/25/16,15:38:00,
06/25/16,15:39:00,
06/25/16,15:40:00,
06/25/16,15:41:00,
06/25/16,15:42:00,
06/25/16,15:43:00,
06/25/16,15:44:00,
06/25/16,15:45:00,
06/25/16,15:46:00,
06/25/16,15:47:00,
06/25/16,15:48:00,
06/25/16,15:49:00,
06/25/16,15:50:00,
06/25/16,15:51:00,
06/25/16,15:52:00,
06/25/16,15:53:00,
06/25/16,15:54:00,
06/25/16,15:55:00,
06/25/16,15:56:00,
06/25/16,15:57:00,
06/25/16,15:58:00,
06/25/16,15:59:00,
06/25/16,16:00:00,
06/25/16,16:01:00,
06/25/16,16:02:00,
06/25/16,16:03:00,
06/25/16,16:04:00,
06/25/16,16:05:00,
06/25/16,16:06:00,
06/25/16,16:07:00,
06/25/16,16:08:00,
06/25/16,16:09:00,
06/25/16,16:10:00,
06/25/16,16:11:00,
06/25/16,16:12:00,
06/25/16,16:13:00,
06/25/16,16:14:00,
06/25/16,16:15:00,
06/25/16,16:16:00,
06/25/16,16:17:00,
06/25/16,16:18:00,
06/25/16,16:19:00,
06/25/16,16:20:00,
06/25/16,16:21:00,
06/25/16,16:22:00,
06/25/16,16:23:00,
06/25/16,16:24:00,
06/25/16,16:25:00,
06/25/16,16:26:00,
06/25/16,16:27:00,
06/25/16,16:28:00,
06/25/16,16:29:00,
06/25/16,16:30:00,
06/25/16,16:31:00,
06/25/16,16:32:00,
06/25/16,16:33:00,
06/25/16,16:34:00,
06/25/16,16:35:00,
06/25/16,16:36:00,
06/25/16,16:37:00,
06/25/16,16:38:00,
06/25/16,16:39:00,
06/25/16,16:40:00,
06/25/16,16:41:00,
06/25/16,16:42:00,
06/25/16,16:43:00,
06/25/16,16:44:00,
06/25/16,16:45:00,
06/25/16,16:46:00,
06/25/16,16:47:00,
06/25/16,16:48:00,
06/25/16,16:49:00,
06/25/16,16:50:00,
06/25/16,16:51:00,
06/25/16,16:52:00,
06/25/16,16:53:00,
06/25/16,16:54:00,
06/25/16,16:55:00,
06/25/16,16:56:00,
06/25/16,16:57:00,
06/25/16,16:58:00,
06/25/16,16:59:00,
06/25/16,17:00:00,
06/25/16,17:01:00,
06/25/16,17:02:00,
06/25/16,17:03:00,
06/25/16,17:04:00,
06/25/16,17:05:00,
06/25/16,17:06:00,
06/25/16,17:07:00,
06/25/16,17:08:00,
06/25/16,17:09:00,
06/25/16,17:10:00,
06/25/16,17:11:00,
06/25/16,17:12:00,
06/25/16,17:13:00,
06/25/16,17:14:00,
06/25/16,17:15:00,
06/25/16,17:16:00,
06/25/16,17:17:00,
06/25/16,17:18:00,
06/25/16,17:19:00,
06/25/16,17:20:00,
06/25/16,17:21:00,
06/25/16,17:22:00,
06/25/16,17:23:00,
06/25/16,17:24:00,
06/25/16,17:25:00,
06/25/16,17:26:00,
06/25/16,17:27:00,
06/25/16,17:28:00,
06/25/16,17:29:00,
06/25/16,17:30:00,
06/25/16,17:31:00,
06/25/16,17:32:00,
06/25/16,17:33:00,
06/25/16,17:34:00,
06/25/16,17:35:00,
06/25/16,17:36:00,
06/25/16,17:37:00,
06/25/16,17:38:00,
06/25/16,17:39:00,
06/25/16,17:40:00,
06/25/16,17:41:00,
06/25/16,17:42:00,
06/25/16,17:43:00,
06/25/16,17:44:00,
06/25/16,17:45:00,
06/25/16,17:46:00,
06/25/16,17:47:00,
06/25/16,17:48:00,
06/25/16,17:49:00,
06/25/16,17:50:00,
06/25/16,17:51:00,
06/25/16,17:52:00,
06/25/16,17:53:00,
06/25/16,17:54:00,
06/25/16,17:55:00,
06/25/16,17:56:00,
06/25/16,17:57:00,
06/25/16,17:58:00,
06/25/16,17:59:00,
06/25/16,18:00:00,
06/25/16,18:01:00,
06/25/16,18:02:00,
06/25/16,18:03:00,
06/25/16,18:04:00,
06/25/16,18:05:00,
06/25/16,18:06:00,
06/25/16,18:07:00,
06/25/16,18:08:00,
06/25/16,18:09:00,
06/25/16,18:10:00,
06/25/16,18:11:00,
06/25/16,18:12:00,
06/25/16,18:13:00,
06/25/16,18:14:00,
06/25/16,18:15:00,
06/25/16,18:16:00,
06/25/16,18:17:00,
06/25/16,18:18:00,
06/25/16,18:19:00,
06/25/16,18:20:00,
06/25/16,18:21:00,
06/25/16,18:22:00,
06/25/16,18:23:00,
06/25/16,18:24:00,
06/25/16,18:25:00,
06/25/16,18:26:00,
06/25/16,18:27:00,
06/25/16,18:28:00,
06/25/16,18:29:00,
06/25/16,18:30:00,
06/25/16,18:31:00,
06/25/16,18:32:00,
06/25/16,18:33:00,
06/25/16,18:34:00,
06/25/16,18:35:00,
06/25/16,18:36:00,
06/25/16,18:37:00,
06/25/16,18:38:00,
06/25/16,18:39:00,
06/25/16,18:40:00,
06/25/16,18:41:00,
06/25/16,18:42:00,
06/25/16,18:43:00,
06/25/16,18:44:00,
06/25/16,18:45:00,
06/25/16,18:46:00,
06/25/16,18:47:00,
06/25/16,18:48:00,
06/25/16,18:49:00,
06/25/16,18:50:00,
06/25/16,18:51:00,
06/25/16,18:52:00,
06/25/16,18:53:00,
06/25/16,18:54:00,
06/25/16,18:55:00,
06/25/16,18:56:00,
06/25/16,18:57:00,
06/25/16,18:58:00,
06/25/16,18:59:00,
06/25/16,19:00:00,
06/25/16,19:01:00,
06/25/16,19:02:00,
06/25/16,19:03:00,
06/25/16,19:04:00,
06/25/16,19:05:00,
06/25/16,19:06:00,
06/25/16,19:07:00,
06/25/16,19:08:00,
06/25/16,19:09:00,
06/25/16,19:10:00,
06/25/16,19:11:00,
06/25/16,19:12:00,
06/25/16,19:13:00,
06/25/16,19:14:00,
06/25/16,19:15:00,
06/25/16,19:16:00,
06/25/16,19:17:00,
06/25/16,19:18:00,
06/25/16,19:19:00,
06/25/16,19:20:00,
06/25/16,19:21:00,
06/25/16,19:22:00,
06/25/16,19:23:00,
06/25/16,19:24:00,
06/25/16,19:25:00,
06/25/16,19:26:00,
06/25/16,19:27:00,
06/25/16,19:28:00,
06/25/16,19:29:00,
06/25/16,19:30:00,
06/25/16,19:31:00,
06/25/16,19:32:00,
06/25/16,19:33:00,
06/25/16,19:34:00,
06/25/16,19:35:00,
06/25/16,19:36:00,
06/25/16,19:37:00,
06/25/16,19:38:00,
06/25/16,19:39:00,
06/25/16,19:40:00,
06/25/16,19:41:00,
06/25/16,19:42:00,
06/25/16,19:43:00,
06/25/16,19:44:00,
06/25/16,19:45:00,
06/25/16,19:46:00,
06/25/16,19:47:00,
06/25/16,19:48:00,
06/25/16,19:49:00,
06/25/16,19:50:00,
06/25/16,19:51:00,
06/25/16,19:52:00,
06/25/16,19:53:00,
06/25/16,19:54:00,
06/25/16,19:55:00,
06/25/16,19:56:00,
06/25/16,19:57:00,
06/25/16,19:58:00,
06/25/16,19:59:00,
06/25/16,20:00:00,
06/25/16,20:01:00,
06/25/16,20:02:00,
06/25/16,20:03:00,
06/25/16,20:04:00,
06/25/16,20:05:00,
06/25/16,20:06:00,
06/25/16,20:07:00,
06/25/16,20:08:00,
06/25/16,20:09:00,
06/25/16,20:10:00,
06/25/16,20:11:00,
06/25/16,20:12:00,
06/25/16,20:13:00,
06/25/16,20:14:00,
06/25/16,20:15:00,
06/25/16,20:16:00,
06/25/16,20:17:00,
06/25/16,20:18:00,
06/25/16,20:19:00,
06/25/16,20:20:00,
06/25/16,20:21:00,
06/25/16,20:22:00,
06/25/16,20:23:00,
06/25/16,20:24:00,
06/25/16,20:25:00,
06/25/16,20:26:00,
06/25/16,20:27:00,
06/25/16,20:28:00,
06/25/16,20:29:00,
06/25/16,20:30:00,
06/25/16,20:31:00,
06/25/16,20:32:00,
06/25/16,20:33:00,
06/25/16,20:34:00,
06/25/16,20:35:00,
06/25/16,20:36:00,
06/25/16,20:37:00,
06/25/16,20:38:00,
06/25/16,20:39:00,
06/25/16,20:40:00,
06/25/16,20:41:00,
06/25/16,20:42:00,
06/25/16,20:43:00,
06/25/16,20:44:00,
06/25/16,20:45:00,
06/25/16,20:46:00,
06/25/16,20:47:00,
06/25/16,20:48:00,
06/25/16,20:49:00,
06/25/16,20:50:00,
06/25/16,20:51:00,
06/25/16,20:52:00,
06/25/16,20:53:00,
06/25/16,20:54:00,
06/25/16,20:55:00,
06/25/16,20:56:00,
06/25/16,20:57:00,
06/25/16,20:58:00,
06/25/16,20:59:00,
06/25/16,21:00:00,
06/25/16,21:01:00,
06/25/16,21:02:00,
06/25/16,21:03:00,
06/25/16,21:04:00,
06/25/16,21:05:00,
06/25/16,21:06:00,
06/25/16,21:07:00,
06/25/16,21:08:00,
06/25/16,21:09:00,
06/25/16,21:10:00,
06/25/16,21:11:00,
06/25/16,21:12:00,
06/25/16,21:13:00,
06/25/16,21:14:00,
06/25/16,21:15:00,
06/25/16,21:16:00,
06/25/16,21:17:00,
06/25/16,21:18:00,
06/25/16,21:19:00,
06/25/16,21:20:00,
06/25/16,21:21:00,
06/25/16,21:22:00,
06/25/16,21:23:00,
06/25/16,21:24:00,
06/25/16,21:25:00,
06/25/16,21:26:00,
06/25/16,21:27:00,
06/25/16,21:28:00,
06/25/16,21:29:00,
06/25/16,21:30:00,
06/25/16,21:31:00,
06/25/16,21:32:00,
06/25/16,21:33:00,
06/25/16,21:34:00,
06/25/16,21:35:00,
06/25/16,21:36:00,
06/25/16,21:37:00,
06/25/16,21:38:00,
06/25/16,21:39:00,
06/25/16,21:40:00,
06/25/16,21:41:00,
06/25/16,21:42:00,
06/25/16,21:43:00,
06/25/16,21:44:00,
06/25/16,21:45:00,
06/25/16,21:46:00,
06/25/16,21:47:00,
06/25/16,21:48:00,
06/25/16,21:49:00,
06/25/16,21:50:00,
06/25/16,21:51:00,
06/25/16,21:52:00,
06/25/16,21:53:00,
06/25/16,21:54:00,
06/25/16,21:55:00,
06/25/16,21:56:00,
06/25/16,21:57:00,
06/25/16,21:58:00,
06/25/16,21:59:00,
06/25/16,22:00:00,
06/25/16,22:01:00,
06/25/16,22:02:00,
06/25/16,22:03:00,
06/25/16,22:04:00,
06/25/16,22:05:00,
06/25/16,22:06:00,
06/25/16,22:07:00,
06/25/16,22:08:00,
06/25/16,22:09:00,
06/25/16,22:10:00,
06/25/16,22:11:00,
06/25/16,22:12:00,
06/25/16,22:13:00,
06/25/16,22:14:00,
06/25/16,22:15:00,
06/25/16,22:16:00,
06/25/16,22:17:00,
06/25/16,22:18:00,
06/25/16,22:19:00,
06/25/16,22:20:00,
06/25/16,22:21:00,
06/25/16,22:22:00,
06/25/16,22:23:00,
06/25/16,22:24:00,
06/25/16,22:25:00,
06/25/16,22:26:00,
06/25/16,22:27:00,
06/25/16,22:28:00,
06/25/16,22:29:00,
06/25/16,22:30:00,
06/25/16,22:31:00,
06/25/16,22:32:00,
06/25/16,22:33:00,
06/25/16,22:34:00,
06/25/16,22:35:00,
06/25/16,22:36:00,
06/25/16,22:37:00,
06/25/16,22:38:00,
06/25/16,22:39:00,
06/25/16,22:40:00,
06/25/16,22:41:00,
06/25/16,22:42:00,
06/25/16,22:43:00,
06/25/16,22:44:00,
06/25/16,22:45:00,
06/25/16,22:46:00,
06/25/16,22:47:00,
06/25/16,22:48:00,
06/25/16,22:49:00,
06/25/16,22:50:00,
06/25/16,22:51:00,
06/25/16,22:52:00,
06/25/16,22:53:00,
06/25/16,22:54:00,
06/25/16,22:55:00,
06/25/16,22:56:00,
06/25/16,22:57:00,
06/25/16,22:58:00,
06/25/16,22:59:00,
06/25/16,23:00:00,
06/25/16,23:01:00,
06/25/16,23:02:00,
06/25/16,23:03:00,
06/25/16,23:04:00,
06/25/16,23:05:00,
06/25/16,23:06:00,
06/25/16,23:07:00,
06/25/16,23:08:00,
06/25/16,23:09:00,
06/25/16,23:10:00,
06/25/16,23:11:00,
06/25/16,23:12:00,
06/25/16,23:13:00,
06/25/16,23:14:00,
06/25/16,23:15:00,
06/25/16,23:16:00,
06/25/16,23:17:00,
06/25/16,23:18:00,
06/25/16,23:19:00,
06/25/16,23:20:00,
06/25/16,23:21:00,
06/25/16,23:22:00,
06/25/16,23:23:00,
06/25/16,23:24:00,
06/25/16,23:25:00,
06/25/16,23:26:00,
06/25/16,23:27:00,
06/25/16,23:28:00,
06/25/16,23:29:00,
06/25/16,23:30:00,
06/25/16,23:31:00,
06/25/16,23:32:00,
06/25/16,23:33:00,
06/25/16,23:34:00,
06/25/16,23:35:00,
06/25/16,23:36:00,
06/25/16,23:37:00,
06/25/16,23:38:00,
06/25/16,23:39:00,
06/25/16,23:40:00,
06/25/16,23:41:00,
06/25/16,23:42:00,
06/25/16,23:43:00,
06/25/16,23:44:00,
06/25/16,23:45:00,
06/25/16,23:46:00,
06/25/16,23:47:00,
06/25/16,23:48:00,
06/25/16,23:49:00,
06/25/16,23:50:00,
06/25/16,23:51:00,
06/25/16,23:52:00,
06/25/16,23:53:00,
06/25/16,23:54:00,
06/25/16,23:55:00,
06/25/16,23:56:00,
06/25/16,23:57:00,
06/25/16,23:58:00,
06/25/16,23:59:00,
06/26/16,00:00:00,
06/26/16,00:01:00,
06/26/16,00:02:00,
06/26/16,00:03:00,
06/26/16,00:04:00,
06/26/16,00:05:00,
06/26/16,00:06:00,
06/26/16,00:07:00,
06/26/16,00:08:00,
06/26/16,00:09:00,
06/26/16,00:10:00,
06/26/16,00:11:00,
06/26/16,00:12:00,
06/26/16,00:13:00,
06/26/16,00:14:00,
06/26/16,00:15:00,
06/26/16,00:16:00,
06/26/16,00:17:00,
06/26/16,00:18:00,
06/26/16,00:19:00,
06/26/16,00:20:00,
06/26/16,00:21:00,
06/26/16,00:22:00,
06/26/16,00:23:00,
06/26/16,00:24:00,
06/26/16,00:25:00,
06/26/16,00:26:00,
06/26/16,00:27:00,
06/26/16,00:28:00,
06/26/16,00:29:00,
06/26/16,00:30:00,
06/26/16,00:31:00,
06/26/16,00:32:00,
06/26/16,00:33:00,
06/26/16,00:34:00,
06/26/16,00:35:00,
06/26/16,00:36:00,
06/26/16,00:37:00,
06/26/16,00:38:00,
06/26/16,00:39:00,
06/26/16,00:40:00,
06/26/16,00:41:00,
06/26/16,00:42:00,
06/26/16,00:43:00,
06/26/16,00:44:00,
06/26/16,00:45:00,
06/26/16,00:46:00,
06/26/16,00:47:00,
06/26/16,00:48:00,
06/26/16,00:49:00,
06/26/16,00:50:00,
06/26/16,00:51:00,
06/26/16,00:52:00,
06/26/16,00:53:00,
06/26/16,00:54:00,
06/26/16,00:55:00,
06/26/16,00:56:00,
06/26/16,00:57:00,
06/26/16,00:58:00,
06/26/16,00:59:00,
06/26/16,01:00:00,
06/26/16,01:01:00,
06/26/16,01:02:00,
06/26/16,01:03:00,
06/26/16,01:04:00,
06/26/16,01:05:00,
06/26/16,01:06:00,
06/26/16,01:07:00,
06/26/16,01:08:00,
06/26/16,01:09:00,
06/26/16,01:10:00,
06/26/16,01:11:00,
06/26/16,01:12:00,
06/26/16,01:13:00,
06/26/16,01:14:00,
06/26/16,01:15:00,
06/26/16,01:16:00,
06/26/16,01:17:00,
06/26/16,01:18:00,
06/26/16,01:19:00,
06/26/16,01:20:00,
06/26/16,01:21:00,
06/26/16,01:22:00,
06/26/16,01:23:00,
06/26/16,01:24:00,
06/26/16,01:25:00,
06/26/16,01:26:00,
06/26/16,01:27:00,
06/26/16,01:28:00,
06/26/16,01:29:00,
06/26/16,01:30:00,
06/26/16,01:31:00,
06/26/16,01:32:00,
06/26/16,01:33:00,
06/26/16,01:34:00,
06/26/16,01:35:00,
06/26/16,01:36:00,
06/26/16,01:37:00,
06/26/16,01:38:00,
06/26/16,01:39:00,
06/26/16,01:40:00,
06/26/16,01:41:00,
06/26/16,01:42:00,
06/26/16,01:43:00,
06/26/16,01:44:00,
06/26/16,01:45:00,
06/26/16,01:46:00,
06/26/16,01:47:00,
06/26/16,01:48:00,
06/26/16,01:49:00,
06/26/16,01:50:00,
06/26/16,01:51:00,
06/26/16,01:52:00,
06/26/16,01:53:00,
06/26/16,01:54:00,
06/26/16,01:55:00,
06/26/16,01:56:00,
06/26/16,01:57:00,
06/26/16,01:58:00,
06/26/16,01:59:00,
06/26/16,02:00:00,
06/26/16,02:01:00,
06/26/16,02:02:00,
06/26/16,02:03:00,
06/26/16,02:04:00,
06/26/16,02:05:00,
06/26/16,02:06:00,
06/26/16,02:07:00,
06/26/16,02:08:00,
06/26/16,02:09:00,
06/26/16,02:10:00,
06/26/16,02:11:00,
06/26/16,02:12:00,
06/26/16,02:13:00,
06/26/16,02:14:00,
06/26/16,02:15:00,
06/26/16,02:16:00,
06/26/16,02:17:00,
06/26/16,02:18:00,
06/26/16,02:19:00,
06/26/16,02:20:00,
06/26/16,02:21:00,
06/26/16,02:22:00,
06/26/16,02:23:00,
06/26/16,02:24:00,
06/26/16,02:25:00,
06/26/16,02:26:00,
06/26/16,02:27:00,
06/26/16,02:28:00,
06/26/16,02:29:00,
06/26/16,02:30:00,
06/26/16,02:31:00,
06/26/16,02:32:00,
06/26/16,02:33:00,
06/26/16,02:34:00,
06/26/16,02:35:00,
06/26/16,02:36:00,
06/26/16,02:37:00,
06/26/16,02:38:00,
06/26/16,02:39:00,
06/26/16,02:40:00,
06/26/16,02:41:00,
06/26/16,02:42:00,
06/26/16,02:43:00,
06/26/16,02:44:00,
06/26/16,02:45:00,
06/26/16,02:46:00,
06/26/16,02:47:00,
06/26/16,02:48:00,
06/26/16,02:49:00,
06/26/16,02:50:00,
06/26/16,02:51:00,
06/26/16,02:52:00,
06/26/16,02:53:00,
06/26/16,02:54:00,
06/26/16,02:55:00,
06/26/16,02:56:00,
06/26/16,02:57:00,
06/26/16,02:58:00,
06/26/16,02:59:00,
06/26/16,03:00:00,
06/26/16,03:01:00,
06/26/16,03:02:00,
06/26/16,03:03:00,
06/26/16,03:04:00,
06/26/16,03:05:00,
06/26/16,03:06:00,
06/26/16,03:07:00,
06/26/16,03:08:00,
06/26/16,03:09:00,
06/26/16,03:10:00,
06/26/16,03:11:00,
06/26/16,03:12:00,
06/26/16,03:13:00,
06/26/16,03:14:00,
06/26/16,03:15:00,
06/26/16,03:16:00,
06/26/16,03:17:00,
06/26/16,03:18:00,
06/26/16,03:19:00,
06/26/16,03:20:00,
06/26/16,03:21:00,
06/26/16,03:22:00,
06/26/16,03:23:00,
06/26/16,03:24:00,
06/26/16,03:25:00,
06/26/16,03:26:00,
06/26/16,03:27:00,
06/26/16,03:28:00,
06/26/16,03:29:00,
06/26/16,03:30:00,
06/26/16,03:31:00,
06/26/16,03:32:00,
06/26/16,03:33:00,
06/26/16,03:34:00,
06/26/16,03:35:00,
06/26/16,03:36:00,
06/26/16,03:37:00,
06/26/16,03:38:00,
06/26/16,03:39:00,
06/26/16,03:40:00,
06/26/16,03:41:00,
06/26/16,03:42:00,
06/26/16,03:43:00,
06/26/16,03:44:00,
06/26/16,03:45:00,
06/26/16,03:46:00,
06/26/16,03:47:00,
06/26/16,03:48:00,
06/26/16,03:49:00,
06/26/16,03:50:00,
06/26/16,03:51:00,
06/26/16,03:52:00,
06/26/16,03:53:00,
06/26/16,03:54:00,
06/26/16,03:55:00,
06/26/16,03:56:00,
06/26/16,03:57:00,
06/26/16,03:58:00,
06/26/16,03:59:00,
06/26/16,04:00:00,
06/26/16,04:01:00,
06/26/16,04:02:00,
06/26/16,04:03:00,
06/26/16,04:04:00,
06/26/16,04:05:00,
06/26/16,04:06:00,
06/26/16,04:07:00,
06/26/16,04:08:00,
06/26/16,04:09:00,
06/26/16,04:10:00,
06/26/16,04:11:00,
06/26/16,04:12:00,
06/26/16,04:13:00,
06/26/16,04:14:00,
06/26/16,04:15:00,
06/26/16,04:16:00,
06/26/16,04:17:00,
06/26/16,04:18:00,
06/26/16,04:19:00,
06/26/16,04:20:00,
06/26/16,04:21:00,
06/26/16,04:22:00,
06/26/16,04:23:00,
06/26/16,04:24:00,
06/26/16,04:25:00,
06/26/16,04:26:00,
06/26/16,04:27:00,
06/26/16,04:28:00,
06/26/16,04:29:00,
06/26/16,04:30:00,
06/26/16,04:31:00,
06/26/16,04:32:00,
06/26/16,04:33:00,
06/26/16,04:34:00,
06/26/16,04:35:00,
06/26/16,04:36:00,
06/26/16,04:37:00,
06/26/16,04:38:00,
06/26/16,04:39:00,
06/26/16,04:40:00,
06/26/16,04:41:00,
06/26/16,04:42:00,
06/26/16,04:43:00,
06/26/16,04:44:00,
06/26/16,04:45:00,
06/26/16,04:46:00,
06/26/16,04:47:00,
06/26/16,04:48:00,
06/26/16,04:49:00,
06/26/16,04:50:00,
06/26/16,04:51:00,
06/26/16,04:52:00,
06/26/16,04:53:00,
06/26/16,04:54:00,
06/26/16,04:55:00,
06/26/16,04:56:00,
06/26/16,04:57:00,
06/26/16,04:58:00,
06/26/16,04:59:00,
06/26/16,05:00:00,
06/26/16,05:01:00,
06/26/16,05:02:00,
06/26/16,05:03:00,
06/26/16,05:04:00,
06/26/16,05:05:00,
06/26/16,05:06:00,
06/26/16,05:07:00,
06/26/16,05:08:00,
06/26/16,05:09:00,
06/26/16,05:10:00,
06/26/16,05:11:00,
06/26/16,05:12:00,
06/26/16,05:13:00,
06/26/16,05:14:00,
06/26/16,05:15:00,
06/26/16,05:16:00,
06/26/16,05:17:00,
06/26/16,05:18:00,
06/26/16,05:19:00,
06/26/16,05:20:00,
06/26/16,05:21:00,
06/26/16,05:22:00,
06/26/16,05:23:00,
06/26/16,05:24:00,
06/26/16,05:25:00,
06/26/16,05:26:00,
06/26/16,05:27:00,
06/26/16,05:28:00,
06/26/16,05:29:00,
06/26/16,05:30:00,
06/26/16,05:31:00,
06/26/16,05:32:00,
06/26/16,05:33:00,
06/26/16,05:34:00,
06/26/16,05:35:00,
06/26/16,05:36:00,
06/26/16,05:37:00,
06/26/16,05:38:00,
06/26/16,05:39:00,
06/26/16,05:40:00,
06/26/16,05:41:00,
06/26/16,05:42:00,
06/26/16,05:43:00,
06/26/16,05:44:00,
06/26/16,05:45:00,
06/26/16,05:46:00,
06/26/16,05:47:00,
06/26/16,05:48:00,
06/26/16,05:49:00,
06/26/16,05:50:00,
06/26/16,05:51:00,
06/26/16,05:52:00,
06/26/16,05:53:00,
06/26/16,05:54:00,
06/26/16,05:55:00,
06/26/16,05:56:00,
06/26/16,05:57:00,
06/26/16,05:58:00,
06/26/16,05:59:00,
06/26/16,06:00:00,
06/26/16,06:01:00,
06/26/16,06:02:00,
06/26/16,06:03:00,
06/26/16,06:04:00,
06/26/16,06:05:00,
06/26/16,06:06:00,
06/26/16,06:07:00,
06/26/16,06:08:00,
06/26/16,06:09:00,
06/26/16,06:10:00,
06/26/16,06:11:00,
06/26/16,06:12:00,
06/26/16,06:13:00,
06/26/16,06:14:00,
06/26/16,06:15:00,
06/26/16,06:16:00,
06/26/16,06:17:00,
06/26/16,06:18:00,
06/26/16,06:19:00,
06/26/16,06:20:00,
06/26/16,06:21:00,
06/26/16,06:22:00,
06/26/16,06:23:00,
06/26/16,06:24:00,
06/26/16,06:25:00,
06/26/16,06:26:00,
06/26/16,06:27:00,
06/26/16,06:28:00,
06/26/16,06:29:00,
06/26/16,06:30:00,
06/26/16,06:31:00,
06/26/16,06:32:00,
06/26/16,06:33:00,
06/26/16,06:34:00,
06/26/16,06:35:00,
06/26/16,06:36:00,
06/26/16,06:37:00,
06/26/16,06:38:00,
06/26/16,06:39:00,
06/26/16,06:40:00,
06/26/16,06:41:00,
06/26/16,06:42:00,
06/26/16,06:43:00,
06/26/16,06:44:00,
06/26/16,06:45:00,
06/26/16,06:46:00,
06/26/16,06:47:00,
06/26/16,06:48:00,
06/26/16,06:49:00,
06/26/16,06:50:00,
06/26/16,06:51:00,
06/26/16,06:52:00,
06/26/16,06:53:00,
06/26/16,06:54:00,
06/26/16,06:55:00,
06/26/16,06:56:00,
06/26/16,06:57:00,
06/26/16,06:58:00,
06/26/16,06:59:00,
06/26/16,07:00:00,
06/26/16,07:01:00,
06/26/16,07:02:00,
06/26/16,07:03:00,
06/26/16,07:04:00,
06/26/16,07:05:00,
06/26/16,07:06:00,
06/26/16,07:07:00,
06/26/16,07:08:00,
06/26/16,07:09:00,
06/26/16,07:10:00,
06/26/16,07:11:00,
06/26/16,07:12:00,
06/26/16,07:13:00,
06/26/16,07:14:00,
06/26/16,07:15:00,
06/26/16,07:16:00,
06/26/16,07:17:00,
06/26/16,07:18:00,
06/26/16,07:19:00,
06/26/16,07:20:00,
06/26/16,07:21:00,
06/26/16,07:22:00,
06/26/16,07:23:00,
06/26/16,07:24:00,
06/26/16,07:25:00,
06/26/16,07:26:00,
06/26/16,07:27:00,
06/26/16,07:28:00,
06/26/16,07:29:00,
06/26/16,07:30:00,
06/26/16,07:31:00,
06/26/16,07:32:00,
06/26/16,07:33:00,
06/26/16,07:34:00,
06/26/16,07:35:00,
06/26/16,07:36:00,
06/26/16,07:37:00,
06/26/16,07:38:00,
06/26/16,07:39:00,
06/26/16,07:40:00,
06/26/16,07:41:00,
06/26/16,07:42:00,
06/26/16,07:43:00,
06/26/16,07:44:00,
06/26/16,07:45:00,
06/26/16,07:46:00,
06/26/16,07:47:00,
06/26/16,07:48:00,
06/26/16,07:49:00,
06/26/16,07:50:00,
06/26/16,07:51:00,
06/26/16,07:52:00,
06/26/16,07:53:00,
06/26/16,07:54:00,
06/26/16,07:55:00,
06/26/16,07:56:00,
06/26/16,07:57:00,
06/26/16,07:58:00,
06/26/16,07:59:00,
06/26/16,08:00:00,
06/26/16,08:01:00,
06/26/16,08:02:00,
06/26/16,08:03:00,
06/26/16,08:04:00,
06/26/16,08:05:00,
06/26/16,08:06:00,
06/26/16,08:07:00,
06/26/16,08:08:00,
06/26/16,08:09:00,
06/26/16,08:10:00,
06/26/16,08:11:00,
06/26/16,08:12:00,
06/26/16,08:13:00,
06/26/16,08:14:00,
06/26/16,08:15:00,
06/26/16,08:16:00,
06/26/16,08:17:00,
06/26/16,08:18:00,
06/26/16,08:19:00,
06/26/16,08:20:00,
06/26/16,08:21:00,
06/26/16,08:22:00,
06/26/16,08:23:00,
06/26/16,08:24:00,
06/26/16,08:25:00,
06/26/16,08:26:00,
06/26/16,08:27:00,
06/26/16,08:28:00,
06/26/16,08:29:00,
06/26/16,08:30:00,
06/26/16,08:31:00,
06/26/16,08:32:00,
06/26/16,08:33:00,
06/26/16,08:34:00,
06/26/16,08:35:00,
06/26/16,08:36:00,
06/26/16,08:37:00,
06/26/16,08:38:00,
06/26/16,08:39:00,
06/26/16,08:40:00,
06/26/16,08:41:00,
06/26/16,08:42:00,
06/26/16,08:43:00,
06/26/16,08:44:00,
06/26/16,08:45:00,
06/26/16,08:46:00,
06/26/16,08:47:00,
06/26/16,08:48:00,
06/26/16,08:49:00,
06/26/16,08:50:00,
06/26/16,08:51:00,
06/26/16,08:52:00,
06/26/16,08:53:00,
06/26/16,08:54:00,
06/26/16,08:55:00,
06/26/16,08:56:00,
06/26/16,08:57:00,
06/26/16,08:58:00,
06/26/16,08:59:00,
06/26/16,09:00:00,
06/26/16,09:01:00,
06/26/16,09:02:00,
06/26/16,09:03:00,
06/26/16,09:04:00,
06/26/16,09:05:00,
06/26/16,09:06:00,
06/26/16,09:07:00,
06/26/16,09:08:00,
06/26/16,09:09:00,
06/26/16,09:10:00,
06/26/16,09:11:00,
06/26/16,09:12:00,
06/26/16,09:13:00,
06/26/16,09:14:00,
06/26/16,09:15:00,
06/26/16,09:16:00,
06/26/16,09:17:00,
06/26/16,09:18:00,
06/26/16,09:19:00,
06/26/16,09:20:00,
06/26/16,09:21:00,
06/26/16,09:22:00,
06/26/16,09:23:00,
06/26/16,09:24:00,
06/26/16,09:25:00,
06/26/16,09:26:00,
06/26/16,09:27:00,
06/26/16,09:28:00,
06/26/16,09:29:00,
06/26/16,09:30:00,
06/26/16,09:31:00,
06/26/16,09:32:00,
06/26/16,09:33:00,
06/26/16,09:34:00,
06/26/16,09:35:00,
06/26/16,09:36:00,
06/26/16,09:37:00,
06/26/16,09:38:00,
06/26/16,09:39:00,
06/26/16,09:40:00,
06/26/16,09:41:00,
06/26/16,09:42:00,
06/26/16,09:43:00,
06/26/16,09:44:00,
06/26/16,09:45:00,
06/26/16,09:46:00,
06/26/16,09:47:00,
06/26/16,09:48:00,
06/26/16,09:49:00,
06/26/16,09:50:00,
06/26/16,09:51:00,
06/26/16,09:52:00,
06/26/16,09:53:00,
06/26/16,09:54:00,
06/26/16,09:55:00,
06/26/16,09:56:00,
06/26/16,09:57:00,
06/26/16,09:58:00,
06/26/16,09:59:00,
06/26/16,10:00:00,
06/26/16,10:01:00,
06/26/16,10:02:00,
06/26/16,10:03:00,
06/26/16,10:04:00,
06/26/16,10:05:00,
06/26/16,10:06:00,
06/26/16,10:07:00,
06/26/16,10:08:00,
06/26/16,10:09:00,
06/26/16,10:10:00,
06/26/16,10:11:00,
06/26/16,10:12:00,
06/26/16,10:13:00,
06/26/16,10:14:00,
06/26/16,10:15:00,
06/26/16,10:16:00,
06/26/16,10:17:00,
06/26/16,10:18:00,
06/26/16,10:19:00,
06/26/16,10:20:00,
06/26/16,10:21:00,
06/26/16,10:22:00,
06/26/16,10:23:00,
06/26/16,10:24:00,
06/26/16,10:25:00,
06/26/16,10:26:00,
06/26/16,10:27:00,
06/26/16,10:28:00,
06/26/16,10:29:00,
06/26/16,10:30:00,
06/26/16,10:31:00,
06/26/16,10:32:00,
06/26/16,10:33:00,
06/26/16,10:34:00,
06/26/16,10:35:00,
06/26/16,10:36:00,
06/26/16,10:37:00,
06/26/16,10:38:00,
06/26/16,10:39:00,
06/26/16,10:40:00,
06/26/16,10:41:00,
06/26/16,10:42:00,
06/26/16,10:43:00,
06/26/16,10:44:00,
06/26/16,10:45:00,
06/26/16,10:46:00,
06/26/16,10:47:00,
06/26/16,10:48:00,
06/26/16,10:49:00,
06/26/16,10:50:00,
06/26/16,10:51:00,
06/26/16,10:52:00,
06/26/16,10:53:00,
06/26/16,10:54:00,
06/26/16,10:55:00,
06/26/16,10:56:00,
06/26/16,10:57:00,
06/26/16,10:58:00,
06/26/16,10:59:00,
06/26/16,11:00:00,
06/26/16,11:01:00,
06/26/16,11:02:00,
06/26/16,11:03:00,
06/26/16,11:04:00,
06/26/16,11:05:00,
06/26/16,11:06:00,
06/26/16,11:07:00,
06/26/16,11:08:00,
06/26/16,11:09:00,
06/26/16,11:10:00,
06/26/16,11:11:00,
06/26/16,11:12:00,
06/26/16,11:13:00,
06/26/16,11:14:00,
06/26/16,11:15:00,
06/26/16,11:16:00,
06/26/16,11:17:00,
06/26/16,11:18:00,
06/26/16,11:19:00,
06/26/16,11:20:00,
06/26/16,11:21:00,
06/26/16,11:22:00,
06/26/16,11:23:00,
06/26/16,11:24:00,
06/26/16,11:25:00,
06/26/16,11:26:00,
06/26/16,11:27:00,
06/26/16,11:28:00,
06/26/16,11:29:00,
06/26/16,11:30:00,
06/26/16,11:31:00,
06/26/16,11:32:00,
06/26/16,11:33:00,
06/26/16,11:34:00,
06/26/16,11:35:00,
06/26/16,11:36:00,
06/26/16,11:37:00,
06/26/16,11:38:00,
06/26/16,11:39:00,
06/26/16,11:40:00,
06/26/16,11:41:00,
06/26/16,11:42:00,
06/26/16,11:43:00,
06/26/16,11:44:00,
06/26/16,11:45:00,
06/26/16,11:46:00,
06/26/16,11:47:00,
06/26/16,11:48:00,
06/26/16,11:49:00,
06/26/16,11:50:00,
06/26/16,11:51:00,
06/26/16,11:52:00,
06/26/16,11:53:00,
06/26/16,11:54:00,
06/26/16,11:55:00,
06/26/16,11:56:00,
06/26/16,11:57:00,
06/26/16,11:58:00,
06/26/16,11:59:00,
06/26/16,12:00:00,
06/26/16,12:01:00,
06/26/16,12:02:00,
06/26/16,12:03:00,
06/26/16,12:04:00,
06/26/16,12:05:00,
06/26/16,12:06:00,
06/26/16,12:07:00,
06/26/16,12:08:00,
06/26/16,12:09:00,
06/26/16,12:10:00,
06/26/16,12:11:00,
06/26/16,12:12:00,
06/26/16,12:13:00,
06/26/16,12:14:00,
06/26/16,12:15:00,
06/26/16,12:16:00,
06/26/16,12:17:00,
06/26/16,12:18:00,
06/26/16,12:19:00,
06/26/16,12:20:00,
06/26/16,12:21:00,
06/26/16,12:22:00,
06/26/16,12:23:00,
06/26/16,12:24:00,
06/26/16,12:25:00,
06/26/16,12:26:00,
06/26/16,12:27:00,
06/26/16,12:28:00,
06/26/16,12:29:00,
06/26/16,12:30:00,
06/26/16,12:31:00,
06/26/16,12:32:00,
06/26/16,12:33:00,
06/26/16,12:34:00,
06/26/16,12:35:00,
06/26/16,12:36:00,
06/26/16,12:37:00,
06/26/16,12:38:00,
06/26/16,12:39:00,
06/26/16,12:40:00,
06/26/16,12:41:00,
06/26/16,12:42:00,
06/26/16,12:43:00,
06/26/16,12:44:00,
06/26/16,12:45:00,
06/26/16,12:46:00,
06/26/16,12:47:00,
06/26/16,12:48:00,
06/26/16,12:49:00,
06/26/16,12:50:00,
06/26/16,12:51:00,
06/26/16,12:52:00,
06/26/16,12:53:00,
06/26/16,12:54:00,
06/26/16,12:55:00,
06/26/16,12:56:00,
06/26/16,12:57:00,
06/26/16,12:58:00,
06/26/16,12:59:00,
06/26/16,13:00:00,
06/26/16,13:01:00,
06/26/16,13:02:00,
06/26/16,13:03:00,
06/26/16,13:04:00,
06/26/16,13:05:00,
06/26/16,13:06:00,
06/26/16,13:07:00,
06/26/16,13:08:00,
06/26/16,13:09:00,
06/26/16,13:10:00,
06/26/16,13:11:00,
06/26/16,13:12:00,
06/26/16,13:13:00,
06/26/16,13:14:00,
06/26/16,13:15:00,
06/26/16,13:16:00,
06/26/16,13:17:00,
06/26/16,13:18:00,
06/26/16,13:19:00,
06/26/16,13:20:00,
06/26/16,13:21:00,
06/26/16,13:22:00,
06/26/16,13:23:00,
06/26/16,13:24:00,
06/26/16,13:25:00,
06/26/16,13:26:00,
06/26/16,13:27:00,
06/26/16,13:28:00,
06/26/16,13:29:00,
06/26/16,13:30:00,
06/26/16,13:31:00,
06/26/16,13:32:00,
06/26/16,13:33:00,
06/26/16,13:34:00,
06/26/16,13:35:00,
06/26/16,13:36:00,
06/26/16,13:37:00,
06/26/16,13:38:00,
06/26/16,13:39:00,
06/26/16,13:40:00,
06/26/16,13:41:00,
06/26/16,13:42:00,
06/26/16,13:43:00,
06/26/16,13:44:00,
06/26/16,13:45:00,
06/26/16,13:46:00,
06/26/16,13:47:00,
06/26/16,13:48:00,
06/26/16,13:49:00,
06/26/16,13:50:00,
06/26/16,13:51:00,
06/26/16,13:52:00,
06/26/16,13:53:00,
06/26/16,13:54:00,
06/26/16,13:55:00,
06/26/16,13:56:00,
06/26/16,13:57:00,
06/26/16,13:58:00,
06/26/16,13:59:00,
06/26/16,14:00:00,
06/26/16,14:01:00,
06/26/16,14:02:00,
06/26/16,14:03:00,
06/26/16,14:04:00,
06/26/16,14:05:00,
06/26/16,14:06:00,
06/26/16,14:07:00,
06/26/16,14:08:00,
06/26/16,14:09:00,
06/26/16,14:10:00,
06/26/16,14:11:00,
06/26/16,14:12:00,
06/26/16,14:13:00,
06/26/16,14:14:00,
06/26/16,14:15:00,
06/26/16,14:16:00,
06/26/16,14:17:00,
06/26/16,14:18:00,
06/26/16,14:19:00,
06/26/16,14:20:00,
06/26/16,14:21:00,
06/26/16,14:22:00,
06/26/16,14:23:00,
06/26/16,14:24:00,
06/26/16,14:25:00,
06/26/16,14:26:00,
06/26/16,14:27:00,
06/26/16,14:28:00,
06/26/16,14:29:00,
06/26/16,14:30:00,
06/26/16,14:31:00,
06/26/16,14:32:00,
06/26/16,14:33:00,
06/26/16,14:34:00,
06/26/16,14:35:00,
06/26/16,14:36:00,
06/26/16,14:37:00,
06/26/16,14:38:00,
06/26/16,14:39:00,
06/26/16,14:40:00,
06/26/16,14:41:00,
06/26/16,14:42:00,
06/26/16,14:43:00,
06/26/16,14:44:00,
06/26/16,14:45:00,
06/26/16,14:46:00,
06/26/16,14:47:00,
06/26/16,14:48:00,
06/26/16,14:49:00,
06/26/16,14:50:00,
06/26/16,14:51:00,
06/26/16,14:52:00,
06/26/16,14:53:00,
06/26/16,14:54:00,
06/26/16,14:55:00,
06/26/16,14:56:00,
06/26/16,14:57:00,
06/26/16,14:58:00,
06/26/16,14:59:00,
06/26/16,15:00:00,
06/26/16,15:01:00,
06/26/16,15:02:00,
06/26/16,15:03:00,
06/26/16,15:04:00,
06/26/16,15:05:00,
06/26/16,15:06:00,
06/26/16,15:07:00,
06/26/16,15:08:00,
06/26/16,15:09:00,
06/26/16,15:10:00,
06/26/16,15:11:00,
06/26/16,15:12:00,
06/26/16,15:13:00,
06/26/16,15:14:00,
06/26/16,15:15:00,
06/26/16,15:16:00,
06/26/16,15:17:00,
06/26/16,15:18:00,
06/26/16,15:19:00,
06/26/16,15:20:00,
06/26/16,15:21:00,
06/26/16,15:22:00,
06/26/16,15:23:00,
06/26/16,15:24:00,
06/26/16,15:25:00,
06/26/16,15:26:00,
06/26/16,15:27:00,
06/26/16,15:28:00,
06/26/16,15:29:00,
06/26/16,15:30:00,
06/26/16,15:31:00,
06/26/16,15:32:00,
06/26/16,15:33:00,
06/26/16,15:34:00,
06/26/16,15:35:00,
06/26/16,15:36:00,
06/26/16,15:37:00,
06/26/16,15:38:00,
06/26/16,15:39:00,
06/26/16,15:40:00,
06/26/16,15:41:00,
06/26/16,15:42:00,
06/26/16,15:43:00,
06/26/16,15:44:00,
06/26/16,15:45:00,
06/26/16,15:46:00,
06/26/16,15:47:00,
06/26/16,15:48:00,
06/26/16,15:49:00,
06/26/16,15:50:00,
06/26/16,15:51:00,
06/26/16,15:52:00,
06/26/16,15:53:00,
06/26/16,15:54:00,
06/26/16,15:55:00,
06/26/16,15:56:00,
06/26/16,15:57:00,
06/26/16,15:58:00,
06/26/16,15:59:00,
06/26/16,16:00:00,
06/26/16,16:01:00,
06/26/16,16:02:00,
06/26/16,16:03:00,
06/26/16,16:04:00,
06/26/16,16:05:00,
06/26/16,16:06:00,
06/26/16,16:07:00,
06/26/16,16:08:00,
06/26/16,16:09:00,
06/26/16,16:10:00,
06/26/16,16:11:00,
06/26/16,16:12:00,
06/26/16,16:13:00,5,748711
06/26/16,16:14:00,5,656814
06/26/16,16:15:00,5,75557
06/26/16,16:16:00,5,750742
06/26/16,16:17:00,5,853118
06/26/16,16:18:00,5,745575
06/26/16,16:19:00,5,716987
06/26/16,16:20:00,5,663069
06/26/16,16:21:00,5,756868
06/26/16,16:22:00,5,658334
06/26/16,16:23:00,5,629055
06/26/16,16:24:00,5,752867
06/26/16,16:25:00,5,657859
06/26/16,16:26:00,5,639017
06/26/16,16:27:00,5,641681
06/26/16,16:28:00,5,519027
06/26/16,16:29:00,5,632961
06/26/16,16:30:00,5,57937
06/26/16,16:31:00,5,594398
06/26/16,16:32:00,5,690317
06/26/16,16:33:00,5,614229
06/26/16,16:34:00,5,581453
06/26/16,16:35:00,5,721901
06/26/16,16:36:00,5,712568
06/26/16,16:37:00,5,828732
06/26/16,16:38:00,5,638216
06/26/16,16:39:00,5,648886
06/26/16,16:40:00,5,601697
06/26/16,16:41:00,5,682929
06/26/16,16:42:00,5,720196
06/26/16,16:43:00,5,678034
06/26/16,16:44:00,5,584444
06/26/16,16:45:00,5,7406
06/26/16,16:46:00,5,737412
06/26/16,16:47:00,5,79855
06/26/16,16:48:00,5,807269
06/26/16,16:49:00,5,700436
06/26/16,16:50:00,5,799369
06/26/16,16:51:00,5,710156
06/26/16,16:52:00,5,737626
06/26/16,16:53:00,5,726462
06/26/16,16:54:00,5,69217
06/26/16,16:55:00,5,733815
06/26/16,16:56:00,5,617006
06/26/16,16:57:00,5,815563
06/26/16,16:58:00,5,619452
06/26/16,16:59:00,5,625906
06/26/16,17:00:00,5,599551
06/26/16,17:01:00,5,678947
06/26/16,17:02:00,5,531551
06/26/16,17:03:00,5,6438
06/26/16,17:04:00,5,663822
06/26/16,17:05:00,5,603345
06/26/16,17:06:00,5,483873
06/26/16,17:07:00,5,533129
06/26/16,17:08:00,5,595617
06/26/16,17:09:00,5,512828
06/26/16,17:10:00,5,601674
06/26/16,17:11:00,5,729436
06/26/16,17:12:00,5,479256
06/26/16,17:13:00,5,632822
06/26/16,17:14:00,5,543417
06/26/16,17:15:00,5,605593
06/26/16,17:16:00,5,685738
06/26/16,17:17:00,5,565137
06/26/16,17:18:00,5,686775
06/26/16,17:19:00,5,570175
06/26/16,17:20:00,5,588446
06/26/16,17:21:00,5,594482
06/26/16,17:22:00,5,713656
06/26/16,17:23:00,5,573974
06/26/16,17:24:00,5,602768
06/26/16,17:25:00,5,666703
06/26/16,17:26:00,5,548577
06/26/16,17:27:00,5,694816
06/26/16,17:28:00,5,678568
06/26/16,17:29:00,5,71263
06/26/16,17:30:00,5,5683
06/26/16,17:31:00,5,586319
06/26/16,17:32:00,5,568105
06/26/16,17:33:00,5,603983
06/26/16,17:34:00,5,613927
06/26/16,17:35:00,5,622794
06/26/16,17:36:00,5,495843
06/26/16,17:37:00,5,576252
06/26/16,17:38:00,5,466313
06/26/16,17:39:00,5,464913
06/26/16,17:40:00,5,562796
06/26/16,17:41:00,5,464728
06/26/16,17:42:00,5,562767
06/26/16,17:43:00,5,464731
06/26/16,17:44:00,5,562773
06/26/16,17:45:00,5,533547
06/26/16,17:46:00,5,65737
06/26/16,17:47:00,5,49136
06/26/16,17:48:00,5,554372
06/26/16,17:49:00,5,463741
06/26/16,17:50:00,5,653679
06/26/16,17:51:00,5,453865
06/26/16,17:52:00,5,561496
06/26/16,17:53:00,5,542169
06/26/16,17:54:00,5,412631
06/26/16,17:55:00,5,475612
06/26/16,17:56:00,5,505818
06/26/16,17:57:00,5,604437
06/26/16,17:58:00,5,482127
06/26/16,17:59:00,5,592852
06/26/16,18:00:00,5,475853
06/26/16,18:01:00,5,579577
06/26/16,18:02:00,5,586646
06/26/16,18:03:00,5,566145
06/26/16,18:04:00,5,613408
06/26/16,18:05:00,5,633902
06/26/16,18:06:00,5,611388
06/26/16,18:07:00,5,59486
06/26/16,18:08:00,5,531483
06/26/16,18:09:00,5,502963
06/26/16,18:10:00,5,546277
06/26/16,18:11:00,5,480364
06/26/16,18:12:00,5,631227
06/26/16,18:13:00,5,461782
06/26/16,18:14:00,5,401512
06/26/16,18:15:00,5,495877
06/26/16,18:16:00,5,401257
06/26/16,18:17:00,5,379451
06/26/16,18:18:00,5,406114
06/26/16,18:19:00,5,444751
06/26/16,18:20:00,5,39384
06/26/16,18:21:00,5,469606
06/26/16,18:22:00,5,338227
06/26/16,18:23:00,5,360504
06/26/16,18:24:00,5,235865
06/26/16,18:25:00,5,300055
06/26/16,18:26:00,5,407552
06/26/16,18:27:00,5,264098
06/26/16,18:28:00,5,283377
06/26/16,18:29:00,5,403987
06/26/16,18:30:00,5,270822
06/26/16,18:31:00,5,279747
06/26/16,18:32:00,5,280796
06/26/16,18:33:00,5,378963
06/26/16,18:34:00,5,387995
06/26/16,18:35:00,5,380041
06/26/16,18:36:00,5,281061
06/26/16,18:37:00,5,378993
06/26/16,18:38:00,5,270916
06/26/16,18:39:00,5,269735
06/26/16,18:40:00,5,377661
06/26/16,18:41:00,5,280781
06/26/16,18:42:00,5,270896
06/26/16,18:43:00,5,259301
06/26/16,18:44:00,5,348964
06/26/16,18:45:00,5,416794
06/26/16,18:46:00,5,243373
06/26/16,18:47:00,5,209364
06/26/16,18:48:00,5,23494
06/26/16,18:49:00,5,369216
06/26/16,18:50:00,5,309574
06/26/16,18:51:00,5,254423
06/26/16,18:52:00,5,284077
06/26/16,18:53:00,5,086353
06/26/16,18:54:00,5,19764
06/26/16,18:55:00,5,269478
06/26/16,18:56:00,5,203132
06/26/16,18:57:00,5,143746
06/26/16,18:58:00,5,143149
06/26/16,18:59:00,5,144576
06/26/16,19:00:00,5,316081
06/26/16,19:01:00,5,201799
06/26/16,19:02:00,5,191719
06/26/16,19:03:00,5,144275
06/26/16,19:04:00,5,093536
06/26/16,19:05:00,5,209946
06/26/16,19:06:00,5,192678
06/26/16,19:07:00,5,180824
06/26/16,19:08:00,5,18434
06/26/16,19:09:00,5,072398
06/26/16,19:10:00,5,064626
06/26/16,19:11:00,5,167886
06/26/16,19:12:00,5,266141
06/26/16,19:13:00,5,244759
06/26/16,19:14:00,5,240494
06/26/16,19:15:00,5,082942
06/26/16,19:16:00,5,272592
06/26/16,19:17:00,5,258671
06/26/16,19:18:00,5,157753
06/26/16,19:19:00,5,181625
06/26/16,19:20:00,5,267757
06/26/16,19:21:00,5,257487
06/26/16,19:22:00,5,182979
06/26/16,19:23:00,5,179682
06/26/16,19:24:00,5,258121
06/26/16,19:25:00,5,171126
06/26/16,19:26:00,5,119206
06/26/16,19:27:00,5,246095
06/26/16,19:28:00,5,262856
06/26/16,19:29:00,5,235608
06/26/16,19:30:00,5,356658
06/26/16,19:31:00,5,16986
06/26/16,19:32:00,5,275545
06/26/16,19:33:00,5,234659
06/26/16,19:34:00,5,173154
06/26/16,19:35:00,5,2238
06/26/16,19:36:00,5,205416
06/26/16,19:37:00,5,154834
06/26/16,19:38:00,5,239877
06/26/16,19:39:00,5,237324
06/26/16,19:40:00,5,241905
06/26/16,19:41:00,5,140777
06/26/16,19:42:00,5,202834
06/26/16,19:43:00,5,093293
06/26/16,19:44:00,5,17654
06/26/16,19:45:00,5,19551
06/26/16,19:46:00,5,151074
06/26/16,19:47:00,5,188218
06/26/16,19:48:00,5,157231
06/26/16,19:49:00,5,174041
06/26/16,19:50:00,5,196358
06/26/16,19:51:00,5,070582
06/26/16,19:52:00,5,125705
06/26/16,19:53:00,5,11677
06/26/16,19:54:00,5,112558
06/26/16,19:55:00,5,120334
06/26/16,19:56:00,5,125545
06/26/16,19:57:00,5,108711
06/26/16,19:58:00,5,11652
06/26/16,19:59:00,5,083308
06/26/16,20:00:00,5,104767
06/26/16,20:01:00,5,096245
06/26/16,20:02:00,5,115055
06/26/16,20:03:00,5,097454
06/26/16,20:04:00,5,081064
06/26/16,20:05:00,5,149707
06/26/16,20:06:00,5,040904
06/26/16,20:07:00,5,024738
06/26/16,20:08:00,5,17055
06/26/16,20:09:00,5,068107
06/26/16,20:10:00,4,998686
06/26/16,20:11:00,5,013979
06/26/16,20:12:00,4,98901
06/26/16,20:13:00,4,884325
06/26/16,20:14:00,4,955283
06/26/16,20:15:00,4,992715
06/26/16,20:16:00,4,9828
06/26/16,20:17:00,4,966295
06/26/16,20:18:00,4,973378
06/26/16,20:19:00,5,001213
06/26/16,20:20:00,4,928656
06/26/16,20:21:00,5,008836
06/26/16,20:22:00,5,01226
06/26/16,20:23:00,5,012665
06/26/16,20:24:00,4,909699
06/26/16,20:25:00,5,020019
06/26/16,20:26:00,5,004187
06/26/16,20:27:00,5,011712
06/26/16,20:28:00,5,081417
06/26/16,20:29:00,4,990855
06/26/16,20:30:00,4,986827
06/26/16,20:31:00,4,910231
06/26/16,20:32:00,4,859871
06/26/16,20:33:00,4,815801
06/26/16,20:34:00,5,066396
06/26/16,20:35:00,4,827055
06/26/16,20:36:00,4,941589
06/26/16,20:37:00,4,939682
06/26/16,20:38:00,4,899768
06/26/16,20:39:00,4,993111
06/26/16,20:40:00,4,894519
06/26/16,20:41:00,4,992496
06/26/16,20:42:00,4,894446
06/26/16,20:43:00,4,972034
06/26/16,20:44:00,4,975142
06/26/16,20:45:00,4,848874
06/26/16,20:46:00,4,961754
06/26/16,20:47:00,4,804889
06/26/16,20:48:00,4,91032
06/26/16,20:49:00,4,906895
06/26/16,20:50:00,4,94828
06/26/16,20:51:00,5,013698
06/26/16,20:52:00,5,031814
06/26/16,20:53:00,4,899634
06/26/16,20:54:00,4,96444
06/26/16,20:55:00,4,779356
06/26/16,20:56:00,4,878682
06/26/16,20:57:00,4,861801
06/26/16,20:58:00,4,884151
06/26/16,20:59:00,4,972608
06/26/16,21:00:00,4,921805
06/26/16,21:01:00,4,931021
06/26/16,21:02:00,4,936106
06/26/16,21:03:00,4,91479
06/26/16,21:04:00,4,865419
06/26/16,21:05:00,4,819969
06/26/16,21:06:00,4,95503
06/26/16,21:07:00,4,909712
06/26/16,21:08:00,4,829255
06/26/16,21:09:00,4,844937
06/26/16,21:10:00,4,931756
06/26/16,21:11:00,4,929179
06/26/16,21:12:00,4,872184
06/26/16,21:13:00,4,97542
06/26/16,21:14:00,4,893559
06/26/16,21:15:00,4,819989
06/26/16,21:16:00,4,898344
06/26/16,21:17:00,4,849767
06/26/16,21:18:00,4,864949
06/26/16,21:19:00,4,877782
06/26/16,21:20:00,4,886593
06/26/16,21:21:00,4,874191
06/26/16,21:22:00,4,828578
06/26/16,21:23:00,4,889895
06/26/16,21:24:00,4,690109
06/26/16,21:25:00,4,871136
06/26/16,21:26:00,5,017897
06/26/16,21:27:00,4,808098
06/26/16,21:28:00,4,802477
06/26/16,21:29:00,4,798809
06/26/16,21:30:00,4,798377
06/26/16,21:31:00,4,896365
06/26/16,21:32:00,4,765937
06/26/16,21:33:00,4,892547
06/26/16,21:34:00,4,76865
06/26/16,21:35:00,4,867504
06/26/16,21:36:00,4,892965
06/26/16,21:37:00,4,895959
06/26/16,21:38:00,4,896313
06/26/16,21:39:00,4,743782
06/26/16,21:40:00,4,856068
06/26/16,21:41:00,4,787359
06/26/16,21:42:00,4,863487
06/26/16,21:43:00,4,882668
06/26/16,21:44:00,4,796708
06/26/16,21:45:00,4,806865
06/26/16,21:46:00,4,841322
06/26/16,21:47:00,4,777528
06/26/16,21:48:00,4,745141
06/26/16,21:49:00,4,979956
06/26/16,21:50:00,4,811492
06/26/16,21:51:00,4,667622
06/26/16,21:52:00,4,714006
06/26/16,21:53:00,4,868939
06/26/16,21:54:00,4,738931
06/26/16,21:55:00,4,80399
06/26/16,21:56:00,4,824452
06/26/16,21:57:00,4,718797
06/26/16,21:58:00,4,713607
06/26/16,21:59:00,4,695958
06/26/16,22:00:00,4,651216
06/26/16,22:01:00,4,69563
06/26/16,22:02:00,4,636866
06/26/16,22:03:00,4,693946
06/26/16,22:04:00,4,700658
06/26/16,22:05:00,4,684413
06/26/16,22:06:00,4,692523
06/26/16,22:07:00,4,671273
06/26/16,22:08:00,4,677536
06/26/16,22:09:00,4,64517
06/26/16,22:10:00,4,680602
06/26/16,22:11:00,4,52002
06/26/16,22:12:00,4,764406
06/26/16,22:13:00,4,656263
06/26/16,22:14:00,4,556401
06/26/16,22:15:00,4,68108
06/26/16,22:16:00,4,780141
06/26/16,22:17:00,4,654467
06/26/16,22:18:00,4,621995
06/26/16,22:19:00,4,616272
06/26/16,22:20:00,4,619892
06/26/16,22:21:00,4,609423
06/26/16,22:22:00,4,594742
06/26/16,22:23:00,4,559506
06/26/16,22:24:00,4,586975
06/26/16,22:25:00,4,709577
06/26/16,22:26:00,4,67875
06/26/16,22:27:00,4,55439
06/26/16,22:28:00,4,536094
06/26/16,22:29:00,4,579105
06/26/16,22:30:00,4,689214
06/26/16,22:31:00,4,647483
06/26/16,22:32:00,4,435679
06/26/16,22:33:00,4,512875
06/26/16,22:34:00,4,485562
06/26/16,22:35:00,4,546063
06/26/16,22:36:00,4,362605
06/26/16,22:37:00,4,386694
06/26/16,22:38:00,4,541063
06/26/16,22:39:00,4,492171
06/26/16,22:40:00,4,560815
06/26/16,22:41:00,4,512242
06/26/16,22:42:00,4,529435
06/26/16,22:43:00,4,39908
06/26/16,22:44:00,4,447069
06/26/16,22:45:00,4,482825
06/26/16,22:46:00,4,441463
06/26/16,22:47:00,4,459773
06/26/16,22:48:00,4,486036
06/26/16,22:49:00,4,439451
06/26/16,22:50:00,4,451264
06/26/16,22:51:00,4,457565
06/26/16,22:52:00,4,326135
06/26/16,22:53:00,4,432173
06/26/16,22:54:00,4,406868
06/26/16,22:55:00,4,438664
06/26/16,22:56:00,4,421951
06/26/16,22:57:00,4,419983
06/26/16,22:58:00,4,538249
06/26/16,22:59:00,4,525084
06/26/16,23:00:00,4,518624
06/26/16,23:01:00,4,419821
06/26/16,23:02:00,4,424643
06/26/16,23:03:00,4,410278
06/26/16,23:04:00,4,320572
06/26/16,23:05:00,4,39037
06/26/16,23:06:00,4,395813
06/26/16,23:07:00,4,422018
06/26/16,23:08:00,4,395681
06/26/16,23:09:00,4,48957
06/26/16,23:10:00,4,340485
06/26/16,23:11:00,4,364108
06/26/16,23:12:00,4,340417
06/26/16,23:13:00,4,248329
06/26/16,23:14:00,4,34003
06/26/16,23:15:00,4,324968
06/26/16,23:16:00,4,308877
06/26/16,23:17:00,4,328319
06/26/16,23:18:00,4,220635
06/26/16,23:19:00,4,342909
06/26/16,23:20:00,4,384317
06/26/16,23:21:00,4,378808
06/26/16,23:22:00,4,356827
06/26/16,23:23:00,4,281172
06/26/16,23:24:00,4,268365
06/26/16,23:25:00,4,333143
06/26/16,23:26:00,4,255301
06/26/16,23:27:00,4,346508
06/26/16,23:28:00,4,293396
06/26/16,23:29:00,4,261008
06/26/16,23:30:00,4,263856
06/26/16,23:31:00,4,224539
06/26/16,23:32:00,4,244663
06/26/16,23:33:00,4,33649
06/26/16,23:34:00,4,228225
06/26/16,23:35:00,4,225868
06/26/16,23:36:00,4,225591
06/26/16,23:37:00,4,225558
06/26/16,23:38:00,4,225554
06/26/16,23:39:00,4,246008
06/26/16,23:40:00,4,22796
06/26/16,23:41:00,4,314074
06/26/16,23:42:00,4,220676
06/26/16,23:43:00,4,224979
06/26/16,23:44:00,4,31372
06/26/16,23:45:00,4,211228
06/26/16,23:46:00,4,312102
06/26/16,23:47:00,4,313589
06/26/16,23:48:00,4,22552
06/26/16,23:49:00,4,22555
06/26/16,23:50:00,4,225556
06/26/16,23:51:00,4,225554
06/26/16,23:52:00,4,274544
06/26/16,23:53:00,4,195571
06/26/16,23:54:00,4,289806
06/26/16,23:55:00,4,300948
06/26/16,23:56:00,4,217906
06/26/16,23:57:00,4,225195
06/26/16,23:58:00,4,134099
06/26/16,23:59:00,4,237542
06/27/16,00:00:00,4,140664
06/27/16,00:01:00,4,380508
06/27/16,00:02:00,4,349672
06/27/16,00:03:00,4,139315
06/27/16,00:04:00,4,350509
06/27/16,00:05:00,4,22063
06/27/16,00:06:00,4,157871
06/27/16,00:07:00,4,338374
06/27/16,00:08:00,4,31724
06/27/16,00:09:00,4,216716
06/27/16,00:10:00,4,209408
06/27/16,00:11:00,4,313602
06/27/16,00:12:00,4,314326
06/27/16,00:13:00,4,216373
06/27/16,00:14:00,4,314421
06/27/16,00:15:00,4,314422
06/27/16,00:16:00,4,307406
06/27/16,00:17:00,4,27245
06/27/16,00:18:00,4,171763
06/27/16,00:19:00,4,100883
06/27/16,00:20:00,4,269477
06/27/16,00:21:00,4,272867
06/27/16,00:22:00,4,284168
06/27/16,00:23:00,4,217649
06/27/16,00:24:00,4,190065
06/27/16,00:25:00,4,127346
06/27/16,00:26:00,4,093753
06/27/16,00:27:00,4,098536
06/27/16,00:28:00,4,312657
06/27/16,00:29:00,4,177494
06/27/16,00:30:00,4,183149
06/27/16,00:31:00,4,156345
06/27/16,00:32:00,4,209882
06/27/16,00:33:00,4,297184
06/27/16,00:34:00,4,214917
06/27/16,00:35:00,4,204558
06/27/16,00:36:00,4,284376
06/27/16,00:37:00,4,213409
06/27/16,00:38:00,4,216595
06/27/16,00:39:00,4,196516
06/27/16,00:40:00,4,042555
06/27/16,00:41:00,4,161327
06/27/16,00:42:00,4,200446
06/27/16,00:43:00,4,244208
06/27/16,00:44:00,4,151962
06/27/16,00:45:00,4,253846
06/27/16,00:46:00,4,221917
06/27/16,00:47:00,4,218159
06/27/16,00:48:00,4,14013
06/27/16,00:49:00,4,122032
06/27/16,00:50:00,4,134218
06/27/16,00:51:00,4,229399
06/27/16,00:52:00,4,14145
06/27/16,00:53:00,4,225138
06/27/16,00:54:00,4,225553
06/27/16,00:55:00,4,119142
06/27/16,00:56:00,4,23008
06/27/16,00:57:00,4,212804
06/27/16,00:58:00,4,172378
06/27/16,00:59:00,4,191995
06/27/16,01:00:00,4,062868
06/27/16,01:01:00,4,206561
06/27/16,01:02:00,4,092011
06/27/16,01:03:00,4,169701
06/27/16,01:04:00,4,212015
06/27/16,01:05:00,4,196298
06/27/16,01:06:00,4,24864
06/27/16,01:07:00,4,06046
06/27/16,01:08:00,4,123327
06/27/16,01:09:00,4,134647
06/27/16,01:10:00,4,124149
06/27/16,01:11:00,4,132171
06/27/16,01:12:00,4,056231
06/27/16,01:13:00,4,212339
06/27/16,01:14:00,4,093374
06/27/16,01:15:00,4,196253
06/27/16,01:16:00,4,10089
06/27/16,01:17:00,4,180452
06/27/16,01:18:00,4,124398
06/27/16,01:19:00,4,220359
06/27/16,01:20:00,4,062375
06/27/16,01:21:00,4,036093
06/27/16,01:22:00,4,033
06/27/16,01:23:00,4,130673
06/27/16,01:24:00,3,934551
06/27/16,01:25:00,4,042611
06/27/16,01:26:00,4,033766
06/27/16,01:27:00,4,130763
06/27/16,01:28:00,4,03962
06/27/16,01:29:00,4,144606
06/27/16,01:30:00,4,146589
06/27/16,01:31:00,4,077917
06/27/16,01:32:00,4,024282
06/27/16,01:33:00,4,003854
06/27/16,01:34:00,4,102903
06/27/16,01:35:00,4,098143
06/27/16,01:36:00,4,224841
06/27/16,01:37:00,4,100956
06/27/16,01:38:00,4,099665
06/27/16,01:39:00,4,183873
06/27/16,01:40:00,4,188621
06/27/16,01:41:00,4,051898
06/27/16,01:42:00,4,167589
06/27/16,01:43:00,4,072885
06/27/16,01:44:00,4,037889
06/27/16,01:45:00,4,07556
06/27/16,01:46:00,4,192932
06/27/16,01:47:00,4,047494
06/27/16,01:48:00,4,034902
06/27/16,01:49:00,4,261879
06/27/16,01:50:00,4,047079
06/27/16,01:51:00,4,051891
06/27/16,01:52:00,4,014965
06/27/16,01:53:00,4,031075
06/27/16,01:54:00,4,142936
06/27/16,01:55:00,3,999824
06/27/16,01:56:00,3,979618
06/27/16,01:57:00,3,948021
06/27/16,01:58:00,4,062797
06/27/16,01:59:00,3,945802
06/27/16,02:00:00,4,0907
06/27/16,02:01:00,4,09423
06/27/16,02:02:00,4,090637
06/27/16,02:03:00,4,054857
06/27/16,02:04:00,3,994286
06/27/16,02:05:00,4,04025
06/27/16,02:06:00,3,960595
06/27/16,02:07:00,3,993475
06/27/16,02:08:00,3,957483
06/27/16,02:09:00,3,93893
06/27/16,02:10:00,3,936749
06/27/16,02:11:00,3,936491
06/27/16,02:12:00,3,936461
06/27/16,02:13:00,3,936457
06/27/16,02:14:00,3,936457
06/27/16,02:15:00,3,936457
06/27/16,02:16:00,3,916002
06/27/16,02:17:00,3,934051
06/27/16,02:18:00,3,931264
06/27/16,02:19:00,3,892308
06/27/16,02:20:00,3,862358
06/27/16,02:21:00,3,971193
06/27/16,02:22:00,3,987367
06/27/16,02:23:00,3,984158
06/27/16,02:24:00,3,947544
06/27/16,02:25:00,4,003815
06/27/16,02:26:00,3,874379
06/27/16,02:27:00,3,916003
06/27/16,02:28:00,3,963188
06/27/16,02:29:00,3,878363
06/27/16,02:30:00,3,865631
06/27/16,02:31:00,3,908896
06/27/16,02:32:00,4,003787
06/27/16,02:33:00,3,888696
06/27/16,02:34:00,4,001407
06/27/16,02:35:00,3,915526
06/27/16,02:36:00,3,870003
06/27/16,02:37:00,4,00234
06/27/16,02:38:00,4,000241
06/27/16,02:39:00,3,882752
06/27/16,02:40:00,3,900888
06/27/16,02:41:00,3,875551
06/27/16,02:42:00,3,956325
06/27/16,02:43:00,3,851343
06/27/16,02:44:00,3,938546
06/27/16,02:45:00,3,824908
06/27/16,02:46:00,3,837392
06/27/16,02:47:00,3,936902
06/27/16,02:48:00,3,937077
06/27/16,02:49:00,3,937097
06/27/16,02:50:00,3,937099
06/27/16,02:51:00,3,991599
06/27/16,02:52:00,3,901498
06/27/16,02:53:00,3,90369
06/27/16,02:54:00,3,780544
06/27/16,02:55:00,3,854297
06/27/16,02:56:00,3,846328
06/27/16,02:57:00,3,911487
06/27/16,02:58:00,3,912137
06/27/16,02:59:00,3,862538
06/27/16,03:00:00,3,842386
06/27/16,03:01:00,3,840014
06/27/16,03:02:00,3,815425
06/27/16,03:03:00,3,956217
06/27/16,03:04:00,3,841872
06/27/16,03:05:00,3,839956
06/27/16,03:06:00,3,930752
06/27/16,03:07:00,3,936916
06/27/16,03:08:00,3,803365
06/27/16,03:09:00,3,830512
06/27/16,03:10:00,3,777015
06/27/16,03:11:00,3,742907
06/27/16,03:12:00,3,761598
06/27/16,03:13:00,3,859646
06/27/16,03:14:00,3,744568
06/27/16,03:15:00,3,76302
06/27/16,03:16:00,3,847686
06/27/16,03:17:00,3,763614
06/27/16,03:18:00,3,847754
06/27/16,03:19:00,3,851232
06/27/16,03:20:00,3,743579
06/27/16,03:21:00,3,938528
06/27/16,03:22:00,3,821945
06/27/16,03:23:00,3,909916
06/27/16,03:24:00,3,738949
06/27/16,03:25:00,3,888857
06/27/16,03:26:00,3,834512
06/27/16,03:27:00,3,839654
06/27/16,03:28:00,3,840259
06/27/16,03:29:00,3,729402
06/27/16,03:30:00,3,825933
06/27/16,03:31:00,3,83864
06/27/16,03:32:00,3,938178
06/27/16,03:33:00,3,840313
06/27/16,03:34:00,3,890169
06/27/16,03:35:00,3,900089
06/27/16,03:36:00,3,809536
06/27/16,03:37:00,3,836712
06/27/16,03:38:00,3,907233
06/27/16,03:39:00,3,805379
06/27/16,03:40:00,3,907935
06/27/16,03:41:00,3,83026
06/27/16,03:42:00,3,873284
06/27/16,03:43:00,3,9
06/27/16,03:44:00,3,911269
06/27/16,03:45:00,3,903892
06/27/16,03:46:00,3,79078
06/27/16,03:47:00,3,810101
06/27/16,03:48:00,3,893184
06/27/16,03:49:00,3,89103
06/27/16,03:50:00,3,889201
06/27/16,03:51:00,3,761624
06/27/16,03:52:00,3,900893
06/27/16,03:53:00,3,861041
06/27/16,03:54:00,3,956286
06/27/16,03:55:00,3,94964
06/27/16,03:56:00,3,861555
06/27/16,03:57:00,3,766107
06/27/16,03:58:00,3,784974
06/27/16,03:59:00,3,867955
06/27/16,04:00:00,3,850147
06/27/16,04:01:00,3,897277
06/27/16,04:02:00,3,766127
06/27/16,04:03:00,3,766552
06/27/16,04:04:00,3,754309
06/27/16,04:05:00,3,738548
06/27/16,04:06:00,3,716417
06/27/16,04:07:00,3,717053
06/27/16,04:08:00,3,743574
06/27/16,04:09:00,3,794175
06/27/16,04:10:00,3,800522
06/27/16,04:11:00,3,672752
06/27/16,04:12:00,3,796716
06/27/16,04:13:00,3,802574
06/27/16,04:14:00,3,862055
06/27/16,04:15:00,3,926629
06/27/16,04:16:00,3,841093
06/27/16,04:17:00,3,710955
06/27/16,04:18:00,3,726208
06/27/16,04:19:00,3,938627
06/27/16,04:20:00,3,832482
06/27/16,04:21:00,3,853648
06/27/16,04:22:00,3,760596
06/27/16,04:23:00,3,749871
06/27/16,04:24:00,3,757199
06/27/16,04:25:00,3,710227
06/27/16,04:26:00,3,733922
06/27/16,04:27:00,3,8128
06/27/16,04:28:00,3,743862
06/27/16,04:29:00,3,620026
06/27/16,04:30:00,3,685169
06/27/16,04:31:00,3,810949
06/27/16,04:32:00,3,789904
06/27/16,04:33:00,3,851322
06/27/16,04:34:00,3,614323
06/27/16,04:35:00,3,687892
06/27/16,04:36:00,3,718026
06/27/16,04:37:00,3,666614
06/27/16,04:38:00,3,715963
06/27/16,04:39:00,3,630983
06/27/16,04:40:00,3,648062
06/27/16,04:41:00,3,718891
06/27/16,04:42:00,3,730592
06/27/16,04:43:00,3,623937
06/27/16,04:44:00,3,645129
06/27/16,04:45:00,3,703003
06/27/16,04:46:00,3,809941
06/27/16,04:47:00,3,53695
06/27/16,04:48:00,3,681764
06/27/16,04:49:00,3,564191
06/27/16,04:50:00,3,559172
06/27/16,04:51:00,3,568605
06/27/16,04:52:00,3,574625
06/27/16,04:53:00,3,682549
06/27/16,04:54:00,3,659603
06/27/16,04:55:00,3,656904
06/27/16,04:56:00,3,55554
06/27/16,04:57:00,3,533816
06/27/16,04:58:00,3,548298
06/27/16,04:59:00,3,59266
06/27/16,05:00:00,3,743885
06/27/16,05:01:00,3,542825
06/27/16,05:02:00,3,647683
06/27/16,05:03:00,3,6555
06/27/16,05:04:00,3,625064
06/27/16,05:05:00,3,549889
06/27/16,05:06:00,3,547034
06/27/16,05:07:00,3,591201
06/27/16,05:08:00,3,508412
06/27/16,05:09:00,3,629316
06/27/16,05:10:00,3,526081
06/27/16,05:11:00,3,6335
06/27/16,05:12:00,3,629692
06/27/16,05:13:00,3,616091
06/27/16,05:14:00,3,529403
06/27/16,05:15:00,3,648208
06/27/16,05:16:00,3,543204
06/27/16,05:17:00,3,573711
06/27/16,05:18:00,3,710977
06/27/16,05:19:00,3,552305
06/27/16,05:20:00,3,519091
06/27/16,05:21:00,3,476844
06/27/16,05:22:00,3,447408
06/27/16,05:23:00,3,555425
06/27/16,05:24:00,3,597331
06/27/16,05:25:00,3,458135
06/27/16,05:26:00,3,514635
06/27/16,05:27:00,3,524683
06/27/16,05:28:00,3,462716
06/27/16,05:29:00,3,483799
06/27/16,05:30:00,3,493295
06/27/16,05:31:00,3,540491
06/27/16,05:32:00,3,520676
06/27/16,05:33:00,3,548183
06/27/16,05:34:00,3,407999
06/27/16,05:35:00,3,472057
06/27/16,05:36:00,3,462946
06/27/16,05:37:00,3,363837
06/27/16,05:38:00,3,538056
06/27/16,05:39:00,3,341837
06/27/16,05:40:00,3,399463
06/27/16,05:41:00,3,433072
06/27/16,05:42:00,3,453449
06/27/16,05:43:00,3,455848
06/27/16,05:44:00,3,446722
06/27/16,05:45:00,3,445649
06/27/16,05:46:00,3,437605
06/27/16,05:47:00,3,335488
06/27/16,05:48:00,3,41426
06/27/16,05:49:00,3,412608
06/27/16,05:50:00,3,380034
06/27/16,05:51:00,
06/27/16,05:52:00,0
06/27/16,05:53:00,3,452843
06/27/16,05:54:00,3,384818
06/27/16,05:55:00,3,2687
06/27/16,05:56:00,3,371629
06/27/16,05:57:00,3,365189
06/27/16,05:58:00,3,364431
06/27/16,05:59:00,3,364342
06/27/16,06:00:00,3,364333
06/27/16,06:01:00,3,37865
06/27/16,06:02:00,3,373031
06/27/16,06:03:00,3,365354
06/27/16,06:04:00,3,457597
06/27/16,06:05:00,3,478527
06/27/16,06:06:00,3,455622
06/27/16,06:07:00,3,423707
06/27/16,06:08:00,3,449174
06/27/16,06:09:00,3,334715
06/27/16,06:10:00,3,488327
06/27/16,06:11:00,3,431411
06/27/16,06:12:00,3,307259
06/27/16,06:13:00,3,414494
06/27/16,06:14:00,3,438067
06/27/16,06:15:00,3,411178
06/27/16,06:16:00,3,361756
06/27/16,06:17:00,3,355943
06/27/16,06:18:00,3,453298
06/27/16,06:19:00,3,266944
06/27/16,06:20:00,3,266931
06/27/16,06:21:00,3,458118
06/27/16,06:22:00,3,376199
06/27/16,06:23:00,3,357641
06/27/16,06:24:00,3,44648
06/27/16,06:25:00,3,452415
06/27/16,06:26:00,3,448
06/27/16,06:27:00,3,570825
06/27/16,06:28:00,3,553548
06/27/16,06:29:00,3,448565
06/27/16,06:30:00,3,375074
06/27/16,06:31:00,3,553587
06/27/16,06:32:00,3,473935
06/27/16,06:33:00,3,568002
06/27/16,06:34:00,3,465199
06/27/16,06:35:00,3,454616
06/27/16,06:36:00,3,467688
06/27/16,06:37:00,3,469226
06/27/16,06:38:00,3,445758
06/27/16,06:39:00,3,452329
06/27/16,06:40:00,3,463125
06/27/16,06:41:00,3,552412
06/27/16,06:42:00,3,5657
06/27/16,06:43:00,3,457912
06/27/16,06:44:00,3,453759
06/27/16,06:45:00,3,443247
06/27/16,06:46:00,3,564391
06/27/16,06:47:00,3,454751
06/27/16,06:48:00,3,439069
06/27/16,06:49:00,3,465859
06/27/16,06:50:00,3,420562
06/27/16,06:51:00,3,552315
06/27/16,06:52:00,3,453331
06/27/16,06:53:00,3,441908
06/27/16,06:54:00,3,549915
06/27/16,06:55:00,3,783402
06/27/16,06:56:00,4,380268
06/27/16,06:57:00,5,279831
06/27/16,06:58:00,2,492439
06/27/16,06:59:00,1,703142
06/27/16,07:00:00,1,581846
06/27/16,07:01:00,1,519072
06/27/16,07:02:00,1,455545
06/27/16,07:03:00,1,569124
06/27/16,07:04:00,1,628677
06/27/16,07:05:00,2,376249
06/27/16,07:06:00,2,570067
06/27/16,07:07:00,2,621131
06/27/16,07:08:00,2,78018
06/27/16,07:09:00,2,29024
06/27/16,07:10:00,1,885704
06/27/16,07:11:00,2,16845
06/27/16,07:12:00,1,519712
06/27/16,07:13:00,1,50957
06/27/16,07:14:00,1,183685
06/27/16,07:15:00,0,9115032
06/27/16,07:16:00,0,8998401
06/27/16,07:17:00,0,5499017
06/27/16,07:18:00,0,6441947
06/27/16,07:19:00,0,3826657
06/27/16,07:20:00,0,3400489
06/27/16,07:21:00,0,222662
06/27/16,07:22:00,0,03141206
06/27/16,07:23:00,0
06/27/16,07:24:00,0
06/27/16,07:25:00,0
06/27/16,07:26:00,0
06/27/16,07:27:00,0
06/27/16,07:28:00,0
06/27/16,07:29:00,0
06/27/16,07:30:00,0
06/27/16,07:31:00,0
06/27/16,07:32:00,0
06/27/16,07:33:00,0
06/27/16,07:34:00,0
06/27/16,07:35:00,0
06/27/16,07:36:00,0
06/27/16,07:37:00,0
06/27/16,07:38:00,0
06/27/16,07:39:00,0
06/27/16,07:40:00,0
06/27/16,07:41:00,0
06/27/16,07:42:00,0
06/27/16,07:43:00,0
06/27/16,07:44:00,0
06/27/16,07:45:00,0
06/27/16,07:46:00,0
06/27/16,07:47:00,0
06/27/16,07:48:00,0
06/27/16,07:49:00,0,3819016
06/27/16,07:50:00,0,8251111
06/27/16,07:51:00,1,232617
06/27/16,07:52:00,1,727551
06/27/16,07:53:00,1,891168
06/27/16,07:54:00,2,304763
06/27/16,07:55:00,2,456255
06/27/16,07:56:00,2,820351
06/27/16,07:57:00,2,96389
06/27/16,07:58:00,3,156867
06/27/16,07:59:00,3,119819
06/27/16,08:00:00,3,267556
06/27/16,08:01:00,3,067551
06/27/16,08:02:00,3,27352
06/27/16,08:03:00,0,8748627
06/27/16,08:04:00,0
06/27/16,08:05:00,0
06/27/16,08:06:00,0
06/27/16,08:07:00,0
06/27/16,08:08:00,0
06/27/16,08:09:00,0
06/27/16,08:10:00,0
06/27/16,08:11:00,0
06/27/16,08:12:00,0
06/27/16,08:13:00,0
06/27/16,08:14:00,0
06/27/16,08:15:00,0
06/27/16,08:16:00,0
06/27/16,08:17:00,0
06/27/16,08:18:00,0
06/27/16,08:19:00,0
06/27/16,08:20:00,0
06/27/16,08:21:00,0
06/27/16,08:22:00,0
06/27/16,08:23:00,0
06/27/16,08:24:00,0
06/27/16,08:25:00,0
06/27/16,08:26:00,0
06/27/16,08:27:00,0
06/27/16,08:28:00,0
06/27/16,08:29:00,0
06/27/16,08:30:00,0
06/27/16,08:31:00,0
06/27/16,08:32:00,0
06/27/16,08:33:00,0
06/27/16,08:34:00,0
06/27/16,08:35:00,0
06/27/16,08:36:00,0
06/27/16,08:37:00,0
06/27/16,08:38:00,0
06/27/16,08:39:00,0
06/27/16,08:40:00,0
06/27/16,08:41:00,0
06/27/16,08:42:00,0
06/27/16,08:43:00,0
06/27/16,08:44:00,0
06/27/16,08:45:00,0
06/27/16,08:46:00,0
06/27/16,08:47:00,0
06/27/16,08:48:00,0
06/27/16,08:49:00,0
06/27/16,08:50:00,0
06/27/16,08:51:00,0
06/27/16,08:52:00,0
06/27/16,08:53:00,0
06/27/16,08:54:00,0
06/27/16,08:55:00,0
06/27/16,08:56:00,0
06/27/16,08:57:00,0
06/27/16,08:58:00,0,4334409
06/27/16,08:59:00,0,8949218
06/27/16,09:00:00,1,260295
06/27/16,09:01:00,1,552361
06/27/16,09:02:00,1,880392
06/27/16,09:03:00,2,101571
06/27/16,09:04:00,2,191298
06/27/16,09:05:00,2,219901
06/27/16,09:06:00,2,351061
06/27/16,09:07:00,2,240292
06/27/16,09:08:00,2,322231
06/27/16,09:09:00,2,245692
06/27/16,09:10:00,2,541077
06/27/16,09:11:00,2,391946
06/27/16,09:12:00,2,604877
06/27/16,09:13:00,2,568494
06/27/16,09:14:00,2,796498
06/27/16,09:15:00,2,803878
06/27/16,09:16:00,2,880361
06/27/16,09:17:00,3,156466
06/27/16,09:18:00,3,117987
06/27/16,09:19:00,3,283228
06/27/16,09:20:00,3,690008
06/27/16,09:21:00,3,713179
06/27/16,09:22:00,3,924571
06/27/16,09:23:00,3,8957
06/27/16,09:24:00,4,024273
06/27/16,09:25:00,4,307658
06/27/16,09:26:00,4,435083
06/27/16,09:27:00,4,611722
06/27/16,09:28:00,4,698982
06/27/16,09:29:00,4,728057
06/27/16,09:30:00,5,116858
06/27/16,09:31:00,5,190087
06/27/16,09:32:00,5,369877
06/27/16,09:33:00,5,553225
06/27/16,09:34:00,5,59423
06/27/16,09:35:00,5,756057
06/27/16,09:36:00,5,914158
06/27/16,09:37:00,6,12354
06/27/16,09:38:00,6,27053
06/27/16,09:39:00,6,556063
06/27/16,09:40:00,6,633726
06/27/16,09:41:00,6,825781
06/27/16,09:42:00,6,814529
06/27/16,09:43:00,6,822848
06/27/16,09:44:00,7,111988
06/27/16,09:45:00,7,279427
06/27/16,09:46:00,7,392043
06/27/16,09:47:00,7,530154
06/27/16,09:48:00,7,726946
06/27/16,09:49:00,7,830685
06/27/16,09:50:00,8,046885
06/27/16,09:51:00,8,205552
06/27/16,09:52:00,8,35476
06/27/16,09:53:00,8,248038
06/27/16,09:54:00,8,658267
06/27/16,09:55:00,8,71975
06/27/16,09:56:00,8,978051
06/27/16,09:57:00,9,029968
06/27/16,09:58:00,9,056034
06/27/16,09:59:00,9,135456
06/27/16,10:00:00,9,234229
06/27/16,10:01:00,9,445822
06/27/16,10:02:00,9,57843
06/27/16,10:03:00,9,72745
06/27/16,10:04:00,9,959418
06/27/16,10:05:00,9,928589
06/27/16,10:06:00,10,00762
06/27/16,10:07:00,10,16188
06/27/16,10:08:00,10,44911
06/27/16,10:09:00,10,49347
06/27/16,10:10:00,10,61578
06/27/16,10:11:00,10,65733
06/27/16,10:12:00,10,8259
06/27/16,10:13:00,10,7988
06/27/16,10:14:00,11,01868
06/27/16,10:15:00,11,20515
06/27/16,10:16:00,11,194
06/27/16,10:17:00,11,25535
06/27/16,10:18:00,11,43359
06/27/16,10:19:00,11,42101
06/27/16,10:20:00,11,63685
06/27/16,10:21:00,11,74447
06/27/16,10:22:00,11,88636
06/27/16,10:23:00,11,96803
06/27/16,10:24:00,2,505486
06/27/16,10:25:00,0,2927007
06/27/16,10:26:00,0
06/27/16,10:27:00,0
06/27/16,10:28:00,0
06/27/16,10:29:00,0
06/27/16,10:30:00,0
06/27/16,10:31:00,0
06/27/16,10:32:00,0
06/27/16,10:33:00,0
06/27/16,10:34:00,0
06/27/16,10:35:00,0
06/27/16,10:36:00,0
06/27/16,10:37:00,13,08462
06/27/16,10:38:00,9,852581
06/27/16,10:39:00,1,657761
06/27/16,10:40:00,0
06/27/16,10:41:00,0
06/27/16,10:42:00,0
06/27/16,10:43:00,0
06/27/16,10:44:00,9,828207
06/27/16,10:45:00,16,94185
06/27/16,10:46:00,4,799876
06/27/16,10:47:00,0
06/27/16,10:48:00,0
06/27/16,10:49:00,0
06/27/16,10:50:00,0
06/27/16,10:51:00,0
06/27/16,10:52:00,5,693052
06/27/16,10:53:00,16,27498
06/27/16,10:54:00,17,73983
06/27/16,10:55:00,18,18518
06/27/16,10:56:00,18,06304
06/27/16,10:57:00,18,11483
06/27/16,10:58:00,17,9439
06/27/16,10:59:00,17,41596
06/27/16,11:00:00,18,28834
06/27/16,11:01:00,17,19309
06/27/16,11:02:00,17,51059
06/27/16,11:03:00,17,0137
06/27/16,11:04:00,17,61313
06/27/16,11:05:00,19,08126
06/27/16,11:06:00,20,39753
06/27/16,11:07:00,17,12062
06/27/16,11:08:00,16,88357
06/27/16,11:09:00,17,81814
06/27/16,11:10:00,17,85743
06/27/16,11:11:00,17,01259
06/27/16,11:12:00,16,98111
06/27/16,11:13:00,16,90362
06/27/16,11:14:00,3,904864
06/27/16,11:15:00,0
06/27/16,11:16:00,0
06/27/16,11:17:00,0
06/27/16,11:18:00,0
06/27/16,11:19:00,0
06/27/16,11:20:00,0
06/27/16,11:21:00,0
06/27/16,11:22:00,0
06/27/16,11:23:00,0
06/27/16,11:24:00,0
06/27/16,11:25:00,0
06/27/16,11:26:00,0
06/27/16,11:27:00,0
06/27/16,11:28:00,0
06/27/16,11:29:00,0
06/27/16,11:30:00,0
06/27/16,11:31:00,0
06/27/16,11:32:00,0
06/27/16,11:33:00,0
06/27/16,11:34:00,0
06/27/16,11:35:00,0
06/27/16,11:36:00,0
06/27/16,11:37:00,0
06/27/16,11:38:00,0
06/27/16,11:39:00,0
06/27/16,11:40:00,0
06/27/16,11:41:00,0
06/27/16,11:42:00,0
06/27/16,11:43:00,0
06/27/16,11:44:00,0
06/27/16,11:45:00,0
06/27/16,11:46:00,0
06/27/16,11:47:00,0
06/27/16,11:48:00,0
06/27/16,11:49:00,0
06/27/16,11:50:00,0
06/27/16,11:51:00,0
06/27/16,11:52:00,0
06/27/16,11:53:00,0
06/27/16,11:54:00,0
06/27/16,11:55:00,0
06/27/16,11:56:00,0
06/27/16,11:57:00,0
06/27/16,11:58:00,0
06/27/16,11:59:00,0
06/27/16,12:00:00,0
06/27/16,12:01:00,0
06/27/16,12:02:00,0
06/27/16,12:03:00,0
06/27/16,12:04:00,0
06/27/16,12:05:00,0
06/27/16,12:06:00,0
06/27/16,12:07:00,0
06/27/16,12:08:00,0
06/27/16,12:09:00,0
06/27/16,12:10:00,0
06/27/16,12:11:00,0
06/27/16,12:12:00,0
06/27/16,12:13:00,0
06/27/16,12:14:00,0
06/27/16,12:15:00,0
06/27/16,12:16:00,11,91149
06/27/16,12:17:00,3,71974
06/27/16,12:18:00,0
06/27/16,12:19:00,0
06/27/16,12:20:00,0
06/27/16,12:21:00,0
06/27/16,12:22:00,0
06/27/16,12:23:00,7,269686
06/27/16,12:24:00,14,66027
06/27/16,12:25:00,16,80965
06/27/16,12:26:00,17,17107
06/27/16,12:27:00,17,69921
06/27/16,12:28:00,17,20733
06/27/16,12:29:00,15,47716
06/27/16,12:30:00,16,0894
06/27/16,12:31:00,16,14263
06/27/16,12:32:00,16,08256
06/27/16,12:33:00,16,70863
06/27/16,12:34:00,16,35814
06/27/16,12:35:00,15,70019
06/27/16,12:36:00,16,584
06/27/16,12:37:00,17,98218
06/27/16,12:38:00,17,06365
06/27/16,12:39:00,15,81534
06/27/16,12:40:00,17,07928
06/27/16,12:41:00,15,55079
06/27/16,12:42:00,14,96778
06/27/16,12:43:00,1,716942
06/27/16,12:44:00,0
06/27/16,12:45:00,0
06/27/16,12:46:00,0
06/27/16,12:47:00,0
06/27/16,12:48:00,0
06/27/16,12:49:00,0
06/27/16,12:50:00,0
06/27/16,12:51:00,0
06/27/16,12:52:00,0
06/27/16,12:53:00,0
06/27/16,12:54:00,0
06/27/16,12:55:00,0
06/27/16,12:56:00,0
06/27/16,12:57:00,0
06/27/16,12:58:00,0
06/27/16,12:59:00,0
06/27/16,13:00:00,0
06/27/16,13:01:00,0
06/27/16,13:02:00,0
06/27/16,13:03:00,0
06/27/16,13:04:00,0
06/27/16,13:05:00,0
06/27/16,13:06:00,0
06/27/16,13:07:00,0
06/27/16,13:08:00,0
06/27/16,13:09:00,6,14634
06/27/16,13:10:00,15,36493
06/27/16,13:11:00,17,53162
06/27/16,13:12:00,17,69374
06/27/16,13:13:00,17,27211
06/27/16,13:14:00,16,97626
06/27/16,13:15:00,17,05049
06/27/16,13:16:00,17,33841
06/27/16,13:17:00,17,41156
06/27/16,13:18:00,18,1244
06/27/16,13:19:00,18,0171
06/27/16,13:20:00,17,5492
06/27/16,13:21:00,17,29093
06/27/16,13:22:00,17,45327
06/27/16,13:23:00,16,92981
06/27/16,13:24:00,16,64386
06/27/16,13:25:00,18,05675
06/27/16,13:26:00,19,23195
06/27/16,13:27:00,18,03192
06/27/16,13:28:00,17,85916
06/27/16,13:29:00,20,04359
06/27/16,13:30:00,19,13675
06/27/16,13:31:00,18,85163
06/27/16,13:32:00,18,91488
06/27/16,13:33:00,6,347356
06/27/16,13:34:00,0
06/27/16,13:35:00,0
06/27/16,13:36:00,0
06/27/16,13:37:00,0
06/27/16,13:38:00,0
06/27/16,13:39:00,0
06/27/16,13:40:00,0
06/27/16,13:41:00,0
06/27/16,13:42:00,0
06/27/16,13:43:00,0
06/27/16,13:44:00,0
06/27/16,13:45:00,0
06/27/16,13:46:00,0
06/27/16,13:47:00,0
06/27/16,13:48:00,0
06/27/16,13:49:00,0
06/27/16,13:50:00,0
06/27/16,13:51:00,0
06/27/16,13:52:00,0
06/27/16,13:53:00,0
06/27/16,13:54:00,0
06/27/16,13:55:00,0
06/27/16,13:56:00,0
06/27/16,13:57:00,0
06/27/16,13:58:00,0
06/27/16,13:59:00,0
06/27/16,14:00:00,0
06/27/16,14:01:00,0
06/27/16,14:02:00,0
06/27/16,14:03:00,0
06/27/16,14:04:00,0
06/27/16,14:05:00,0
06/27/16,14:06:00,0
06/27/16,14:07:00,0
06/27/16,14:08:00,0
06/27/16,14:09:00,0
06/27/16,14:10:00,0
06/27/16,14:11:00,0
06/27/16,14:12:00,0
06/27/16,14:13:00,0
06/27/16,14:14:00,0
06/27/16,14:15:00,0
06/27/16,14:16:00,0
06/27/16,14:17:00,0
06/27/16,14:18:00,0
06/27/16,14:19:00,0
06/27/16,14:20:00,0
06/27/16,14:21:00,0
06/27/16,14:22:00,0
06/27/16,14:23:00,0
06/27/16,14:24:00,0
06/27/16,14:25:00,0
06/27/16,14:26:00,10,88157
06/27/16,14:27:00,16,0673
06/27/16,14:28:00,20,36318
06/27/16,14:29:00,25,46832
06/27/16,14:30:00,18,23878
06/27/16,14:31:00,15,83491
06/27/16,14:32:00,16,1494
06/27/16,14:33:00,16,65338
06/27/16,14:34:00,16,48348
06/27/16,14:35:00,17,59452
06/27/16,14:36:00,17,23743
06/27/16,14:37:00,16,90319
06/27/16,14:38:00,17,33002
06/27/16,14:39:00,17,19606
06/27/16,14:40:00,17,0663
06/27/16,14:41:00,16,71224
06/27/16,14:42:00,16,87068
06/27/16,14:43:00,16,77083
06/27/16,14:44:00,16,59132
06/27/16,14:45:00,16,73218
06/27/16,14:46:00,17,15527
06/27/16,14:47:00,17,14933
06/27/16,14:48:00,16,41573
06/27/16,14:49:00,15,09683
06/27/16,14:50:00,16,22607
06/27/16,14:51:00,16,94382
06/27/16,14:52:00,15,62139
06/27/16,14:53:00,16,51476
06/27/16,14:54:00,16,68316
06/27/16,14:55:00,15,96434
06/27/16,14:56:00,16,23094
06/27/16,14:57:00,17,13259
06/27/16,14:58:00,17,41633
06/27/16,14:59:00,17,14434
06/27/16,15:00:00,16,90663
06/27/16,15:01:00,17,19884
06/27/16,15:02:00,17,47623
06/27/16,15:03:00,17,11795
06/27/16,15:04:00,16,75379
06/27/16,15:05:00,16,58672
06/27/16,15:06:00,16,49418
06/27/16,15:07:00,17,07227
06/27/16,15:08:00,16,25421
06/27/16,15:09:00,16,82933
06/27/16,15:10:00,16,87423
06/27/16,15:11:00,17,11314
06/27/16,15:12:00,17,32267
06/27/16,15:13:00,16,46539
06/27/16,15:14:00,16,8623
06/27/16,15:15:00,17,07808
06/27/16,15:16:00,17,57016
06/27/16,15:17:00,16,94512
06/27/16,15:18:00,16,45575
06/27/16,15:19:00,15,71034
06/27/16,15:20:00,15,77963
06/27/16,15:21:00,15,7399
06/27/16,15:22:00,16,52443
06/27/16,15:23:00,16,80363
06/27/16,15:24:00,17,08353
06/27/16,15:25:00,17,39944
06/27/16,15:26:00,15,96129
06/27/16,15:27:00,16,21612
06/27/16,15:28:00,16,13722
06/27/16,15:29:00,16,05908
06/27/16,15:30:00,15,82148
06/27/16,15:31:00,15,20699
06/27/16,15:32:00,15,39357
06/27/16,15:33:00,15,15141
06/27/16,15:34:00,16,10087
06/27/16,15:35:00,16,15061
06/27/16,15:36:00,16,65822
06/27/16,15:37:00,16,25575
06/27/16,15:38:00,15,48228
06/27/16,15:39:00,15,87384
06/27/16,15:40:00,15,96673
06/27/16,15:41:00,15,55897
06/27/16,15:42:00,15,68855
06/27/16,15:43:00,14,89973
06/27/16,15:44:00,15,35417
06/27/16,15:45:00,15,83835
06/27/16,15:46:00,17,06303
06/27/16,15:47:00,16,32035
06/27/16,15:48:00,16,31247
06/27/16,15:49:00,15,58164
06/27/16,15:50:00,15,47911
06/27/16,15:51:00,17,08207
06/27/16,15:52:00,16,62809
06/27/16,15:53:00,16,22633
06/27/16,15:54:00,16,49212
06/27/16,15:55:00,16,32881
06/27/16,15:56:00,16,56759
06/27/16,15:57:00,16,29503
06/27/16,15:58:00,16,59368
06/27/16,15:59:00,17,28543
06/27/16,16:00:00,16,00673
06/27/16,16:01:00,16,08895
06/27/16,16:02:00,15,58953
06/27/16,16:03:00,15,42377
06/27/16,16:04:00,12,07494
06/27/16,16:05:00,0
06/27/16,16:06:00,0
06/27/16,16:07:00,0
06/27/16,16:08:00,0
06/27/16,16:09:00,0
06/27/16,16:10:00,0
06/27/16,16:11:00,0
06/27/16,16:12:00,0
06/27/16,16:13:00,7,777243
06/27/16,16:14:00,15,31553
06/27/16,16:15:00,15,54997
06/27/16,16:16:00,15,28724
06/27/16,16:17:00,15,03919
06/27/16,16:18:00,15,2551
06/27/16,16:19:00,16,53104
06/27/16,16:20:00,15,53955
06/27/16,16:21:00,16,65744
06/27/16,16:22:00,17,13061
06/27/16,16:23:00,16,91322
06/27/16,16:24:00,16,32649
06/27/16,16:25:00,15,7509
06/27/16,16:26:00,16,18665
06/27/16,16:27:00,16,51711
06/27/16,16:28:00,16,097
06/27/16,16:29:00,16,62209
06/27/16,16:30:00,15,99736
06/27/16,16:31:00,15,35684
06/27/16,16:32:00,15,63046
06/27/16,16:33:00,15,75589
06/27/16,16:34:00,16,70053
06/27/16,16:35:00,15,98065
06/27/16,16:36:00,16,49143
06/27/16,16:37:00,16,20744
06/27/16,16:38:00,15,17565
06/27/16,16:39:00,14,67883
06/27/16,16:40:00,14,68995
06/27/16,16:41:00,13,96695
06/27/16,16:42:00,14,5989
06/27/16,16:43:00,13,31438
06/27/16,16:44:00,13,71972
06/27/16,16:45:00,14,27954
06/27/16,16:46:00,14,05579
06/27/16,16:47:00,13,95734
06/27/16,16:48:00,14,74795
06/27/16,16:49:00,15,30544
06/27/16,16:50:00,13,61444
06/27/16,16:51:00,15,3217
06/27/16,16:52:00,16,93662
06/27/16,16:53:00,15,82682
06/27/16,16:54:00,15,15279
06/27/16,16:55:00,15,17837
06/27/16,16:56:00,14,9407
06/27/16,16:57:00,16,33707
06/27/16,16:58:00,15,77631
06/27/16,16:59:00,15,44182
06/27/16,17:00:00,15,388
06/27/16,17:01:00,14,78359
06/27/16,17:02:00,15,00962
06/27/16,17:03:00,14,09777
06/27/16,17:04:00,14,01081
06/27/16,17:05:00,13,51388
06/27/16,17:06:00,14,61644
06/27/16,17:07:00,15,75528
06/27/16,17:08:00,15,92625
06/27/16,17:09:00,16,95748
06/27/16,17:10:00,16,61386
06/27/16,17:11:00,16,03731
06/27/16,17:12:00,16,55035
06/27/16,17:13:00,16,50422
06/27/16,17:14:00,17,37489
06/27/16,17:15:00,16,87166
06/27/16,17:16:00,17,87054
06/27/16,17:17:00,16,62699
06/27/16,17:18:00,17,20053
06/27/16,17:19:00,18,28796
06/27/16,17:20:00,17,90839
06/27/16,17:21:00,17,21631
06/27/16,17:22:00,17,25856
06/27/16,17:23:00,15,92174
06/27/16,17:24:00,18,11802
06/27/16,17:25:00,17,55858
06/27/16,17:26:00,17,34288
06/27/16,17:27:00,17,43657
06/27/16,17:28:00,17,59871
06/27/16,17:29:00,18,49988
06/27/16,17:30:00,17,30607
06/27/16,17:31:00,16,60573
06/27/16,17:32:00,16,98106
06/27/16,17:33:00,17,32036
06/27/16,17:34:00,16,74566
06/27/16,17:35:00,17,26867
06/27/16,17:36:00,17,19507
06/27/16,17:37:00,16,89425
06/27/16,17:38:00,16,91411
06/27/16,17:39:00,16,67008
06/27/16,17:40:00,17,76031
06/27/16,17:41:00,17,66609
06/27/16,17:42:00,17,09668
06/27/16,17:43:00,16,9116
06/27/16,17:44:00,16,74486
06/27/16,17:45:00,17,98851
06/27/16,17:46:00,16,95202
06/27/16,17:47:00,17,99995
06/27/16,17:48:00,18,08944
06/27/16,17:49:00,17,52995
06/27/16,17:50:00,18,05479
06/27/16,17:51:00,17,75478
06/27/16,17:52:00,17,19683
06/27/16,17:53:00,17,48333
06/27/16,17:54:00,17,15313
06/27/16,17:55:00,17,6647
06/27/16,17:56:00,17,86488
06/27/16,17:57:00,17,40926
06/27/16,17:58:00,17,00852
06/27/16,17:59:00,17,10064
06/27/16,18:00:00,17,97645
06/27/16,18:01:00,18,9773
06/27/16,18:02:00,18,45933
06/27/16,18:03:00,19,10494
06/27/16,18:04:00,19,1565
06/27/16,18:05:00,18,73813
06/27/16,18:06:00,18,59817
06/27/16,18:07:00,19,19498
06/27/16,18:08:00,19,44798
06/27/16,18:09:00,18,97305
06/27/16,18:10:00,19,19952
06/27/16,18:11:00,19,44504
06/27/16,18:12:00,19,85576
06/27/16,18:13:00,19,73969
06/27/16,18:14:00,20,4457
06/27/16,18:15:00,19,90769
06/27/16,18:16:00,18,97038
06/27/16,18:17:00,19,1471
06/27/16,18:18:00,19,25917
06/27/16,18:19:00,19,26203
06/27/16,18:20:00,19,09801
06/27/16,18:21:00,18,81073
06/27/16,18:22:00,18,74887
06/27/16,18:23:00,18,75677
06/27/16,18:24:00,18,96551
06/27/16,18:25:00,19,29354
06/27/16,18:26:00,18,0531
06/27/16,18:27:00,18,51148
06/27/16,18:28:00,17,78104
06/27/16,18:29:00,18,64439
06/27/16,18:30:00,19,18437
06/27/16,18:31:00,19,3127
06/27/16,18:32:00,19,78116
06/27/16,18:33:00,19,66567
06/27/16,18:34:00,19,25827
06/27/16,18:35:00,18,29467
06/27/16,18:36:00,19,05098
06/27/16,18:37:00,20,17936
06/27/16,18:38:00,20,12685
06/27/16,18:39:00,19,3554
06/27/16,18:40:00,19,07608
06/27/16,18:41:00,19,50135
06/27/16,18:42:00,18,89738
06/27/16,18:43:00,19,19696
06/27/16,18:44:00,19,26131
06/27/16,18:45:00,18,66028
06/27/16,18:46:00,18,295
06/27/16,18:47:00,11,50906
06/27/16,18:48:00,16,27363
06/27/16,18:49:00,19,57789
06/27/16,18:50:00,19,65905
06/27/16,18:51:00,19,40499
06/27/16,18:52:00,19,22295
06/27/16,18:53:00,19,65347
06/27/16,18:54:00,18,67188
06/27/16,18:55:00,18,49122
06/27/16,18:56:00,18,39842
06/27/16,18:57:00,17,5218
06/27/16,18:58:00,18,67899
06/27/16,18:59:00,18,42103
06/27/16,19:00:00,18,37547
06/27/16,19:01:00,18,42976
06/27/16,19:02:00,18,43684
06/27/16,19:03:00,18,74177
06/27/16,19:04:00,18,49659
06/27/16,19:05:00,18,45784
06/27/16,19:06:00,18,59781
06/27/16,19:07:00,18,75246
06/27/16,19:08:00,19,08485
06/27/16,19:09:00,19,52661
06/27/16,19:10:00,19,04015
06/27/16,19:11:00,19,82641
06/27/16,19:12:00,20,12825
06/27/16,19:13:00,18,44321
06/27/16,19:14:00,18,1014
06/27/16,19:15:00,19,12317
06/27/16,19:16:00,19,27018
06/27/16,19:17:00,18,8947
06/27/16,19:18:00,18,93561
06/27/16,19:19:00,19,31491
06/27/16,19:20:00,19,14313
06/27/16,19:21:00,19,65575
06/27/16,19:22:00,19,86828
06/27/16,19:23:00,19,89849
06/27/16,19:24:00,18,98995
06/27/16,19:25:00,19,0577
06/27/16,19:26:00,19,70196
06/27/16,19:27:00,19,27938
06/27/16,19:28:00,20,06631
06/27/16,19:29:00,19,76574
06/27/16,19:30:00,19,60517
06/27/16,19:31:00,19,63628
06/27/16,19:32:00,20,39744
06/27/16,19:33:00,19,59828
06/27/16,19:34:00,19,487
06/27/16,19:35:00,19,89845
06/27/16,19:36:00,19,10656
06/27/16,19:37:00,19,89224
06/27/16,19:38:00,19,68574
06/27/16,19:39:00,19,56662
06/27/16,19:40:00,19,02682
06/27/16,19:41:00,19,3956
06/27/16,19:42:00,19,44478
06/27/16,19:43:00,19,39236
06/27/16,19:44:00,19,07904
06/27/16,19:45:00,19,14756
06/27/16,19:46:00,17,88865
06/27/16,19:47:00,19,42524
06/27/16,19:48:00,19,88375
06/27/16,19:49:00,19,66516
06/27/16,19:50:00,19,84245
06/27/16,19:51:00,19,30449
06/27/16,19:52:00,19,51488
06/27/16,19:53:00,19,99166
06/27/16,19:54:00,19,58676
06/27/16,19:55:00,19,11559
06/27/16,19:56:00,19,44928
06/27/16,19:57:00,20,30453
06/27/16,19:58:00,19,90001
06/27/16,19:59:00,19,32227
06/27/16,20:00:00,18,58106
06/27/16,20:01:00,19,36054
06/27/16,20:02:00,19,147
06/27/16,20:03:00,18,96173
06/27/16,20:04:00,19,42852
06/27/16,20:05:00,19,72449
06/27/16,20:06:00,19,15421
06/27/16,20:07:00,19,69477
06/27/16,20:08:00,9,912176
06/27/16,20:09:00,0
06/27/16,20:10:00,0
06/27/16,20:11:00,0
06/27/16,20:12:00,0
06/27/16,20:13:00,0
06/27/16,20:14:00,0
06/27/16,20:15:00,0
06/27/16,20:16:00,0
06/27/16,20:17:00,0
06/27/16,20:18:00,0
06/27/16,20:19:00,0
06/27/16,20:20:00,0
06/27/16,20:21:00,0
06/27/16,20:22:00,0
06/27/16,20:23:00,0
06/27/16,20:24:00,6,86777
06/27/16,20:25:00,14,67282
06/27/16,20:26:00,17,54404
06/27/16,20:27:00,17,23147
06/27/16,20:28:00,15,91839
06/27/16,20:29:00,15,47441
06/27/16,20:30:00,15,47106
06/27/16,20:31:00,15,98988
06/27/16,20:32:00,14,85058
06/27/16,20:33:00,15,33816
06/27/16,20:34:00,15,39809
06/27/16,20:35:00,16,57875
06/27/16,20:36:00,15,86027
06/27/16,20:37:00,16,05995
06/27/16,20:38:00,16,04336
06/27/16,20:39:00,16,47244
06/27/16,20:40:00,16,64493
06/27/16,20:41:00,15,87268
06/27/16,20:42:00,16,91228
06/27/16,20:43:00,16,91578
06/27/16,20:44:00,15,63386
06/27/16,20:45:00,17,21095
06/27/16,20:46:00,16,78755
06/27/16,20:47:00,16,07694
06/27/16,20:48:00,15,45369
06/27/16,20:49:00,15,62134
06/27/16,20:50:00,15,31459
06/27/16,20:51:00,15,46081
06/27/16,20:52:00,15,33198
06/27/16,20:53:00,15,08722
06/27/16,20:54:00,15,86067
06/27/16,20:55:00,16,60881
06/27/16,20:56:00,15,25172
06/27/16,20:57:00,15,57539
06/27/16,20:58:00,16,18593
06/27/16,20:59:00,16,37253
06/27/16,21:00:00,15,85039
06/27/16,21:01:00,15,64722
06/27/16,21:02:00,15,36941
06/27/16,21:03:00,16,41561
06/27/16,21:04:00,17,13823
06/27/16,21:05:00,16,89726
06/27/16,21:06:00,16,21397
06/27/16,21:07:00,16,46371
06/27/16,21:08:00,16,80791
06/27/16,21:09:00,16,97319
06/27/16,21:10:00,16,8567
06/27/16,21:11:00,16,17285
06/27/16,21:12:00,16,02914
06/27/16,21:13:00,16,11176
06/27/16,21:14:00,16,4651
06/27/16,21:15:00,16,19126
06/27/16,21:16:00,15,92466
06/27/16,21:17:00,15,51647
06/27/16,21:18:00,15,88397
06/27/16,21:19:00,16,39786
06/27/16,21:20:00,17,05473
06/27/16,21:21:00,16,85937
06/27/16,21:22:00,16,06672
06/27/16,21:23:00,15,30733
06/27/16,21:24:00,15,26781
06/27/16,21:25:00,15,8145
06/27/16,21:26:00,16,34208
06/27/16,21:27:00,15,7934
06/27/16,21:28:00,16,1831
06/27/16,21:29:00,17,64116
06/27/16,21:30:00,17,12683
06/27/16,21:31:00,16,87258
06/27/16,21:32:00,17,14677
06/27/16,21:33:00,16,6499
06/27/16,21:34:00,16,58644
06/27/16,21:35:00,16,24727
06/27/16,21:36:00,4,474182
06/27/16,21:37:00,0
06/27/16,21:38:00,0
06/27/16,21:39:00,0
06/27/16,21:40:00,0
06/27/16,21:41:00,0
06/27/16,21:42:00,0
06/27/16,21:43:00,0
06/27/16,21:44:00,0
06/27/16,21:45:00,0
06/27/16,21:46:00,0
06/27/16,21:47:00,0
06/27/16,21:48:00,0
06/27/16,21:49:00,0
06/27/16,21:50:00,0
06/27/16,21:51:00,0
06/27/16,21:52:00,0
06/27/16,21:53:00,0
06/27/16,21:54:00,0
06/27/16,21:55:00,0
06/27/16,21:56:00,0
06/27/16,21:57:00,0
06/27/16,21:58:00,0
06/27/16,21:59:00,0
06/27/16,22:00:00,0
06/27/16,22:01:00,0
06/27/16,22:02:00,0
06/27/16,22:03:00,0
06/27/16,22:04:00,0
06/27/16,22:05:00,0
06/27/16,22:06:00,0
06/27/16,22:07:00,0
06/27/16,22:08:00,0
06/27/16,22:09:00,0
06/27/16,22:10:00,0,1232154
06/27/16,22:11:00,13,18189
06/27/16,22:12:00,14,04363
06/27/16,22:13:00,15,8089
06/27/16,22:14:00,16,24195
06/27/16,22:15:00,16,90288
06/27/16,22:16:00,17,43605
06/27/16,22:17:00,17,60398
06/27/16,22:18:00,17,01557
06/27/16,22:19:00,17,30221
06/27/16,22:20:00,17,09739
06/27/16,22:21:00,17,15095
06/27/16,22:22:00,17,03883
06/27/16,22:23:00,16,33524
06/27/16,22:24:00,16,53692
06/27/16,22:25:00,16,643
06/27/16,22:26:00,17,18911
06/27/16,22:27:00,17,07536
06/27/16,22:28:00,17,47741
06/27/16,22:29:00,16,73244
06/27/16,22:30:00,16,53417
06/27/16,22:31:00,17,2716
06/27/16,22:32:00,15,06129
06/27/16,22:33:00,16,13602
06/27/16,22:34:00,16,37463
06/27/16,22:35:00,17,3135
06/27/16,22:36:00,16,3781
06/27/16,22:37:00,16,14487
06/27/16,22:38:00,16,51268
06/27/16,22:39:00,15,79536
06/27/16,22:40:00,15,22371
06/27/16,22:41:00,15,613
06/27/16,22:42:00,15,48702
06/27/16,22:43:00,14,96735
06/27/16,22:44:00,15,56068
06/27/16,22:45:00,16,24516
06/27/16,22:46:00,16,75084
06/27/16,22:47:00,16,11089
06/27/16,22:48:00,15,38642
06/27/16,22:49:00,16,25899
06/27/16,22:50:00,16,38998
06/27/16,22:51:00,16,04671
06/27/16,22:52:00,16,64789
06/27/16,22:53:00,16,73819
06/27/16,22:54:00,15,38404
06/27/16,22:55:00,15,58576
06/27/16,22:56:00,15,24792
06/27/16,22:57:00,15,33246
06/27/16,22:58:00,15,07832
06/27/16,22:59:00,15,95223
06/27/16,23:00:00,15,82022
06/27/16,23:01:00,16,22485
06/27/16,23:02:00,16,58684
06/27/16,23:03:00,16,21297
06/27/16,23:04:00,15,3543
06/27/16,23:05:00,16,30545
06/27/16,23:06:00,15,94489
06/27/16,23:07:00,15,62038
06/27/16,23:08:00,2,741215
06/27/16,23:09:00,0
06/27/16,23:10:00,0
06/27/16,23:11:00,0
06/27/16,23:12:00,0
06/27/16,23:13:00,0
06/27/16,23:14:00,0
06/27/16,23:15:00,0
06/27/16,23:16:00,0
06/27/16,23:17:00,0
06/27/16,23:18:00,3,947315
06/27/16,23:19:00,13,49769
06/27/16,23:20:00,13,94605
06/27/16,23:21:00,15,48636
06/27/16,23:22:00,16,85307
06/27/16,23:23:00,17,14775
06/27/16,23:24:00,17,30726
06/27/16,23:25:00,16,95107
06/27/16,23:26:00,16,23592
06/27/16,23:27:00,17,37595
06/27/16,23:28:00,16,69665
06/27/16,23:29:00,17,06928
06/27/16,23:30:00,17,05574
06/27/16,23:31:00,15,57698
06/27/16,23:32:00,17,09695
06/27/16,23:33:00,17,43088
06/27/16,23:34:00,16,35643
06/27/16,23:35:00,16,77841
06/27/16,23:36:00,17,52411
06/27/16,23:37:00,16,7541
06/27/16,23:38:00,15,97656
06/27/16,23:39:00,16,24845
06/27/16,23:40:00,16,44036
06/27/16,23:41:00,16,36616
06/27/16,23:42:00,17,7558
06/27/16,23:43:00,17,15825
06/27/16,23:44:00,16,64516
06/27/16,23:45:00,15,8602
06/27/16,23:46:00,16,31574
06/27/16,23:47:00,16,31016
06/27/16,23:48:00,16,40628
06/27/16,23:49:00,16,04709
06/27/16,23:50:00,15,58338
06/27/16,23:51:00,15,74246
06/27/16,23:52:00,15,62519
06/27/16,23:53:00,15,84665
06/27/16,23:54:00,16,87412
06/27/16,23:55:00,16,10761
06/27/16,23:56:00,15,46624
06/27/16,23:57:00,14,78205
06/27/16,23:58:00,15,11279
06/27/16,23:59:00,16,51707
06/28/16,00:00:00,
06/28/16,00:01:00,
06/28/16,00:02:00,
06/28/16,00:03:00,
06/28/16,00:04:00,
06/28/16,00:05:00,
06/28/16,00:06:00,
06/28/16,00:07:00,
06/28/16,00:08:00,
06/28/16,00:09:00,
06/28/16,00:10:00,
06/28/16,00:11:00,
06/28/16,00:12:00,
06/28/16,00:13:00,
06/28/16,00:14:00,
06/28/16,00:15:00,
06/28/16,00:16:00,
06/28/16,00:17:00,
06/28/16,00:18:00,
06/28/16,00:19:00,
06/28/16,00:20:00,
06/28/16,00:21:00,
06/28/16,00:22:00,
06/28/16,00:23:00,
06/28/16,00:24:00,
06/28/16,00:25:00,
06/28/16,00:26:00,
06/28/16,00:27:00,
06/28/16,00:28:00,
06/28/16,00:29:00,
06/28/16,00:30:00,
06/28/16,00:31:00,
06/28/16,00:32:00,
06/28/16,00:33:00,
06/28/16,00:34:00,
06/28/16,00:35:00,
06/28/16,00:36:00,
06/28/16,00:37:00,
06/28/16,00:38:00,
06/28/16,00:39:00,
06/28/16,00:40:00,
06/28/16,00:41:00,
06/28/16,00:42:00,
06/28/16,00:43:00,
06/28/16,00:44:00,
06/28/16,00:45:00,
06/28/16,00:46:00,
06/28/16,00:47:00,
06/28/16,00:48:00,
06/28/16,00:49:00,
06/28/16,00:50:00,
06/28/16,00:51:00,
06/28/16,00:52:00,
06/28/16,00:53:00,
06/28/16,00:54:00,
06/28/16,00:55:00,
06/28/16,00:56:00,
06/28/16,00:57:00,
06/28/16,00:58:00,
06/28/16,00:59:00,
06/28/16,01:00:00,
06/28/16,01:01:00,
06/28/16,01:02:00,
06/28/16,01:03:00,
06/28/16,01:04:00,
06/28/16,01:05:00,
06/28/16,01:06:00,
06/28/16,01:07:00,
06/28/16,01:08:00,
06/28/16,01:09:00,
06/28/16,01:10:00,
06/28/16,01:11:00,
06/28/16,01:12:00,
06/28/16,01:13:00,
06/28/16,01:14:00,
06/28/16,01:15:00,
06/28/16,01:16:00,
06/28/16,01:17:00,
06/28/16,01:18:00,
06/28/16,01:19:00,
06/28/16,01:20:00,
06/28/16,01:21:00,
06/28/16,01:22:00,
06/28/16,01:23:00,
06/28/16,01:24:00,
06/28/16,01:25:00,
06/28/16,01:26:00,
06/28/16,01:27:00,
06/28/16,01:28:00,
06/28/16,01:29:00,
06/28/16,01:30:00,
06/28/16,01:31:00,
06/28/16,01:32:00,
06/28/16,01:33:00,
06/28/16,01:34:00,
06/28/16,01:35:00,
06/28/16,01:36:00,
06/28/16,01:37:00,
06/28/16,01:38:00,
06/28/16,01:39:00,
06/28/16,01:40:00,
06/28/16,01:41:00,
06/28/16,01:42:00,
06/28/16,01:43:00,
06/28/16,01:44:00,
06/28/16,01:45:00,
06/28/16,01:46:00,
06/28/16,01:47:00,
06/28/16,01:48:00,
06/28/16,01:49:00,
06/28/16,01:50:00,
06/28/16,01:51:00,
06/28/16,01:52:00,
06/28/16,01:53:00,
06/28/16,01:54:00,
06/28/16,01:55:00,
06/28/16,01:56:00,
06/28/16,01:57:00,
06/28/16,01:58:00,
06/28/16,01:59:00,
06/28/16,02:00:00,
06/28/16,02:01:00,
06/28/16,02:02:00,
06/28/16,02:03:00,
06/28/16,02:04:00,
06/28/16,02:05:00,
06/28/16,02:06:00,
06/28/16,02:07:00,
06/28/16,02:08:00,
06/28/16,02:09:00,
06/28/16,02:10:00,
06/28/16,02:11:00,
06/28/16,02:12:00,
06/28/16,02:13:00,
06/28/16,02:14:00,
06/28/16,02:15:00,
06/28/16,02:16:00,
06/28/16,02:17:00,
06/28/16,02:18:00,
06/28/16,02:19:00,
06/28/16,02:20:00,
06/28/16,02:21:00,
06/28/16,02:22:00,
06/28/16,02:23:00,
06/28/16,02:24:00,
06/28/16,02:25:00,
06/28/16,02:26:00,
06/28/16,02:27:00,
06/28/16,02:28:00,
06/28/16,02:29:00,
06/28/16,02:30:00,
06/28/16,02:31:00,
06/28/16,02:32:00,
06/28/16,02:33:00,
06/28/16,02:34:00,
06/28/16,02:35:00,
06/28/16,02:36:00,
06/28/16,02:37:00,
06/28/16,02:38:00,
06/28/16,02:39:00,
06/28/16,02:40:00,
06/28/16,02:41:00,
06/28/16,02:42:00,
06/28/16,02:43:00,
06/28/16,02:44:00,
06/28/16,02:45:00,
06/28/16,02:46:00,
06/28/16,02:47:00,
06/28/16,02:48:00,
06/28/16,02:49:00,
06/28/16,02:50:00,
06/28/16,02:51:00,
06/28/16,02:52:00,
06/28/16,02:53:00,
06/28/16,02:54:00,
06/28/16,02:55:00,
06/28/16,02:56:00,
06/28/16,02:57:00,
06/28/16,02:58:00,
06/28/16,02:59:00,
06/28/16,03:00:00,
06/28/16,03:01:00,
06/28/16,03:02:00,
06/28/16,03:03:00,
06/28/16,03:04:00,
06/28/16,03:05:00,
06/28/16,03:06:00,
06/28/16,03:07:00,
06/28/16,03:08:00,
06/28/16,03:09:00,
06/28/16,03:10:00,
06/28/16,03:11:00,
06/28/16,03:12:00,
06/28/16,03:13:00,
06/28/16,03:14:00,
06/28/16,03:15:00,
06/28/16,03:16:00,
06/28/16,03:17:00,
06/28/16,03:18:00,
06/28/16,03:19:00,
06/28/16,03:20:00,
06/28/16,03:21:00,
06/28/16,03:22:00,
06/28/16,03:23:00,
06/28/16,03:24:00,
06/28/16,03:25:00,
06/28/16,03:26:00,
06/28/16,03:27:00,
06/28/16,03:28:00,
06/28/16,03:29:00,
06/28/16,03:30:00,
06/28/16,03:31:00,
06/28/16,03:32:00,
06/28/16,03:33:00,
06/28/16,03:34:00,
06/28/16,03:35:00,
06/28/16,03:36:00,
06/28/16,03:37:00,
06/28/16,03:38:00,
06/28/16,03:39:00,
06/28/16,03:40:00,
06/28/16,03:41:00,
06/28/16,03:42:00,
06/28/16,03:43:00,
06/28/16,03:44:00,
06/28/16,03:45:00,
06/28/16,03:46:00,
06/28/16,03:47:00,
06/28/16,03:48:00,
06/28/16,03:49:00,
06/28/16,03:50:00,
06/28/16,03:51:00,
06/28/16,03:52:00,
06/28/16,03:53:00,
06/28/16,03:54:00,
06/28/16,03:55:00,
06/28/16,03:56:00,
06/28/16,03:57:00,
06/28/16,03:58:00,
06/28/16,03:59:00,
06/28/16,04:00:00,
06/28/16,04:01:00,
06/28/16,04:02:00,
06/28/16,04:03:00,
06/28/16,04:04:00,
06/28/16,04:05:00,
06/28/16,04:06:00,
06/28/16,04:07:00,
06/28/16,04:08:00,
06/28/16,04:09:00,
06/28/16,04:10:00,
06/28/16,04:11:00,
06/28/16,04:12:00,
06/28/16,04:13:00,
06/28/16,04:14:00,
06/28/16,04:15:00,
06/28/16,04:16:00,
06/28/16,04:17:00,
06/28/16,04:18:00,
06/28/16,04:19:00,
06/28/16,04:20:00,
06/28/16,04:21:00,
06/28/16,04:22:00,
06/28/16,04:23:00,
06/28/16,04:24:00,
06/28/16,04:25:00,
06/28/16,04:26:00,
06/28/16,04:27:00,
06/28/16,04:28:00,
06/28/16,04:29:00,
06/28/16,04:30:00,
06/28/16,04:31:00,
06/28/16,04:32:00,
06/28/16,04:33:00,
06/28/16,04:34:00,
06/28/16,04:35:00,
06/28/16,04:36:00,
06/28/16,04:37:00,
06/28/16,04:38:00,
06/28/16,04:39:00,
06/28/16,04:40:00,
06/28/16,04:41:00,
06/28/16,04:42:00,
06/28/16,04:43:00,
06/28/16,04:44:00,
06/28/16,04:45:00,
06/28/16,04:46:00,
06/28/16,04:47:00,
06/28/16,04:48:00,
06/28/16,04:49:00,
06/28/16,04:50:00,
06/28/16,04:51:00,
06/28/16,04:52:00,
06/28/16,04:53:00,
06/28/16,04:54:00,
06/28/16,04:55:00,
06/28/16,04:56:00,
06/28/16,04:57:00,
06/28/16,04:58:00,
06/28/16,04:59:00,
06/28/16,05:00:00,
06/28/16,05:01:00,
06/28/16,05:02:00,
06/28/16,05:03:00,
06/28/16,05:04:00,
06/28/16,05:05:00,
06/28/16,05:06:00,
06/28/16,05:07:00,
06/28/16,05:08:00,
06/28/16,05:09:00,
06/28/16,05:10:00,
06/28/16,05:11:00,
06/28/16,05:12:00,
06/28/16,05:13:00,
06/28/16,05:14:00,
06/28/16,05:15:00,
06/28/16,05:16:00,
06/28/16,05:17:00,
06/28/16,05:18:00,
06/28/16,05:19:00,
06/28/16,05:20:00,
06/28/16,05:21:00,
06/28/16,05:22:00,
06/28/16,05:23:00,
06/28/16,05:24:00,
06/28/16,05:25:00,
06/28/16,05:26:00,
06/28/16,05:27:00,
06/28/16,05:28:00,
06/28/16,05:29:00,
06/28/16,05:30:00,
06/28/16,05:31:00,
06/28/16,05:32:00,
06/28/16,05:33:00,
06/28/16,05:34:00,
06/28/16,05:35:00,
06/28/16,05:36:00,
06/28/16,05:37:00,
06/28/16,05:38:00,
06/28/16,05:39:00,
06/28/16,05:40:00,
06/28/16,05:41:00,
06/28/16,05:42:00,
06/28/16,05:43:00,
06/28/16,05:44:00,
06/28/16,05:45:00,
06/28/16,05:46:00,
06/28/16,05:47:00,
06/28/16,05:48:00,
06/28/16,05:49:00,
06/28/16,05:50:00,
06/28/16,05:51:00,
06/28/16,05:52:00,
06/28/16,05:53:00,
06/28/16,05:54:00,
06/28/16,05:55:00,
06/28/16,05:56:00,
06/28/16,05:57:00,
06/28/16,05:58:00,
06/28/16,05:59:00,
06/28/16,06:00:00,
06/28/16,06:01:00,
06/28/16,06:02:00,
06/28/16,06:03:00,
06/28/16,06:04:00,
06/28/16,06:05:00,
06/28/16,06:06:00,
06/28/16,06:07:00,
06/28/16,06:08:00,
06/28/16,06:09:00,
06/28/16,06:10:00,
06/28/16,06:11:00,
06/28/16,06:12:00,
06/28/16,06:13:00,
06/28/16,06:14:00,
06/28/16,06:15:00,
06/28/16,06:16:00,
06/28/16,06:17:00,
06/28/16,06:18:00,
06/28/16,06:19:00,
06/28/16,06:20:00,
06/28/16,06:21:00,
06/28/16,06:22:00,
06/28/16,06:23:00,
06/28/16,06:24:00,
06/28/16,06:25:00,
06/28/16,06:26:00,
06/28/16,06:27:00,
06/28/16,06:28:00,
06/28/16,06:29:00,
06/28/16,06:30:00,
06/28/16,06:31:00,
06/28/16,06:32:00,
06/28/16,06:33:00,
06/28/16,06:34:00,
06/28/16,06:35:00,
06/28/16,06:36:00,
06/28/16,06:37:00,
06/28/16,06:38:00,
06/28/16,06:39:00,
06/28/16,06:40:00,
06/28/16,06:41:00,
06/28/16,06:42:00,
06/28/16,06:43:00,
06/28/16,06:44:00,
06/28/16,06:45:00,
06/28/16,06:46:00,
06/28/16,06:47:00,
06/28/16,06:48:00,
06/28/16,06:49:00,
06/28/16,06:50:00,
06/28/16,06:51:00,
06/28/16,06:52:00,
06/28/16,06:53:00,
06/28/16,06:54:00,
06/28/16,06:55:00,
06/28/16,06:56:00,
06/28/16,06:57:00,
06/28/16,06:58:00,
06/28/16,06:59:00,
06/28/16,07:00:00,
06/28/16,07:01:00,
06/28/16,07:02:00,
06/28/16,07:03:00,
06/28/16,07:04:00,
06/28/16,07:05:00,
06/28/16,07:06:00,
06/28/16,07:07:00,
06/28/16,07:08:00,
06/28/16,07:09:00,
06/28/16,07:10:00,
06/28/16,07:11:00,
06/28/16,07:12:00,
06/28/16,07:13:00,
06/28/16,07:14:00,
06/28/16,07:15:00,
06/28/16,07:16:00,
06/28/16,07:17:00,
06/28/16,07:18:00,
06/28/16,07:19:00,
06/28/16,07:20:00,
06/28/16,07:21:00,
06/28/16,07:22:00,
06/28/16,07:23:00,
06/28/16,07:24:00,
06/28/16,07:25:00,
06/28/16,07:26:00,
06/28/16,07:27:00,
06/28/16,07:28:00,
06/28/16,07:29:00,
06/28/16,07:30:00,
06/28/16,07:31:00,
06/28/16,07:32:00,
06/28/16,07:33:00,
06/28/16,07:34:00,
06/28/16,07:35:00,
06/28/16,07:36:00,
06/28/16,07:37:00,
06/28/16,07:38:00,
06/28/16,07:39:00,
06/28/16,07:40:00,
06/28/16,07:41:00,
06/28/16,07:42:00,
06/28/16,07:43:00,
06/28/16,07:44:00,
06/28/16,07:45:00,
06/28/16,07:46:00,
06/28/16,07:47:00,
06/28/16,07:48:00,
06/28/16,07:49:00,
06/28/16,07:50:00,
06/28/16,07:51:00,
06/28/16,07:52:00,
06/28/16,07:53:00,
06/28/16,07:54:00,
06/28/16,07:55:00,
06/28/16,07:56:00,
06/28/16,07:57:00,
06/28/16,07:58:00,
06/28/16,07:59:00,
06/28/16,08:00:00,
06/28/16,08:01:00,
06/28/16,08:02:00,
06/28/16,08:03:00,
06/28/16,08:04:00,
06/28/16,08:05:00,
06/28/16,08:06:00,
06/28/16,08:07:00,
06/28/16,08:08:00,
06/28/16,08:09:00,
06/28/16,08:10:00,
06/28/16,08:11:00,
06/28/16,08:12:00,
06/28/16,08:13:00,
06/28/16,08:14:00,
06/28/16,08:15:00,
06/28/16,08:16:00,
06/28/16,08:17:00,
06/28/16,08:18:00,
06/28/16,08:19:00,
06/28/16,08:20:00,
06/28/16,08:21:00,
06/28/16,08:22:00,
06/28/16,08:23:00,
06/28/16,08:24:00,
06/28/16,08:25:00,
06/28/16,08:26:00,
06/28/16,08:27:00,
06/28/16,08:28:00,
06/28/16,08:29:00,
06/28/16,08:30:00,
06/28/16,08:31:00,
06/28/16,08:32:00,
06/28/16,08:33:00,
06/28/16,08:34:00,
06/28/16,08:35:00,
06/28/16,08:36:00,
06/28/16,08:37:00,
06/28/16,08:38:00,
06/28/16,08:39:00,
06/28/16,08:40:00,
06/28/16,08:41:00,
06/28/16,08:42:00,
06/28/16,08:43:00,
06/28/16,08:44:00,
06/28/16,08:45:00,
06/28/16,08:46:00,
06/28/16,08:47:00,
06/28/16,08:48:00,
06/28/16,08:49:00,
06/28/16,08:50:00,
06/28/16,08:51:00,
06/28/16,08:52:00,
06/28/16,08:53:00,
06/28/16,08:54:00,
06/28/16,08:55:00,
06/28/16,08:56:00,
06/28/16,08:57:00,
06/28/16,08:58:00,
06/28/16,08:59:00,
06/28/16,09:00:00,
06/28/16,09:01:00,
06/28/16,09:02:00,
06/28/16,09:03:00,
06/28/16,09:04:00,
06/28/16,09:05:00,
06/28/16,09:06:00,
06/28/16,09:07:00,
06/28/16,09:08:00,
06/28/16,09:09:00,
06/28/16,09:10:00,
06/28/16,09:11:00,
06/28/16,09:12:00,
06/28/16,09:13:00,
06/28/16,09:14:00,
06/28/16,09:15:00,
06/28/16,09:16:00,
06/28/16,09:17:00,
06/28/16,09:18:00,
06/28/16,09:19:00,
06/28/16,09:20:00,
06/28/16,09:21:00,
06/28/16,09:22:00,
06/28/16,09:23:00,
06/28/16,09:24:00,
06/28/16,09:25:00,
06/28/16,09:26:00,
06/28/16,09:27:00,
06/28/16,09:28:00,
06/28/16,09:29:00,
06/28/16,09:30:00,
06/28/16,09:31:00,
06/28/16,09:32:00,
06/28/16,09:33:00,
06/28/16,09:34:00,
06/28/16,09:35:00,
06/28/16,09:36:00,
06/28/16,09:37:00,
06/28/16,09:38:00,
06/28/16,09:39:00,
06/28/16,09:40:00,
06/28/16,09:41:00,
06/28/16,09:42:00,
06/28/16,09:43:00,
06/28/16,09:44:00,
06/28/16,09:45:00,
06/28/16,09:46:00,
06/28/16,09:47:00,
06/28/16,09:48:00,
06/28/16,09:49:00,
06/28/16,09:50:00,
06/28/16,09:51:00,
06/28/16,09:52:00,
06/28/16,09:53:00,
06/28/16,09:54:00,
06/28/16,09:55:00,
06/28/16,09:56:00,
06/28/16,09:57:00,
06/28/16,09:58:00,
06/28/16,09:59:00,
06/28/16,10:00:00,
06/28/16,10:01:00,
06/28/16,10:02:00,
06/28/16,10:03:00,
06/28/16,10:04:00,
06/28/16,10:05:00,
06/28/16,10:06:00,
06/28/16,10:07:00,
06/28/16,10:08:00,
06/28/16,10:09:00,
06/28/16,10:10:00,
06/28/16,10:11:00,
06/28/16,10:12:00,
06/28/16,10:13:00,
06/28/16,10:14:00,
06/28/16,10:15:00,
06/28/16,10:16:00,
06/28/16,10:17:00,
06/28/16,10:18:00,
06/28/16,10:19:00,
06/28/16,10:20:00,
06/28/16,10:21:00,
06/28/16,10:22:00,
06/28/16,10:23:00,
06/28/16,10:24:00,
06/28/16,10:25:00,
06/28/16,10:26:00,
06/28/16,10:27:00,
06/28/16,10:28:00,
06/28/16,10:29:00,
06/28/16,10:30:00,
06/28/16,10:31:00,
06/28/16,10:32:00,
06/28/16,10:33:00,
06/28/16,10:34:00,
06/28/16,10:35:00,
06/28/16,10:36:00,
06/28/16,10:37:00,
06/28/16,10:38:00,
06/28/16,10:39:00,
06/28/16,10:40:00,
06/28/16,10:41:00,
06/28/16,10:42:00,
06/28/16,10:43:00,
06/28/16,10:44:00,
06/28/16,10:45:00,
06/28/16,10:46:00,
06/28/16,10:47:00,
06/28/16,10:48:00,
06/28/16,10:49:00,
06/28/16,10:50:00,
06/28/16,10:51:00,
06/28/16,10:52:00,
06/28/16,10:53:00,
06/28/16,10:54:00,
06/28/16,10:55:00,
06/28/16,10:56:00,
06/28/16,10:57:00,
06/28/16,10:58:00,
06/28/16,10:59:00,
06/28/16,11:00:00,
06/28/16,11:01:00,
06/28/16,11:02:00,
06/28/16,11:03:00,
06/28/16,11:04:00,
06/28/16,11:05:00,
06/28/16,11:06:00,
06/28/16,11:07:00,
06/28/16,11:08:00,
06/28/16,11:09:00,
06/28/16,11:10:00,
06/28/16,11:11:00,
06/28/16,11:12:00,
06/28/16,11:13:00,
06/28/16,11:14:00,
06/28/16,11:15:00,
06/28/16,11:16:00,
06/28/16,11:17:00,
06/28/16,11:18:00,
06/28/16,11:19:00,
06/28/16,11:20:00,
06/28/16,11:21:00,
06/28/16,11:22:00,
06/28/16,11:23:00,
06/28/16,11:24:00,
06/28/16,11:25:00,
06/28/16,11:26:00,
06/28/16,11:27:00,
06/28/16,11:28:00,
06/28/16,11:29:00,
06/28/16,11:30:00,
06/28/16,11:31:00,
06/28/16,11:32:00,
06/28/16,11:33:00,
06/28/16,11:34:00,
06/28/16,11:35:00,
06/28/16,11:36:00,
06/28/16,11:37:00,
06/28/16,11:38:00,
06/28/16,11:39:00,
06/28/16,11:40:00,
06/28/16,11:41:00,
06/28/16,11:42:00,
06/28/16,11:43:00,
06/28/16,11:44:00,
06/28/16,11:45:00,
06/28/16,11:46:00,
06/28/16,11:47:00,
06/28/16,11:48:00,
06/28/16,11:49:00,
06/28/16,11:50:00,
06/28/16,11:51:00,
06/28/16,11:52:00,
06/28/16,11:53:00,
06/28/16,11:54:00,
06/28/16,11:55:00,
06/28/16,11:56:00,
06/28/16,11:57:00,
06/28/16,11:58:00,
06/28/16,11:59:00,
06/28/16,12:00:00,
06/28/16,12:01:00,
06/28/16,12:02:00,
06/28/16,12:03:00,
06/28/16,12:04:00,
06/28/16,12:05:00,
06/28/16,12:06:00,
06/28/16,12:07:00,
06/28/16,12:08:00,
06/28/16,12:09:00,
06/28/16,12:10:00,
06/28/16,12:11:00,
06/28/16,12:12:00,
06/28/16,12:13:00,
06/28/16,12:14:00,
06/28/16,12:15:00,
06/28/16,12:16:00,
06/28/16,12:17:00,
06/28/16,12:18:00,
06/28/16,12:19:00,
06/28/16,12:20:00,
06/28/16,12:21:00,
06/28/16,12:22:00,
06/28/16,12:23:00,
06/28/16,12:24:00,
06/28/16,12:25:00,
06/28/16,12:26:00,
06/28/16,12:27:00,
06/28/16,12:28:00,
06/28/16,12:29:00,
06/28/16,12:30:00,
06/28/16,12:31:00,
06/28/16,12:32:00,
06/28/16,12:33:00,
06/28/16,12:34:00,
06/28/16,12:35:00,
06/28/16,12:36:00,
06/28/16,12:37:00,
06/28/16,12:38:00,
06/28/16,12:39:00,
06/28/16,12:40:00,
06/28/16,12:41:00,
06/28/16,12:42:00,
06/28/16,12:43:00,
06/28/16,12:44:00,
06/28/16,12:45:00,
06/28/16,12:46:00,
06/28/16,12:47:00,
06/28/16,12:48:00,
06/28/16,12:49:00,
06/28/16,12:50:00,
06/28/16,12:51:00,
06/28/16,12:52:00,
06/28/16,12:53:00,
06/28/16,12:54:00,
06/28/16,12:55:00,
06/28/16,12:56:00,
06/28/16,12:57:00,
06/28/16,12:58:00,
06/28/16,12:59:00,
06/28/16,13:00:00,
06/28/16,13:01:00,
06/28/16,13:02:00,
06/28/16,13:03:00,
06/28/16,13:04:00,
06/28/16,13:05:00,
06/28/16,13:06:00,
06/28/16,13:07:00,
06/28/16,13:08:00,
06/28/16,13:09:00,
06/28/16,13:10:00,
06/28/16,13:11:00,
06/28/16,13:12:00,
06/28/16,13:13:00,
06/28/16,13:14:00,
06/28/16,13:15:00,
06/28/16,13:16:00,
06/28/16,13:17:00,
06/28/16,13:18:00,
06/28/16,13:19:00,
06/28/16,13:20:00,
06/28/16,13:21:00,
06/28/16,13:22:00,
06/28/16,13:23:00,
06/28/16,13:24:00,
06/28/16,13:25:00,
06/28/16,13:26:00,
06/28/16,13:27:00,
06/28/16,13:28:00,
06/28/16,13:29:00,
06/28/16,13:30:00,
06/28/16,13:31:00,
06/28/16,13:32:00,
06/28/16,13:33:00,
06/28/16,13:34:00,
06/28/16,13:35:00,
06/28/16,13:36:00,
06/28/16,13:37:00,
06/28/16,13:38:00,
06/28/16,13:39:00,
06/28/16,13:40:00,
06/28/16,13:41:00,
06/28/16,13:42:00,
06/28/16,13:43:00,
06/28/16,13:44:00,
06/28/16,13:45:00,
06/28/16,13:46:00,
06/28/16,13:47:00,
06/28/16,13:48:00,
06/28/16,13:49:00,
06/28/16,13:50:00,
06/28/16,13:51:00,
06/28/16,13:52:00,
06/28/16,13:53:00,
06/28/16,13:54:00,
06/28/16,13:55:00,
06/28/16,13:56:00,
06/28/16,13:57:00,
06/28/16,13:58:00,
06/28/16,13:59:00,
06/28/16,14:00:00,
06/28/16,14:01:00,
06/28/16,14:02:00,
06/28/16,14:03:00,
06/28/16,14:04:00,
06/28/16,14:05:00,
06/28/16,14:06:00,
06/28/16,14:07:00,
06/28/16,14:08:00,
06/28/16,14:09:00,
06/28/16,14:10:00,
06/28/16,14:11:00,
06/28/16,14:12:00,
06/28/16,14:13:00,
06/28/16,14:14:00,
06/28/16,14:15:00,
06/28/16,14:16:00,
06/28/16,14:17:00,
06/28/16,14:18:00,
06/28/16,14:19:00,
06/28/16,14:20:00,
06/28/16,14:21:00,
06/28/16,14:22:00,
06/28/16,14:23:00,
06/28/16,14:24:00,
06/28/16,14:25:00,
06/28/16,14:26:00,
06/28/16,14:27:00,
06/28/16,14:28:00,
06/28/16,14:29:00,
06/28/16,14:30:00,
06/28/16,14:31:00,
06/28/16,14:32:00,
06/28/16,14:33:00,
06/28/16,14:34:00,
06/28/16,14:35:00,
06/28/16,14:36:00,
06/28/16,14:37:00,
06/28/16,14:38:00,
06/28/16,14:39:00,
06/28/16,14:40:00,
06/28/16,14:41:00,
06/28/16,14:42:00,
06/28/16,14:43:00,
06/28/16,14:44:00,
06/28/16,14:45:00,
06/28/16,14:46:00,
06/28/16,14:47:00,
06/28/16,14:48:00,
06/28/16,14:49:00,
06/28/16,14:50:00,
06/28/16,14:51:00,
06/28/16,14:52:00,
06/28/16,14:53:00,
06/28/16,14:54:00,
06/28/16,14:55:00,
06/28/16,14:56:00,
06/28/16,14:57:00,
06/28/16,14:58:00,
06/28/16,14:59:00,
06/28/16,15:00:00,
06/28/16,15:01:00,
06/28/16,15:02:00,
06/28/16,15:03:00,
06/28/16,15:04:00,
06/28/16,15:05:00,
06/28/16,15:06:00,
06/28/16,15:07:00,
06/28/16,15:08:00,
06/28/16,15:09:00,
06/28/16,15:10:00,
06/28/16,15:11:00,
06/28/16,15:12:00,
06/28/16,15:13:00,
06/28/16,15:14:00,
06/28/16,15:15:00,
06/28/16,15:16:00,
06/28/16,15:17:00,
06/28/16,15:18:00,
06/28/16,15:19:00,
06/28/16,15:20:00,
06/28/16,15:21:00,
06/28/16,15:22:00,
06/28/16,15:23:00,
06/28/16,15:24:00,
06/28/16,15:25:00,
06/28/16,15:26:00,
06/28/16,15:27:00,
06/28/16,15:28:00,
06/28/16,15:29:00,
06/28/16,15:30:00,
06/28/16,15:31:00,
06/28/16,15:32:00,
06/28/16,15:33:00,
06/28/16,15:34:00,
06/28/16,15:35:00,
06/28/16,15:36:00,
06/28/16,15:37:00,
06/28/16,15:38:00,
06/28/16,15:39:00,
06/28/16,15:40:00,
06/28/16,15:41:00,
06/28/16,15:42:00,
06/28/16,15:43:00,
06/28/16,15:44:00,
06/28/16,15:45:00,
06/28/16,15:46:00,
06/28/16,15:47:00,
06/28/16,15:48:00,
06/28/16,15:49:00,
06/28/16,15:50:00,
06/28/16,15:51:00,
06/28/16,15:52:00,
06/28/16,15:53:00,
06/28/16,15:54:00,
06/28/16,15:55:00,
06/28/16,15:56:00,
06/28/16,15:57:00,
06/28/16,15:58:00,
06/28/16,15:59:00,
06/28/16,16:00:00,
06/28/16,16:01:00,
06/28/16,16:02:00,
06/28/16,16:03:00,
06/28/16,16:04:00,
06/28/16,16:05:00,
06/28/16,16:06:00,
06/28/16,16:07:00,
06/28/16,16:08:00,
06/28/16,16:09:00,
06/28/16,16:10:00,
06/28/16,16:11:00,
06/28/16,16:12:00,
06/28/16,16:13:00,
06/28/16,16:14:00,
06/28/16,16:15:00,
06/28/16,16:16:00,
06/28/16,16:17:00,
06/28/16,16:18:00,
06/28/16,16:19:00,
06/28/16,16:20:00,
06/28/16,16:21:00,
06/28/16,16:22:00,
06/28/16,16:23:00,
06/28/16,16:24:00,
06/28/16,16:25:00,
06/28/16,16:26:00,
06/28/16,16:27:00,
06/28/16,16:28:00,
06/28/16,16:29:00,
06/28/16,16:30:00,
06/28/16,16:31:00,
06/28/16,16:32:00,
06/28/16,16:33:00,
06/28/16,16:34:00,
06/28/16,16:35:00,
06/28/16,16:36:00,
06/28/16,16:37:00,
06/28/16,16:38:00,
06/28/16,16:39:00,
06/28/16,16:40:00,
06/28/16,16:41:00,
06/28/16,16:42:00,
06/28/16,16:43:00,
06/28/16,16:44:00,
06/28/16,16:45:00,
06/28/16,16:46:00,
06/28/16,16:47:00,
06/28/16,16:48:00,
06/28/16,16:49:00,
06/28/16,16:50:00,
06/28/16,16:51:00,
06/28/16,16:52:00,
06/28/16,16:53:00,
06/28/16,16:54:00,
06/28/16,16:55:00,
06/28/16,16:56:00,
06/28/16,16:57:00,
06/28/16,16:58:00,
06/28/16,16:59:00,
06/28/16,17:00:00,
06/28/16,17:01:00,
06/28/16,17:02:00,
06/28/16,17:03:00,
06/28/16,17:04:00,
06/28/16,17:05:00,
06/28/16,17:06:00,
06/28/16,17:07:00,
06/28/16,17:08:00,
06/28/16,17:09:00,
06/28/16,17:10:00,
06/28/16,17:11:00,
06/28/16,17:12:00,
06/28/16,17:13:00,
06/28/16,17:14:00,
06/28/16,17:15:00,
06/28/16,17:16:00,
06/28/16,17:17:00,
06/28/16,17:18:00,
06/28/16,17:19:00,
06/28/16,17:20:00,
06/28/16,17:21:00,
06/28/16,17:22:00,
06/28/16,17:23:00,
06/28/16,17:24:00,
06/28/16,17:25:00,
06/28/16,17:26:00,
06/28/16,17:27:00,
06/28/16,17:28:00,
06/28/16,17:29:00,
06/28/16,17:30:00,
06/28/16,17:31:00,
06/28/16,17:32:00,
06/28/16,17:33:00,
06/28/16,17:34:00,
06/28/16,17:35:00,
06/28/16,17:36:00,
06/28/16,17:37:00,
06/28/16,17:38:00,
06/28/16,17:39:00,
06/28/16,17:40:00,
06/28/16,17:41:00,
06/28/16,17:42:00,
06/28/16,17:43:00,
06/28/16,17:44:00,
06/28/16,17:45:00,
06/28/16,17:46:00,
06/28/16,17:47:00,
06/28/16,17:48:00,
06/28/16,17:49:00,
06/28/16,17:50:00,
06/28/16,17:51:00,
06/28/16,17:52:00,
06/28/16,17:53:00,
06/28/16,17:54:00,
06/28/16,17:55:00,
06/28/16,17:56:00,
06/28/16,17:57:00,
06/28/16,17:58:00,
06/28/16,17:59:00,
06/28/16,18:00:00,
06/28/16,18:01:00,
06/28/16,18:02:00,
06/28/16,18:03:00,
06/28/16,18:04:00,
06/28/16,18:05:00,
06/28/16,18:06:00,
06/28/16,18:07:00,
06/28/16,18:08:00,
06/28/16,18:09:00,
06/28/16,18:10:00,
06/28/16,18:11:00,
06/28/16,18:12:00,
06/28/16,18:13:00,
06/28/16,18:14:00,
06/28/16,18:15:00,
06/28/16,18:16:00,
06/28/16,18:17:00,
06/28/16,18:18:00,
06/28/16,18:19:00,
06/28/16,18:20:00,
06/28/16,18:21:00,
06/28/16,18:22:00,
06/28/16,18:23:00,
06/28/16,18:24:00,
06/28/16,18:25:00,
06/28/16,18:26:00,
06/28/16,18:27:00,
06/28/16,18:28:00,
06/28/16,18:29:00,
06/28/16,18:30:00,
06/28/16,18:31:00,
06/28/16,18:32:00,
06/28/16,18:33:00,
06/28/16,18:34:00,
06/28/16,18:35:00,
06/28/16,18:36:00,
06/28/16,18:37:00,
06/28/16,18:38:00,
06/28/16,18:39:00,
06/28/16,18:40:00,
06/28/16,18:41:00,
06/28/16,18:42:00,
06/28/16,18:43:00,
06/28/16,18:44:00,
06/28/16,18:45:00,
06/28/16,18:46:00,
06/28/16,18:47:00,
06/28/16,18:48:00,
06/28/16,18:49:00,
06/28/16,18:50:00,
06/28/16,18:51:00,
06/28/16,18:52:00,
06/28/16,18:53:00,
06/28/16,18:54:00,
06/28/16,18:55:00,
06/28/16,18:56:00,
06/28/16,18:57:00,
06/28/16,18:58:00,
06/28/16,18:59:00,
06/28/16,19:00:00,
06/28/16,19:01:00,
06/28/16,19:02:00,
06/28/16,19:03:00,
06/28/16,19:04:00,
06/28/16,19:05:00,
06/28/16,19:06:00,
06/28/16,19:07:00,
06/28/16,19:08:00,
06/28/16,19:09:00,
06/28/16,19:10:00,
06/28/16,19:11:00,
06/28/16,19:12:00,
06/28/16,19:13:00,
06/28/16,19:14:00,
06/28/16,19:15:00,
06/28/16,19:16:00,
06/28/16,19:17:00,
06/28/16,19:18:00,
06/28/16,19:19:00,
06/28/16,19:20:00,
06/28/16,19:21:00,
06/28/16,19:22:00,
06/28/16,19:23:00,
06/28/16,19:24:00,
06/28/16,19:25:00,
06/28/16,19:26:00,
06/28/16,19:27:00,
06/28/16,19:28:00,
06/28/16,19:29:00,
06/28/16,19:30:00,
06/28/16,19:31:00,
06/28/16,19:32:00,
06/28/16,19:33:00,
06/28/16,19:34:00,
06/28/16,19:35:00,
06/28/16,19:36:00,
06/28/16,19:37:00,
06/28/16,19:38:00,
06/28/16,19:39:00,
06/28/16,19:40:00,
06/28/16,19:41:00,
06/28/16,19:42:00,
06/28/16,19:43:00,
06/28/16,19:44:00,
06/28/16,19:45:00,
06/28/16,19:46:00,
06/28/16,19:47:00,
06/28/16,19:48:00,
06/28/16,19:49:00,
06/28/16,19:50:00,
06/28/16,19:51:00,
06/28/16,19:52:00,
06/28/16,19:53:00,
06/28/16,19:54:00,
06/28/16,19:55:00,
06/28/16,19:56:00,
06/28/16,19:57:00,
06/28/16,19:58:00,
06/28/16,19:59:00,
06/28/16,20:00:00,
06/28/16,20:01:00,
06/28/16,20:02:00,
06/28/16,20:03:00,
06/28/16,20:04:00,
06/28/16,20:05:00,
06/28/16,20:06:00,
06/28/16,20:07:00,
06/28/16,20:08:00,
06/28/16,20:09:00,
06/28/16,20:10:00,
06/28/16,20:11:00,
06/28/16,20:12:00,
06/28/16,20:13:00,
06/28/16,20:14:00,
06/28/16,20:15:00,
06/28/16,20:16:00,
06/28/16,20:17:00,
06/28/16,20:18:00,
06/28/16,20:19:00,
06/28/16,20:20:00,
06/28/16,20:21:00,
06/28/16,20:22:00,
06/28/16,20:23:00,
06/28/16,20:24:00,
06/28/16,20:25:00,
06/28/16,20:26:00,
06/28/16,20:27:00,
06/28/16,20:28:00,
06/28/16,20:29:00,
06/28/16,20:30:00,
06/28/16,20:31:00,
06/28/16,20:32:00,
06/28/16,20:33:00,
06/28/16,20:34:00,
06/28/16,20:35:00,
06/28/16,20:36:00,
06/28/16,20:37:00,
06/28/16,20:38:00,
06/28/16,20:39:00,
06/28/16,20:40:00,
06/28/16,20:41:00,
06/28/16,20:42:00,
06/28/16,20:43:00,
06/28/16,20:44:00,
06/28/16,20:45:00,
06/28/16,20:46:00,
06/28/16,20:47:00,
06/28/16,20:48:00,
06/28/16,20:49:00,
06/28/16,20:50:00,
06/28/16,20:51:00,
06/28/16,20:52:00,
06/28/16,20:53:00,
06/28/16,20:54:00,
06/28/16,20:55:00,
06/28/16,20:56:00,
06/28/16,20:57:00,
06/28/16,20:58:00,
06/28/16,20:59:00,
06/28/16,21:00:00,
06/28/16,21:01:00,
06/28/16,21:02:00,
06/28/16,21:03:00,
06/28/16,21:04:00,
06/28/16,21:05:00,
06/28/16,21:06:00,
06/28/16,21:07:00,
06/28/16,21:08:00,
06/28/16,21:09:00,
06/28/16,21:10:00,
06/28/16,21:11:00,
06/28/16,21:12:00,
06/28/16,21:13:00,
06/28/16,21:14:00,
06/28/16,21:15:00,
06/28/16,21:16:00,
06/28/16,21:17:00,
06/28/16,21:18:00,
06/28/16,21:19:00,
06/28/16,21:20:00,
06/28/16,21:21:00,
06/28/16,21:22:00,
06/28/16,21:23:00,
06/28/16,21:24:00,
06/28/16,21:25:00,
06/28/16,21:26:00,
06/28/16,21:27:00,
06/28/16,21:28:00,
06/28/16,21:29:00,
06/28/16,21:30:00,
06/28/16,21:31:00,
06/28/16,21:32:00,
06/28/16,21:33:00,
06/28/16,21:34:00,
06/28/16,21:35:00,
06/28/16,21:36:00,
06/28/16,21:37:00,
06/28/16,21:38:00,
06/28/16,21:39:00,
06/28/16,21:40:00,
06/28/16,21:41:00,
06/28/16,21:42:00,
06/28/16,21:43:00,
06/28/16,21:44:00,
06/28/16,21:45:00,
06/28/16,21:46:00,
06/28/16,21:47:00,
06/28/16,21:48:00,
06/28/16,21:49:00,
06/28/16,21:50:00,
06/28/16,21:51:00,
06/28/16,21:52:00,
06/28/16,21:53:00,
06/28/16,21:54:00,
06/28/16,21:55:00,
06/28/16,21:56:00,
06/28/16,21:57:00,
06/28/16,21:58:00,
06/28/16,21:59:00,
06/28/16,22:00:00,
06/28/16,22:01:00,
06/28/16,22:02:00,
06/28/16,22:03:00,
06/28/16,22:04:00,
06/28/16,22:05:00,
06/28/16,22:06:00,
06/28/16,22:07:00,
06/28/16,22:08:00,
06/28/16,22:09:00,
06/28/16,22:10:00,
06/28/16,22:11:00,
06/28/16,22:12:00,
06/28/16,22:13:00,
06/28/16,22:14:00,
06/28/16,22:15:00,
06/28/16,22:16:00,
06/28/16,22:17:00,
06/28/16,22:18:00,
06/28/16,22:19:00,
06/28/16,22:20:00,
06/28/16,22:21:00,
06/28/16,22:22:00,
06/28/16,22:23:00,
06/28/16,22:24:00,
06/28/16,22:25:00,
06/28/16,22:26:00,
06/28/16,22:27:00,
06/28/16,22:28:00,
06/28/16,22:29:00,
06/28/16,22:30:00,
06/28/16,22:31:00,
06/28/16,22:32:00,
06/28/16,22:33:00,
06/28/16,22:34:00,
06/28/16,22:35:00,
06/28/16,22:36:00,
06/28/16,22:37:00,
06/28/16,22:38:00,
06/28/16,22:39:00,
06/28/16,22:40:00,
06/28/16,22:41:00,
06/28/16,22:42:00,
06/28/16,22:43:00,
06/28/16,22:44:00,
06/28/16,22:45:00,
06/28/16,22:46:00,
06/28/16,22:47:00,
06/28/16,22:48:00,
06/28/16,22:49:00,
06/28/16,22:50:00,
06/28/16,22:51:00,
06/28/16,22:52:00,
06/28/16,22:53:00,
06/28/16,22:54:00,
06/28/16,22:55:00,
06/28/16,22:56:00,
06/28/16,22:57:00,
06/28/16,22:58:00,
06/28/16,22:59:00,
06/28/16,23:00:00,
06/28/16,23:01:00,
06/28/16,23:02:00,
06/28/16,23:03:00,
06/28/16,23:04:00,
06/28/16,23:05:00,
06/28/16,23:06:00,
06/28/16,23:07:00,
06/28/16,23:08:00,
06/28/16,23:09:00,
06/28/16,23:10:00,
06/28/16,23:11:00,
06/28/16,23:12:00,
06/28/16,23:13:00,
06/28/16,23:14:00,
06/28/16,23:15:00,
06/28/16,23:16:00,
06/28/16,23:17:00,
06/28/16,23:18:00,
06/28/16,23:19:00,
06/28/16,23:20:00,
06/28/16,23:21:00,
06/28/16,23:22:00,
06/28/16,23:23:00,
06/28/16,23:24:00,
06/28/16,23:25:00,
06/28/16,23:26:00,
06/28/16,23:27:00,
06/28/16,23:28:00,
06/28/16,23:29:00,
06/28/16,23:30:00,
06/28/16,23:31:00,
06/28/16,23:32:00,
06/28/16,23:33:00,
06/28/16,23:34:00,
06/28/16,23:35:00,
06/28/16,23:36:00,
06/28/16,23:37:00,
06/28/16,23:38:00,
06/28/16,23:39:00,
06/28/16,23:40:00,
06/28/16,23:41:00,
06/28/16,23:42:00,
06/28/16,23:43:00,
06/28/16,23:44:00,
06/28/16,23:45:00,
06/28/16,23:46:00,
06/28/16,23:47:00,
06/28/16,23:48:00,
06/28/16,23:49:00,
06/28/16,23:50:00,
06/28/16,23:51:00,
06/28/16,23:52:00,
06/28/16,23:53:00,27,5284
06/28/16,23:54:00,25,5261
06/28/16,23:55:00,27,06688
06/28/16,23:56:00,0,5590623
06/28/16,23:57:00,0
06/28/16,23:58:00,0
06/28/16,23:59:00,0
06/29/16,00:00:00,0
06/29/16,00:01:00,0
06/29/16,00:02:00,0
06/29/16,00:03:00,0
06/29/16,00:04:00,0
06/29/16,00:05:00,0
06/29/16,00:06:00,0
06/29/16,00:07:00,0
06/29/16,00:08:00,0
06/29/16,00:09:00,0
06/29/16,00:10:00,0
06/29/16,00:11:00,0
06/29/16,00:12:00,0
06/29/16,00:13:00,0
06/29/16,00:14:00,0
06/29/16,00:15:00,0
06/29/16,00:16:00,0
06/29/16,00:17:00,0
06/29/16,00:18:00,0
06/29/16,00:19:00,0
06/29/16,00:20:00,0
06/29/16,00:21:00,0
06/29/16,00:22:00,0
06/29/16,00:23:00,0
06/29/16,00:24:00,0
06/29/16,00:25:00,0
06/29/16,00:26:00,0
06/29/16,00:27:00,0
06/29/16,00:28:00,0
06/29/16,00:29:00,0
06/29/16,00:30:00,0
06/29/16,00:31:00,0
06/29/16,00:32:00,0
06/29/16,00:33:00,0
06/29/16,00:34:00,0
06/29/16,00:35:00,0
06/29/16,00:36:00,0
06/29/16,00:37:00,0
06/29/16,00:38:00,0
06/29/16,00:39:00,0
06/29/16,00:40:00,0
06/29/16,00:41:00,0
06/29/16,00:42:00,0
06/29/16,00:43:00,0
06/29/16,00:44:00,0
06/29/16,00:45:00,0
06/29/16,00:46:00,0
06/29/16,00:47:00,0
06/29/16,00:48:00,0
06/29/16,00:49:00,0
06/29/16,00:50:00,0
06/29/16,00:51:00,0
06/29/16,00:52:00,0
06/29/16,00:53:00,
06/29/16,00:54:00,
06/29/16,00:55:00,0
06/29/16,00:56:00,0
06/29/16,00:57:00,0
06/29/16,00:58:00,0
06/29/16,00:59:00,0
06/29/16,01:00:00,0
06/29/16,01:01:00,0
06/29/16,01:02:00,0
06/29/16,01:03:00,0
06/29/16,01:04:00,0
06/29/16,01:05:00,0
06/29/16,01:06:00,0
06/29/16,01:07:00,0
06/29/16,01:08:00,0
06/29/16,01:09:00,0
06/29/16,01:10:00,0
06/29/16,01:11:00,0
06/29/16,01:12:00,0
06/29/16,01:13:00,0
06/29/16,01:14:00,0
06/29/16,01:15:00,0
06/29/16,01:16:00,0
06/29/16,01:17:00,0
06/29/16,01:18:00,0
06/29/16,01:19:00,0
06/29/16,01:20:00,0
06/29/16,01:21:00,0
06/29/16,01:22:00,0
06/29/16,01:23:00,0
06/29/16,01:24:00,0
06/29/16,01:25:00,0
06/29/16,01:26:00,0
06/29/16,01:27:00,0
06/29/16,01:28:00,0
06/29/16,01:29:00,0
06/29/16,01:30:00,0
06/29/16,01:31:00,0
06/29/16,01:32:00,0
06/29/16,01:33:00,0
06/29/16,01:34:00,0
06/29/16,01:35:00,0
06/29/16,01:36:00,0
06/29/16,01:37:00,0
06/29/16,01:38:00,0
06/29/16,01:39:00,0
06/29/16,01:40:00,0
06/29/16,01:41:00,0
06/29/16,01:42:00,0
06/29/16,01:43:00,0
06/29/16,01:44:00,7,994332
06/29/16,01:45:00,20,94336
06/29/16,01:46:00,19,68931
06/29/16,01:47:00,16,50254
06/29/16,01:48:00,5,663233
06/29/16,01:49:00,0
06/29/16,01:50:00,0
06/29/16,01:51:00,0
06/29/16,01:52:00,0
06/29/16,01:53:00,0
06/29/16,01:54:00,8,390262
06/29/16,01:55:00,18,09246
06/29/16,01:56:00,6,737132
06/29/16,01:57:00,0
06/29/16,01:58:00,0
06/29/16,01:59:00,0
06/29/16,02:00:00,7,691735
06/29/16,02:01:00,16,23306
06/29/16,02:02:00,18,3257
06/29/16,02:03:00,19,52778
06/29/16,02:04:00,18,93226
06/29/16,02:05:00,18,4289
06/29/16,02:06:00,19,27129
06/29/16,02:07:00,19,41461
06/29/16,02:08:00,17,70724
06/29/16,02:09:00,18,15474
06/29/16,02:10:00,18,30475
06/29/16,02:11:00,19,55686
06/29/16,02:12:00,20,39154
06/29/16,02:13:00,20,03539
06/29/16,02:14:00,19,06606
06/29/16,02:15:00,19,73951
06/29/16,02:16:00,20,34776
06/29/16,02:17:00,21,46721
06/29/16,02:18:00,21,65572
06/29/16,02:19:00,20,66861
06/29/16,02:20:00,21,13029
06/29/16,02:21:00,21,03416
06/29/16,02:22:00,20,65003
06/29/16,02:23:00,20,92634
06/29/16,02:24:00,19,91972
06/29/16,02:25:00,19,75071
06/29/16,02:26:00,19,9618
06/29/16,02:27:00,20,62993
06/29/16,02:28:00,19,86015
06/29/16,02:29:00,20,7878
06/29/16,02:30:00,20,63606
06/29/16,02:31:00,20,03213
06/29/16,02:32:00,20,03167
06/29/16,02:33:00,20,5045
06/29/16,02:34:00,20,3342
06/29/16,02:35:00,20,22005
06/29/16,02:36:00,19,57637
06/29/16,02:37:00,10,16479
06/29/16,02:38:00,0
06/29/16,02:39:00,0
06/29/16,02:40:00,0
06/29/16,02:41:00,0
06/29/16,02:42:00,0
06/29/16,02:43:00,0
06/29/16,02:44:00,0
06/29/16,02:45:00,0
06/29/16,02:46:00,0
06/29/16,02:47:00,0
06/29/16,02:48:00,0
06/29/16,02:49:00,0
06/29/16,02:50:00,0
06/29/16,02:51:00,0
06/29/16,02:52:00,0
06/29/16,02:53:00,0
06/29/16,02:54:00,0
06/29/16,02:55:00,0
06/29/16,02:56:00,0
06/29/16,02:57:00,0
06/29/16,02:58:00,0
06/29/16,02:59:00,0
06/29/16,03:00:00,0
06/29/16,03:01:00,0
06/29/16,03:02:00,3,699194
06/29/16,03:03:00,17,06587
06/29/16,03:04:00,15,0555
06/29/16,03:05:00,19,68784
06/29/16,03:06:00,20,67509
06/29/16,03:07:00,21,17839
06/29/16,03:08:00,21,93609
06/29/16,03:09:00,22,05733
06/29/16,03:10:00,22,12356
06/29/16,03:11:00,21,5496
06/29/16,03:12:00,20,96759
06/29/16,03:13:00,21,9403
06/29/16,03:14:00,21,43662
06/29/16,03:15:00,21,99935
06/29/16,03:16:00,21,24925
06/29/16,03:17:00,21,32902
06/29/16,03:18:00,21,02712
06/29/16,03:19:00,20,43475
06/29/16,03:20:00,19,11097
06/29/16,03:21:00,5,461749
06/29/16,03:22:00,0
06/29/16,03:23:00,0
06/29/16,03:24:00,0
06/29/16,03:25:00,0
06/29/16,03:26:00,0
06/29/16,03:27:00,0
06/29/16,03:28:00,0
06/29/16,03:29:00,0
06/29/16,03:30:00,0
06/29/16,03:31:00,0
06/29/16,03:32:00,0
06/29/16,03:33:00,0
06/29/16,03:34:00,0
06/29/16,03:35:00,0
06/29/16,03:36:00,0
06/29/16,03:37:00,0
06/29/16,03:38:00,0
06/29/16,03:39:00,0
06/29/16,03:40:00,0
06/29/16,03:41:00,0
06/29/16,03:42:00,0
06/29/16,03:43:00,0
06/29/16,03:44:00,0
06/29/16,03:45:00,0
06/29/16,03:46:00,0
06/29/16,03:47:00,0
06/29/16,03:48:00,0
06/29/16,03:49:00,0
06/29/16,03:50:00,0
06/29/16,03:51:00,0
06/29/16,03:52:00,0
06/29/16,03:53:00,0
06/29/16,03:54:00,0
06/29/16,03:55:00,0
06/29/16,03:56:00,0
06/29/16,03:57:00,0
06/29/16,03:58:00,0
06/29/16,03:59:00,0
06/29/16,04:00:00,0
06/29/16,04:01:00,0
06/29/16,04:02:00,0
06/29/16,04:03:00,0
06/29/16,04:04:00,0
06/29/16,04:05:00,0
06/29/16,04:06:00,9,199805
06/29/16,04:07:00,17,1688
06/29/16,04:08:00,16,14562
06/29/16,04:09:00,16,51082
06/29/16,04:10:00,16,78222
06/29/16,04:11:00,18,2739
06/29/16,04:12:00,19,81257
06/29/16,04:13:00,20,23119
06/29/16,04:14:00,20,08337
06/29/16,04:15:00,18,7289
06/29/16,04:16:00,18,58676
06/29/16,04:17:00,17,93602
06/29/16,04:18:00,19,08382
06/29/16,04:19:00,19,75207
06/29/16,04:20:00,19,03623
06/29/16,04:21:00,19,64458
06/29/16,04:22:00,20,01108
06/29/16,04:23:00,18,6253
06/29/16,04:24:00,19,07599
06/29/16,04:25:00,19,33812
06/29/16,04:26:00,18,69144
06/29/16,04:27:00,17,62592
06/29/16,04:28:00,17,52172
06/29/16,04:29:00,18,0308
06/29/16,04:30:00,18,16226
06/29/16,04:31:00,17,98811
06/29/16,04:32:00,17,3805
06/29/16,04:33:00,16,90215
06/29/16,04:34:00,17,00112
06/29/16,04:35:00,17,28506
06/29/16,04:36:00,17,36608
06/29/16,04:37:00,17,81792
06/29/16,04:38:00,17,81185
06/29/16,04:39:00,17,9384
06/29/16,04:40:00,8,90543
06/29/16,04:41:00,0
06/29/16,04:42:00,0
06/29/16,04:43:00,0
06/29/16,04:44:00,0
06/29/16,04:45:00,0
06/29/16,04:46:00,0
06/29/16,04:47:00,0
06/29/16,04:48:00,0
06/29/16,04:49:00,0
06/29/16,04:50:00,0
06/29/16,04:51:00,0
06/29/16,04:52:00,0
06/29/16,04:53:00,5,920889
06/29/16,04:54:00,14,37331
06/29/16,04:55:00,17,42049
06/29/16,04:56:00,18,16395
06/29/16,04:57:00,17,74434
06/29/16,04:58:00,19,11787
06/29/16,04:59:00,18,4207
06/29/16,05:00:00,17,3776
06/29/16,05:01:00,17,45398
06/29/16,05:02:00,16,93652
06/29/16,05:03:00,17,30694
06/29/16,05:04:00,16,80305
06/29/16,05:05:00,16,662
06/29/16,05:06:00,17,80451
06/29/16,05:07:00,17,92638
06/29/16,05:08:00,17,52966
06/29/16,05:09:00,17,48745
06/29/16,05:10:00,17,43443
06/29/16,05:11:00,17,16967
06/29/16,05:12:00,18,18218
06/29/16,05:13:00,18,18489
06/29/16,05:14:00,17,0964
06/29/16,05:15:00,18,04634
06/29/16,05:16:00,17,08399
06/29/16,05:17:00,16,70014
06/29/16,05:18:00,16,87754
06/29/16,05:19:00,17,92746
06/29/16,05:20:00,16,07443
06/29/16,05:21:00,16,1799
06/29/16,05:22:00,17,41801
06/29/16,05:23:00,16,98378
06/29/16,05:24:00,17,4738
06/29/16,05:25:00,17,6907
06/29/16,05:26:00,17,42184
06/29/16,05:27:00,17,07198
06/29/16,05:28:00,16,61876
06/29/16,05:29:00,16,61383
06/29/16,05:30:00,16,68983
06/29/16,05:31:00,16,47947
06/29/16,05:32:00,16,27527
06/29/16,05:33:00,15,57567
06/29/16,05:34:00,16,83
06/29/16,05:35:00,15,29883
06/29/16,05:36:00,1,377072
06/29/16,05:37:00,0
06/29/16,05:38:00,0
06/29/16,05:39:00,0
06/29/16,05:40:00,0
06/29/16,05:41:00,0
06/29/16,05:42:00,0
06/29/16,05:43:00,0
06/29/16,05:44:00,0
06/29/16,05:45:00,0
06/29/16,05:46:00,0
06/29/16,05:47:00,0
06/29/16,05:48:00,0
06/29/16,05:49:00,0
06/29/16,05:50:00,0
06/29/16,05:51:00,0
06/29/16,05:52:00,0
06/29/16,05:53:00,0
06/29/16,05:54:00,0
06/29/16,05:55:00,0
06/29/16,05:56:00,0
06/29/16,05:57:00,0
06/29/16,05:58:00,0
06/29/16,05:59:00,0
06/29/16,06:00:00,0
06/29/16,06:01:00,0
06/29/16,06:02:00,0
06/29/16,06:03:00,0
06/29/16,06:04:00,0
06/29/16,06:05:00,0
06/29/16,06:06:00,0
06/29/16,06:07:00,0
06/29/16,06:08:00,0
06/29/16,06:09:00,0
06/29/16,06:10:00,0
06/29/16,06:11:00,0
06/29/16,06:12:00,0
06/29/16,06:13:00,0
06/29/16,06:14:00,0
06/29/16,06:15:00,0
06/29/16,06:16:00,0
06/29/16,06:17:00,0
06/29/16,06:18:00,0
06/29/16,06:19:00,8,382616
06/29/16,06:20:00,17,70717
06/29/16,06:21:00,18,32144
06/29/16,06:22:00,17,4184
06/29/16,06:23:00,16,72417
06/29/16,06:24:00,16,54091
06/29/16,06:25:00,17,61324
06/29/16,06:26:00,17,19976
06/29/16,06:27:00,17,82002
06/29/16,06:28:00,18,02785
06/29/16,06:29:00,16,62083
06/29/16,06:30:00,16,96175
06/29/16,06:31:00,17,57763
06/29/16,06:32:00,16,22336
06/29/16,06:33:00,16,68742
06/29/16,06:34:00,16,6827
06/29/16,06:35:00,15,37608
06/29/16,06:36:00,16,25897
06/29/16,06:37:00,17,25725
06/29/16,06:38:00,16,04723
06/29/16,06:39:00,16,18804
06/29/16,06:40:00,17,90168
06/29/16,06:41:00,17,5276
06/29/16,06:42:00,16,66802
06/29/16,06:43:00,16,3046
06/29/16,06:44:00,15,86957
06/29/16,06:45:00,16,34014
06/29/16,06:46:00,18,02308
06/29/16,06:47:00,17,61795
06/29/16,06:48:00,16,23585
06/29/16,06:49:00,16,89562
06/29/16,06:50:00,16,85086
06/29/16,06:51:00,16,90406
06/29/16,06:52:00,17,29156
06/29/16,06:53:00,17,82564
06/29/16,06:54:00,16,49379
06/29/16,06:55:00,17,92425
06/29/16,06:56:00,17,24166
06/29/16,06:57:00,15,89933
06/29/16,06:58:00,16,66847
06/29/16,06:59:00,16,6375
06/29/16,07:00:00,16,16813
06/29/16,07:01:00,16,20694
06/29/16,07:02:00,16,75822
06/29/16,07:03:00,16,061
06/29/16,07:04:00,16,28641
06/29/16,07:05:00,16,55522
06/29/16,07:06:00,16,58053
06/29/16,07:07:00,15,44173
06/29/16,07:08:00,14,72752
06/29/16,07:09:00,16,84555
06/29/16,07:10:00,17,46124
06/29/16,07:11:00,16,85241
06/29/16,07:12:00,16,3038
06/29/16,07:13:00,15,61771
06/29/16,07:14:00,16,27833
06/29/16,07:15:00,17,08592
06/29/16,07:16:00,16,74607
06/29/16,07:17:00,16,93446
06/29/16,07:18:00,17,6971
06/29/16,07:19:00,17,34364
06/29/16,07:20:00,17,8686
06/29/16,07:21:00,17,71403
06/29/16,07:22:00,17,16315
06/29/16,07:23:00,18,21751
06/29/16,07:24:00,18,58436
06/29/16,07:25:00,17,23856
06/29/16,07:26:00,16,99277
06/29/16,07:27:00,18,13769
06/29/16,07:28:00,16,0045
06/29/16,07:29:00,15,24903
06/29/16,07:30:00,16,22956
06/29/16,07:31:00,17,65805
06/29/16,07:32:00,16,86812
06/29/16,07:33:00,11,91078
06/29/16,07:34:00,0
06/29/16,07:35:00,0
06/29/16,07:36:00,0
06/29/16,07:37:00,0
06/29/16,07:38:00,0
06/29/16,07:39:00,0
06/29/16,07:40:00,0
06/29/16,07:41:00,0
06/29/16,07:42:00,0
06/29/16,07:43:00,0
06/29/16,07:44:00,0
06/29/16,07:45:00,0
06/29/16,07:46:00,0
06/29/16,07:47:00,0
06/29/16,07:48:00,0
06/29/16,07:49:00,0
06/29/16,07:50:00,0
06/29/16,07:51:00,0,9928723
06/29/16,07:52:00,0,9928723
06/29/16,07:53:00,
06/29/16,07:54:00,
06/29/16,07:55:00,
06/29/16,07:56:00,0
06/29/16,07:57:00,0
06/29/16,07:58:00,0
06/29/16,07:59:00,0
06/29/16,08:00:00,0
06/29/16,08:01:00,0
06/29/16,08:02:00,0
06/29/16,08:03:00,0
06/29/16,08:04:00,9,448918
06/29/16,08:05:00,15,28256
06/29/16,08:06:00,17,30794
06/29/16,08:07:00,16,71354
06/29/16,08:08:00,16,82117
06/29/16,08:09:00,18,67204
06/29/16,08:10:00,17,07331
06/29/16,08:11:00,15,95435
06/29/16,08:12:00,16,62066
06/29/16,08:13:00,16,30513
06/29/16,08:14:00,16,22149
06/29/16,08:15:00,16,48211
06/29/16,08:16:00,16,35443
06/29/16,08:17:00,17,21309
06/29/16,08:18:00,17,12225
06/29/16,08:19:00,18,33599
06/29/16,08:20:00,18,6996
06/29/16,08:21:00,18,7895
06/29/16,08:22:00,17,92741
06/29/16,08:23:00,17,68798
06/29/16,08:24:00,17,84974
06/29/16,08:25:00,17,99863
06/29/16,08:26:00,18,88226
06/29/16,08:27:00,19,14317
06/29/16,08:28:00,19,27073
06/29/16,08:29:00,19,4453
06/29/16,08:30:00,20,07014
06/29/16,08:31:00,19,79274
06/29/16,08:32:00,18,70166
06/29/16,08:33:00,17,99911
06/29/16,08:34:00,18,20588
06/29/16,08:35:00,18,38232
06/29/16,08:36:00,17,86074
06/29/16,08:37:00,17,67623
06/29/16,08:38:00,17,60252
06/29/16,08:39:00,18,80899
06/29/16,08:40:00,19,72812
06/29/16,08:41:00,19,51157
06/29/16,08:42:00,19,50533
06/29/16,08:43:00,20,00199
06/29/16,08:44:00,19,9429
06/29/16,08:45:00,19,37814
06/29/16,08:46:00,19,77552
06/29/16,08:47:00,20,09608
06/29/16,08:48:00,19,00672
06/29/16,08:49:00,18,58195
06/29/16,08:50:00,19,74495
06/29/16,08:51:00,18,91732
06/29/16,08:52:00,18,02324
06/29/16,08:53:00,15,10911
06/29/16,08:54:00,15,80378
06/29/16,08:55:00,16,68097
06/29/16,08:56:00,17,18118
06/29/16,08:57:00,17,44198
06/29/16,08:58:00,17,57973
06/29/16,08:59:00,18,90007
06/29/16,09:00:00,18,39262
06/29/16,09:01:00,17,62541
06/29/16,09:02:00,18,07969
06/29/16,09:03:00,17,87014
06/29/16,09:04:00,17,38853
06/29/16,09:05:00,17,29684
06/29/16,09:06:00,17,51479
06/29/16,09:07:00,17,55651
06/29/16,09:08:00,17,83415
06/29/16,09:09:00,17,7206
06/29/16,09:10:00,18,80555
06/29/16,09:11:00,17,56556
06/29/16,09:12:00,17,26791
06/29/16,09:13:00,18,29885
06/29/16,09:14:00,17,79424
06/29/16,09:15:00,17,78312
06/29/16,09:16:00,18,14315
06/29/16,09:17:00,17,67642
06/29/16,09:18:00,16,77106
06/29/16,09:19:00,17,95339
06/29/16,09:20:00,18,03849
06/29/16,09:21:00,18,37672
06/29/16,09:22:00,19,29099
06/29/16,09:23:00,19,09866
06/29/16,09:24:00,18,09012
06/29/16,09:25:00,18,61788
06/29/16,09:26:00,17,9742
06/29/16,09:27:00,17,95638
06/29/16,09:28:00,17,30327
06/29/16,09:29:00,17,45989
06/29/16,09:30:00,17,11888
06/29/16,09:31:00,18,10929
06/29/16,09:32:00,17,77174
06/29/16,09:33:00,18,11996
06/29/16,09:34:00,17,75216
06/29/16,09:35:00,17,67757
06/29/16,09:36:00,17,26637
06/29/16,09:37:00,17,48851
06/29/16,09:38:00,17,82694
06/29/16,09:39:00,17,64009
06/29/16,09:40:00,17,56993
06/29/16,09:41:00,18,33593
06/29/16,09:42:00,18,01997
06/29/16,09:43:00,17,6037
06/29/16,09:44:00,17,00408
06/29/16,09:45:00,17,26501
06/29/16,09:46:00,18,54254
06/29/16,09:47:00,18,29088
06/29/16,09:48:00,17,87851
06/29/16,09:49:00,17,85339
06/29/16,09:50:00,18,17557
06/29/16,09:51:00,18,7702
06/29/16,09:52:00,18,51038
06/29/16,09:53:00,18,405
06/29/16,09:54:00,17,28647
06/29/16,09:55:00,17,15262
06/29/16,09:56:00,17,34436
06/29/16,09:57:00,17,73843
06/29/16,09:58:00,16,81865
06/29/16,09:59:00,17,1621
06/29/16,10:00:00,16,78551
06/29/16,10:01:00,17,53434
06/29/16,10:02:00,18,95203
06/29/16,10:03:00,18,89105
06/29/16,10:04:00,18,17336
06/29/16,10:05:00,17,85416
06/29/16,10:06:00,17,91577
06/29/16,10:07:00,19,41885
06/29/16,10:08:00,18,88557
06/29/16,10:09:00,17,32936
06/29/16,10:10:00,17,80004
06/29/16,10:11:00,18,25731
06/29/16,10:12:00,17,55646
06/29/16,10:13:00,18,22628
06/29/16,10:14:00,18,03253
06/29/16,10:15:00,16,97948
06/29/16,10:16:00,10,49779
06/29/16,10:17:00,0
06/29/16,10:18:00,0
06/29/16,10:19:00,0
06/29/16,10:20:00,0
06/29/16,10:21:00,0
06/29/16,10:22:00,12,21659
06/29/16,10:23:00,15,8827
06/29/16,10:24:00,16,98024
06/29/16,10:25:00,17,16562
06/29/16,10:26:00,17,6884
06/29/16,10:27:00,18,77111
06/29/16,10:28:00,18,61799
06/29/16,10:29:00,18,07491
06/29/16,10:30:00,18,19927
06/29/16,10:31:00,18,28911
06/29/16,10:32:00,18,18654
06/29/16,10:33:00,17,94846
06/29/16,10:34:00,17,41657
06/29/16,10:35:00,17,18223
06/29/16,10:36:00,16,93115
06/29/16,10:37:00,17,86236
06/29/16,10:38:00,18,49995
06/29/16,10:39:00,18,57671
06/29/16,10:40:00,18,03789
06/29/16,10:41:00,18,28069
06/29/16,10:42:00,18,31079
06/29/16,10:43:00,17,89015
06/29/16,10:44:00,18,11219
06/29/16,10:45:00,17,95014
06/29/16,10:46:00,17,81585
06/29/16,10:47:00,17,66989
06/29/16,10:48:00,18,49292
06/29/16,10:49:00,18,65211
06/29/16,10:50:00,18,80819
06/29/16,10:51:00,18,37362
06/29/16,10:52:00,18,49254
06/29/16,10:53:00,17,3638
06/29/16,10:54:00,17,61446
06/29/16,10:55:00,18,01406
06/29/16,10:56:00,17,92391
06/29/16,10:57:00,17,60195
06/29/16,10:58:00,18,47144
06/29/16,10:59:00,18,37268
06/29/16,11:00:00,18,0644
06/29/16,11:01:00,18,33885
06/29/16,11:02:00,18,47579
06/29/16,11:03:00,17,8496
06/29/16,11:04:00,17,27257
06/29/16,11:05:00,17,96723
06/29/16,11:06:00,19,34481
06/29/16,11:07:00,19,06664
06/29/16,11:08:00,18,76477
06/29/16,11:09:00,18,26498
06/29/16,11:10:00,17,50591
06/29/16,11:11:00,17,73977
06/29/16,11:12:00,17,90248
06/29/16,11:13:00,17,87568
06/29/16,11:14:00,17,68168
06/29/16,11:15:00,17,33441
06/29/16,11:16:00,18,56035
06/29/16,11:17:00,18,42322
06/29/16,11:18:00,17,41597
06/29/16,11:19:00,18,11554
06/29/16,11:20:00,18,66049
06/29/16,11:21:00,18,75117
06/29/16,11:22:00,18,34487
06/29/16,11:23:00,18,92274
06/29/16,11:24:00,19,0557
06/29/16,11:25:00,19,28878
06/29/16,11:26:00,19,14984
06/29/16,11:27:00,19,37059
06/29/16,11:28:00,18,96599
06/29/16,11:29:00,18,56482
06/29/16,11:30:00,17,98681
06/29/16,11:31:00,17,91149
06/29/16,11:32:00,18,27589
06/29/16,11:33:00,18,0954
06/29/16,11:34:00,18,15858
06/29/16,11:35:00,18,17991
06/29/16,11:36:00,17,61622
06/29/16,11:37:00,17,86365
06/29/16,11:38:00,18,63651
06/29/16,11:39:00,18,7729
06/29/16,11:40:00,19,03713
06/29/16,11:41:00,18,98442
06/29/16,11:42:00,19,78269
06/29/16,11:43:00,19,38873
06/29/16,11:44:00,17,75904
06/29/16,11:45:00,17,55996
06/29/16,11:46:00,18,45703
06/29/16,11:47:00,17,56947
06/29/16,11:48:00,17,90312
06/29/16,11:49:00,17,01443
06/29/16,11:50:00,16,59975
06/29/16,11:51:00,16,76694
06/29/16,11:52:00,17,13046
06/29/16,11:53:00,17,82463
06/29/16,11:54:00,17,82218
06/29/16,11:55:00,17,35579
06/29/16,11:56:00,18,12598
06/29/16,11:57:00,19,23389
06/29/16,11:58:00,18,98247
06/29/16,11:59:00,18,24181
06/29/16,12:00:00,18,59843
06/29/16,12:01:00,18,4464
06/29/16,12:02:00,18,91483
06/29/16,12:03:00,19,08864
06/29/16,12:04:00,18,51945
06/29/16,12:05:00,18,50215
06/29/16,12:06:00,18,42614
06/29/16,12:07:00,19,1749
06/29/16,12:08:00,19,0663
06/29/16,12:09:00,18,49916
06/29/16,12:10:00,18,26376
06/29/16,12:11:00,18,87941
06/29/16,12:12:00,18,49361
06/29/16,12:13:00,18,10052
06/29/16,12:14:00,18,12226
06/29/16,12:15:00,18,40939
06/29/16,12:16:00,16,12884
06/29/16,12:17:00,1,381485
06/29/16,12:18:00,0
06/29/16,12:19:00,0
06/29/16,12:20:00,3,010928
06/29/16,12:21:00,16,1092
06/29/16,12:22:00,17,70209
06/29/16,12:23:00,18,54706
06/29/16,12:24:00,19,12906
06/29/16,12:25:00,18,48967
06/29/16,12:26:00,18,8012
06/29/16,12:27:00,18,93461
06/29/16,12:28:00,18,73268
06/29/16,12:29:00,18,37112
06/29/16,12:30:00,17,69522
06/29/16,12:31:00,18,17311
06/29/16,12:32:00,17,68442
06/29/16,12:33:00,17,4642
06/29/16,12:34:00,18,47683
06/29/16,12:35:00,18,83334
06/29/16,12:36:00,17,91311
06/29/16,12:37:00,16,70901
06/29/16,12:38:00,17,02378
06/29/16,12:39:00,17,12075
06/29/16,12:40:00,17,18216
06/29/16,12:41:00,17,35378
06/29/16,12:42:00,17,34946
06/29/16,12:43:00,17,09977
06/29/16,12:44:00,17,0883
06/29/16,12:45:00,16,91303
06/29/16,12:46:00,18,17156
06/29/16,12:47:00,17,88086
06/29/16,12:48:00,17,94082
06/29/16,12:49:00,17,99696
06/29/16,12:50:00,18,33698
06/29/16,12:51:00,18,25113
06/29/16,12:52:00,18,14913
06/29/16,12:53:00,17,71854
06/29/16,12:54:00,17,48002
06/29/16,12:55:00,18,5151
06/29/16,12:56:00,19,02192
06/29/16,12:57:00,18,4686
06/29/16,12:58:00,18,35247
06/29/16,12:59:00,18,01692
06/29/16,13:00:00,17,43599
06/29/16,13:01:00,17,5453
06/29/16,13:02:00,18,19297
06/29/16,13:03:00,18,95598
06/29/16,13:04:00,12,2537
06/29/16,13:05:00,0
06/29/16,13:06:00,0
06/29/16,13:07:00,0
06/29/16,13:08:00,0
06/29/16,13:09:00,0
06/29/16,13:10:00,0
06/29/16,13:11:00,0
06/29/16,13:12:00,0
06/29/16,13:13:00,0
06/29/16,13:14:00,0
06/29/16,13:15:00,12,24662
06/29/16,13:16:00,15,10867
06/29/16,13:17:00,15,83057
06/29/16,13:18:00,14,85177
06/29/16,13:19:00,14,97732
06/29/16,13:20:00,15,75426
06/29/16,13:21:00,15,89395
06/29/16,13:22:00,15,59947
06/29/16,13:23:00,15,52168
06/29/16,13:24:00,16,59209
06/29/16,13:25:00,15,42646
06/29/16,13:26:00,15,89853
06/29/16,13:27:00,16,62005
06/29/16,13:28:00,14,86586
06/29/16,13:29:00,0,5139071
06/29/16,13:30:00,0
06/29/16,13:31:00,0
06/29/16,13:32:00,0
06/29/16,13:33:00,0
06/29/16,13:34:00,0
06/29/16,13:35:00,0
06/29/16,13:36:00,0
06/29/16,13:37:00,0
06/29/16,13:38:00,0
06/29/16,13:39:00,0
06/29/16,13:40:00,0
06/29/16,13:41:00,0
06/29/16,13:42:00,0
06/29/16,13:43:00,0
06/29/16,13:44:00,0
06/29/16,13:45:00,0
06/29/16,13:46:00,0
06/29/16,13:47:00,0
06/29/16,13:48:00,0
06/29/16,13:49:00,0
06/29/16,13:50:00,0
06/29/16,13:51:00,0
06/29/16,13:52:00,0
06/29/16,13:53:00,0
06/29/16,13:54:00,0
06/29/16,13:55:00,0
06/29/16,13:56:00,0
06/29/16,13:57:00,0
06/29/16,13:58:00,0
06/29/16,13:59:00,0
06/29/16,14:00:00,0
06/29/16,14:01:00,0
06/29/16,14:02:00,0
06/29/16,14:03:00,0
06/29/16,14:04:00,0
06/29/16,14:05:00,0
06/29/16,14:06:00,0
06/29/16,14:07:00,0
06/29/16,14:08:00,0
06/29/16,14:09:00,0
06/29/16,14:10:00,0
06/29/16,14:11:00,0
06/29/16,14:12:00,0
06/29/16,14:13:00,0
06/29/16,14:14:00,0
06/29/16,14:15:00,0
06/29/16,14:16:00,0
06/29/16,14:17:00,5,528665
06/29/16,14:18:00,15,31005
06/29/16,14:19:00,18,51264
06/29/16,14:20:00,18,79784
06/29/16,14:21:00,18,84092
06/29/16,14:22:00,17,71209
06/29/16,14:23:00,18,04698
06/29/16,14:24:00,17,72602
06/29/16,14:25:00,19,06238
06/29/16,14:26:00,18,73407
06/29/16,14:27:00,19,22583
06/29/16,14:28:00,18,83244
06/29/16,14:29:00,17,06449
06/29/16,14:30:00,18,28978
06/29/16,14:31:00,19,23517
06/29/16,14:32:00,19,047
06/29/16,14:33:00,19,56575
06/29/16,14:34:00,19,41975
06/29/16,14:35:00,18,91953
06/29/16,14:36:00,18,87174
06/29/16,14:37:00,18,12486
06/29/16,14:38:00,18,71221
06/29/16,14:39:00,18,65071
06/29/16,14:40:00,17,68511
06/29/16,14:41:00,17,59823
06/29/16,14:42:00,17,16174
06/29/16,14:43:00,17,32783
06/29/16,14:44:00,18,64744
06/29/16,14:45:00,17,75638
06/29/16,14:46:00,16,91838
06/29/16,14:47:00,16,60431
06/29/16,14:48:00,16,52976
06/29/16,14:49:00,17,78327
06/29/16,14:50:00,17,54853
06/29/16,14:51:00,18,51637
06/29/16,14:52:00,18,8207
06/29/16,14:53:00,18,67017
06/29/16,14:54:00,18,61825
06/29/16,14:55:00,17,71747
06/29/16,14:56:00,17,93155
06/29/16,14:57:00,17,66102
06/29/16,14:58:00,18,30644
06/29/16,14:59:00,18,21264
06/29/16,15:00:00,18,16209
06/29/16,15:01:00,17,95841
06/29/16,15:02:00,17,947
06/29/16,15:03:00,17,59256
06/29/16,15:04:00,17,49086
06/29/16,15:05:00,17,08321
06/29/16,15:06:00,17,44354
06/29/16,15:07:00,17,85653
06/29/16,15:08:00,18,11445
06/29/16,15:09:00,16,99869
06/29/16,15:10:00,16,98069
06/29/16,15:11:00,17,03427
06/29/16,15:12:00,17,49149
06/29/16,15:13:00,18,10542
06/29/16,15:14:00,17,34932
06/29/16,15:15:00,17,98612
06/29/16,15:16:00,18,65349
06/29/16,15:17:00,17,55845
06/29/16,15:18:00,18,0067
06/29/16,15:19:00,18,25113
06/29/16,15:20:00,18,55333
06/29/16,15:21:00,18,7055
06/29/16,15:22:00,18,88674
06/29/16,15:23:00,18,8518
06/29/16,15:24:00,18,68737
06/29/16,15:25:00,18,50603
06/29/16,15:26:00,17,7777
06/29/16,15:27:00,18,56018
06/29/16,15:28:00,17,75124
06/29/16,15:29:00,17,92399
06/29/16,15:30:00,16,69715
06/29/16,15:31:00,16,82658
06/29/16,15:32:00,17,56025
06/29/16,15:33:00,16,6544
06/29/16,15:34:00,16,43381
06/29/16,15:35:00,16,58318
06/29/16,15:36:00,17,12108
06/29/16,15:37:00,17,02493
06/29/16,15:38:00,17,24367
06/29/16,15:39:00,18,09702
06/29/16,15:40:00,18,04201
06/29/16,15:41:00,18,01199
06/29/16,15:42:00,17,33316
06/29/16,15:43:00,16,93322
06/29/16,15:44:00,17,35272
06/29/16,15:45:00,17,90435
06/29/16,15:46:00,17,86349
06/29/16,15:47:00,17,69765
06/29/16,15:48:00,17,99358
06/29/16,15:49:00,18,02861
06/29/16,15:50:00,17,59378
06/29/16,15:51:00,17,6128
06/29/16,15:52:00,17,82848
06/29/16,15:53:00,17,77053
06/29/16,15:54:00,17,62208
06/29/16,15:55:00,17,72166
06/29/16,15:56:00,18,58014
06/29/16,15:57:00,18,69575
06/29/16,15:58:00,17,70799
06/29/16,15:59:00,17,40117
06/29/16,16:00:00,17,33833
06/29/16,16:01:00,17,81197
06/29/16,16:02:00,18,34831
06/29/16,16:03:00,19,03347
06/29/16,16:04:00,17,86979
06/29/16,16:05:00,18,04678
06/29/16,16:06:00,17,3892
06/29/16,16:07:00,17,30444
06/29/16,16:08:00,17,55799
06/29/16,16:09:00,17,70793
06/29/16,16:10:00,18,46135
06/29/16,16:11:00,17,805
06/29/16,16:12:00,17,92034
06/29/16,16:13:00,17,30751
06/29/16,16:14:00,17,94995
06/29/16,16:15:00,17,7004
06/29/16,16:16:00,17,19802
06/29/16,16:17:00,17,60417
06/29/16,16:18:00,17,42577
06/29/16,16:19:00,17,38996
06/29/16,16:20:00,18,09325
06/29/16,16:21:00,18,19
06/29/16,16:22:00,18,72072
06/29/16,16:23:00,17,77332
06/29/16,16:24:00,17,85717
06/29/16,16:25:00,18,59899
06/29/16,16:26:00,18,30065
06/29/16,16:27:00,17,6893
06/29/16,16:28:00,18,48172
06/29/16,16:29:00,17,92543
06/29/16,16:30:00,17,14633
06/29/16,16:31:00,17,68988
06/29/16,16:32:00,18,34891
06/29/16,16:33:00,17,99911
06/29/16,16:34:00,17,35184
06/29/16,16:35:00,18,06186
06/29/16,16:36:00,18,11676
06/29/16,16:37:00,18,59559
06/29/16,16:38:00,18,46066
06/29/16,16:39:00,17,74891
06/29/16,16:40:00,18,16019
06/29/16,16:41:00,17,83247
06/29/16,16:42:00,17,7695
06/29/16,16:43:00,19,185
06/29/16,16:44:00,18,74289
06/29/16,16:45:00,17,74761
06/29/16,16:46:00,18,25006
06/29/16,16:47:00,18,40627
06/29/16,16:48:00,18,02081
06/29/16,16:49:00,18,22007
06/29/16,16:50:00,18,10529
06/29/16,16:51:00,18,00245
06/29/16,16:52:00,18,29362
06/29/16,16:53:00,17,78091
06/29/16,16:54:00,17,99722
06/29/16,16:55:00,18,58204
06/29/16,16:56:00,18,24788
06/29/16,16:57:00,18,32222
06/29/16,16:58:00,18,34954
06/29/16,16:59:00,18,00451
06/29/16,17:00:00,18,26079
06/29/16,17:01:00,17,47377
06/29/16,17:02:00,17,62089
06/29/16,17:03:00,17,79118
06/29/16,17:04:00,17,95195
06/29/16,17:05:00,16,88514
06/29/16,17:06:00,1,751731
06/29/16,17:07:00,0
06/29/16,17:08:00,0
06/29/16,17:09:00,0
06/29/16,17:10:00,0
06/29/16,17:11:00,0
06/29/16,17:12:00,0
06/29/16,17:13:00,0
06/29/16,17:14:00,0
06/29/16,17:15:00,0
06/29/16,17:16:00,6,48127
06/29/16,17:17:00,14,02497
06/29/16,17:18:00,15,85836
06/29/16,17:19:00,15,89811
06/29/16,17:20:00,15,75151
06/29/16,17:21:00,17,05401
06/29/16,17:22:00,17,4607
06/29/16,17:23:00,16,34728
06/29/16,17:24:00,15,87454
06/29/16,17:25:00,15,77039
06/29/16,17:26:00,15,86484
06/29/16,17:27:00,16,26242
06/29/16,17:28:00,16,17343
06/29/16,17:29:00,16,68515
06/29/16,17:30:00,16,48871
06/29/16,17:31:00,16,60322
06/29/16,17:32:00,16,82745
06/29/16,17:33:00,16,63554
06/29/16,17:34:00,16,27952
06/29/16,17:35:00,14,74606
06/29/16,17:36:00,13,84244
06/29/16,17:37:00,14,56107
06/29/16,17:38:00,14,82093
06/29/16,17:39:00,14,01808
06/29/16,17:40:00,13,85229
06/29/16,17:41:00,15,08541
06/29/16,17:42:00,15,30124
06/29/16,17:43:00,15,97574
06/29/16,17:44:00,15,55753
06/29/16,17:45:00,15,00995
06/29/16,17:46:00,16,08642
06/29/16,17:47:00,16,40345
06/29/16,17:48:00,16,65803
06/29/16,17:49:00,17,22721
06/29/16,17:50:00,16,66248
06/29/16,17:51:00,15,71975
06/29/16,17:52:00,14,89596
06/29/16,17:53:00,15,12178
06/29/16,17:54:00,15,80197
06/29/16,17:55:00,15,57965
06/29/16,17:56:00,16,13567
06/29/16,17:57:00,15,934
06/29/16,17:58:00,15,77449
06/29/16,17:59:00,16,66318
06/29/16,18:00:00,16,39932
06/29/16,18:01:00,16,0721
06/29/16,18:02:00,15,86032
06/29/16,18:03:00,16,65658
06/29/16,18:04:00,17,08619
06/29/16,18:05:00,15,92959
06/29/16,18:06:00,16,43822
06/29/16,18:07:00,16,7947
06/29/16,18:08:00,16,97055
06/29/16,18:09:00,16,48548
06/29/16,18:10:00,15,94589
06/29/16,18:11:00,15,13476
06/29/16,18:12:00,15,28194
06/29/16,18:13:00,15,19291
06/29/16,18:14:00,15,96802
06/29/16,18:15:00,15,65071
06/29/16,18:16:00,15,38486
06/29/16,18:17:00,15,09312
06/29/16,18:18:00,15,41211
06/29/16,18:19:00,16,00317
06/29/16,18:20:00,15,59822
06/29/16,18:21:00,15,32714
06/29/16,18:22:00,16,13205
06/29/16,18:23:00,16,02437
06/29/16,18:24:00,16,77781
06/29/16,18:25:00,16,20775
06/29/16,18:26:00,15,55174
06/29/16,18:27:00,15,00736
06/29/16,18:28:00,15,90191
06/29/16,18:29:00,15,47023
06/29/16,18:30:00,16,1653
06/29/16,18:31:00,18,09744
06/29/16,18:32:00,18,19588
06/29/16,18:33:00,17,65208
06/29/16,18:34:00,16,44683
06/29/16,18:35:00,17,00538
06/29/16,18:36:00,18,13776
06/29/16,18:37:00,18,34141
06/29/16,18:38:00,17,86106
06/29/16,18:39:00,17,02538
06/29/16,18:40:00,16,95532
06/29/16,18:41:00,17,97224
06/29/16,18:42:00,17,69799
06/29/16,18:43:00,17,67156
06/29/16,18:44:00,17,66068
06/29/16,18:45:00,18,18448
06/29/16,18:46:00,18,22609
06/29/16,18:47:00,18,2808
06/29/16,18:48:00,17,41653
06/29/16,18:49:00,17,43664
06/29/16,18:50:00,16,95864
06/29/16,18:51:00,17,39675
06/29/16,18:52:00,17,72406
06/29/16,18:53:00,18,21632
06/29/16,18:54:00,17,61105
06/29/16,18:55:00,17,72156
06/29/16,18:56:00,17,91816
06/29/16,18:57:00,18,75764
06/29/16,18:58:00,18,1967
06/29/16,18:59:00,18,03344
06/29/16,19:00:00,17,41676
06/29/16,19:01:00,18,09447
06/29/16,19:02:00,18,56041
06/29/16,19:03:00,18,1763
06/29/16,19:04:00,17,94902
06/29/16,19:05:00,18,45798
06/29/16,19:06:00,16,92599
06/29/16,19:07:00,17,62905
06/29/16,19:08:00,16,84609
06/29/16,19:09:00,17,2227
06/29/16,19:10:00,17,10711
06/29/16,19:11:00,17,53815
06/29/16,19:12:00,18,06489
06/29/16,19:13:00,17,47497
06/29/16,19:14:00,18,12229
06/29/16,19:15:00,18,24249
06/29/16,19:16:00,18,18261
06/29/16,19:17:00,18,38959
06/29/16,19:18:00,18,73941
06/29/16,19:19:00,17,36812
06/29/16,19:20:00,18,22743
06/29/16,19:21:00,18,60609
06/29/16,19:22:00,18,66338
06/29/16,19:23:00,18,41357
06/29/16,19:24:00,18,25114
06/29/16,19:25:00,17,0402
06/29/16,19:26:00,17,08818
06/29/16,19:27:00,17,75687
06/29/16,19:28:00,17,19261
06/29/16,19:29:00,16,63221
06/29/16,19:30:00,18,154
06/29/16,19:31:00,18,27863
06/29/16,19:32:00,18,00045
06/29/16,19:33:00,17,2878
06/29/16,19:34:00,17,45299
06/29/16,19:35:00,17,91048
06/29/16,19:36:00,18,26691
06/29/16,19:37:00,17,74288
06/29/16,19:38:00,17,94548
06/29/16,19:39:00,17,10435
06/29/16,19:40:00,17,07644
06/29/16,19:41:00,17,11515
06/29/16,19:42:00,17,99176
06/29/16,19:43:00,18,04419
06/29/16,19:44:00,17,73914
06/29/16,19:45:00,16,65916
06/29/16,19:46:00,16,52895
06/29/16,19:47:00,11,40907
06/29/16,19:48:00,0,514342
06/29/16,19:49:00,0
06/29/16,19:50:00,0
06/29/16,19:51:00,0
06/29/16,19:52:00,0
06/29/16,19:53:00,0
06/29/16,19:54:00,0
06/29/16,19:55:00,0
06/29/16,19:56:00,0
06/29/16,19:57:00,0
06/29/16,19:58:00,0
06/29/16,19:59:00,0
06/29/16,20:00:00,0
06/29/16,20:01:00,0
06/29/16,20:02:00,0
06/29/16,20:03:00,8,416913
06/29/16,20:04:00,15,82467
06/29/16,20:05:00,16,36732
06/29/16,20:06:00,17,2959
06/29/16,20:07:00,15,75526
06/29/16,20:08:00,15,12345
06/29/16,20:09:00,16,05119
06/29/16,20:10:00,17,21178
06/29/16,20:11:00,17,59622
06/29/16,20:12:00,17,52353
06/29/16,20:13:00,17,34819
06/29/16,20:14:00,16,26102
06/29/16,20:15:00,16,06662
06/29/16,20:16:00,16,11303
06/29/16,20:17:00,15,44862
06/29/16,20:18:00,16,8239
06/29/16,20:19:00,17,78245
06/29/16,20:20:00,16,0765
06/29/16,20:21:00,16,38236
06/29/16,20:22:00,16,30203
06/29/16,20:23:00,15,49559
06/29/16,20:24:00,16,16575
06/29/16,20:25:00,16,59813
06/29/16,20:26:00,14,53845
06/29/16,20:27:00,16,10253
06/29/16,20:28:00,16,51813
06/29/16,20:29:00,16,09214
06/29/16,20:30:00,15,82215
06/29/16,20:31:00,15,911
06/29/16,20:32:00,15,64763
06/29/16,20:33:00,15,56465
06/29/16,20:34:00,15,84741
06/29/16,20:35:00,15,3827
06/29/16,20:36:00,15,58787
06/29/16,20:37:00,16,27199
06/29/16,20:38:00,17,01454
06/29/16,20:39:00,17,02674
06/29/16,20:40:00,16,51401
06/29/16,20:41:00,15,97496
06/29/16,20:42:00,14,80113
06/29/16,20:43:00,14,71407
06/29/16,20:44:00,15,69284
06/29/16,20:45:00,16,74747
06/29/16,20:46:00,17,33683
06/29/16,20:47:00,16,36693
06/29/16,20:48:00,15,98405
06/29/16,20:49:00,15,55898
06/29/16,20:50:00,16,0239
06/29/16,20:51:00,16,7981
06/29/16,20:52:00,15,39749
06/29/16,20:53:00,15,8323
06/29/16,20:54:00,16,1817
06/29/16,20:55:00,15,71751
06/29/16,20:56:00,16,27635
06/29/16,20:57:00,17,31089
06/29/16,20:58:00,17,53657
06/29/16,20:59:00,18,10256
06/29/16,21:00:00,16,82037
06/29/16,21:01:00,16,65644
06/29/16,21:02:00,17,24361
06/29/16,21:03:00,16,06354
06/29/16,21:04:00,16,15719
06/29/16,21:05:00,16,48143
06/29/16,21:06:00,16,82358
06/29/16,21:07:00,17,36299
06/29/16,21:08:00,17,43732
06/29/16,21:09:00,17,53383
06/29/16,21:10:00,16,99391
06/29/16,21:11:00,17,66561
06/29/16,21:12:00,18,41612
06/29/16,21:13:00,19,3983
06/29/16,21:14:00,19,35471
06/29/16,21:15:00,17,49466
06/29/16,21:16:00,16,70856
06/29/16,21:17:00,17,39218
06/29/16,21:18:00,17,19595
06/29/16,21:19:00,16,28066
06/29/16,21:20:00,16,9556
06/29/16,21:21:00,16,47421
06/29/16,21:22:00,16,99415
06/29/16,21:23:00,17,04026
06/29/16,21:24:00,16,2099
06/29/16,21:25:00,16,80769
06/29/16,21:26:00,16,81221
06/29/16,21:27:00,15,90767
06/29/16,21:28:00,16,83528
06/29/16,21:29:00,16,6144
06/29/16,21:30:00,15,42202
06/29/16,21:31:00,16,59887
06/29/16,21:32:00,16,29019
06/29/16,21:33:00,16,82144
06/29/16,21:34:00,14,18848
06/29/16,21:35:00,0,5758463
06/29/16,21:36:00,0
06/29/16,21:37:00,0
06/29/16,21:38:00,0
06/29/16,21:39:00,0
06/29/16,21:40:00,0
06/29/16,21:41:00,0
06/29/16,21:42:00,0
06/29/16,21:43:00,0
06/29/16,21:44:00,0
06/29/16,21:45:00,0
06/29/16,21:46:00,0
06/29/16,21:47:00,0
06/29/16,21:48:00,0
06/29/16,21:49:00,0
06/29/16,21:50:00,0
06/29/16,21:51:00,0
06/29/16,21:52:00,0
06/29/16,21:53:00,0
06/29/16,21:54:00,0
06/29/16,21:55:00,0
06/29/16,21:56:00,0
06/29/16,21:57:00,0
06/29/16,21:58:00,0
06/29/16,21:59:00,0
06/29/16,22:00:00,0
06/29/16,22:01:00,0
06/29/16,22:02:00,0
06/29/16,22:03:00,0
06/29/16,22:04:00,0
06/29/16,22:05:00,0
06/29/16,22:06:00,0
06/29/16,22:07:00,0
06/29/16,22:08:00,0
06/29/16,22:09:00,0
06/29/16,22:10:00,0
06/29/16,22:11:00,6,405725
06/29/16,22:12:00,13,81329
06/29/16,22:13:00,14,41603
06/29/16,22:14:00,16,04126
06/29/16,22:15:00,17,32028
06/29/16,22:16:00,16,21721
06/29/16,22:17:00,17,04806
06/29/16,22:18:00,17,902
06/29/16,22:19:00,16,58978
06/29/16,22:20:00,17,09823
06/29/16,22:21:00,16,24533
06/29/16,22:22:00,16,56602
06/29/16,22:23:00,16,95486
06/29/16,22:24:00,16,91462
06/29/16,22:25:00,16,12488
06/29/16,22:26:00,15,46867
06/29/16,22:27:00,16,23859
06/29/16,22:28:00,15,23798
06/29/16,22:29:00,15,7275
06/29/16,22:30:00,16,44125
06/29/16,22:31:00,16,35746
06/29/16,22:32:00,15,40384
06/29/16,22:33:00,15,60702
06/29/16,22:34:00,15,31758
06/29/16,22:35:00,16,10706
06/29/16,22:36:00,17,34051
06/29/16,22:37:00,15,02107
06/29/16,22:38:00,16,19826
06/29/16,22:39:00,18,92083
06/29/16,22:40:00,19,80926
06/29/16,22:41:00,18,18547
06/29/16,22:42:00,19,54607
06/29/16,22:43:00,19,84913
06/29/16,22:44:00,19,17668
06/29/16,22:45:00,18,25295
06/29/16,22:46:00,19,36139
06/29/16,22:47:00,19,27168
06/29/16,22:48:00,18,49111
06/29/16,22:49:00,19,28777
06/29/16,22:50:00,18,15961
06/29/16,22:51:00,19,46878
06/29/16,22:52:00,19,64016
06/29/16,22:53:00,20,33865
06/29/16,22:54:00,19,27643
06/29/16,22:55:00,18,98637
06/29/16,22:56:00,19,75951
06/29/16,22:57:00,19,16703
06/29/16,22:58:00,18,41913
06/29/16,22:59:00,17,9611
06/29/16,23:00:00,18,4548
06/29/16,23:01:00,18,86532
06/29/16,23:02:00,19,05038
06/29/16,23:03:00,18,3842
06/29/16,23:04:00,18,07086
06/29/16,23:05:00,18,43309
06/29/16,23:06:00,17,58808
06/29/16,23:07:00,18,1674
06/29/16,23:08:00,19,19221
06/29/16,23:09:00,19,07895
06/29/16,23:10:00,19,11002
06/29/16,23:11:00,18,95304
06/29/16,23:12:00,19,07231
06/29/16,23:13:00,19,68255
06/29/16,23:14:00,19,02463
06/29/16,23:15:00,19,11187
06/29/16,23:16:00,18,87565
06/29/16,23:17:00,17,31492
06/29/16,23:18:00,17,98295
06/29/16,23:19:00,18,20781
06/29/16,23:20:00,19,29814
06/29/16,23:21:00,19,4728
06/29/16,23:22:00,19,02976
06/29/16,23:23:00,19,10821
06/29/16,23:24:00,19,00648
06/29/16,23:25:00,18,86844
06/29/16,23:26:00,19,97852
06/29/16,23:27:00,19,74493
06/29/16,23:28:00,19,76183
06/29/16,23:29:00,18,96654
06/29/16,23:30:00,18,8851
06/29/16,23:31:00,18,94201
06/29/16,23:32:00,18,95301
06/29/16,23:33:00,18,77441
06/29/16,23:34:00,18,09171
06/29/16,23:35:00,17,3735
06/29/16,23:36:00,17,67925
06/29/16,23:37:00,17,77954
06/29/16,23:38:00,17,29725
06/29/16,23:39:00,18,22771
06/29/16,23:40:00,18,15348
06/29/16,23:41:00,18,47918
06/29/16,23:42:00,19,44611
06/29/16,23:43:00,19,19587
06/29/16,23:44:00,18,45118
06/29/16,23:45:00,18,63455
06/29/16,23:46:00,18,89307
06/29/16,23:47:00,18,38845
06/29/16,23:48:00,18,96768
06/29/16,23:49:00,19,48572
06/29/16,23:50:00,20,26022
06/29/16,23:51:00,19,7889
06/29/16,23:52:00,20,29581
06/29/16,23:53:00,20,02881
06/29/16,23:54:00,19,40355
06/29/16,23:55:00,19,06727
06/29/16,23:56:00,18,95729
06/29/16,23:57:00,17,99999
06/29/16,23:58:00,18,13349
06/29/16,23:59:00,18,01123
06/30/16,00:00:00,19,50965
06/30/16,00:01:00,19,43495
06/30/16,00:02:00,19,31023
06/30/16,00:03:00,18,22113
06/30/16,00:04:00,18,5736
06/30/16,00:05:00,18,41239
06/30/16,00:06:00,18,48445
06/30/16,00:07:00,18,80184
06/30/16,00:08:00,18,14486
06/30/16,00:09:00,18,98549
06/30/16,00:10:00,18,39314
06/30/16,00:11:00,18,43486
06/30/16,00:12:00,18,47497
06/30/16,00:13:00,18,11886
06/30/16,00:14:00,19,06645
06/30/16,00:15:00,18,45139
06/30/16,00:16:00,17,83568
06/30/16,00:17:00,17,48821
06/30/16,00:18:00,17,60112
06/30/16,00:19:00,17,59925
06/30/16,00:20:00,18,81754
06/30/16,00:21:00,17,88549
06/30/16,00:22:00,18,80527
06/30/16,00:23:00,19,38755
06/30/16,00:24:00,18,77071
06/30/16,00:25:00,18,86617
06/30/16,00:26:00,18,61726
06/30/16,00:27:00,18,15129
06/30/16,00:28:00,18,0235
06/30/16,00:29:00,18,1396
06/30/16,00:30:00,18,54605
06/30/16,00:31:00,18,52528
06/30/16,00:32:00,18,48693
06/30/16,00:33:00,18,92982
06/30/16,00:34:00,18,01079
06/30/16,00:35:00,19,08186
06/30/16,00:36:00,18,26305
06/30/16,00:37:00,18,42727
06/30/16,00:38:00,18,58026
06/30/16,00:39:00,18,0587
06/30/16,00:40:00,18,67283
06/30/16,00:41:00,17,92508
06/30/16,00:42:00,17,66181
06/30/16,00:43:00,17,28618
06/30/16,00:44:00,18,2803
06/30/16,00:45:00,17,96855
06/30/16,00:46:00,18,49996
06/30/16,00:47:00,19,01274
06/30/16,00:48:00,20,02972
06/30/16,00:49:00,19,03978
06/30/16,00:50:00,18,4826
06/30/16,00:51:00,17,6696
06/30/16,00:52:00,17,65049
06/30/16,00:53:00,17,42757
06/30/16,00:54:00,17,63763
06/30/16,00:55:00,17,691
06/30/16,00:56:00,18,27927
06/30/16,00:57:00,18,35559
06/30/16,00:58:00,18,26218
06/30/16,00:59:00,17,42143
06/30/16,01:00:00,17,47101
06/30/16,01:01:00,18,09725
06/30/16,01:02:00,18,23293
06/30/16,01:03:00,18,26262
06/30/16,01:04:00,17,73234
06/30/16,01:05:00,16,85512
06/30/16,01:06:00,17,03792
06/30/16,01:07:00,17,25203
06/30/16,01:08:00,16,86168
06/30/16,01:09:00,17,32933
06/30/16,01:10:00,17,64869
06/30/16,01:11:00,17,88455
06/30/16,01:12:00,17,29585
06/30/16,01:13:00,16,03618
06/30/16,01:14:00,16,15205
06/30/16,01:15:00,15,84923
06/30/16,01:16:00,16,21137
06/30/16,01:17:00,16,42171
06/30/16,01:18:00,16,21549
06/30/16,01:19:00,16,55561
06/30/16,01:20:00,16,47243
06/30/16,01:21:00,15,84453
06/30/16,01:22:00,16,35907
06/30/16,01:23:00,17,01924
06/30/16,01:24:00,17,11664
06/30/16,01:25:00,16,76374
06/30/16,01:26:00,16,711
06/30/16,01:27:00,17,11376
06/30/16,01:28:00,16,82792
06/30/16,01:29:00,17,6787
06/30/16,01:30:00,17,81833
06/30/16,01:31:00,17,32485
06/30/16,01:32:00,17,15763
06/30/16,01:33:00,16,53508
06/30/16,01:34:00,16,98952
06/30/16,01:35:00,16,73385
06/30/16,01:36:00,16,02586
06/30/16,01:37:00,15,86989
06/30/16,01:38:00,16,37147
06/30/16,01:39:00,16,16016
06/30/16,01:40:00,16,50156
06/30/16,01:41:00,16,48762
06/30/16,01:42:00,16,24047
06/30/16,01:43:00,16,96976
06/30/16,01:44:00,17,9431
06/30/16,01:45:00,16,96405
06/30/16,01:46:00,16,97063
06/30/16,01:47:00,16,87442
06/30/16,01:48:00,17,01885
06/30/16,01:49:00,17,69829
06/30/16,01:50:00,17,48026
06/30/16,01:51:00,17,45896
06/30/16,01:52:00,16,65118
06/30/16,01:53:00,17,31559
06/30/16,01:54:00,16,31805
06/30/16,01:55:00,16,51983
06/30/16,01:56:00,17,21235
06/30/16,01:57:00,16,89822
06/30/16,01:58:00,16,23283
06/30/16,01:59:00,16,05947
06/30/16,02:00:00,15,96878
06/30/16,02:01:00,16,62603
06/30/16,02:02:00,16,85607
06/30/16,02:03:00,16,90276
06/30/16,02:04:00,16,94939
06/30/16,02:05:00,16,51494
06/30/16,02:06:00,16,15134
06/30/16,02:07:00,17,17265
06/30/16,02:08:00,16,96766
06/30/16,02:09:00,16,51213
06/30/16,02:10:00,17,30987
06/30/16,02:11:00,17,0526
06/30/16,02:12:00,16,96788
06/30/16,02:13:00,16,66082
06/30/16,02:14:00,17,08153
06/30/16,02:15:00,16,40612
06/30/16,02:16:00,16,41013
06/30/16,02:17:00,16,76858
06/30/16,02:18:00,17,37881
06/30/16,02:19:00,17,51323
06/30/16,02:20:00,17,3537
06/30/16,02:21:00,16,76605
06/30/16,02:22:00,16,17841
06/30/16,02:23:00,16,20702
06/30/16,02:24:00,16,4798
06/30/16,02:25:00,16,36559
06/30/16,02:26:00,16,41276
06/30/16,02:27:00,17,22621
06/30/16,02:28:00,16,77309
06/30/16,02:29:00,16,27245
06/30/16,02:30:00,16,47955
06/30/16,02:31:00,17,06847
06/30/16,02:32:00,17,06042
06/30/16,02:33:00,16,17291
06/30/16,02:34:00,16,81492
06/30/16,02:35:00,16,51484
06/30/16,02:36:00,16,16437
06/30/16,02:37:00,16,18767
06/30/16,02:38:00,16,8049
06/30/16,02:39:00,16,48668
06/30/16,02:40:00,17,95596
06/30/16,02:41:00,18,55167
06/30/16,02:42:00,17,21897
06/30/16,02:43:00,16,80379
06/30/16,02:44:00,17,18585
06/30/16,02:45:00,17,51267
06/30/16,02:46:00,18,46504
06/30/16,02:47:00,18,03571
06/30/16,02:48:00,17,86248
06/30/16,02:49:00,18,26494
06/30/16,02:50:00,18,36734
06/30/16,02:51:00,18,75757
06/30/16,02:52:00,18,53858
06/30/16,02:53:00,18,295
06/30/16,02:54:00,17,93908
06/30/16,02:55:00,18,09017
06/30/16,02:56:00,19,27033
06/30/16,02:57:00,19,04978
06/30/16,02:58:00,18,61783
06/30/16,02:59:00,18,30798
06/30/16,03:00:00,17,92921
06/30/16,03:01:00,17,97962
06/30/16,03:02:00,18,84574
06/30/16,03:03:00,18,69827
06/30/16,03:04:00,19,6911
06/30/16,03:05:00,21,42601
06/30/16,03:06:00,21,38699
06/30/16,03:07:00,20,8428
06/30/16,03:08:00,19,49726
06/30/16,03:09:00,19,84649
06/30/16,03:10:00,19,49706
06/30/16,03:11:00,19,47044
06/30/16,03:12:00,18,85248
06/30/16,03:13:00,17,7059
06/30/16,03:14:00,18,26327
06/30/16,03:15:00,18,29381
06/30/16,03:16:00,18,2884
06/30/16,03:17:00,18,22761
06/30/16,03:18:00,18,61371
06/30/16,03:19:00,18,01825
06/30/16,03:20:00,17,40704
06/30/16,03:21:00,17,84002
06/30/16,03:22:00,18,12697
06/30/16,03:23:00,17,79137
06/30/16,03:24:00,19,14564
06/30/16,03:25:00,18,47803
06/30/16,03:26:00,18,92904
06/30/16,03:27:00,19,19533
06/30/16,03:28:00,19,44411
06/30/16,03:29:00,19,81511
06/30/16,03:30:00,18,58885
06/30/16,03:31:00,18,36221
06/30/16,03:32:00,18,68398
06/30/16,03:33:00,18,19835
06/30/16,03:34:00,17,99965
06/30/16,03:35:00,18,12334
06/30/16,03:36:00,18,11172
06/30/16,03:37:00,17,85588
06/30/16,03:38:00,18,06135
06/30/16,03:39:00,16,93121
06/30/16,03:40:00,18,79041
06/30/16,03:41:00,18,81709
06/30/16,03:42:00,19,29571
06/30/16,03:43:00,18,51358
06/30/16,03:44:00,18,52255
06/30/16,03:45:00,18,66791
06/30/16,03:46:00,18,58882
06/30/16,03:47:00,18,32076
06/30/16,03:48:00,18,43388
06/30/16,03:49:00,17,89715
06/30/16,03:50:00,17,79692
06/30/16,03:51:00,17,80983
06/30/16,03:52:00,17,88917
06/30/16,03:53:00,18,28685
06/30/16,03:54:00,17,81624
06/30/16,03:55:00,18,3556
06/30/16,03:56:00,17,62871
06/30/16,03:57:00,17,10862
06/30/16,03:58:00,17,64799
06/30/16,03:59:00,17,46793
06/30/16,04:00:00,17,70657
06/30/16,04:01:00,18,70433
06/30/16,04:02:00,18,19502
06/30/16,04:03:00,20,41164
06/30/16,04:04:00,19,40579
06/30/16,04:05:00,18,73221
06/30/16,04:06:00,18,79478
06/30/16,04:07:00,18,19304
06/30/16,04:08:00,17,28604
06/30/16,04:09:00,17,60177
06/30/16,04:10:00,18,09748
06/30/16,04:11:00,18,33173
06/30/16,04:12:00,17,90885
06/30/16,04:13:00,17,20618
06/30/16,04:14:00,17,86527
06/30/16,04:15:00,18,65174
06/30/16,04:16:00,17,95992
06/30/16,04:17:00,17,42344
06/30/16,04:18:00,17,64868
06/30/16,04:19:00,19,3416
06/30/16,04:20:00,18,49442
06/30/16,04:21:00,19,10774
06/30/16,04:22:00,19,48316
06/30/16,04:23:00,18,10844
06/30/16,04:24:00,17,8409
06/30/16,04:25:00,17,5236
06/30/16,04:26:00,17,42846
06/30/16,04:27:00,17,60866
06/30/16,04:28:00,18,47771
06/30/16,04:29:00,19,00732
06/30/16,04:30:00,19,24178
06/30/16,04:31:00,18,02792
06/30/16,04:32:00,18,3623
06/30/16,04:33:00,18,41306
06/30/16,04:34:00,18,64194
06/30/16,04:35:00,17,90883
06/30/16,04:36:00,18,05002
06/30/16,04:37:00,18,23268
06/30/16,04:38:00,18,41494
06/30/16,04:39:00,18,23063
06/30/16,04:40:00,18,31234
06/30/16,04:41:00,18,3036
06/30/16,04:42:00,17,858
06/30/16,04:43:00,18,24981
06/30/16,04:44:00,18,16291
06/30/16,04:45:00,18,12166
06/30/16,04:46:00,18,52183
06/30/16,04:47:00,18,15026
06/30/16,04:48:00,17,59134
06/30/16,04:49:00,18,19535
06/30/16,04:50:00,18,28238
06/30/16,04:51:00,18,65887
06/30/16,04:52:00,18,67923
06/30/16,04:53:00,19,38102
06/30/16,04:54:00,18,75364
06/30/16,04:55:00,18,46637
06/30/16,04:56:00,18,06373
06/30/16,04:57:00,17,6417
06/30/16,04:58:00,17,88774
06/30/16,04:59:00,18,53874
06/30/16,05:00:00,17,92829
06/30/16,05:01:00,18,1899
06/30/16,05:02:00,19,1428
06/30/16,05:03:00,18,88005
06/30/16,05:04:00,18,95985
06/30/16,05:05:00,18,28931
06/30/16,05:06:00,17,94357
06/30/16,05:07:00,18,17836
06/30/16,05:08:00,18,17546
06/30/16,05:09:00,18,85832
06/30/16,05:10:00,19,92655
06/30/16,05:11:00,18,94992
06/30/16,05:12:00,18,36148
06/30/16,05:13:00,18,43265
06/30/16,05:14:00,17,85436
06/30/16,05:15:00,18,08928
06/30/16,05:16:00,17,62776
06/30/16,05:17:00,18,30467
06/30/16,05:18:00,17,78349
06/30/16,05:19:00,17,7302
06/30/16,05:20:00,18,80754
06/30/16,05:21:00,17,90928
06/30/16,05:22:00,18,83954
06/30/16,05:23:00,17,76407
06/30/16,05:24:00,18,14271
06/30/16,05:25:00,18,38294
06/30/16,05:26:00,16,80733
06/30/16,05:27:00,2,622391
06/30/16,05:28:00,0
06/30/16,05:29:00,0
06/30/16,05:30:00,0
06/30/16,05:31:00,0
06/30/16,05:32:00,0
06/30/16,05:33:00,0
06/30/16,05:34:00,0
06/30/16,05:35:00,0
06/30/16,05:36:00,0
06/30/16,05:37:00,0
06/30/16,05:38:00,0
06/30/16,05:39:00,0
06/30/16,05:40:00,0
06/30/16,05:41:00,0
06/30/16,05:42:00,0
06/30/16,05:43:00,0
06/30/16,05:44:00,0
06/30/16,05:45:00,0
06/30/16,05:46:00,0
06/30/16,05:47:00,0
06/30/16,05:48:00,0
06/30/16,05:49:00,0
06/30/16,05:50:00,0
06/30/16,05:51:00,0
06/30/16,05:52:00,0
06/30/16,05:53:00,0
06/30/16,05:54:00,0
06/30/16,05:55:00,0
06/30/16,05:56:00,0
06/30/16,05:57:00,0
06/30/16,05:58:00,0
06/30/16,05:59:00,0
06/30/16,06:00:00,0
06/30/16,06:01:00,0
06/30/16,06:02:00,0
06/30/16,06:03:00,0
06/30/16,06:04:00,0
06/30/16,06:05:00,0
06/30/16,06:06:00,0
06/30/16,06:07:00,0
06/30/16,06:08:00,0
06/30/16,06:09:00,0
06/30/16,06:10:00,0
06/30/16,06:11:00,0
06/30/16,06:12:00,0
06/30/16,06:13:00,0
06/30/16,06:14:00,0
06/30/16,06:15:00,0
06/30/16,06:16:00,0
06/30/16,06:17:00,0
06/30/16,06:18:00,0
06/30/16,06:19:00,0
06/30/16,06:20:00,0
06/30/16,06:21:00,0
06/30/16,06:22:00,0
06/30/16,06:23:00,0
06/30/16,06:24:00,0
06/30/16,06:25:00,0
06/30/16,06:26:00,0
06/30/16,06:27:00,0
06/30/16,06:28:00,0
06/30/16,06:29:00,0
06/30/16,06:30:00,0
06/30/16,06:31:00,0
06/30/16,06:32:00,0
06/30/16,06:33:00,0
06/30/16,06:34:00,0
06/30/16,06:35:00,0
06/30/16,06:36:00,0
06/30/16,06:37:00,0
06/30/16,06:38:00,0
06/30/16,06:39:00,0
06/30/16,06:40:00,0
06/30/16,06:41:00,0
06/30/16,06:42:00,0
06/30/16,06:43:00,0
06/30/16,06:44:00,0
06/30/16,06:45:00,0
06/30/16,06:46:00,0
06/30/16,06:47:00,0
06/30/16,06:48:00,11,52542
06/30/16,06:49:00,16,05643
06/30/16,06:50:00,17,12209
06/30/16,06:51:00,18,78548
06/30/16,06:52:00,19,65346
06/30/16,06:53:00,18,93041
06/30/16,06:54:00,19,26396
06/30/16,06:55:00,18,54273
06/30/16,06:56:00,18,3613
06/30/16,06:57:00,19,02202
06/30/16,06:58:00,18,5387
06/30/16,06:59:00,18,52411
06/30/16,07:00:00,19,43134
06/30/16,07:01:00,19,76389
06/30/16,07:02:00,18,86674
06/30/16,07:03:00,18,91283
06/30/16,07:04:00,18,35319
06/30/16,07:05:00,18,98065
06/30/16,07:06:00,19,17661
06/30/16,07:07:00,19,33117
06/30/16,07:08:00,18,704
06/30/16,07:09:00,17,92513
06/30/16,07:10:00,17,85746
06/30/16,07:11:00,18,61067
06/30/16,07:12:00,18,47908
06/30/16,07:13:00,18,12793
06/30/16,07:14:00,18,27731
06/30/16,07:15:00,12,88295
06/30/16,07:16:00,0
06/30/16,07:17:00,0
06/30/16,07:18:00,0
06/30/16,07:19:00,0
06/30/16,07:20:00,0
06/30/16,07:21:00,0
06/30/16,07:22:00,0
06/30/16,07:23:00,0
06/30/16,07:24:00,0
06/30/16,07:25:00,0
06/30/16,07:26:00,0
06/30/16,07:27:00,0
06/30/16,07:28:00,0
06/30/16,07:29:00,0
06/30/16,07:30:00,0
06/30/16,07:31:00,0
06/30/16,07:32:00,0
06/30/16,07:33:00,0
06/30/16,07:34:00,0
06/30/16,07:35:00,0
06/30/16,07:36:00,0
06/30/16,07:37:00,0
06/30/16,07:38:00,0
06/30/16,07:39:00,0
06/30/16,07:40:00,0
06/30/16,07:41:00,9,95991
06/30/16,07:42:00,16,65214
06/30/16,07:43:00,17,51907
06/30/16,07:44:00,18,69506
06/30/16,07:45:00,18,12491
06/30/16,07:46:00,17,95479
06/30/16,07:47:00,18,92845
06/30/16,07:48:00,19,23415
06/30/16,07:49:00,18,18074
06/30/16,07:50:00,18,74621
06/30/16,07:51:00,19,02875
06/30/16,07:52:00,19,16732
06/30/16,07:53:00,18,95504
06/30/16,07:54:00,19,5692
06/30/16,07:55:00,19,30582
06/30/16,07:56:00,18,39225
06/30/16,07:57:00,17,68142
06/30/16,07:58:00,18,32885
06/30/16,07:59:00,17,70666
06/30/16,08:00:00,16,3817
06/30/16,08:01:00,17,12134
06/30/16,08:02:00,17,26329
06/30/16,08:03:00,17,52089
06/30/16,08:04:00,17,84514
06/30/16,08:05:00,17,77239
06/30/16,08:06:00,17,74522
06/30/16,08:07:00,17,50475
06/30/16,08:08:00,17,70855
06/30/16,08:09:00,18,38733
06/30/16,08:10:00,18,03278
06/30/16,08:11:00,18,07072
06/30/16,08:12:00,17,5144
06/30/16,08:13:00,18,0783
06/30/16,08:14:00,18,45635
06/30/16,08:15:00,18,01584
06/30/16,08:16:00,18,07225
06/30/16,08:17:00,17,463
06/30/16,08:18:00,17,30375
06/30/16,08:19:00,17,79318
06/30/16,08:20:00,17,31504
06/30/16,08:21:00,16,54637
06/30/16,08:22:00,17,00759
06/30/16,08:23:00,19,17366
06/30/16,08:24:00,18,8055
06/30/16,08:25:00,18,13892
06/30/16,08:26:00,17,49097
06/30/16,08:27:00,18,15747
06/30/16,08:28:00,18,29911
06/30/16,08:29:00,18,03988
06/30/16,08:30:00,17,81905
06/30/16,08:31:00,17,47276
06/30/16,08:32:00,17,60807
06/30/16,08:33:00,18,11168
06/30/16,08:34:00,17,97484
06/30/16,08:35:00,17,90575
06/30/16,08:36:00,18,04952
06/30/16,08:37:00,18,93154
06/30/16,08:38:00,18,41724
06/30/16,08:39:00,16,17751
06/30/16,08:40:00,16,84243
06/30/16,08:41:00,17,96816
06/30/16,08:42:00,18,0787
06/30/16,08:43:00,17,28409
06/30/16,08:44:00,18,66591
06/30/16,08:45:00,19,45925
06/30/16,08:46:00,18,59713
06/30/16,08:47:00,18,7977
06/30/16,08:48:00,18,16263
06/30/16,08:49:00,18,41486
06/30/16,08:50:00,18,20171
06/30/16,08:51:00,17,58709
06/30/16,08:52:00,17,39951
06/30/16,08:53:00,17,72603
06/30/16,08:54:00,17,55995
06/30/16,08:55:00,17,36659
06/30/16,08:56:00,17,87549
06/30/16,08:57:00,18,42622
06/30/16,08:58:00,18,44748
06/30/16,08:59:00,18,29377
06/30/16,09:00:00,17,85211
06/30/16,09:01:00,18,1827
06/30/16,09:02:00,18,23286
06/30/16,09:03:00,18,05566
06/30/16,09:04:00,17,92494
06/30/16,09:05:00,17,8556
06/30/16,09:06:00,18,13478
06/30/16,09:07:00,18,66886
06/30/16,09:08:00,18,82004
06/30/16,09:09:00,18,52407
06/30/16,09:10:00,17,70615
06/30/16,09:11:00,16,65166
06/30/16,09:12:00,17,56089
06/30/16,09:13:00,18,91652
06/30/16,09:14:00,18,31724
06/30/16,09:15:00,17,84164
06/30/16,09:16:00,18,71153
06/30/16,09:17:00,19,17403
06/30/16,09:18:00,20,34467
06/30/16,09:19:00,18,59341
06/30/16,09:20:00,18,5626
06/30/16,09:21:00,18,89685
06/30/16,09:22:00,19,06512
06/30/16,09:23:00,18,78667
06/30/16,09:24:00,17,52629
06/30/16,09:25:00,18,71918
06/30/16,09:26:00,17,25945
06/30/16,09:27:00,16,55112
06/30/16,09:28:00,16,80242
06/30/16,09:29:00,16,53386
06/30/16,09:30:00,15,62339
06/30/16,09:31:00,16,83436
06/30/16,09:32:00,16,97545
06/30/16,09:33:00,16,57149
06/30/16,09:34:00,17,08168
06/30/16,09:35:00,16,81357
06/30/16,09:36:00,15,74541
06/30/16,09:37:00,16,03212
06/30/16,09:38:00,15,73578
06/30/16,09:39:00,16,11908
06/30/16,09:40:00,16,36813
06/30/16,09:41:00,16,00227
06/30/16,09:42:00,16,28328
06/30/16,09:43:00,17,08736
06/30/16,09:44:00,16,25057
06/30/16,09:45:00,17,37265
06/30/16,09:46:00,17,42094
06/30/16,09:47:00,17,32453
06/30/16,09:48:00,18,0058
06/30/16,09:49:00,17,8665
06/30/16,09:50:00,16,72144
06/30/16,09:51:00,17,25263
06/30/16,09:52:00,17,05844
06/30/16,09:53:00,15,6647
06/30/16,09:54:00,16,44018
06/30/16,09:55:00,16,61116
06/30/16,09:56:00,16,16537
06/30/16,09:57:00,17,22015
06/30/16,09:58:00,16,77868
06/30/16,09:59:00,16,92215
06/30/16,10:00:00,15,51028
06/30/16,10:01:00,16,22941
06/30/16,10:02:00,16,99808
06/30/16,10:03:00,14,26339
06/30/16,10:04:00,0,09235779
06/30/16,10:05:00,0
06/30/16,10:06:00,0
06/30/16,10:07:00,5,646999
06/30/16,10:08:00,14,08455
06/30/16,10:09:00,15,75006
06/30/16,10:10:00,15,96481
06/30/16,10:11:00,16,30711
06/30/16,10:12:00,16,18518
06/30/16,10:13:00,16,74445
06/30/16,10:14:00,17,24089
06/30/16,10:15:00,16,41824
06/30/16,10:16:00,16,7274
06/30/16,10:17:00,16,53213
06/30/16,10:18:00,16,55239
06/30/16,10:19:00,15,71167
06/30/16,10:20:00,16,98837
06/30/16,10:21:00,16,14293
06/30/16,10:22:00,16,45602
06/30/16,10:23:00,17,28096
06/30/16,10:24:00,15,65021
06/30/16,10:25:00,14,57808
06/30/16,10:26:00,16,47778
06/30/16,10:27:00,16,52468
06/30/16,10:28:00,16,75362
06/30/16,10:29:00,16,85969
06/30/16,10:30:00,16,34653
06/30/16,10:31:00,15,88487
06/30/16,10:32:00,16,15992
06/30/16,10:33:00,16,39914
06/30/16,10:34:00,15,37132
06/30/16,10:35:00,16,38811
06/30/16,10:36:00,17,30727
06/30/16,10:37:00,17,19541
06/30/16,10:38:00,18,21779
06/30/16,10:39:00,18,37351
06/30/16,10:40:00,17,35237
06/30/16,10:41:00,16,79579
06/30/16,10:42:00,16,83241
06/30/16,10:43:00,16,82443
06/30/16,10:44:00,17,54139
06/30/16,10:45:00,17,13232
06/30/16,10:46:00,16,92403
06/30/16,10:47:00,16,85095
06/30/16,10:48:00,17,08757
06/30/16,10:49:00,17,10346
06/30/16,10:50:00,16,89241
06/30/16,10:51:00,17,4104
06/30/16,10:52:00,16,82418
06/30/16,10:53:00,16,88716
06/30/16,10:54:00,16,56329
06/30/16,10:55:00,16,63974
06/30/16,10:56:00,16,32907
06/30/16,10:57:00,16,51279
06/30/16,10:58:00,17,03667
06/30/16,10:59:00,17,2507
06/30/16,11:00:00,16,90274
06/30/16,11:01:00,16,51461
06/30/16,11:02:00,15,75165
06/30/16,11:03:00,15,92578
06/30/16,11:04:00,16,43152
06/30/16,11:05:00,16,80433
06/30/16,11:06:00,16,76439
06/30/16,11:07:00,15,98575
06/30/16,11:08:00,16,09613
06/30/16,11:09:00,15,946
06/30/16,11:10:00,15,83791
06/30/16,11:11:00,16,50359
06/30/16,11:12:00,16,59688
06/30/16,11:13:00,16,10197
06/30/16,11:14:00,16,4317
06/30/16,11:15:00,16,52101
06/30/16,11:16:00,16,66064
06/30/16,11:17:00,16,34182
06/30/16,11:18:00,15,42997
06/30/16,11:19:00,15,10624
06/30/16,11:20:00,15,92888
06/30/16,11:21:00,16,15476
06/30/16,11:22:00,16,23996
06/30/16,11:23:00,17,08579
06/30/16,11:24:00,17,45018
06/30/16,11:25:00,16,76003
06/30/16,11:26:00,16,7011
06/30/16,11:27:00,16,38977
06/30/16,11:28:00,15,08751
06/30/16,11:29:00,15,52995
06/30/16,11:30:00,15,58716
06/30/16,11:31:00,15,53753
06/30/16,11:32:00,15,73953
06/30/16,11:33:00,15,29906
06/30/16,11:34:00,15,24968
06/30/16,11:35:00,15,58774
06/30/16,11:36:00,16,6459
06/30/16,11:37:00,16,41764
06/30/16,11:38:00,15,66899
06/30/16,11:39:00,16,01654
06/30/16,11:40:00,16,08539
06/30/16,11:41:00,15,52941
06/30/16,11:42:00,15,255
06/30/16,11:43:00,15,17376
06/30/16,11:44:00,14,58406
06/30/16,11:45:00,10,24721
06/30/16,11:46:00,0
06/30/16,11:47:00,0
06/30/16,11:48:00,0
06/30/16,11:49:00,0
06/30/16,11:50:00,0
06/30/16,11:51:00,0
06/30/16,11:52:00,0
06/30/16,11:53:00,0
06/30/16,11:54:00,8,743218
06/30/16,11:55:00,14,75558
06/30/16,11:56:00,17,19426
06/30/16,11:57:00,16,26793
06/30/16,11:58:00,15,7902
06/30/16,11:59:00,16,51687
06/30/16,12:00:00,15,68232
06/30/16,12:01:00,16,27953
06/30/16,12:02:00,15,72489
06/30/16,12:03:00,15,44794
06/30/16,12:04:00,15,93646
06/30/16,12:05:00,15,43941
06/30/16,12:06:00,16,06491
06/30/16,12:07:00,15,77597
06/30/16,12:08:00,15,77319
06/30/16,12:09:00,15,5011
06/30/16,12:10:00,15,66188
06/30/16,12:11:00,16,08274
06/30/16,12:12:00,16,6965
06/30/16,12:13:00,15,82946
06/30/16,12:14:00,16,05202
06/30/16,12:15:00,16,29605
06/30/16,12:16:00,15,92746
06/30/16,12:17:00,15,8592
06/30/16,12:18:00,16,22236
06/30/16,12:19:00,16,16569
06/30/16,12:20:00,16,22871
06/30/16,12:21:00,16,29003
06/30/16,12:22:00,16,04578
06/30/16,12:23:00,16,32842
06/30/16,12:24:00,17,09997
06/30/16,12:25:00,16,68705
06/30/16,12:26:00,16,06289
06/30/16,12:27:00,17,02551
06/30/16,12:28:00,17,0698
06/30/16,12:29:00,16,87952
06/30/16,12:30:00,16,25437
06/30/16,12:31:00,16,20459
06/30/16,12:32:00,16,5351
06/30/16,12:33:00,16,8821
06/30/16,12:34:00,17,0496
06/30/16,12:35:00,17,01004
06/30/16,12:36:00,16,60446
06/30/16,12:37:00,15,92935
06/30/16,12:38:00,16,82097
06/30/16,12:39:00,16,96372
06/30/16,12:40:00,16,12009
06/30/16,12:41:00,16,43599
06/30/16,12:42:00,16,52832
06/30/16,12:43:00,15,77339
06/30/16,12:44:00,16,69564
06/30/16,12:45:00,15,61406
06/30/16,12:46:00,15,73459
06/30/16,12:47:00,14,96025
06/30/16,12:48:00,15,41834
06/30/16,12:49:00,15,17358
06/30/16,12:50:00,16,16259
06/30/16,12:51:00,16,85354
06/30/16,12:52:00,16,18875
06/30/16,12:53:00,15,62759
06/30/16,12:54:00,15,85715
06/30/16,12:55:00,15,84866
06/30/16,12:56:00,15,63693
06/30/16,12:57:00,16,3959
06/30/16,12:58:00,15,85201
06/30/16,12:59:00,15,42776
06/30/16,13:00:00,15,44747
06/30/16,13:01:00,2,365476
06/30/16,13:02:00,0
06/30/16,13:03:00,0
06/30/16,13:04:00,11,23233
06/30/16,13:05:00,15,28561
06/30/16,13:06:00,16,38031
06/30/16,13:07:00,16,34175
06/30/16,13:08:00,16,13268
06/30/16,13:09:00,16,09686
06/30/16,13:10:00,16,22839
06/30/16,13:11:00,16,07435
06/30/16,13:12:00,15,91032
06/30/16,13:13:00,16,69712
06/30/16,13:14:00,16,57244
06/30/16,13:15:00,17,16141
06/30/16,13:16:00,17,14253
06/30/16,13:17:00,17,04527
06/30/16,13:18:00,16,72361
06/30/16,13:19:00,16,2297
06/30/16,13:20:00,16,77081
06/30/16,13:21:00,15,46029
06/30/16,13:22:00,16,50832
06/30/16,13:23:00,16,2378
06/30/16,13:24:00,15,49041
06/30/16,13:25:00,15,65043
06/30/16,13:26:00,15,74822
06/30/16,13:27:00,15,3456
06/30/16,13:28:00,15,13589
06/30/16,13:29:00,15,74338
06/30/16,13:30:00,10,83957
06/30/16,13:31:00,0
06/30/16,13:32:00,0
06/30/16,13:33:00,0
06/30/16,13:34:00,0
06/30/16,13:35:00,0
06/30/16,13:36:00,0
06/30/16,13:37:00,0
06/30/16,13:38:00,0
06/30/16,13:39:00,0
06/30/16,13:40:00,0
06/30/16,13:41:00,0
06/30/16,13:42:00,0
06/30/16,13:43:00,0
06/30/16,13:44:00,0
06/30/16,13:45:00,0
06/30/16,13:46:00,0
06/30/16,13:47:00,0
06/30/16,13:48:00,0
06/30/16,13:49:00,0
06/30/16,13:50:00,0
06/30/16,13:51:00,0
06/30/16,13:52:00,0
06/30/16,13:53:00,0
06/30/16,13:54:00,0
06/30/16,13:55:00,0
06/30/16,13:56:00,0
06/30/16,13:57:00,0
06/30/16,13:58:00,0
06/30/16,13:59:00,0
06/30/16,14:00:00,0
06/30/16,14:01:00,0
06/30/16,14:02:00,0
06/30/16,14:03:00,0
06/30/16,14:04:00,0
06/30/16,14:05:00,0
06/30/16,14:06:00,0
06/30/16,14:07:00,0
06/30/16,14:08:00,0
06/30/16,14:09:00,0
06/30/16,14:10:00,0
06/30/16,14:11:00,0
06/30/16,14:12:00,0
06/30/16,14:13:00,0
06/30/16,14:14:00,0
06/30/16,14:15:00,0
06/30/16,14:16:00,0
06/30/16,14:17:00,0
06/30/16,14:18:00,0
06/30/16,14:19:00,0
06/30/16,14:20:00,0
06/30/16,14:21:00,0
06/30/16,14:22:00,0
06/30/16,14:23:00,0
06/30/16,14:24:00,0
06/30/16,14:25:00,0
06/30/16,14:26:00,0
06/30/16,14:27:00,0
06/30/16,14:28:00,0
06/30/16,14:29:00,0
06/30/16,14:30:00,0
06/30/16,14:31:00,2,595751
06/30/16,14:32:00,14,22597
06/30/16,14:33:00,16,91936
06/30/16,14:34:00,17,61485
06/30/16,14:35:00,17,70409
06/30/16,14:36:00,16,79604
06/30/16,14:37:00,16,79993
06/30/16,14:38:00,18,11471
06/30/16,14:39:00,17,72776
06/30/16,14:40:00,17,18184
06/30/16,14:41:00,17,26686
06/30/16,14:42:00,16,89565
06/30/16,14:43:00,15,81902
06/30/16,14:44:00,16,31366
06/30/16,14:45:00,16,19948
06/30/16,14:46:00,15,87937
06/30/16,14:47:00,16,72704
06/30/16,14:48:00,17,95261
06/30/16,14:49:00,16,78203
06/30/16,14:50:00,16,18935
06/30/16,14:51:00,15,76811
06/30/16,14:52:00,14,49554
06/30/16,14:53:00,14,98629
06/30/16,14:54:00,15,85815
06/30/16,14:55:00,15,11909
06/30/16,14:56:00,15,95592
06/30/16,14:57:00,16,12317
06/30/16,14:58:00,15,56785
06/30/16,14:59:00,15,07279
06/30/16,15:00:00,16,2726
06/30/16,15:01:00,16,27405
06/30/16,15:02:00,15,56195
06/30/16,15:03:00,15,79278
06/30/16,15:04:00,15,50865
06/30/16,15:05:00,14,6745
06/30/16,15:06:00,15,35043
06/30/16,15:07:00,15,16773
06/30/16,15:08:00,14,11681
06/30/16,15:09:00,14,70365
06/30/16,15:10:00,16,51977
06/30/16,15:11:00,16,40893
06/30/16,15:12:00,16,26444
06/30/16,15:13:00,15,81521
06/30/16,15:14:00,15,95206
06/30/16,15:15:00,16,45727
06/30/16,15:16:00,17,15386
06/30/16,15:17:00,17,14491
06/30/16,15:18:00,17,5985
06/30/16,15:19:00,17,31216
06/30/16,15:20:00,17,70742
06/30/16,15:21:00,17,17166
06/30/16,15:22:00,18,297
06/30/16,15:23:00,18,38839
06/30/16,15:24:00,18,01785
06/30/16,15:25:00,17,04088
06/30/16,15:26:00,16,33068
06/30/16,15:27:00,17,78581
06/30/16,15:28:00,18,60208
06/30/16,15:29:00,17,77292
06/30/16,15:30:00,17,35858
06/30/16,15:31:00,17,20081
06/30/16,15:32:00,17,6994
06/30/16,15:33:00,17,35715
06/30/16,15:34:00,17,73732
06/30/16,15:35:00,17,47801
06/30/16,15:36:00,17,92166
06/30/16,15:37:00,17,35979
06/30/16,15:38:00,18,41181
06/30/16,15:39:00,18,23007
06/30/16,15:40:00,17,50018
06/30/16,15:41:00,17,80706
06/30/16,15:42:00,18,34075
06/30/16,15:43:00,17,7844
06/30/16,15:44:00,17,60283
06/30/16,15:45:00,18,16951
06/30/16,15:46:00,18,23896
06/30/16,15:47:00,14,10063
06/30/16,15:48:00,0,1421653
06/30/16,15:49:00,0
06/30/16,15:50:00,0
06/30/16,15:51:00,0
06/30/16,15:52:00,0
06/30/16,15:53:00,0
06/30/16,15:54:00,0
06/30/16,15:55:00,0
06/30/16,15:56:00,0
06/30/16,15:57:00,0
06/30/16,15:58:00,8,851847
06/30/16,15:59:00,13,7995
06/30/16,16:00:00,16,3732
06/30/16,16:01:00,17,04386
06/30/16,16:02:00,16,17859
06/30/16,16:03:00,16,13444
06/30/16,16:04:00,16,32612
06/30/16,16:05:00,15,75559
06/30/16,16:06:00,15,12955
06/30/16,16:07:00,14,99187
06/30/16,16:08:00,15,70677
06/30/16,16:09:00,17,07011
06/30/16,16:10:00,16,6853
06/30/16,16:11:00,16,35966
06/30/16,16:12:00,16,26347
06/30/16,16:13:00,16,63638
06/30/16,16:14:00,16,04805
06/30/16,16:15:00,16,14019
06/30/16,16:16:00,16,76427
06/30/16,16:17:00,16,15163
06/30/16,16:18:00,15,374
06/30/16,16:19:00,16,13843
06/30/16,16:20:00,16,68139
06/30/16,16:21:00,15,89771
06/30/16,16:22:00,15,75746
06/30/16,16:23:00,14,74178
06/30/16,16:24:00,14,81631
06/30/16,16:25:00,15,79465
06/30/16,16:26:00,16,22859
06/30/16,16:27:00,15,67934
06/30/16,16:28:00,16,84087
06/30/16,16:29:00,16,32568
06/30/16,16:30:00,15,29088
06/30/16,16:31:00,16,19653
06/30/16,16:32:00,15,87276
06/30/16,16:33:00,15,11631
06/30/16,16:34:00,15,79357
06/30/16,16:35:00,17,84306
06/30/16,16:36:00,17,36054
06/30/16,16:37:00,17,64264
06/30/16,16:38:00,17,8895
06/30/16,16:39:00,18,57845
06/30/16,16:40:00,19,37158
06/30/16,16:41:00,18,28676
06/30/16,16:42:00,17,71083
06/30/16,16:43:00,17,61517
06/30/16,16:44:00,17,84521
06/30/16,16:45:00,17,88616
06/30/16,16:46:00,17,60175
06/30/16,16:47:00,17,16088
06/30/16,16:48:00,18,07715
06/30/16,16:49:00,18,58361
06/30/16,16:50:00,18,27637
06/30/16,16:51:00,18,40091
06/30/16,16:52:00,18,27695
06/30/16,16:53:00,18,15771
06/30/16,16:54:00,18,57377
06/30/16,16:55:00,18,41251
06/30/16,16:56:00,17,00381
06/30/16,16:57:00,17,48215
06/30/16,16:58:00,17,53731
06/30/16,16:59:00,17,04078
06/30/16,17:00:00,17,78009
06/30/16,17:01:00,17,80493
06/30/16,17:02:00,17,47416
06/30/16,17:03:00,18,42127
06/30/16,17:04:00,18,65405
06/30/16,17:05:00,18,36518
06/30/16,17:06:00,17,47975
06/30/16,17:07:00,17,54143
06/30/16,17:08:00,16,51726
06/30/16,17:09:00,16,9723
06/30/16,17:10:00,17,91214
06/30/16,17:11:00,16,9665
06/30/16,17:12:00,16,79733
06/30/16,17:13:00,17,51319
06/30/16,17:14:00,17,54897
06/30/16,17:15:00,17,02767
06/30/16,17:16:00,16,70065
06/30/16,17:17:00,16,43398
06/30/16,17:18:00,16,53467
06/30/16,17:19:00,17,20358
06/30/16,17:20:00,17,51935
06/30/16,17:21:00,17,22909
06/30/16,17:22:00,17,26697
06/30/16,17:23:00,17,48852
06/30/16,17:24:00,15,73019
06/30/16,17:25:00,13,73387
06/30/16,17:26:00,6,099642
06/30/16,17:27:00,0,2144774
06/30/16,17:28:00,4,063339
06/30/16,17:29:00,8,395975
06/30/16,17:30:00,10,39176
06/30/16,17:31:00,12,40749
06/30/16,17:32:00,14,42596
06/30/16,17:33:00,14,7596
06/30/16,17:34:00,15,49194
06/30/16,17:35:00,16,45507
06/30/16,17:36:00,15,76743
06/30/16,17:37:00,16,07455
06/30/16,17:38:00,17,04259
06/30/16,17:39:00,15,82065
06/30/16,17:40:00,15,86418
06/30/16,17:41:00,17,35474
06/30/16,17:42:00,17,21961
06/30/16,17:43:00,17,20443
06/30/16,17:44:00,17,35998
06/30/16,17:45:00,17,18663
06/30/16,17:46:00,16,87932
06/30/16,17:47:00,16,60318
06/30/16,17:48:00,17,04317
06/30/16,17:49:00,17,47351
06/30/16,17:50:00,17,66897
06/30/16,17:51:00,17,61241
06/30/16,17:52:00,16,44281
06/30/16,17:53:00,16,78403
06/30/16,17:54:00,16,63127
06/30/16,17:55:00,17,18649
06/30/16,17:56:00,17,56462
06/30/16,17:57:00,17,02279
06/30/16,17:58:00,17,03299
06/30/16,17:59:00,17,22993
06/30/16,18:00:00,16,38677
06/30/16,18:01:00,16,48969
06/30/16,18:02:00,16,71636
06/30/16,18:03:00,17,3125
06/30/16,18:04:00,18,12091
06/30/16,18:05:00,18,4787
06/30/16,18:06:00,18,40297
06/30/16,18:07:00,18,98557
06/30/16,18:08:00,18,87015
06/30/16,18:09:00,19,21942
06/30/16,18:10:00,18,63022
06/30/16,18:11:00,19,9843
06/30/16,18:12:00,19,97493
06/30/16,18:13:00,18,73546
06/30/16,18:14:00,19,45359
06/30/16,18:15:00,19,57783
06/30/16,18:16:00,18,91275
06/30/16,18:17:00,18,02102
06/30/16,18:18:00,18,41724
06/30/16,18:19:00,18,53067
06/30/16,18:20:00,18,9932
06/30/16,18:21:00,18,85736
06/30/16,18:22:00,18,36784
06/30/16,18:23:00,18,87593
06/30/16,18:24:00,17,81618
06/30/16,18:25:00,18,36952
06/30/16,18:26:00,18,45354
06/30/16,18:27:00,18,33639
06/30/16,18:28:00,17,98216
06/30/16,18:29:00,18,09846
06/30/16,18:30:00,19,22932
06/30/16,18:31:00,18,90832
06/30/16,18:32:00,18,68215
06/30/16,18:33:00,19,0379
06/30/16,18:34:00,18,18269
06/30/16,18:35:00,18,20742
06/30/16,18:36:00,18,14638
06/30/16,18:37:00,17,7405
06/30/16,18:38:00,18,12269
06/30/16,18:39:00,17,8345
06/30/16,18:40:00,17,87562
06/30/16,18:41:00,18,32943
06/30/16,18:42:00,18,09575
06/30/16,18:43:00,18,88327
06/30/16,18:44:00,19,38444
06/30/16,18:45:00,18,76124
06/30/16,18:46:00,18,65932
06/30/16,18:47:00,18,62336
06/30/16,18:48:00,18,42062
06/30/16,18:49:00,18,64093
06/30/16,18:50:00,18,18524
06/30/16,18:51:00,18,78471
06/30/16,18:52:00,19,13934
06/30/16,18:53:00,18,60097
06/30/16,18:54:00,19,52875
06/30/16,18:55:00,19,57444
06/30/16,18:56:00,20,02359
06/30/16,18:57:00,19,90597
06/30/16,18:58:00,18,83272
06/30/16,18:59:00,19,59463
06/30/16,19:00:00,20,19684
06/30/16,19:01:00,20,09022
06/30/16,19:02:00,19,5336
06/30/16,19:03:00,18,56403
06/30/16,19:04:00,18,31251
06/30/16,19:05:00,18,66339
06/30/16,19:06:00,19,0106
06/30/16,19:07:00,19,3859
06/30/16,19:08:00,19,04999
06/30/16,19:09:00,19,20206
06/30/16,19:10:00,18,94054
06/30/16,19:11:00,19,66966
06/30/16,19:12:00,19,35732
06/30/16,19:13:00,19,08376
06/30/16,19:14:00,19,35355
06/30/16,19:15:00,19,27719
06/30/16,19:16:00,19,37282
06/30/16,19:17:00,19,5053
06/30/16,19:18:00,20,03351
06/30/16,19:19:00,20,7612
06/30/16,19:20:00,21,83588
06/30/16,19:21:00,21,46784
06/30/16,19:22:00,19,95747
06/30/16,19:23:00,20,24849
06/30/16,19:24:00,19,92939
06/30/16,19:25:00,19,7281
06/30/16,19:26:00,20,30587
06/30/16,19:27:00,19,14132
06/30/16,19:28:00,20,28744
06/30/16,19:29:00,19,5938
06/30/16,19:30:00,20,29279
06/30/16,19:31:00,21,50387
06/30/16,19:32:00,21,19361
06/30/16,19:33:00,20,43804
06/30/16,19:34:00,19,96447
06/30/16,19:35:00,19,55837
06/30/16,19:36:00,19,40945
06/30/16,19:37:00,19,95133
06/30/16,19:38:00,20,46647
06/30/16,19:39:00,20,03066
06/30/16,19:40:00,20,21044
06/30/16,19:41:00,20,71544
06/30/16,19:42:00,20,56868
06/30/16,19:43:00,20,3729
06/30/16,19:44:00,20,02481
06/30/16,19:45:00,20,48233
06/30/16,19:46:00,20,82838
06/30/16,19:47:00,20,04959
06/30/16,19:48:00,20,68123
06/30/16,19:49:00,19,83893
06/30/16,19:50:00,20,92335
06/30/16,19:51:00,20,80775
06/30/16,19:52:00,20,55146
06/30/16,19:53:00,21,12247
06/30/16,19:54:00,22,36606
06/30/16,19:55:00,21,86378
06/30/16,19:56:00,21,61383
06/30/16,19:57:00,21,83886
06/30/16,19:58:00,22,28404
06/30/16,19:59:00,22,10289
06/30/16,20:00:00,21,67332
06/30/16,20:01:00,21,72358
06/30/16,20:02:00,20,98913
06/30/16,20:03:00,21,24252
06/30/16,20:04:00,20,87654
06/30/16,20:05:00,20,78374
06/30/16,20:06:00,22,11511
06/30/16,20:07:00,22,42483
06/30/16,20:08:00,21,47146
06/30/16,20:09:00,21,27572
06/30/16,20:10:00,21,41899
06/30/16,20:11:00,21,87095
06/30/16,20:12:00,21,48532
06/30/16,20:13:00,20,36721
06/30/16,20:14:00,20,83357
06/30/16,20:15:00,20,00783
06/30/16,20:16:00,20,8365
06/30/16,20:17:00,21,22856
06/30/16,20:18:00,21,38669
06/30/16,20:19:00,20,53513
06/30/16,20:20:00,20,79054
06/30/16,20:21:00,21,68354
06/30/16,20:22:00,21,28305
06/30/16,20:23:00,20,88359
06/30/16,20:24:00,21,21776
06/30/16,20:25:00,20,69892
06/30/16,20:26:00,21,09799
06/30/16,20:27:00,20,61978
06/30/16,20:28:00,21,01624
06/30/16,20:29:00,20,67915
06/30/16,20:30:00,20,0842
06/30/16,20:31:00,21,09149
06/30/16,20:32:00,20,34856
06/30/16,20:33:00,21,02043
06/30/16,20:34:00,21,44728
06/30/16,20:35:00,21,53495
06/30/16,20:36:00,21,27383
06/30/16,20:37:00,21,21162
06/30/16,20:38:00,20,89168
06/30/16,20:39:00,19,8184
06/30/16,20:40:00,19,91247
06/30/16,20:41:00,20,83318
06/30/16,20:42:00,21,07456
06/30/16,20:43:00,20,05617
06/30/16,20:44:00,19,99926
06/30/16,20:45:00,19,90199
06/30/16,20:46:00,20,74319
06/30/16,20:47:00,18,98619
06/30/16,20:48:00,19,1656
06/30/16,20:49:00,20,23476
06/30/16,20:50:00,20,07401
06/30/16,20:51:00,20,51932
06/30/16,20:52:00,19,83387
06/30/16,20:53:00,20,64728
06/30/16,20:54:00,21,25931
06/30/16,20:55:00,21,49516
06/30/16,20:56:00,20,69652
06/30/16,20:57:00,20,24461
06/30/16,20:58:00,20,99284
06/30/16,20:59:00,21,026
06/30/16,21:00:00,20,81538
06/30/16,21:01:00,21,35712
06/30/16,21:02:00,20,70828
06/30/16,21:03:00,20,60279
06/30/16,21:04:00,21,11762
06/30/16,21:05:00,22,17722
06/30/16,21:06:00,21,22866
06/30/16,21:07:00,21,51941
06/30/16,21:08:00,20,69212
06/30/16,21:09:00,20,81945
06/30/16,21:10:00,20,6335
06/30/16,21:11:00,19,48743
06/30/16,21:12:00,17,9824
06/30/16,21:13:00,17,19381
06/30/16,21:14:00,17,21304
06/30/16,21:15:00,16,54441
06/30/16,21:16:00,16,18465
06/30/16,21:17:00,17,25804
06/30/16,21:18:00,16,3417
06/30/16,21:19:00,17,16264
06/30/16,21:20:00,17,74567
06/30/16,21:21:00,17,53996
06/30/16,21:22:00,14,1102
06/30/16,21:23:00,0,04706807
06/30/16,21:24:00,0
06/30/16,21:25:00,0
06/30/16,21:26:00,0
06/30/16,21:27:00,0
06/30/16,21:28:00,0
06/30/16,21:29:00,0
06/30/16,21:30:00,0
06/30/16,21:31:00,0
06/30/16,21:32:00,0
06/30/16,21:33:00,0
06/30/16,21:34:00,0
06/30/16,21:35:00,0
06/30/16,21:36:00,0
06/30/16,21:37:00,0
06/30/16,21:38:00,0
06/30/16,21:39:00,0
06/30/16,21:40:00,0
06/30/16,21:41:00,0
06/30/16,21:42:00,0
06/30/16,21:43:00,0
06/30/16,21:44:00,0
06/30/16,21:45:00,0
06/30/16,21:46:00,0
06/30/16,21:47:00,0
06/30/16,21:48:00,0
06/30/16,21:49:00,0
06/30/16,21:50:00,0
06/30/16,21:51:00,0
06/30/16,21:52:00,0
06/30/16,21:53:00,0
06/30/16,21:54:00,0
06/30/16,21:55:00,0
06/30/16,21:56:00,0
06/30/16,21:57:00,0
06/30/16,21:58:00,0
06/30/16,21:59:00,0
06/30/16,22:00:00,0
06/30/16,22:01:00,0
06/30/16,22:02:00,0
06/30/16,22:03:00,0
06/30/16,22:04:00,0
06/30/16,22:05:00,0
06/30/16,22:06:00,0
06/30/16,22:07:00,0
06/30/16,22:08:00,0
06/30/16,22:09:00,0
06/30/16,22:10:00,1,557698
06/30/16,22:11:00,13,58076
06/30/16,22:12:00,17,55824
06/30/16,22:13:00,17,92953
06/30/16,22:14:00,17,06777
06/30/16,22:15:00,16,81956
06/30/16,22:16:00,16,77212
06/30/16,22:17:00,17,072
06/30/16,22:18:00,17,5362
06/30/16,22:19:00,17,08223
06/30/16,22:20:00,16,6768
06/30/16,22:21:00,16,47399
06/30/16,22:22:00,15,94891
06/30/16,22:23:00,17,05268
06/30/16,22:24:00,16,53476
06/30/16,22:25:00,16,61364
06/30/16,22:26:00,17,04255
06/30/16,22:27:00,16,31637
06/30/16,22:28:00,16,37646
06/30/16,22:29:00,16,48107
06/30/16,22:30:00,16,88123
06/30/16,22:31:00,16,56885
06/30/16,22:32:00,16,6912
06/30/16,22:33:00,16,57306
06/30/16,22:34:00,15,78925
06/30/16,22:35:00,16,17235
06/30/16,22:36:00,16,11008
06/30/16,22:37:00,15,72065
06/30/16,22:38:00,16,37389
06/30/16,22:39:00,16,59412
06/30/16,22:40:00,15,82824
06/30/16,22:41:00,15,98583
06/30/16,22:42:00,16,72533
06/30/16,22:43:00,16,10949
06/30/16,22:44:00,15,04604
06/30/16,22:45:00,15,70142
06/30/16,22:46:00,16,1505
06/30/16,22:47:00,15,63425
06/30/16,22:48:00,15,99632
06/30/16,22:49:00,16,78399
06/30/16,22:50:00,15,72725
06/30/16,22:51:00,15,97515
06/30/16,22:52:00,16,50924
06/30/16,22:53:00,16,12981
06/30/16,22:54:00,15,68667
06/30/16,22:55:00,15,99136
06/30/16,22:56:00,15,27444
06/30/16,22:57:00,15,12385
06/30/16,22:58:00,16,57112
06/30/16,22:59:00,16,76972
06/30/16,23:00:00,16,53749
06/30/16,23:01:00,16,42314
06/30/16,23:02:00,16,69935
06/30/16,23:03:00,15,85406
06/30/16,23:04:00,16,26028
06/30/16,23:05:00,15,2908
06/30/16,23:06:00,14,62708
06/30/16,23:07:00,15,75619
06/30/16,23:08:00,16,00358
06/30/16,23:09:00,15,72829
06/30/16,23:10:00,15,72042
06/30/16,23:11:00,15,666
06/30/16,23:12:00,16,16132
06/30/16,23:13:00,16,39162
06/30/16,23:14:00,15,96358
06/30/16,23:15:00,15,30648
06/30/16,23:16:00,15,59724
06/30/16,23:17:00,15,25192
06/30/16,23:18:00,14,64484
06/30/16,23:19:00,15,50619
06/30/16,23:20:00,15,66603
06/30/16,23:21:00,15,46254
06/30/16,23:22:00,15,2048
06/30/16,23:23:00,15,26678
06/30/16,23:24:00,14,61351
06/30/16,23:25:00,15,07615
06/30/16,23:26:00,16,27559
06/30/16,23:27:00,16,27832
06/30/16,23:28:00,16,00098
06/30/16,23:29:00,16,82908
06/30/16,23:30:00,15,85406
06/30/16,23:31:00,2,424019
06/30/16,23:32:00,0
06/30/16,23:33:00,0
06/30/16,23:34:00,0
06/30/16,23:35:00,0
06/30/16,23:36:00,0,6926741
06/30/16,23:37:00,12,31438
06/30/16,23:38:00,15,03587
06/30/16,23:39:00,16,06606
06/30/16,23:40:00,16,17497
06/30/16,23:41:00,16,02825
06/30/16,23:42:00,16,14699
06/30/16,23:43:00,15,15577
06/30/16,23:44:00,14,98607
06/30/16,23:45:00,15,68471
06/30/16,23:46:00,16,25552
06/30/16,23:47:00,16,337
06/30/16,23:48:00,16,40098
06/30/16,23:49:00,16,09263
06/30/16,23:50:00,15,98399
06/30/16,23:51:00,16,85272
06/30/16,23:52:00,16,54013
06/30/16,23:53:00,16,24141
06/30/16,23:54:00,17,38394
06/30/16,23:55:00,17,16876
06/30/16,23:56:00,17,10853
06/30/16,23:57:00,17,70016
06/30/16,23:58:00,18,07434
06/30/16,23:59:00,17,65775
07/01/16,00:00:00,17,50759
07/01/16,00:01:00,17,99392
07/01/16,00:02:00,17,79547
07/01/16,00:03:00,17,6377
07/01/16,00:04:00,17,26168
07/01/16,00:05:00,16,8605
07/01/16,00:06:00,17,54733
07/01/16,00:07:00,17,74904
07/01/16,00:08:00,17,70064
07/01/16,00:09:00,17,8716
07/01/16,00:10:00,18,24695
07/01/16,00:11:00,18,01435
07/01/16,00:12:00,18,73348
07/01/16,00:13:00,17,79295
07/01/16,00:14:00,16,41835
07/01/16,00:15:00,16,71066
07/01/16,00:16:00,16,20563
07/01/16,00:17:00,15,18675
07/01/16,00:18:00,15,87837
07/01/16,00:19:00,4,253093
07/01/16,00:20:00,0
07/01/16,00:21:00,0
07/01/16,00:22:00,0
07/01/16,00:23:00,0
07/01/16,00:24:00,0
07/01/16,00:25:00,0
07/01/16,00:26:00,0
07/01/16,00:27:00,0
07/01/16,00:28:00,0
07/01/16,00:29:00,0
07/01/16,00:30:00,0
07/01/16,00:31:00,0
07/01/16,00:32:00,10,9531
07/01/16,00:33:00,15,72834
07/01/16,00:34:00,17,20193
07/01/16,00:35:00,16,02076
07/01/16,00:36:00,16,17479
07/01/16,00:37:00,16,54709
07/01/16,00:38:00,17,36657
07/01/16,00:39:00,17,0018
07/01/16,00:40:00,17,10817
07/01/16,00:41:00,16,92367
07/01/16,00:42:00,16,29789
07/01/16,00:43:00,15,45311
07/01/16,00:44:00,16,92141
07/01/16,00:45:00,16,63423
07/01/16,00:46:00,16,85391
07/01/16,00:47:00,17,65215
07/01/16,00:48:00,17,41912
07/01/16,00:49:00,16,21348
07/01/16,00:50:00,15,78394
07/01/16,00:51:00,15,06751
07/01/16,00:52:00,14,88525
07/01/16,00:53:00,15,56717
07/01/16,00:54:00,15,87254
07/01/16,00:55:00,15,207
07/01/16,00:56:00,16,02298
07/01/16,00:57:00,17,01951
07/01/16,00:58:00,15,9843
07/01/16,00:59:00,15,96476
07/01/16,01:00:00,16,67313
07/01/16,01:01:00,16,22995
07/01/16,01:02:00,16,56882
07/01/16,01:03:00,16,80881
07/01/16,01:04:00,15,57586
07/01/16,01:05:00,16,00836
07/01/16,01:06:00,16,82685
07/01/16,01:07:00,16,59029
07/01/16,01:08:00,15,91224
07/01/16,01:09:00,16,64621
07/01/16,01:10:00,17,48464
07/01/16,01:11:00,16,10731
07/01/16,01:12:00,16,83991
07/01/16,01:13:00,16,47304
07/01/16,01:14:00,16,79081
07/01/16,01:15:00,17,72711
07/01/16,01:16:00,17,9341
07/01/16,01:17:00,16,54127
07/01/16,01:18:00,17,65508
07/01/16,01:19:00,17,7833
07/01/16,01:20:00,17,67611
07/01/16,01:21:00,17,32459
07/01/16,01:22:00,17,28345
07/01/16,01:23:00,18,04449
07/01/16,01:24:00,17,47841
07/01/16,01:25:00,17,86458
07/01/16,01:26:00,17,58607
07/01/16,01:27:00,17,48848
07/01/16,01:28:00,17,76009
07/01/16,01:29:00,17,05922
07/01/16,01:30:00,16,79176
07/01/16,01:31:00,17,36836
07/01/16,01:32:00,17,4193
07/01/16,01:33:00,17,25473
07/01/16,01:34:00,17,97724
07/01/16,01:35:00,19,03016
07/01/16,01:36:00,19,22674
07/01/16,01:37:00,19,50634
07/01/16,01:38:00,18,82439
07/01/16,01:39:00,18,51718
07/01/16,01:40:00,17,73836
07/01/16,01:41:00,18,76712
07/01/16,01:42:00,18,44322
07/01/16,01:43:00,18,52489
07/01/16,01:44:00,18,7953
07/01/16,01:45:00,18,72573
07/01/16,01:46:00,18,15044
07/01/16,01:47:00,17,98195
07/01/16,01:48:00,18,57516
07/01/16,01:49:00,19,7898
07/01/16,01:50:00,20,01467
07/01/16,01:51:00,19,73426
07/01/16,01:52:00,19,23447
07/01/16,01:53:00,20,02491
07/01/16,01:54:00,19,02526
07/01/16,01:55:00,18,5673
07/01/16,01:56:00,18,70723
07/01/16,01:57:00,18,76298
07/01/16,01:58:00,19,65877
07/01/16,01:59:00,19,86258
07/01/16,02:00:00,19,56216
07/01/16,02:01:00,20,44408
07/01/16,02:02:00,20,43422
07/01/16,02:03:00,19,56091
07/01/16,02:04:00,20,02157
07/01/16,02:05:00,20,06229
07/01/16,02:06:00,20,41236
07/01/16,02:07:00,19,93104
07/01/16,02:08:00,19,34376
07/01/16,02:09:00,18,67231
07/01/16,02:10:00,18,85884
07/01/16,02:11:00,20,19756
07/01/16,02:12:00,21,17139
07/01/16,02:13:00,20,66493
07/01/16,02:14:00,19,52216
07/01/16,02:15:00,20,29263
07/01/16,02:16:00,19,40796
07/01/16,02:17:00,18,67823
07/01/16,02:18:00,18,64135
07/01/16,02:19:00,19,38376
07/01/16,02:20:00,20,41037
07/01/16,02:21:00,20,76244
07/01/16,02:22:00,20,45528
07/01/16,02:23:00,19,59501
07/01/16,02:24:00,19,79848
07/01/16,02:25:00,20,68342
07/01/16,02:26:00,19,74397
07/01/16,02:27:00,19,11042
07/01/16,02:28:00,20,07047
07/01/16,02:29:00,20,42988
07/01/16,02:30:00,20,20525
07/01/16,02:31:00,19,87435
07/01/16,02:32:00,19,77483
07/01/16,02:33:00,19,9012
07/01/16,02:34:00,20,58041
07/01/16,02:35:00,20,70359
07/01/16,02:36:00,20,42328
07/01/16,02:37:00,20,90277
07/01/16,02:38:00,21,76951
07/01/16,02:39:00,20,81624
07/01/16,02:40:00,19,87239
07/01/16,02:41:00,20,00584
07/01/16,02:42:00,20,12754
07/01/16,02:43:00,20,45443
07/01/16,02:44:00,20,39165
07/01/16,02:45:00,20,35383
07/01/16,02:46:00,20,91984
07/01/16,02:47:00,20,55866
07/01/16,02:48:00,20,367
07/01/16,02:49:00,20,0689
07/01/16,02:50:00,19,8693
07/01/16,02:51:00,20,77711
07/01/16,02:52:00,21,09188
07/01/16,02:53:00,19,89384
07/01/16,02:54:00,18,89175
07/01/16,02:55:00,19,28015
07/01/16,02:56:00,19,2062
07/01/16,02:57:00,19,31164
07/01/16,02:58:00,20,06833
07/01/16,02:59:00,21,28015
07/01/16,03:00:00,21,51028
07/01/16,03:01:00,20,75086
07/01/16,03:02:00,20,03482
07/01/16,03:03:00,18,88317
07/01/16,03:04:00,19,11748
07/01/16,03:05:00,18,81158
07/01/16,03:06:00,3,638084
07/01/16,03:07:00,0
07/01/16,03:08:00,0
07/01/16,03:09:00,0
07/01/16,03:10:00,0
07/01/16,03:11:00,0
07/01/16,03:12:00,0
07/01/16,03:13:00,0
07/01/16,03:14:00,0
07/01/16,03:15:00,0
07/01/16,03:16:00,4,372762
07/01/16,03:17:00,15,9061
07/01/16,03:18:00,19,01465
07/01/16,03:19:00,19,98646
07/01/16,03:20:00,21,16291
07/01/16,03:21:00,21,25093
07/01/16,03:22:00,20,08761
07/01/16,03:23:00,20,29691
07/01/16,03:24:00,20,68438
07/01/16,03:25:00,20,59123
07/01/16,03:26:00,20,98162
07/01/16,03:27:00,20,51516
07/01/16,03:28:00,19,42161
07/01/16,03:29:00,19,48148
07/01/16,03:30:00,20,53688
07/01/16,03:31:00,19,73568
07/01/16,03:32:00,19,04966
07/01/16,03:33:00,19,72542
07/01/16,03:34:00,19,37336
07/01/16,03:35:00,19,71943
07/01/16,03:36:00,19,45301
07/01/16,03:37:00,18,68306
07/01/16,03:38:00,18,52862
07/01/16,03:39:00,18,64653
07/01/16,03:40:00,19,20474
07/01/16,03:41:00,18,63491
07/01/16,03:42:00,12,78064
07/01/16,03:43:00,14,49448
07/01/16,03:44:00,18,34963
07/01/16,03:45:00,20,45491
07/01/16,03:46:00,20,69707
07/01/16,03:47:00,20,51061
07/01/16,03:48:00,19,70964
07/01/16,03:49:00,20,0977
07/01/16,03:50:00,20,76422
07/01/16,03:51:00,20,37958
07/01/16,03:52:00,20,03968
07/01/16,03:53:00,19,89054
07/01/16,03:54:00,19,47864
07/01/16,03:55:00,19,57045
07/01/16,03:56:00,19,01515
07/01/16,03:57:00,17,96305
07/01/16,03:58:00,18,712
07/01/16,03:59:00,18,87549
07/01/16,04:00:00,18,80271
07/01/16,04:01:00,20,10096
07/01/16,04:02:00,20,4044
07/01/16,04:03:00,19,94658
07/01/16,04:04:00,19,93942
07/01/16,04:05:00,20,37682
07/01/16,04:06:00,18,47179
07/01/16,04:07:00,3,175227
07/01/16,04:08:00,0
07/01/16,04:09:00,0
07/01/16,04:10:00,0
07/01/16,04:11:00,0
07/01/16,04:12:00,0
07/01/16,04:13:00,0
07/01/16,04:14:00,0
07/01/16,04:15:00,0
07/01/16,04:16:00,0
07/01/16,04:17:00,0
07/01/16,04:18:00,0
07/01/16,04:19:00,0
07/01/16,04:20:00,0
07/01/16,04:21:00,0
07/01/16,04:22:00,11,15498
07/01/16,04:23:00,14,18145
07/01/16,04:24:00,17,11343
07/01/16,04:25:00,17,10571
07/01/16,04:26:00,17,35036
07/01/16,04:27:00,18,28655
07/01/16,04:28:00,17,81671
07/01/16,04:29:00,17,84346
07/01/16,04:30:00,18,27809
07/01/16,04:31:00,19,14848
07/01/16,04:32:00,19,62465
07/01/16,04:33:00,19,06922
07/01/16,04:34:00,18,85327
07/01/16,04:35:00,18,78702
07/01/16,04:36:00,18,56247
07/01/16,04:37:00,19,02422
07/01/16,04:38:00,19,26749
07/01/16,04:39:00,19,26274
07/01/16,04:40:00,18,21169
07/01/16,04:41:00,19,02294
07/01/16,04:42:00,19,64245
07/01/16,04:43:00,19,17951
07/01/16,04:44:00,19,27643
07/01/16,04:45:00,19,39562
07/01/16,04:46:00,18,91829
07/01/16,04:47:00,19,39325
07/01/16,04:48:00,19,83842
07/01/16,04:49:00,20,2871
07/01/16,04:50:00,20,95778
07/01/16,04:51:00,19,13317
07/01/16,04:52:00,19,13507
07/01/16,04:53:00,19,28456
07/01/16,04:54:00,18,93805
07/01/16,04:55:00,18,73455
07/01/16,04:56:00,19,59623
07/01/16,04:57:00,19,53308
07/01/16,04:58:00,19,45432
07/01/16,04:59:00,20,29796
07/01/16,05:00:00,21,29686
07/01/16,05:01:00,21,26223
07/01/16,05:02:00,20,53818
07/01/16,05:03:00,21,06997
07/01/16,05:04:00,21,43892
07/01/16,05:05:00,21,09714
07/01/16,05:06:00,21,08521
07/01/16,05:07:00,20,73546
07/01/16,05:08:00,20,66246
07/01/16,05:09:00,19,70993
07/01/16,05:10:00,19,77123
07/01/16,05:11:00,19,72737
07/01/16,05:12:00,19,53165
07/01/16,05:13:00,19,47857
07/01/16,05:14:00,20,4116
07/01/16,05:15:00,20,14022
07/01/16,05:16:00,19,13336
07/01/16,05:17:00,17,67346
07/01/16,05:18:00,18,44841
07/01/16,05:19:00,19,14588
07/01/16,05:20:00,19,67103
07/01/16,05:21:00,20,12275
07/01/16,05:22:00,20,04393
07/01/16,05:23:00,20,06869
07/01/16,05:24:00,19,77628
07/01/16,05:25:00,19,5926
07/01/16,05:26:00,20,36736
07/01/16,05:27:00,19,91144
07/01/16,05:28:00,20,39129
07/01/16,05:29:00,20,53843
07/01/16,05:30:00,20,36145
07/01/16,05:31:00,19,39249
07/01/16,05:32:00,20,11548
07/01/16,05:33:00,19,98977
07/01/16,05:34:00,20,18103
07/01/16,05:35:00,21,05964
07/01/16,05:36:00,20,52916
07/01/16,05:37:00,20,33545
07/01/16,05:38:00,20,28201
07/01/16,05:39:00,19,16076
07/01/16,05:40:00,3,181275
07/01/16,05:41:00,0
07/01/16,05:42:00,0
07/01/16,05:43:00,0
07/01/16,05:44:00,0
07/01/16,05:45:00,0
07/01/16,05:46:00,0
07/01/16,05:47:00,0
07/01/16,05:48:00,0
07/01/16,05:49:00,0
07/01/16,05:50:00,0
07/01/16,05:51:00,0
07/01/16,05:52:00,0
07/01/16,05:53:00,0
07/01/16,05:54:00,0
07/01/16,05:55:00,0
07/01/16,05:56:00,0
07/01/16,05:57:00,0
07/01/16,05:58:00,0
07/01/16,05:59:00,0
07/01/16,06:00:00,0
07/01/16,06:01:00,0
07/01/16,06:02:00,0
07/01/16,06:03:00,0
07/01/16,06:04:00,0
07/01/16,06:05:00,0
07/01/16,06:06:00,0
07/01/16,06:07:00,0
07/01/16,06:08:00,0
07/01/16,06:09:00,0
07/01/16,06:10:00,0
07/01/16,06:11:00,0
07/01/16,06:12:00,0
07/01/16,06:13:00,0
07/01/16,06:14:00,0
07/01/16,06:15:00,0
07/01/16,06:16:00,0
07/01/16,06:17:00,0
07/01/16,06:18:00,0
07/01/16,06:19:00,0
07/01/16,06:20:00,0
07/01/16,06:21:00,0
07/01/16,06:22:00,0
07/01/16,06:23:00,0
07/01/16,06:24:00,0
07/01/16,06:25:00,0
07/01/16,06:26:00,0
07/01/16,06:27:00,0
07/01/16,06:28:00,0
07/01/16,06:29:00,0
07/01/16,06:30:00,5,046984
07/01/16,06:31:00,16,71044
07/01/16,06:32:00,19,11492
07/01/16,06:33:00,18,97039
07/01/16,06:34:00,18,68572
07/01/16,06:35:00,18,81581
07/01/16,06:36:00,18,76879
07/01/16,06:37:00,19,29679
07/01/16,06:38:00,19,22326
07/01/16,06:39:00,18,80543
07/01/16,06:40:00,19,20754
07/01/16,06:41:00,19,46527
07/01/16,06:42:00,19,20596
07/01/16,06:43:00,18,65109
07/01/16,06:44:00,19,32889
07/01/16,06:45:00,19,71373
07/01/16,06:46:00,19,70767
07/01/16,06:47:00,19,36818
07/01/16,06:48:00,19,11269
07/01/16,06:49:00,18,61004
07/01/16,06:50:00,19,62462
07/01/16,06:51:00,20,25671
07/01/16,06:52:00,19,60456
07/01/16,06:53:00,19,21396
07/01/16,06:54:00,18,50312
07/01/16,06:55:00,18,32159
07/01/16,06:56:00,18,24092
07/01/16,06:57:00,18,22779
07/01/16,06:58:00,19,14238
07/01/16,06:59:00,19,51896
07/01/16,07:00:00,19,22802
07/01/16,07:01:00,19,74674
07/01/16,07:02:00,20,00011
07/01/16,07:03:00,19,88102
07/01/16,07:04:00,20,40046
07/01/16,07:05:00,19,31672
07/01/16,07:06:00,18,35402
07/01/16,07:07:00,18,74755
07/01/16,07:08:00,18,933
07/01/16,07:09:00,18,94828
07/01/16,07:10:00,19,43107
07/01/16,07:11:00,19,2536
07/01/16,07:12:00,19,37533
07/01/16,07:13:00,18,77344
07/01/16,07:14:00,18,50958
07/01/16,07:15:00,18,65581
07/01/16,07:16:00,17,82036
07/01/16,07:17:00,17,23102
07/01/16,07:18:00,18,31488
07/01/16,07:19:00,18,0573
07/01/16,07:20:00,18,5098
07/01/16,07:21:00,17,50655
07/01/16,07:22:00,18,19096
07/01/16,07:23:00,18,5705
07/01/16,07:24:00,18,45032
07/01/16,07:25:00,18,54441
07/01/16,07:26:00,18,60667
07/01/16,07:27:00,18,2339
07/01/16,07:28:00,18,88399
07/01/16,07:29:00,18,99859
07/01/16,07:30:00,18,17798
07/01/16,07:31:00,17,57124
07/01/16,07:32:00,14,9219
07/01/16,07:33:00,0,5926956
07/01/16,07:34:00,0
07/01/16,07:35:00,0
07/01/16,07:36:00,0
07/01/16,07:37:00,0
07/01/16,07:38:00,0
07/01/16,07:39:00,0
07/01/16,07:40:00,0
07/01/16,07:41:00,0
07/01/16,07:42:00,0
07/01/16,07:43:00,0
07/01/16,07:44:00,0
07/01/16,07:45:00,0
07/01/16,07:46:00,0
07/01/16,07:47:00,0
07/01/16,07:48:00,0
07/01/16,07:49:00,0
07/01/16,07:50:00,0
07/01/16,07:51:00,0
07/01/16,07:52:00,0
07/01/16,07:53:00,0
07/01/16,07:54:00,0
07/01/16,07:55:00,0
07/01/16,07:56:00,0
07/01/16,07:57:00,0
07/01/16,07:58:00,1,098819
07/01/16,07:59:00,12,79804
07/01/16,08:00:00,16,42198
07/01/16,08:01:00,17,56657
07/01/16,08:02:00,17,93874
07/01/16,08:03:00,17,73837
07/01/16,08:04:00,16,73883
07/01/16,08:05:00,16,90288
07/01/16,08:06:00,16,99332
07/01/16,08:07:00,17,30191
07/01/16,08:08:00,17,63903
07/01/16,08:09:00,17,37557
07/01/16,08:10:00,17,60104
07/01/16,08:11:00,18,05348
07/01/16,08:12:00,17,10117
07/01/16,08:13:00,17,49588
07/01/16,08:14:00,17,48267
07/01/16,08:15:00,18,11174
07/01/16,08:16:00,17,92923
07/01/16,08:17:00,17,86916
07/01/16,08:18:00,17,61598
07/01/16,08:19:00,17,44871
07/01/16,08:20:00,17,4029
07/01/16,08:21:00,17,5542
07/01/16,08:22:00,17,90506
07/01/16,08:23:00,16,76036
07/01/16,08:24:00,17,16473
07/01/16,08:25:00,17,42156
07/01/16,08:26:00,17,94188
07/01/16,08:27:00,17,36238
07/01/16,08:28:00,17,38732
07/01/16,08:29:00,17,21878
07/01/16,08:30:00,17,28003
07/01/16,08:31:00,18,0614
07/01/16,08:32:00,17,54384
07/01/16,08:33:00,17,27066
07/01/16,08:34:00,17,57833
07/01/16,08:35:00,18,34342
07/01/16,08:36:00,16,79078
07/01/16,08:37:00,16,98064
07/01/16,08:38:00,17,49912
07/01/16,08:39:00,16,63086
07/01/16,08:40:00,17,09506
07/01/16,08:41:00,18,10208
07/01/16,08:42:00,17,58514
07/01/16,08:43:00,17,13302
07/01/16,08:44:00,16,75512
07/01/16,08:45:00,17,4869
07/01/16,08:46:00,17,79558
07/01/16,08:47:00,17,76486
07/01/16,08:48:00,16,44428
07/01/16,08:49:00,16,13692
07/01/16,08:50:00,17,81105
07/01/16,08:51:00,18,39151
07/01/16,08:52:00,17,69765
07/01/16,08:53:00,17,98285
07/01/16,08:54:00,18,26887
07/01/16,08:55:00,17,80663
07/01/16,08:56:00,18,26308
07/01/16,08:57:00,18,15744
07/01/16,08:58:00,17,74397
07/01/16,08:59:00,17,5628
07/01/16,09:00:00,17,8379
07/01/16,09:01:00,17,38721
07/01/16,09:02:00,18,04491
07/01/16,09:03:00,17,50449
07/01/16,09:04:00,17,0699
07/01/16,09:05:00,17,284
07/01/16,09:06:00,17,7564
07/01/16,09:07:00,16,90123
07/01/16,09:08:00,17,19616
07/01/16,09:09:00,17,21458
07/01/16,09:10:00,16,76613
07/01/16,09:11:00,17,12826
07/01/16,09:12:00,17,78742
07/01/16,09:13:00,16,79645
07/01/16,09:14:00,16,70134
07/01/16,09:15:00,17,63975
07/01/16,09:16:00,17,15316
07/01/16,09:17:00,16,51142
07/01/16,09:18:00,16,2684
07/01/16,09:19:00,16,74867
07/01/16,09:20:00,15,50195
07/01/16,09:21:00,17,01025
07/01/16,09:22:00,17,31379
07/01/16,09:23:00,16,84673
07/01/16,09:24:00,16,38925
07/01/16,09:25:00,16,26473
07/01/16,09:26:00,16,537
07/01/16,09:27:00,17,96536
07/01/16,09:28:00,18,39895
07/01/16,09:29:00,16,59016
07/01/16,09:30:00,17,04165
07/01/16,09:31:00,16,90736
07/01/16,09:32:00,16,86952
07/01/16,09:33:00,17,09033
07/01/16,09:34:00,17,23135
07/01/16,09:35:00,16,84368
07/01/16,09:36:00,16,61741
07/01/16,09:37:00,17,41203
07/01/16,09:38:00,16,33583
07/01/16,09:39:00,16,23719
07/01/16,09:40:00,16,89606
07/01/16,09:41:00,17,01658
07/01/16,09:42:00,16,68459
07/01/16,09:43:00,17,72785
07/01/16,09:44:00,16,80202
07/01/16,09:45:00,16,31801
07/01/16,09:46:00,17,64801
07/01/16,09:47:00,17,49285
07/01/16,09:48:00,17,05575
07/01/16,09:49:00,17,36581
07/01/16,09:50:00,16,35511
07/01/16,09:51:00,16,15516
07/01/16,09:52:00,16,22454
07/01/16,09:53:00,16,95161
07/01/16,09:54:00,15,67189
07/01/16,09:55:00,17,04525
07/01/16,09:56:00,17,97503
07/01/16,09:57:00,16,65273
07/01/16,09:58:00,16,41537
07/01/16,09:59:00,16,53946
07/01/16,10:00:00,16,11491
07/01/16,10:01:00,16,0706
07/01/16,10:02:00,16,7788
07/01/16,10:03:00,16,17848
07/01/16,10:04:00,15,69771
07/01/16,10:05:00,16,31598
07/01/16,10:06:00,17,1251
07/01/16,10:07:00,16,96155
07/01/16,10:08:00,17,4898
07/01/16,10:09:00,16,4111
07/01/16,10:10:00,16,41729
07/01/16,10:11:00,17,08516
07/01/16,10:12:00,17,64307
07/01/16,10:13:00,17,01005
07/01/16,10:14:00,17,13808
07/01/16,10:15:00,17,05271
07/01/16,10:16:00,16,42268
07/01/16,10:17:00,16,32266
07/01/16,10:18:00,15,54323
07/01/16,10:19:00,15,61343
07/01/16,10:20:00,16,35008
07/01/16,10:21:00,16,72796
07/01/16,10:22:00,16,54565
07/01/16,10:23:00,17,04952
07/01/16,10:24:00,17,0592
07/01/16,10:25:00,16,87288
07/01/16,10:26:00,16,96792
07/01/16,10:27:00,16,74302
07/01/16,10:28:00,16,48957
07/01/16,10:29:00,17,07511
07/01/16,10:30:00,16,97982
07/01/16,10:31:00,16,65737
07/01/16,10:32:00,16,07019
07/01/16,10:33:00,16,53591
07/01/16,10:34:00,16,07832
07/01/16,10:35:00,15,80574
07/01/16,10:36:00,16,19001
07/01/16,10:37:00,16,32185
07/01/16,10:38:00,16,36045
07/01/16,10:39:00,17,08115
07/01/16,10:40:00,16,29607
07/01/16,10:41:00,15,86857
07/01/16,10:42:00,16,34928
07/01/16,10:43:00,16,71455
07/01/16,10:44:00,16,46672
07/01/16,10:45:00,16,74328
07/01/16,10:46:00,16,91036
07/01/16,10:47:00,15,75445
07/01/16,10:48:00,16,13781
07/01/16,10:49:00,16,41006
07/01/16,10:50:00,16,39498
07/01/16,10:51:00,16,33659
07/01/16,10:52:00,17,70775
07/01/16,10:53:00,16,94279
07/01/16,10:54:00,16,81873
07/01/16,10:55:00,17,01058
07/01/16,10:56:00,15,98374
07/01/16,10:57:00,16,56358
07/01/16,10:58:00,17,07451
07/01/16,10:59:00,16,31012
07/01/16,11:00:00,16,66
07/01/16,11:01:00,16,82819
07/01/16,11:02:00,16,33219
07/01/16,11:03:00,16,43257
07/01/16,11:04:00,17,69289
07/01/16,11:05:00,16,98132
07/01/16,11:06:00,16,73278
07/01/16,11:07:00,17,44966
07/01/16,11:08:00,16,92929
07/01/16,11:09:00,16,63974
07/01/16,11:10:00,17,29423
07/01/16,11:11:00,16,66043
07/01/16,11:12:00,16,30412
07/01/16,11:13:00,17,22332
07/01/16,11:14:00,17,32905
07/01/16,11:15:00,17,10568
07/01/16,11:16:00,17,64885
07/01/16,11:17:00,17,16359
07/01/16,11:18:00,17,0881
07/01/16,11:19:00,17,52902
07/01/16,11:20:00,16,94273
07/01/16,11:21:00,15,82398
07/01/16,11:22:00,16,64509
07/01/16,11:23:00,16,67722
07/01/16,11:24:00,16,33009
07/01/16,11:25:00,16,54756
07/01/16,11:26:00,17,54513
07/01/16,11:27:00,16,49128
07/01/16,11:28:00,17,52819
07/01/16,11:29:00,17,15317
07/01/16,11:30:00,16,17556
07/01/16,11:31:00,16,0102
07/01/16,11:32:00,16,17081
07/01/16,11:33:00,16,79609
07/01/16,11:34:00,16,09424
07/01/16,11:35:00,16,0368
07/01/16,11:36:00,15,91487
07/01/16,11:37:00,16,28029
07/01/16,11:38:00,16,36104
07/01/16,11:39:00,15,99361
07/01/16,11:40:00,16,53367
07/01/16,11:41:00,17,33559
07/01/16,11:42:00,16,36857
07/01/16,11:43:00,16,04018
07/01/16,11:44:00,16,67648
07/01/16,11:45:00,17,8321
07/01/16,11:46:00,17,69321
07/01/16,11:47:00,17,93896
07/01/16,11:48:00,17,09026
07/01/16,11:49:00,16,92865
07/01/16,11:50:00,17,15077
07/01/16,11:51:00,17,01256
07/01/16,11:52:00,16,78109
07/01/16,11:53:00,16,40772
07/01/16,11:54:00,16,66064
07/01/16,11:55:00,16,81329
07/01/16,11:56:00,16,71897
07/01/16,11:57:00,17,22305
07/01/16,11:58:00,16,68563
07/01/16,11:59:00,17,05894
07/01/16,12:00:00,16,77121
07/01/16,12:01:00,16,89893
07/01/16,12:02:00,17,35171
07/01/16,12:03:00,17,06885
07/01/16,12:04:00,16,36803
07/01/16,12:05:00,16,42826
07/01/16,12:06:00,17,0778
07/01/16,12:07:00,16,53111
07/01/16,12:08:00,16,55129
07/01/16,12:09:00,16,81023
07/01/16,12:10:00,16,31835
07/01/16,12:11:00,16,58922
07/01/16,12:12:00,16,9091
07/01/16,12:13:00,15,79534
07/01/16,12:14:00,15,58793
07/01/16,12:15:00,16,55078
07/01/16,12:16:00,17,32188
07/01/16,12:17:00,16,93426
07/01/16,12:18:00,16,45605
07/01/16,12:19:00,17,53505
07/01/16,12:20:00,17,29664
07/01/16,12:21:00,16,45596
07/01/16,12:22:00,15,71694
07/01/16,12:23:00,16,92428
07/01/16,12:24:00,17,42752
07/01/16,12:25:00,17,51956
07/01/16,12:26:00,16,96501
07/01/16,12:27:00,16,62789
07/01/16,12:28:00,15,7313
07/01/16,12:29:00,15,03294
07/01/16,12:30:00,16,72768
07/01/16,12:31:00,16,713
07/01/16,12:32:00,16,0104
07/01/16,12:33:00,16,00545
07/01/16,12:34:00,16,34771
07/01/16,12:35:00,16,01804
07/01/16,12:36:00,15,82095
07/01/16,12:37:00,16,30304
07/01/16,12:38:00,16,65209
07/01/16,12:39:00,15,91285
07/01/16,12:40:00,16,73804
07/01/16,12:41:00,16,69596
07/01/16,12:42:00,15,87947
07/01/16,12:43:00,16,38267
07/01/16,12:44:00,16,06642
07/01/16,12:45:00,16,16062
07/01/16,12:46:00,16,59228
07/01/16,12:47:00,17,86146
07/01/16,12:48:00,16,47146
07/01/16,12:49:00,16,5761
07/01/16,12:50:00,16,90865
07/01/16,12:51:00,16,05414
07/01/16,12:52:00,15,7235
07/01/16,12:53:00,16,66085
07/01/16,12:54:00,16,58175
07/01/16,12:55:00,16,58203
07/01/16,12:56:00,17,42877
07/01/16,12:57:00,16,6177
07/01/16,12:58:00,17,1576
07/01/16,12:59:00,17,80204
07/01/16,13:00:00,17,24243
07/01/16,13:01:00,16,42422
07/01/16,13:02:00,17,13168
07/01/16,13:03:00,16,94942
07/01/16,13:04:00,16,40636
07/01/16,13:05:00,16,9743
07/01/16,13:06:00,17,3934
07/01/16,13:07:00,16,87204
07/01/16,13:08:00,17,1719
07/01/16,13:09:00,18,06289
07/01/16,13:10:00,17,82017
07/01/16,13:11:00,16,83061
07/01/16,13:12:00,16,4693
07/01/16,13:13:00,16,73791
07/01/16,13:14:00,16,59463
07/01/16,13:15:00,17,468
07/01/16,13:16:00,17,12013
07/01/16,13:17:00,17,14853
07/01/16,13:18:00,17,9357
07/01/16,13:19:00,16,90644
07/01/16,13:20:00,16,32533
07/01/16,13:21:00,17,47789
07/01/16,13:22:00,16,86032
07/01/16,13:23:00,7,995663
07/01/16,13:24:00,0
07/01/16,13:25:00,0
07/01/16,13:26:00,0
07/01/16,13:27:00,0
07/01/16,13:28:00,0
07/01/16,13:29:00,0
07/01/16,13:30:00,0
07/01/16,13:31:00,0
07/01/16,13:32:00,0
07/01/16,13:33:00,0
07/01/16,13:34:00,0
07/01/16,13:35:00,0
07/01/16,13:36:00,0
07/01/16,13:37:00,0
07/01/16,13:38:00,0
07/01/16,13:39:00,0
07/01/16,13:40:00,0
07/01/16,13:41:00,0
07/01/16,13:42:00,0
07/01/16,13:43:00,0
07/01/16,13:44:00,0
07/01/16,13:45:00,0
07/01/16,13:46:00,0
07/01/16,13:47:00,0
07/01/16,13:48:00,0
07/01/16,13:49:00,0
07/01/16,13:50:00,0
07/01/16,13:51:00,0
07/01/16,13:52:00,0
07/01/16,13:53:00,0
07/01/16,13:54:00,0
07/01/16,13:55:00,0
07/01/16,13:56:00,0
07/01/16,13:57:00,0
07/01/16,13:58:00,0
07/01/16,13:59:00,0
07/01/16,14:00:00,0
07/01/16,14:01:00,0
07/01/16,14:02:00,0
07/01/16,14:03:00,0
07/01/16,14:04:00,0
07/01/16,14:05:00,0
07/01/16,14:06:00,0
07/01/16,14:07:00,0
07/01/16,14:08:00,0
07/01/16,14:09:00,0
07/01/16,14:10:00,0
07/01/16,14:11:00,0
07/01/16,14:12:00,0
07/01/16,14:13:00,0
07/01/16,14:14:00,0
07/01/16,14:15:00,0
07/01/16,14:16:00,0
07/01/16,14:17:00,0
07/01/16,14:18:00,0
07/01/16,14:19:00,0
07/01/16,14:20:00,0
07/01/16,14:21:00,7,766777
07/01/16,14:22:00,14,68818
07/01/16,14:23:00,18,4592
07/01/16,14:24:00,19,24442
07/01/16,14:25:00,18,07527
07/01/16,14:26:00,17,73768
07/01/16,14:27:00,17,46666
07/01/16,14:28:00,17,65318
07/01/16,14:29:00,16,09734
07/01/16,14:30:00,16,70738
07/01/16,14:31:00,16,84933
07/01/16,14:32:00,17,02935
07/01/16,14:33:00,18,22246
07/01/16,14:34:00,17,83197
07/01/16,14:35:00,19,04381
07/01/16,14:36:00,18,94826
07/01/16,14:37:00,19,61282
07/01/16,14:38:00,19,63147
07/01/16,14:39:00,19,12379
07/01/16,14:40:00,18,67542
07/01/16,14:41:00,18,88558
07/01/16,14:42:00,18,982
07/01/16,14:43:00,18,56922
07/01/16,14:44:00,18,34403
07/01/16,14:45:00,19,08039
07/01/16,14:46:00,19,18192
07/01/16,14:47:00,18,97006
07/01/16,14:48:00,18,46638
07/01/16,14:49:00,19,37127
07/01/16,14:50:00,18,52099
07/01/16,14:51:00,18,30004
07/01/16,14:52:00,17,82103
07/01/16,14:53:00,17,74064
07/01/16,14:54:00,18,08072
07/01/16,14:55:00,18,48763
07/01/16,14:56:00,18,22975
07/01/16,14:57:00,18,68432
07/01/16,14:58:00,18,08211
07/01/16,14:59:00,18,32715
07/01/16,15:00:00,17,92152
07/01/16,15:01:00,18,25662
07/01/16,15:02:00,19,13598
07/01/16,15:03:00,18,75518
07/01/16,15:04:00,18,86145
07/01/16,15:05:00,17,89395
07/01/16,15:06:00,17,8204
07/01/16,15:07:00,18,08553
07/01/16,15:08:00,18,00811
07/01/16,15:09:00,17,15233
07/01/16,15:10:00,15,88169
07/01/16,15:11:00,16,38475
07/01/16,15:12:00,16,61325
07/01/16,15:13:00,16,0485
07/01/16,15:14:00,15,46099
07/01/16,15:15:00,15,76708
07/01/16,15:16:00,16,18964
07/01/16,15:17:00,16,35868
07/01/16,15:18:00,15,78975
07/01/16,15:19:00,15,51067
07/01/16,15:20:00,16,08826
07/01/16,15:21:00,15,77392
07/01/16,15:22:00,16,58811
07/01/16,15:23:00,16,09036
07/01/16,15:24:00,15,63753
07/01/16,15:25:00,15,5669
07/01/16,15:26:00,15,04486
07/01/16,15:27:00,14,85595
07/01/16,15:28:00,15,6554
07/01/16,15:29:00,16,39094
07/01/16,15:30:00,16,02043
07/01/16,15:31:00,15,52072
07/01/16,15:32:00,15,99812
07/01/16,15:33:00,9,57827
07/01/16,15:34:00,0
07/01/16,15:35:00,0
07/01/16,15:36:00,0
07/01/16,15:37:00,0
07/01/16,15:38:00,0
07/01/16,15:39:00,0
07/01/16,15:40:00,0
07/01/16,15:41:00,0
07/01/16,15:42:00,0
07/01/16,15:43:00,0
07/01/16,15:44:00,0
07/01/16,15:45:00,0
07/01/16,15:46:00,0,3638922
07/01/16,15:47:00,12,62786
07/01/16,15:48:00,15,861
07/01/16,15:49:00,16,85483
07/01/16,15:50:00,16,3641
07/01/16,15:51:00,16,05443
07/01/16,15:52:00,16,58941
07/01/16,15:53:00,16,64292
07/01/16,15:54:00,16,26005
07/01/16,15:55:00,16,51064
07/01/16,15:56:00,16,27828
07/01/16,15:57:00,16,53408
07/01/16,15:58:00,16,88184
07/01/16,15:59:00,15,67839
07/01/16,16:00:00,15,38844
07/01/16,16:01:00,15,84552
07/01/16,16:02:00,16,6035
07/01/16,16:03:00,16,20522
07/01/16,16:04:00,16,18146
07/01/16,16:05:00,15,87099
07/01/16,16:06:00,16,04517
07/01/16,16:07:00,16,18946
07/01/16,16:08:00,16,0909
07/01/16,16:09:00,15,39856
07/01/16,16:10:00,15,3596
07/01/16,16:11:00,15,18078
07/01/16,16:12:00,14,76499
07/01/16,16:13:00,15,77807
07/01/16,16:14:00,15,84383
07/01/16,16:15:00,15,79682
07/01/16,16:16:00,16,61386
07/01/16,16:17:00,18,1312
07/01/16,16:18:00,17,53068
07/01/16,16:19:00,17,38932
07/01/16,16:20:00,17,17251
07/01/16,16:21:00,16,63563
07/01/16,16:22:00,16,99513
07/01/16,16:23:00,16,57979
07/01/16,16:24:00,16,03216
07/01/16,16:25:00,16,17542
07/01/16,16:26:00,17,14204
07/01/16,16:27:00,16,65144
07/01/16,16:28:00,16,70409
07/01/16,16:29:00,17,32224
07/01/16,16:30:00,16,31574
07/01/16,16:31:00,17,04347
07/01/16,16:32:00,17,06306
07/01/16,16:33:00,16,43913
07/01/16,16:34:00,17,7397
07/01/16,16:35:00,18,41525
07/01/16,16:36:00,18,19997
07/01/16,16:37:00,17,80348
07/01/16,16:38:00,17,49303
07/01/16,16:39:00,18,54806
07/01/16,16:40:00,18,80189
07/01/16,16:41:00,18,26853
07/01/16,16:42:00,17,79101
07/01/16,16:43:00,18,09909
07/01/16,16:44:00,17,90428
07/01/16,16:45:00,18,18367
07/01/16,16:46:00,18,97011
07/01/16,16:47:00,18,742
07/01/16,16:48:00,18,68784
07/01/16,16:49:00,19,08458
07/01/16,16:50:00,18,43449
07/01/16,16:51:00,18,49631
07/01/16,16:52:00,18,01323
07/01/16,16:53:00,17,37987
07/01/16,16:54:00,17,81902
07/01/16,16:55:00,17,78343
07/01/16,16:56:00,17,11405
07/01/16,16:57:00,18,13312
07/01/16,16:58:00,19,36275
07/01/16,16:59:00,18,40916
07/01/16,17:00:00,19,52733
07/01/16,17:01:00,18,96494
07/01/16,17:02:00,17,97173
07/01/16,17:03:00,17,58342
07/01/16,17:04:00,18,19652
07/01/16,17:05:00,18,16183
07/01/16,17:06:00,18,76101
07/01/16,17:07:00,18,353
07/01/16,17:08:00,18,17007
07/01/16,17:09:00,17,74963
07/01/16,17:10:00,17,77076
07/01/16,17:11:00,17,50122
07/01/16,17:12:00,17,5136
07/01/16,17:13:00,17,99245
07/01/16,17:14:00,18,10166
07/01/16,17:15:00,18,21751
07/01/16,17:16:00,18,12136
07/01/16,17:17:00,17,78494
07/01/16,17:18:00,17,75946
07/01/16,17:19:00,18,55204
07/01/16,17:20:00,17,91843
07/01/16,17:21:00,18,52489
07/01/16,17:22:00,18,09541
07/01/16,17:23:00,17,62646
07/01/16,17:24:00,17,07106
07/01/16,17:25:00,18,64962
07/01/16,17:26:00,19,15359
07/01/16,17:27:00,19,51688
07/01/16,17:28:00,19,69591
07/01/16,17:29:00,19,68846
07/01/16,17:30:00,19,43
07/01/16,17:31:00,18,92277
07/01/16,17:32:00,18,35629
07/01/16,17:33:00,19,22708
07/01/16,17:34:00,19,10493
07/01/16,17:35:00,18,71663
07/01/16,17:36:00,18,12002
07/01/16,17:37:00,19,14487
07/01/16,17:38:00,18,21206
07/01/16,17:39:00,17,86035
07/01/16,17:40:00,18,88371
07/01/16,17:41:00,19,06194
07/01/16,17:42:00,18,76241
07/01/16,17:43:00,18,36882
07/01/16,17:44:00,17,99388
07/01/16,17:45:00,18,18616
07/01/16,17:46:00,17,92623
07/01/16,17:47:00,17,78177
07/01/16,17:48:00,18,29704
07/01/16,17:49:00,18,07465
07/01/16,17:50:00,18,19469
07/01/16,17:51:00,18,02979
07/01/16,17:52:00,18,23513
07/01/16,17:53:00,17,68017
07/01/16,17:54:00,18,42209
07/01/16,17:55:00,18,06711
07/01/16,17:56:00,19,07101
07/01/16,17:57:00,18,79628
07/01/16,17:58:00,18,82478
07/01/16,17:59:00,17,79431
07/01/16,18:00:00,18,48709
07/01/16,18:01:00,18,93039
07/01/16,18:02:00,18,2861
07/01/16,18:03:00,18,50391
07/01/16,18:04:00,18,11394
07/01/16,18:05:00,18,07446
07/01/16,18:06:00,18,53136
07/01/16,18:07:00,18,10156
07/01/16,18:08:00,18,24454
07/01/16,18:09:00,18,92214
07/01/16,18:10:00,18,48786
07/01/16,18:11:00,18,52425
07/01/16,18:12:00,19,28188
07/01/16,18:13:00,18,64284
07/01/16,18:14:00,19,55386
07/01/16,18:15:00,20,19964
07/01/16,18:16:00,20,28875
07/01/16,18:17:00,19,7393
07/01/16,18:18:00,18,68654
07/01/16,18:19:00,18,83192
07/01/16,18:20:00,19,67936
07/01/16,18:21:00,19,78417
07/01/16,18:22:00,18,78337
07/01/16,18:23:00,19,33661
07/01/16,18:24:00,18,98702
07/01/16,18:25:00,18,24104
07/01/16,18:26:00,18,69776
07/01/16,18:27:00,18,77587
07/01/16,18:28:00,19,05299
07/01/16,18:29:00,18,69831
07/01/16,18:30:00,19,41495
07/01/16,18:31:00,19,517
07/01/16,18:32:00,18,55447
07/01/16,18:33:00,19,04037
07/01/16,18:34:00,18,78774
07/01/16,18:35:00,18,19953
07/01/16,18:36:00,17,66108
07/01/16,18:37:00,18,4869
07/01/16,18:38:00,18,49234
07/01/16,18:39:00,18,48877
07/01/16,18:40:00,18,77679
07/01/16,18:41:00,19,23849
07/01/16,18:42:00,18,41013
07/01/16,18:43:00,18,58946
07/01/16,18:44:00,18,63963
07/01/16,18:45:00,18,31405
07/01/16,18:46:00,19,36249
07/01/16,18:47:00,19,35869
07/01/16,18:48:00,18,43096
07/01/16,18:49:00,17,49941
07/01/16,18:50:00,17,77846
07/01/16,18:51:00,17,24704
07/01/16,18:52:00,16,86967
07/01/16,18:53:00,17,508
07/01/16,18:54:00,17,65247
07/01/16,18:55:00,17,9379
07/01/16,18:56:00,18,25094
07/01/16,18:57:00,19,11724
07/01/16,18:58:00,18,72927
07/01/16,18:59:00,18,6792
07/01/16,19:00:00,19,03445
07/01/16,19:01:00,18,77254
07/01/16,19:02:00,18,74777
07/01/16,19:03:00,18,73486
07/01/16,19:04:00,17,37253
07/01/16,19:05:00,18,69325
07/01/16,19:06:00,17,75306
07/01/16,19:07:00,17,86064
07/01/16,19:08:00,18,05097
07/01/16,19:09:00,17,8594
07/01/16,19:10:00,18,84678
07/01/16,19:11:00,18,53306
07/01/16,19:12:00,17,92533
07/01/16,19:13:00,18,40249
07/01/16,19:14:00,18,52756
07/01/16,19:15:00,18,51261
07/01/16,19:16:00,17,85272
07/01/16,19:17:00,18,47681
07/01/16,19:18:00,17,01709
07/01/16,19:19:00,16,96414
07/01/16,19:20:00,17,55743
07/01/16,19:21:00,18,43378
07/01/16,19:22:00,18,19551
07/01/16,19:23:00,17,82793
07/01/16,19:24:00,18,2968
07/01/16,19:25:00,17,48787
07/01/16,19:26:00,17,71108
07/01/16,19:27:00,16,63825
07/01/16,19:28:00,16,7752
07/01/16,19:29:00,17,47604
07/01/16,19:30:00,17,17657
07/01/16,19:31:00,16,58906
07/01/16,19:32:00,16,93395
07/01/16,19:33:00,16,39025
07/01/16,19:34:00,17,17803
07/01/16,19:35:00,16,69103
07/01/16,19:36:00,16,69891
07/01/16,19:37:00,16,78666
07/01/16,19:38:00,17,10894
07/01/16,19:39:00,16,12879
07/01/16,19:40:00,16,10635
07/01/16,19:41:00,16,56885
07/01/16,19:42:00,16,50487
07/01/16,19:43:00,16,74528
07/01/16,19:44:00,16,83068
07/01/16,19:45:00,16,91575
07/01/16,19:46:00,17,12097
07/01/16,19:47:00,16,76537
07/01/16,19:48:00,17,12197
07/01/16,19:49:00,17,9987
07/01/16,19:50:00,17,09777
07/01/16,19:51:00,16,46199
07/01/16,19:52:00,17,53395
07/01/16,19:53:00,17,1771
07/01/16,19:54:00,17,08946
07/01/16,19:55:00,17,45702
07/01/16,19:56:00,16,27668
07/01/16,19:57:00,16,28283
07/01/16,19:58:00,16,78255
07/01/16,19:59:00,16,98926
07/01/16,20:00:00,16,52393
07/01/16,20:01:00,16,41388
07/01/16,20:02:00,16,97728
07/01/16,20:03:00,17,16019
07/01/16,20:04:00,17,19046
07/01/16,20:05:00,16,92639
07/01/16,20:06:00,16,19074
07/01/16,20:07:00,16,88656
07/01/16,20:08:00,17,13724
07/01/16,20:09:00,17,53082
07/01/16,20:10:00,17,25565
07/01/16,20:11:00,17,3151
07/01/16,20:12:00,16,88481
07/01/16,20:13:00,16,70157
07/01/16,20:14:00,16,96314
07/01/16,20:15:00,16,80532
07/01/16,20:16:00,16,37437
07/01/16,20:17:00,16,72509
07/01/16,20:18:00,16,61344
07/01/16,20:19:00,17,46614
07/01/16,20:20:00,17,46212
07/01/16,20:21:00,16,71978
07/01/16,20:22:00,16,3302
07/01/16,20:23:00,15,64244
07/01/16,20:24:00,15,77577
07/01/16,20:25:00,14,67917
07/01/16,20:26:00,14,68078
07/01/16,20:27:00,16,18634
07/01/16,20:28:00,14,51549
07/01/16,20:29:00,13,92107
07/01/16,20:30:00,14,59306
07/01/16,20:31:00,15,12849
07/01/16,20:32:00,15,8022
07/01/16,20:33:00,15,88846
07/01/16,20:34:00,15,09431
07/01/16,20:35:00,15,41738
07/01/16,20:36:00,15,59362
07/01/16,20:37:00,14,02606
07/01/16,20:38:00,13,53332
07/01/16,20:39:00,15,50933
07/01/16,20:40:00,15,48954
07/01/16,20:41:00,14,76514
07/01/16,20:42:00,15,91479
07/01/16,20:43:00,15,08042
07/01/16,20:44:00,14,32098
07/01/16,20:45:00,15,79748
07/01/16,20:46:00,16,46284
07/01/16,20:47:00,15,16287
07/01/16,20:48:00,14,726
07/01/16,20:49:00,15,96332
07/01/16,20:50:00,16,21829
07/01/16,20:51:00,15,33798
07/01/16,20:52:00,15,70585
07/01/16,20:53:00,14,89217
07/01/16,20:54:00,14,78928
07/01/16,20:55:00,15,10832
07/01/16,20:56:00,16,01336
07/01/16,20:57:00,15,26897
07/01/16,20:58:00,15,66438
07/01/16,20:59:00,14,9063
07/01/16,21:00:00,14,72489
07/01/16,21:01:00,15,57917
07/01/16,21:02:00,16,25947
07/01/16,21:03:00,15,60737
07/01/16,21:04:00,15,27914
07/01/16,21:05:00,15,41497
07/01/16,21:06:00,15,39667
07/01/16,21:07:00,15,31781
07/01/16,21:08:00,14,8101
07/01/16,21:09:00,13,93776
07/01/16,21:10:00,15,2746
07/01/16,21:11:00,15,89617
07/01/16,21:12:00,16,31708
07/01/16,21:13:00,15,40681
07/01/16,21:14:00,16,6937
07/01/16,21:15:00,16,82864
07/01/16,21:16:00,15,81071
07/01/16,21:17:00,15,5134
07/01/16,21:18:00,15,48594
07/01/16,21:19:00,15,6741
07/01/16,21:20:00,15,77216
07/01/16,21:21:00,15,5734
07/01/16,21:22:00,15,04032
07/01/16,21:23:00,15,45557
07/01/16,21:24:00,16,13712
07/01/16,21:25:00,15,17793
07/01/16,21:26:00,15,3475
07/01/16,21:27:00,9,950754
07/01/16,21:28:00,0
07/01/16,21:29:00,0
07/01/16,21:30:00,0
07/01/16,21:31:00,0
07/01/16,21:32:00,0
07/01/16,21:33:00,0
07/01/16,21:34:00,0
07/01/16,21:35:00,0
07/01/16,21:36:00,0
07/01/16,21:37:00,0
07/01/16,21:38:00,0
07/01/16,21:39:00,0
07/01/16,21:40:00,0
07/01/16,21:41:00,0
07/01/16,21:42:00,0
07/01/16,21:43:00,0
07/01/16,21:44:00,0
07/01/16,21:45:00,0
07/01/16,21:46:00,0
07/01/16,21:47:00,0
07/01/16,21:48:00,0
07/01/16,21:49:00,0
07/01/16,21:50:00,0
07/01/16,21:51:00,0
07/01/16,21:52:00,0
07/01/16,21:53:00,0
07/01/16,21:54:00,0
07/01/16,21:55:00,0
07/01/16,21:56:00,0
07/01/16,21:57:00,0
07/01/16,21:58:00,0
07/01/16,21:59:00,0
07/01/16,22:00:00,0
07/01/16,22:01:00,0
07/01/16,22:02:00,0
07/01/16,22:03:00,0
07/01/16,22:04:00,0
07/01/16,22:05:00,0
07/01/16,22:06:00,0
07/01/16,22:07:00,0
07/01/16,22:08:00,0
07/01/16,22:09:00,0
07/01/16,22:10:00,0
07/01/16,22:11:00,0
07/01/16,22:12:00,0
07/01/16,22:13:00,0
07/01/16,22:14:00,0
07/01/16,22:15:00,0
07/01/16,22:16:00,12,71961
07/01/16,22:17:00,14,31471
07/01/16,22:18:00,16,87614
07/01/16,22:19:00,17,65574
07/01/16,22:20:00,17,48441
07/01/16,22:21:00,16,26843
07/01/16,22:22:00,17,30563
07/01/16,22:23:00,16,66782
07/01/16,22:24:00,16,78217
07/01/16,22:25:00,16,16664
07/01/16,22:26:00,16,2065
07/01/16,22:27:00,16,78781
07/01/16,22:28:00,15,99547
07/01/16,22:29:00,15,99454
07/01/16,22:30:00,16,22542
07/01/16,22:31:00,15,86662
07/01/16,22:32:00,15,59218
07/01/16,22:33:00,15,83932
07/01/16,22:34:00,14,93527
07/01/16,22:35:00,15,99189
07/01/16,22:36:00,16,24076
07/01/16,22:37:00,17,04916
07/01/16,22:38:00,17,30877
07/01/16,22:39:00,17,61596
07/01/16,22:40:00,17,97367
07/01/16,22:41:00,17,13125
07/01/16,22:42:00,19,18283
07/01/16,22:43:00,16,41571
07/01/16,22:44:00,16,35795
07/01/16,22:45:00,16,79368
07/01/16,22:46:00,16,24183
07/01/16,22:47:00,16,3954
07/01/16,22:48:00,16,23109
07/01/16,22:49:00,15,95106
07/01/16,22:50:00,15,85608
07/01/16,22:51:00,16,78125
07/01/16,22:52:00,17,29055
07/01/16,22:53:00,16,6806
07/01/16,22:54:00,16,33905
07/01/16,22:55:00,16,35882
07/01/16,22:56:00,15,50324
07/01/16,22:57:00,15,60318
07/01/16,22:58:00,17,45672
07/01/16,22:59:00,16,92787
07/01/16,23:00:00,16,33663
07/01/16,23:01:00,16,38477
07/01/16,23:02:00,15,53009
07/01/16,23:03:00,15,79689
07/01/16,23:04:00,16,33785
07/01/16,23:05:00,15,29972
07/01/16,23:06:00,15,84801
07/01/16,23:07:00,16,55951
07/01/16,23:08:00,16,61191
07/01/16,23:09:00,16,18961
07/01/16,23:10:00,16,23833
07/01/16,23:11:00,16,51381
07/01/16,23:12:00,16,23517
07/01/16,23:13:00,16,44771
07/01/16,23:14:00,16,77952
07/01/16,23:15:00,17,00477
07/01/16,23:16:00,16,87963
07/01/16,23:17:00,17,44922
07/01/16,23:18:00,16,52564
07/01/16,23:19:00,16,80255
07/01/16,23:20:00,17,10957
07/01/16,23:21:00,16,9211
07/01/16,23:22:00,16,70238
07/01/16,23:23:00,17,6422
07/01/16,23:24:00,17,12446
07/01/16,23:25:00,16,72337
07/01/16,23:26:00,17,91413
07/01/16,23:27:00,17,51681
07/01/16,23:28:00,16,4807
07/01/16,23:29:00,17,02433
07/01/16,23:30:00,17,56059
07/01/16,23:31:00,17,09065
07/01/16,23:32:00,17,68291
07/01/16,23:33:00,17,56915
07/01/16,23:34:00,16,31022
07/01/16,23:35:00,16,15671
07/01/16,23:36:00,16,18362
07/01/16,23:37:00,16,16679
07/01/16,23:38:00,16,84278
07/01/16,23:39:00,17,15404
07/01/16,23:40:00,17,19412
07/01/16,23:41:00,16,54064
07/01/16,23:42:00,17,56347
07/01/16,23:43:00,16,88052
07/01/16,23:44:00,17,4491
07/01/16,23:45:00,17,2062
07/01/16,23:46:00,17,17474
07/01/16,23:47:00,15,34267
07/01/16,23:48:00,16,04848
07/01/16,23:49:00,16,79324
07/01/16,23:50:00,16,14991
07/01/16,23:51:00,17,02404
07/01/16,23:52:00,17,01857
07/01/16,23:53:00,16,63093
07/01/16,23:54:00,16,61853
07/01/16,23:55:00,17,53926
07/01/16,23:56:00,16,948
07/01/16,23:57:00,16,70957
07/01/16,23:58:00,17,05003
07/01/16,23:59:00,16,21279
07/02/16,00:00:00,16,57206
07/02/16,00:01:00,16,5304
07/02/16,00:02:00,17,27378
07/02/16,00:03:00,17,69249
07/02/16,00:04:00,18,02265
07/02/16,00:05:00,16,24091
07/02/16,00:06:00,15,50528
07/02/16,00:07:00,15,98231
07/02/16,00:08:00,16,941
07/02/16,00:09:00,16,44503
07/02/16,00:10:00,16,84856
07/02/16,00:11:00,16,75454
07/02/16,00:12:00,16,83213
07/02/16,00:13:00,16,42551
07/02/16,00:14:00,16,95722
07/02/16,00:15:00,17,35511
07/02/16,00:16:00,16,79274
07/02/16,00:17:00,16,95157
07/02/16,00:18:00,16,54802
07/02/16,00:19:00,16,46608
07/02/16,00:20:00,16,21387
07/02/16,00:21:00,16,32336
07/02/16,00:22:00,15,91073
07/02/16,00:23:00,16,56077
07/02/16,00:24:00,17,23125
07/02/16,00:25:00,17,19474
07/02/16,00:26:00,16,85024
07/02/16,00:27:00,16,83258
07/02/16,00:28:00,16,28253
07/02/16,00:29:00,16,52039
07/02/16,00:30:00,16,71994
07/02/16,00:31:00,16,34926
07/02/16,00:32:00,16,34693
07/02/16,00:33:00,17,27037
07/02/16,00:34:00,16,38111
07/02/16,00:35:00,17,36838
07/02/16,00:36:00,16,33446
07/02/16,00:37:00,16,65734
07/02/16,00:38:00,16,73509
07/02/16,00:39:00,16,97094
07/02/16,00:40:00,16,84293
07/02/16,00:41:00,16,51361
07/02/16,00:42:00,17,22426
07/02/16,00:43:00,17,56998
07/02/16,00:44:00,17,14279
07/02/16,00:45:00,16,75746
07/02/16,00:46:00,16,79256
07/02/16,00:47:00,16,1602
07/02/16,00:48:00,16,15616
07/02/16,00:49:00,16,52624
07/02/16,00:50:00,16,16575
07/02/16,00:51:00,16,19056
07/02/16,00:52:00,16,90275
07/02/16,00:53:00,17,14555
07/02/16,00:54:00,17,37762
07/02/16,00:55:00,17,23825
07/02/16,00:56:00,16,71511
07/02/16,00:57:00,16,77889
07/02/16,00:58:00,17,56771
07/02/16,00:59:00,17,61024
07/02/16,01:00:00,17,62845
07/02/16,01:01:00,17,20415
07/02/16,01:02:00,17,23863
07/02/16,01:03:00,17,14404
07/02/16,01:04:00,17,81179
07/02/16,01:05:00,18,87008
07/02/16,01:06:00,16,47517
07/02/16,01:07:00,16,05597
07/02/16,01:08:00,16,61939
07/02/16,01:09:00,16,51206
07/02/16,01:10:00,16,46165
07/02/16,01:11:00,16,89625
07/02/16,01:12:00,17,93687
07/02/16,01:13:00,17,73098
07/02/16,01:14:00,17,32408
07/02/16,01:15:00,17,81293
07/02/16,01:16:00,16,45189
07/02/16,01:17:00,16,23033
07/02/16,01:18:00,16,83125
07/02/16,01:19:00,16,89708
07/02/16,01:20:00,16,90188
07/02/16,01:21:00,16,82392
07/02/16,01:22:00,7,936396
07/02/16,01:23:00,0
07/02/16,01:24:00,0
07/02/16,01:25:00,0
07/02/16,01:26:00,0
07/02/16,01:27:00,0
07/02/16,01:28:00,0
07/02/16,01:29:00,0
07/02/16,01:30:00,0
07/02/16,01:31:00,10,90647
07/02/16,01:32:00,14,95947
07/02/16,01:33:00,16,49681
07/02/16,01:34:00,16,29836
07/02/16,01:35:00,16,74541
07/02/16,01:36:00,16,96132
07/02/16,01:37:00,17,01194
07/02/16,01:38:00,17,10704
07/02/16,01:39:00,16,79266
07/02/16,01:40:00,16,27448
07/02/16,01:41:00,16,54973
07/02/16,01:42:00,16,28158
07/02/16,01:43:00,16,59769
07/02/16,01:44:00,16,75649
07/02/16,01:45:00,16,18425
07/02/16,01:46:00,16,765
07/02/16,01:47:00,16,69263
07/02/16,01:48:00,16,54989
07/02/16,01:49:00,15,93305
07/02/16,01:50:00,16,26453
07/02/16,01:51:00,16,21469
07/02/16,01:52:00,16,43188
07/02/16,01:53:00,16,83615
07/02/16,01:54:00,16,15128
07/02/16,01:55:00,15,53203
07/02/16,01:56:00,16,55885
07/02/16,01:57:00,16,41099
07/02/16,01:58:00,16,62505
07/02/16,01:59:00,16,68124
07/02/16,02:00:00,16,86315
07/02/16,02:01:00,16,41188
07/02/16,02:02:00,17,56068
07/02/16,02:03:00,17,86791
07/02/16,02:04:00,17,29409
07/02/16,02:05:00,16,84526
07/02/16,02:06:00,16,18197
07/02/16,02:07:00,15,38009
07/02/16,02:08:00,15,52968
07/02/16,02:09:00,17,32828
07/02/16,02:10:00,16,81577
07/02/16,02:11:00,16,85082
07/02/16,02:12:00,17,21466
07/02/16,02:13:00,17,18248
07/02/16,02:14:00,16,68654
07/02/16,02:15:00,16,71073
07/02/16,02:16:00,16,52331
07/02/16,02:17:00,17,14789
07/02/16,02:18:00,16,92983
07/02/16,02:19:00,17,42445
07/02/16,02:20:00,16,78442
07/02/16,02:21:00,16,79031
07/02/16,02:22:00,17,26966
07/02/16,02:23:00,16,17871
07/02/16,02:24:00,15,71474
07/02/16,02:25:00,16,93404
07/02/16,02:26:00,16,25515
07/02/16,02:27:00,16,9344
07/02/16,02:28:00,16,67704
07/02/16,02:29:00,16,52751
07/02/16,02:30:00,16,4748
07/02/16,02:31:00,17,15114
07/02/16,02:32:00,17,063
07/02/16,02:33:00,16,84979
07/02/16,02:34:00,16,98522
07/02/16,02:35:00,16,83504
07/02/16,02:36:00,16,28958
07/02/16,02:37:00,16,3765
07/02/16,02:38:00,16,29194
07/02/16,02:39:00,17,30592
07/02/16,02:40:00,17,2119
07/02/16,02:41:00,17,4175
07/02/16,02:42:00,17,16107
07/02/16,02:43:00,17,40682
07/02/16,02:44:00,16,57182
07/02/16,02:45:00,15,56603
07/02/16,02:46:00,15,98662
07/02/16,02:47:00,17,08511
07/02/16,02:48:00,16,0861
07/02/16,02:49:00,16,72509
07/02/16,02:50:00,16,90272
07/02/16,02:51:00,16,516
07/02/16,02:52:00,16,36289
07/02/16,02:53:00,17,39817
07/02/16,02:54:00,17,03505
07/02/16,02:55:00,16,30859
07/02/16,02:56:00,16,5406
07/02/16,02:57:00,17,80224
07/02/16,02:58:00,17,18614
07/02/16,02:59:00,17,0644
07/02/16,03:00:00,17,43723
07/02/16,03:01:00,17,2164
07/02/16,03:02:00,17,94764
07/02/16,03:03:00,18,31844
07/02/16,03:04:00,17,51185
07/02/16,03:05:00,16,91575
07/02/16,03:06:00,16,40041
07/02/16,03:07:00,16,98621
07/02/16,03:08:00,16,48131
07/02/16,03:09:00,16,8522
07/02/16,03:10:00,17,18452
07/02/16,03:11:00,15,80411
07/02/16,03:12:00,15,38201
07/02/16,03:13:00,16,63218
07/02/16,03:14:00,16,59075
07/02/16,03:15:00,16,79601
07/02/16,03:16:00,17,4438
07/02/16,03:17:00,16,83682
07/02/16,03:18:00,16,44401
07/02/16,03:19:00,17,06048
07/02/16,03:20:00,16,87171
07/02/16,03:21:00,16,22696
07/02/16,03:22:00,16,2722
07/02/16,03:23:00,16,96995
07/02/16,03:24:00,17,09673
07/02/16,03:25:00,17,19801
07/02/16,03:26:00,16,91516
07/02/16,03:27:00,16,66708
07/02/16,03:28:00,16,36801
07/02/16,03:29:00,15,86758
07/02/16,03:30:00,16,06407
07/02/16,03:31:00,17,23931
07/02/16,03:32:00,16,56515
07/02/16,03:33:00,16,59431
07/02/16,03:34:00,16,05913
07/02/16,03:35:00,16,86123
07/02/16,03:36:00,16,61311
07/02/16,03:37:00,17,05695
07/02/16,03:38:00,16,80468
07/02/16,03:39:00,16,24769
07/02/16,03:40:00,16,82351
07/02/16,03:41:00,18,20473
07/02/16,03:42:00,17,5218
07/02/16,03:43:00,16,87632
07/02/16,03:44:00,17,09372
07/02/16,03:45:00,17,6874
07/02/16,03:46:00,16,69689
07/02/16,03:47:00,17,37309
07/02/16,03:48:00,18,11082
07/02/16,03:49:00,16,79282
07/02/16,03:50:00,17,79666
07/02/16,03:51:00,17,28685
07/02/16,03:52:00,15,83099
07/02/16,03:53:00,16,60615
07/02/16,03:54:00,15,87362
07/02/16,03:55:00,15,95106
07/02/16,03:56:00,16,32252
07/02/16,03:57:00,17,00857
07/02/16,03:58:00,16,00048
07/02/16,03:59:00,15,49273
07/02/16,04:00:00,15,48543
07/02/16,04:01:00,11,72205
07/02/16,04:02:00,10,60623
07/02/16,04:03:00,10,80014
07/02/16,04:04:00,1,422082
07/02/16,04:05:00,0
07/02/16,04:06:00,0
07/02/16,04:07:00,0
07/02/16,04:08:00,0
07/02/16,04:09:00,0
07/02/16,04:10:00,0
07/02/16,04:11:00,0
07/02/16,04:12:00,0
07/02/16,04:13:00,0
07/02/16,04:14:00,0
07/02/16,04:15:00,0
07/02/16,04:16:00,0
07/02/16,04:17:00,0
07/02/16,04:18:00,0
07/02/16,04:19:00,0
07/02/16,04:20:00,0
07/02/16,04:21:00,0
07/02/16,04:22:00,0
07/02/16,04:23:00,0
07/02/16,04:24:00,0
07/02/16,04:25:00,0
07/02/16,04:26:00,0
07/02/16,04:27:00,0
07/02/16,04:28:00,0
07/02/16,04:29:00,0
07/02/16,04:30:00,0
07/02/16,04:31:00,0
07/02/16,04:32:00,0
07/02/16,04:33:00,0
07/02/16,04:34:00,0
07/02/16,04:35:00,0
07/02/16,04:36:00,0
07/02/16,04:37:00,0
07/02/16,04:38:00,0
07/02/16,04:39:00,0
07/02/16,04:40:00,0
07/02/16,04:41:00,0
07/02/16,04:42:00,0
07/02/16,04:43:00,0
07/02/16,04:44:00,0
07/02/16,04:45:00,0
07/02/16,04:46:00,0
07/02/16,04:47:00,0
07/02/16,04:48:00,0
07/02/16,04:49:00,0
07/02/16,04:50:00,0
07/02/16,04:51:00,0
07/02/16,04:52:00,0
07/02/16,04:53:00,0
07/02/16,04:54:00,0
07/02/16,04:55:00,0
07/02/16,04:56:00,0
07/02/16,04:57:00,0
07/02/16,04:58:00,0
07/02/16,04:59:00,0
07/02/16,05:00:00,0
07/02/16,05:01:00,0
07/02/16,05:02:00,0
07/02/16,05:03:00,0
07/02/16,05:04:00,0
07/02/16,05:05:00,0
07/02/16,05:06:00,0
07/02/16,05:07:00,0
07/02/16,05:08:00,0
07/02/16,05:09:00,0
07/02/16,05:10:00,0
07/02/16,05:11:00,0
07/02/16,05:12:00,0
07/02/16,05:13:00,0
07/02/16,05:14:00,0
07/02/16,05:15:00,0
07/02/16,05:16:00,0
07/02/16,05:17:00,0
07/02/16,05:18:00,0
07/02/16,05:19:00,0
07/02/16,05:20:00,0
07/02/16,05:21:00,0
07/02/16,05:22:00,0
07/02/16,05:23:00,0
07/02/16,05:24:00,0
07/02/16,05:25:00,0
07/02/16,05:26:00,0
07/02/16,05:27:00,0
07/02/16,05:28:00,0
07/02/16,05:29:00,0
07/02/16,05:30:00,0
07/02/16,05:31:00,0
07/02/16,05:32:00,0
07/02/16,05:33:00,0
07/02/16,05:34:00,0
07/02/16,05:35:00,0
07/02/16,05:36:00,0
07/02/16,05:37:00,0
07/02/16,05:38:00,0
07/02/16,05:39:00,0
07/02/16,05:40:00,0
07/02/16,05:41:00,0
07/02/16,05:42:00,0
07/02/16,05:43:00,0
07/02/16,05:44:00,0
07/02/16,05:45:00,0
07/02/16,05:46:00,0
07/02/16,05:47:00,0
07/02/16,05:48:00,0
07/02/16,05:49:00,0
07/02/16,05:50:00,0
07/02/16,05:51:00,0
07/02/16,05:52:00,0
07/02/16,05:53:00,0
07/02/16,05:54:00,0
07/02/16,05:55:00,0
07/02/16,05:56:00,0
07/02/16,05:57:00,0
07/02/16,05:58:00,0
07/02/16,05:59:00,0
07/02/16,06:00:00,0
07/02/16,06:01:00,0
07/02/16,06:02:00,0
07/02/16,06:03:00,0
07/02/16,06:04:00,0
07/02/16,06:05:00,0
07/02/16,06:06:00,0
07/02/16,06:07:00,0
07/02/16,06:08:00,0
07/02/16,06:09:00,0
07/02/16,06:10:00,0
07/02/16,06:11:00,0
07/02/16,06:12:00,0
07/02/16,06:13:00,0
07/02/16,06:14:00,0,1578849
07/02/16,06:15:00,0,4905564
07/02/16,06:16:00,0,9605858
07/02/16,06:17:00,1,175081
07/02/16,06:18:00,1,380005
07/02/16,06:19:00,1,487883
07/02/16,06:20:00,1,829285
07/02/16,06:21:00,1,997838
07/02/16,06:22:00,2,233398
07/02/16,06:23:00,2,184512
07/02/16,06:24:00,2,446427
07/02/16,06:25:00,2,323038
07/02/16,06:26:00,1,2655
07/02/16,06:27:00,0,3714902
07/02/16,06:28:00,0
07/02/16,06:29:00,0
07/02/16,06:30:00,0
07/02/16,06:31:00,0
07/02/16,06:32:00,0,2559388
07/02/16,06:33:00,1,270653
07/02/16,06:34:00,2,481606
07/02/16,06:35:00,3,708215
07/02/16,06:36:00,10,93115
07/02/16,06:37:00,21,77651
07/02/16,06:38:00,27,92865
07/02/16,06:39:00,30
07/02/16,06:40:00,30
07/02/16,06:41:00,30
07/02/16,06:42:00,30
07/02/16,06:43:00,30
07/02/16,06:44:00,30
07/02/16,06:45:00,30
07/02/16,06:46:00,30
07/02/16,06:47:00,30
07/02/16,06:48:00,30
07/02/16,06:49:00,30
07/02/16,06:50:00,30
07/02/16,06:51:00,30
07/02/16,06:52:00,30
07/02/16,06:53:00,30
07/02/16,06:54:00,30
07/02/16,06:55:00,30
07/02/16,06:56:00,30
07/02/16,06:57:00,30
07/02/16,06:58:00,30
07/02/16,06:59:00,30
07/02/16,07:00:00,30
07/02/16,07:01:00,30
07/02/16,07:02:00,30
07/02/16,07:03:00,30
07/02/16,07:04:00,30
07/02/16,07:05:00,30
07/02/16,07:06:00,30
07/02/16,07:07:00,30
07/02/16,07:08:00,30
07/02/16,07:09:00,30
07/02/16,07:10:00,30
07/02/16,07:11:00,30
07/02/16,07:12:00,30
07/02/16,07:13:00,30
07/02/16,07:14:00,30
07/02/16,07:15:00,30
07/02/16,07:16:00,30
07/02/16,07:17:00,30
07/02/16,07:18:00,30
07/02/16,07:19:00,30
07/02/16,07:20:00,30
07/02/16,07:21:00,30
07/02/16,07:22:00,30
07/02/16,07:23:00,30
07/02/16,07:24:00,30
07/02/16,07:25:00,30
07/02/16,07:26:00,30
07/02/16,07:27:00,30
07/02/16,07:28:00,30
07/02/16,07:29:00,30
07/02/16,07:30:00,30
07/02/16,07:31:00,30
07/02/16,07:32:00,30
07/02/16,07:33:00,30
07/02/16,07:34:00,30
07/02/16,07:35:00,30
07/02/16,07:36:00,30
07/02/16,07:37:00,30
07/02/16,07:38:00,30
07/02/16,07:39:00,30
07/02/16,07:40:00,30
07/02/16,07:41:00,30
07/02/16,07:42:00,30
07/02/16,07:43:00,30
07/02/16,07:44:00,30
07/02/16,07:45:00,30
07/02/16,07:46:00,30
07/02/16,07:47:00,30
07/02/16,07:48:00,30
07/02/16,07:49:00,30
07/02/16,07:50:00,30
07/02/16,07:51:00,30
07/02/16,07:52:00,30
07/02/16,07:53:00,30
07/02/16,07:54:00,30
07/02/16,07:55:00,30
07/02/16,07:56:00,30
07/02/16,07:57:00,30
07/02/16,07:58:00,30
07/02/16,07:59:00,30
07/02/16,08:00:00,30
07/02/16,08:01:00,30
07/02/16,08:02:00,30
07/02/16,08:03:00,30
07/02/16,08:04:00,30
07/02/16,08:05:00,30
07/02/16,08:06:00,30
07/02/16,08:07:00,30
07/02/16,08:08:00,30
07/02/16,08:09:00,30
07/02/16,08:10:00,30
07/02/16,08:11:00,30
07/02/16,08:12:00,30
07/02/16,08:13:00,30
07/02/16,08:14:00,30
07/02/16,08:15:00,30
07/02/16,08:16:00,30
07/02/16,08:17:00,30
07/02/16,08:18:00,30
07/02/16,08:19:00,30
07/02/16,08:20:00,30
07/02/16,08:21:00,30
07/02/16,08:22:00,30
07/02/16,08:23:00,30
07/02/16,08:24:00,30
07/02/16,08:25:00,30
07/02/16,08:26:00,30
07/02/16,08:27:00,30
07/02/16,08:28:00,30
07/02/16,08:29:00,30
07/02/16,08:30:00,30
07/02/16,08:31:00,30
07/02/16,08:32:00,30
07/02/16,08:33:00,30
07/02/16,08:34:00,30
07/02/16,08:35:00,30
07/02/16,08:36:00,30
07/02/16,08:37:00,30
07/02/16,08:38:00,30
07/02/16,08:39:00,30
07/02/16,08:40:00,30
07/02/16,08:41:00,30
07/02/16,08:42:00,30
07/02/16,08:43:00,30
07/02/16,08:44:00,30
07/02/16,08:45:00,30
07/02/16,08:46:00,30
07/02/16,08:47:00,30
07/02/16,08:48:00,30
07/02/16,08:49:00,30
07/02/16,08:50:00,30
07/02/16,08:51:00,30
07/02/16,08:52:00,30
07/02/16,08:53:00,30
07/02/16,08:54:00,30
07/02/16,08:55:00,30
07/02/16,08:56:00,30
07/02/16,08:57:00,30
07/02/16,08:58:00,30
07/02/16,08:59:00,30
07/02/16,09:00:00,30
07/02/16,09:01:00,30
07/02/16,09:02:00,30
07/02/16,09:03:00,30
07/02/16,09:04:00,30
07/02/16,09:05:00,30
07/02/16,09:06:00,30
07/02/16,09:07:00,30
07/02/16,09:08:00,30
07/02/16,09:09:00,30
07/02/16,09:10:00,30
07/02/16,09:11:00,30
07/02/16,09:12:00,30
07/02/16,09:13:00,30
07/02/16,09:14:00,30
07/02/16,09:15:00,30
07/02/16,09:16:00,30
07/02/16,09:17:00,30
07/02/16,09:18:00,30
07/02/16,09:19:00,30
07/02/16,09:20:00,30
07/02/16,09:21:00,30
07/02/16,09:22:00,30
07/02/16,09:23:00,30
07/02/16,09:24:00,30
07/02/16,09:25:00,30
07/02/16,09:26:00,30
07/02/16,09:27:00,30
07/02/16,09:28:00,30
07/02/16,09:29:00,30
07/02/16,09:30:00,30
07/02/16,09:31:00,30
07/02/16,09:32:00,30
07/02/16,09:33:00,30
07/02/16,09:34:00,30
07/02/16,09:35:00,30
07/02/16,09:36:00,30
07/02/16,09:37:00,30
07/02/16,09:38:00,30
07/02/16,09:39:00,30
07/02/16,09:40:00,30
07/02/16,09:41:00,30
07/02/16,09:42:00,30
07/02/16,09:43:00,30
07/02/16,09:44:00,30
07/02/16,09:45:00,30
07/02/16,09:46:00,30
07/02/16,09:47:00,30
07/02/16,09:48:00,30
07/02/16,09:49:00,30
07/02/16,09:50:00,30
07/02/16,09:51:00,30
07/02/16,09:52:00,30
07/02/16,09:53:00,30
07/02/16,09:54:00,30
07/02/16,09:55:00,30
07/02/16,09:56:00,30
07/02/16,09:57:00,30
07/02/16,09:58:00,30
07/02/16,09:59:00,30
07/02/16,10:00:00,30
07/02/16,10:01:00,30
07/02/16,10:02:00,30
07/02/16,10:03:00,30
07/02/16,10:04:00,30
07/02/16,10:05:00,30
07/02/16,10:06:00,30
07/02/16,10:07:00,30
07/02/16,10:08:00,30
07/02/16,10:09:00,30
07/02/16,10:10:00,30
07/02/16,10:11:00,30
07/02/16,10:12:00,30
07/02/16,10:13:00,30
07/02/16,10:14:00,30
07/02/16,10:15:00,30
07/02/16,10:16:00,30
07/02/16,10:17:00,30
07/02/16,10:18:00,30
07/02/16,10:19:00,30
07/02/16,10:20:00,30
07/02/16,10:21:00,30
07/02/16,10:22:00,30
07/02/16,10:23:00,30
07/02/16,10:24:00,30
07/02/16,10:25:00,30
07/02/16,10:26:00,30
07/02/16,10:27:00,30
07/02/16,10:28:00,30
07/02/16,10:29:00,30
07/02/16,10:30:00,30
07/02/16,10:31:00,30
07/02/16,10:32:00,30
07/02/16,10:33:00,30
07/02/16,10:34:00,30
07/02/16,10:35:00,30
07/02/16,10:36:00,30
07/02/16,10:37:00,30
07/02/16,10:38:00,30
07/02/16,10:39:00,30
07/02/16,10:40:00,30
07/02/16,10:41:00,30
07/02/16,10:42:00,30
07/02/16,10:43:00,30
07/02/16,10:44:00,30
07/02/16,10:45:00,30
07/02/16,10:46:00,30
07/02/16,10:47:00,30
07/02/16,10:48:00,30
07/02/16,10:49:00,30
07/02/16,10:50:00,30
07/02/16,10:51:00,30
07/02/16,10:52:00,30
07/02/16,10:53:00,30
07/02/16,10:54:00,30
07/02/16,10:55:00,30
07/02/16,10:56:00,30
07/02/16,10:57:00,30
07/02/16,10:58:00,30
07/02/16,10:59:00,30
07/02/16,11:00:00,30
07/02/16,11:01:00,30
07/02/16,11:02:00,30
07/02/16,11:03:00,30
07/02/16,11:04:00,30
07/02/16,11:05:00,30
07/02/16,11:06:00,30
07/02/16,11:07:00,30
07/02/16,11:08:00,30
07/02/16,11:09:00,30
07/02/16,11:10:00,30
07/02/16,11:11:00,30
07/02/16,11:12:00,30
07/02/16,11:13:00,30
07/02/16,11:14:00,30
07/02/16,11:15:00,30
07/02/16,11:16:00,30
07/02/16,11:17:00,30
07/02/16,11:18:00,30
07/02/16,11:19:00,30
07/02/16,11:20:00,30
07/02/16,11:21:00,30
07/02/16,11:22:00,30
07/02/16,11:23:00,30
07/02/16,11:24:00,30
07/02/16,11:25:00,30
07/02/16,11:26:00,30
07/02/16,11:27:00,30
07/02/16,11:28:00,30
07/02/16,11:29:00,30
07/02/16,11:30:00,30
07/02/16,11:31:00,30
07/02/16,11:32:00,30
07/02/16,11:33:00,30
07/02/16,11:34:00,30
07/02/16,11:35:00,30
07/02/16,11:36:00,30
07/02/16,11:37:00,30
07/02/16,11:38:00,30
07/02/16,11:39:00,30
07/02/16,11:40:00,30
07/02/16,11:41:00,30
07/02/16,11:42:00,30
07/02/16,11:43:00,30
07/02/16,11:44:00,30
07/02/16,11:45:00,30
07/02/16,11:46:00,30
07/02/16,11:47:00,30
07/02/16,11:48:00,30
07/02/16,11:49:00,30
07/02/16,11:50:00,30
07/02/16,11:51:00,30
07/02/16,11:52:00,30
07/02/16,11:53:00,30
07/02/16,11:54:00,30
07/02/16,11:55:00,30
07/02/16,11:56:00,30
07/02/16,11:57:00,30
07/02/16,11:58:00,30
07/02/16,11:59:00,30
07/02/16,12:00:00,
07/02/16,12:01:00,
07/02/16,12:02:00,
07/02/16,12:03:00,
07/02/16,12:04:00,
07/02/16,12:05:00,
07/02/16,12:06:00,
07/02/16,12:07:00,
07/02/16,12:08:00,
07/02/16,12:09:00,
07/02/16,12:10:00,
07/02/16,12:11:00,
07/02/16,12:12:00,
07/02/16,12:13:00,
07/02/16,12:14:00,
07/02/16,12:15:00,
07/02/16,12:16:00,
07/02/16,12:17:00,
07/02/16,12:18:00,
07/02/16,12:19:00,
07/02/16,12:20:00,
07/02/16,12:21:00,
07/02/16,12:22:00,
07/02/16,12:23:00,
07/02/16,12:24:00,
07/02/16,12:25:00,
07/02/16,12:26:00,
07/02/16,12:27:00,
07/02/16,12:28:00,
07/02/16,12:29:00,
07/02/16,12:30:00,
07/02/16,12:31:00,
07/02/16,12:32:00,
07/02/16,12:33:00,
07/02/16,12:34:00,
07/02/16,12:35:00,
07/02/16,12:36:00,
07/02/16,12:37:00,
07/02/16,12:38:00,
07/02/16,12:39:00,
07/02/16,12:40:00,
07/02/16,12:41:00,
07/02/16,12:42:00,
07/02/16,12:43:00,
07/02/16,12:44:00,
07/02/16,12:45:00,
07/02/16,12:46:00,
07/02/16,12:47:00,
07/02/16,12:48:00,
07/02/16,12:49:00,
07/02/16,12:50:00,
07/02/16,12:51:00,
07/02/16,12:52:00,
07/02/16,12:53:00,
07/02/16,12:54:00,
07/02/16,12:55:00,
07/02/16,12:56:00,
07/02/16,12:57:00,
07/02/16,12:58:00,
07/02/16,12:59:00,
07/02/16,13:00:00,
07/02/16,13:01:00,
07/02/16,13:02:00,
07/02/16,13:03:00,
07/02/16,13:04:00,
07/02/16,13:05:00,
07/02/16,13:06:00,
07/02/16,13:07:00,
07/02/16,13:08:00,
07/02/16,13:09:00,
07/02/16,13:10:00,
07/02/16,13:11:00,
07/02/16,13:12:00,
07/02/16,13:13:00,
07/02/16,13:14:00,
07/02/16,13:15:00,
07/02/16,13:16:00,
07/02/16,13:17:00,
07/02/16,13:18:00,
07/02/16,13:19:00,
07/02/16,13:20:00,
07/02/16,13:21:00,
07/02/16,13:22:00,
07/02/16,13:23:00,
07/02/16,13:24:00,
07/02/16,13:25:00,
07/02/16,13:26:00,
07/02/16,13:27:00,
07/02/16,13:28:00,
07/02/16,13:29:00,
07/02/16,13:30:00,
07/02/16,13:31:00,
07/02/16,13:32:00,
07/02/16,13:33:00,
07/02/16,13:34:00,
07/02/16,13:35:00,
07/02/16,13:36:00,
07/02/16,13:37:00,
07/02/16,13:38:00,
07/02/16,13:39:00,
07/02/16,13:40:00,
07/02/16,13:41:00,
07/02/16,13:42:00,
07/02/16,13:43:00,
07/02/16,13:44:00,
07/02/16,13:45:00,
07/02/16,13:46:00,
07/02/16,13:47:00,
07/02/16,13:48:00,
07/02/16,13:49:00,
07/02/16,13:50:00,
07/02/16,13:51:00,
07/02/16,13:52:00,
07/02/16,13:53:00,
07/02/16,13:54:00,
07/02/16,13:55:00,
07/02/16,13:56:00,
07/02/16,13:57:00,
07/02/16,13:58:00,
07/02/16,13:59:00,
07/02/16,14:00:00,
07/02/16,14:01:00,
07/02/16,14:02:00,
07/02/16,14:03:00,
07/02/16,14:04:00,
07/02/16,14:05:00,
07/02/16,14:06:00,
07/02/16,14:07:00,
07/02/16,14:08:00,
07/02/16,14:09:00,
07/02/16,14:10:00,
07/02/16,14:11:00,
07/02/16,14:12:00,
07/02/16,14:13:00,
07/02/16,14:14:00,
07/02/16,14:15:00,
07/02/16,14:16:00,
07/02/16,14:17:00,
07/02/16,14:18:00,
07/02/16,14:19:00,
07/02/16,14:20:00,
07/02/16,14:21:00,
07/02/16,14:22:00,
07/02/16,14:23:00,
07/02/16,14:24:00,
07/02/16,14:25:00,
07/02/16,14:26:00,
07/02/16,14:27:00,
07/02/16,14:28:00,
07/02/16,14:29:00,
07/02/16,14:30:00,
07/02/16,14:31:00,
07/02/16,14:32:00,
07/02/16,14:33:00,
07/02/16,14:34:00,
07/02/16,14:35:00,
07/02/16,14:36:00,
07/02/16,14:37:00,
07/02/16,14:38:00,
07/02/16,14:39:00,
07/02/16,14:40:00,
07/02/16,14:41:00,
07/02/16,14:42:00,
07/02/16,14:43:00,
07/02/16,14:44:00,
07/02/16,14:45:00,
07/02/16,14:46:00,
07/02/16,14:47:00,
07/02/16,14:48:00,
07/02/16,14:49:00,
07/02/16,14:50:00,
07/02/16,14:51:00,
07/02/16,14:52:00,
07/02/16,14:53:00,
07/02/16,14:54:00,
07/02/16,14:55:00,
07/02/16,14:56:00,
07/02/16,14:57:00,
07/02/16,14:58:00,
07/02/16,14:59:00,
07/02/16,15:00:00,
07/02/16,15:01:00,
07/02/16,15:02:00,
07/02/16,15:03:00,
07/02/16,15:04:00,
07/02/16,15:05:00,
07/02/16,15:06:00,
07/02/16,15:07:00,
07/02/16,15:08:00,
07/02/16,15:09:00,
07/02/16,15:10:00,
07/02/16,15:11:00,
07/02/16,15:12:00,
07/02/16,15:13:00,
07/02/16,15:14:00,
07/02/16,15:15:00,
07/02/16,15:16:00,
07/02/16,15:17:00,
07/02/16,15:18:00,
07/02/16,15:19:00,
07/02/16,15:20:00,
07/02/16,15:21:00,
07/02/16,15:22:00,
07/02/16,15:23:00,
07/02/16,15:24:00,
07/02/16,15:25:00,
07/02/16,15:26:00,
07/02/16,15:27:00,
07/02/16,15:28:00,
07/02/16,15:29:00,
07/02/16,15:30:00,
07/02/16,15:31:00,
07/02/16,15:32:00,
07/02/16,15:33:00,
07/02/16,15:34:00,
07/02/16,15:35:00,
07/02/16,15:36:00,
07/02/16,15:37:00,
07/02/16,15:38:00,
07/02/16,15:39:00,
07/02/16,15:40:00,
07/02/16,15:41:00,
07/02/16,15:42:00,
07/02/16,15:43:00,
07/02/16,15:44:00,
07/02/16,15:45:00,
07/02/16,15:46:00,
07/02/16,15:47:00,
07/02/16,15:48:00,
07/02/16,15:49:00,
07/02/16,15:50:00,
07/02/16,15:51:00,
07/02/16,15:52:00,
07/02/16,15:53:00,
07/02/16,15:54:00,
07/02/16,15:55:00,
07/02/16,15:56:00,
07/02/16,15:57:00,
07/02/16,15:58:00,
07/02/16,15:59:00,
07/02/16,16:00:00,
07/02/16,16:01:00,
07/02/16,16:02:00,
07/02/16,16:03:00,
07/02/16,16:04:00,
07/02/16,16:05:00,
07/02/16,16:06:00,
07/02/16,16:07:00,
07/02/16,16:08:00,
07/02/16,16:09:00,
07/02/16,16:10:00,
07/02/16,16:11:00,
07/02/16,16:12:00,
07/02/16,16:13:00,
07/02/16,16:14:00,
07/02/16,16:15:00,
07/02/16,16:16:00,
07/02/16,16:17:00,
07/02/16,16:18:00,
07/02/16,16:19:00,
07/02/16,16:20:00,
07/02/16,16:21:00,
07/02/16,16:22:00,
07/02/16,16:23:00,
07/02/16,16:24:00,
07/02/16,16:25:00,
07/02/16,16:26:00,
07/02/16,16:27:00,
07/02/16,16:28:00,
07/02/16,16:29:00,
07/02/16,16:30:00,
07/02/16,16:31:00,
07/02/16,16:32:00,
07/02/16,16:33:00,
07/02/16,16:34:00,
07/02/16,16:35:00,
07/02/16,16:36:00,
07/02/16,16:37:00,
07/02/16,16:38:00,
07/02/16,16:39:00,
07/02/16,16:40:00,
07/02/16,16:41:00,
07/02/16,16:42:00,
07/02/16,16:43:00,
07/02/16,16:44:00,
07/02/16,16:45:00,
07/02/16,16:46:00,
07/02/16,16:47:00,
07/02/16,16:48:00,
07/02/16,16:49:00,
07/02/16,16:50:00,
07/02/16,16:51:00,
07/02/16,16:52:00,
07/02/16,16:53:00,
07/02/16,16:54:00,
07/02/16,16:55:00,
07/02/16,16:56:00,
07/02/16,16:57:00,
07/02/16,16:58:00,
07/02/16,16:59:00,
07/02/16,17:00:00,
07/02/16,17:01:00,
07/02/16,17:02:00,
07/02/16,17:03:00,
07/02/16,17:04:00,
07/02/16,17:05:00,
07/02/16,17:06:00,
07/02/16,17:07:00,
07/02/16,17:08:00,
07/02/16,17:09:00,
07/02/16,17:10:00,
07/02/16,17:11:00,
07/02/16,17:12:00,
07/02/16,17:13:00,
07/02/16,17:14:00,
07/02/16,17:15:00,
07/02/16,17:16:00,
07/02/16,17:17:00,
07/02/16,17:18:00,
07/02/16,17:19:00,
07/02/16,17:20:00,
07/02/16,17:21:00,
07/02/16,17:22:00,
07/02/16,17:23:00,
07/02/16,17:24:00,
07/02/16,17:25:00,
07/02/16,17:26:00,
07/02/16,17:27:00,
07/02/16,17:28:00,
07/02/16,17:29:00,
07/02/16,17:30:00,
07/02/16,17:31:00,
07/02/16,17:32:00,
07/02/16,17:33:00,
07/02/16,17:34:00,
07/02/16,17:35:00,
07/02/16,17:36:00,
07/02/16,17:37:00,
07/02/16,17:38:00,
07/02/16,17:39:00,
07/02/16,17:40:00,
07/02/16,17:41:00,
07/02/16,17:42:00,
07/02/16,17:43:00,
07/02/16,17:44:00,
07/02/16,17:45:00,
07/02/16,17:46:00,
07/02/16,17:47:00,
07/02/16,17:48:00,
07/02/16,17:49:00,
07/02/16,17:50:00,
07/02/16,17:51:00,
07/02/16,17:52:00,
07/02/16,17:53:00,
07/02/16,17:54:00,
07/02/16,17:55:00,
07/02/16,17:56:00,
07/02/16,17:57:00,
07/02/16,17:58:00,
07/02/16,17:59:00,
07/02/16,18:00:00,
07/02/16,18:01:00,
07/02/16,18:02:00,
07/02/16,18:03:00,
07/02/16,18:04:00,
07/02/16,18:05:00,
07/02/16,18:06:00,
07/02/16,18:07:00,
07/02/16,18:08:00,
07/02/16,18:09:00,
07/02/16,18:10:00,
07/02/16,18:11:00,
07/02/16,18:12:00,
07/02/16,18:13:00,
07/02/16,18:14:00,
07/02/16,18:15:00,
07/02/16,18:16:00,
07/02/16,18:17:00,
07/02/16,18:18:00,
07/02/16,18:19:00,
07/02/16,18:20:00,
07/02/16,18:21:00,
07/02/16,18:22:00,
07/02/16,18:23:00,
07/02/16,18:24:00,
07/02/16,18:25:00,
07/02/16,18:26:00,
07/02/16,18:27:00,
07/02/16,18:28:00,
07/02/16,18:29:00,
07/02/16,18:30:00,
07/02/16,18:31:00,
07/02/16,18:32:00,
07/02/16,18:33:00,
07/02/16,18:34:00,
07/02/16,18:35:00,
07/02/16,18:36:00,
07/02/16,18:37:00,
07/02/16,18:38:00,
07/02/16,18:39:00,
07/02/16,18:40:00,
07/02/16,18:41:00,
07/02/16,18:42:00,
07/02/16,18:43:00,
07/02/16,18:44:00,
07/02/16,18:45:00,
07/02/16,18:46:00,
07/02/16,18:47:00,
07/02/16,18:48:00,
07/02/16,18:49:00,
07/02/16,18:50:00,
07/02/16,18:51:00,
07/02/16,18:52:00,
07/02/16,18:53:00,
07/02/16,18:54:00,
07/02/16,18:55:00,
07/02/16,18:56:00,
07/02/16,18:57:00,
07/02/16,18:58:00,
07/02/16,18:59:00,
07/02/16,19:00:00,
07/02/16,19:01:00,
07/02/16,19:02:00,
07/02/16,19:03:00,
07/02/16,19:04:00,
07/02/16,19:05:00,
07/02/16,19:06:00,
07/02/16,19:07:00,
07/02/16,19:08:00,
07/02/16,19:09:00,
07/02/16,19:10:00,
07/02/16,19:11:00,
07/02/16,19:12:00,
07/02/16,19:13:00,
07/02/16,19:14:00,
07/02/16,19:15:00,
07/02/16,19:16:00,
07/02/16,19:17:00,
07/02/16,19:18:00,
07/02/16,19:19:00,
07/02/16,19:20:00,
07/02/16,19:21:00,
07/02/16,19:22:00,
07/02/16,19:23:00,
07/02/16,19:24:00,
07/02/16,19:25:00,
07/02/16,19:26:00,
07/02/16,19:27:00,
07/02/16,19:28:00,
07/02/16,19:29:00,
07/02/16,19:30:00,
07/02/16,19:31:00,
07/02/16,19:32:00,
07/02/16,19:33:00,
07/02/16,19:34:00,
07/02/16,19:35:00,
07/02/16,19:36:00,
07/02/16,19:37:00,
07/02/16,19:38:00,
07/02/16,19:39:00,
07/02/16,19:40:00,
07/02/16,19:41:00,
07/02/16,19:42:00,
07/02/16,19:43:00,
07/02/16,19:44:00,
07/02/16,19:45:00,
07/02/16,19:46:00,
07/02/16,19:47:00,
07/02/16,19:48:00,
07/02/16,19:49:00,
07/02/16,19:50:00,
07/02/16,19:51:00,
07/02/16,19:52:00,
07/02/16,19:53:00,
07/02/16,19:54:00,
07/02/16,19:55:00,
07/02/16,19:56:00,
07/02/16,19:57:00,
07/02/16,19:58:00,
07/02/16,19:59:00,
07/02/16,20:00:00,
07/02/16,20:01:00,
07/02/16,20:02:00,
07/02/16,20:03:00,
07/02/16,20:04:00,
07/02/16,20:05:00,
07/02/16,20:06:00,
07/02/16,20:07:00,
07/02/16,20:08:00,
07/02/16,20:09:00,
07/02/16,20:10:00,
07/02/16,20:11:00,
07/02/16,20:12:00,
07/02/16,20:13:00,
07/02/16,20:14:00,
07/02/16,20:15:00,
07/02/16,20:16:00,
07/02/16,20:17:00,
07/02/16,20:18:00,
07/02/16,20:19:00,
07/02/16,20:20:00,
07/02/16,20:21:00,
07/02/16,20:22:00,
07/02/16,20:23:00,
07/02/16,20:24:00,
07/02/16,20:25:00,
07/02/16,20:26:00,
07/02/16,20:27:00,
07/02/16,20:28:00,
07/02/16,20:29:00,
07/02/16,20:30:00,
07/02/16,20:31:00,
07/02/16,20:32:00,
07/02/16,20:33:00,
07/02/16,20:34:00,
07/02/16,20:35:00,
07/02/16,20:36:00,
07/02/16,20:37:00,
07/02/16,20:38:00,
07/02/16,20:39:00,
07/02/16,20:40:00,
07/02/16,20:41:00,
07/02/16,20:42:00,
07/02/16,20:43:00,
07/02/16,20:44:00,
07/02/16,20:45:00,
07/02/16,20:46:00,
07/02/16,20:47:00,
07/02/16,20:48:00,
07/02/16,20:49:00,
07/02/16,20:50:00,
07/02/16,20:51:00,
07/02/16,20:52:00,
07/02/16,20:53:00,
07/02/16,20:54:00,
07/02/16,20:55:00,
07/02/16,20:56:00,
07/02/16,20:57:00,
07/02/16,20:58:00,
07/02/16,20:59:00,
07/02/16,21:00:00,
07/02/16,21:01:00,
07/02/16,21:02:00,
07/02/16,21:03:00,
07/02/16,21:04:00,
07/02/16,21:05:00,
07/02/16,21:06:00,
07/02/16,21:07:00,
07/02/16,21:08:00,
07/02/16,21:09:00,
07/02/16,21:10:00,
07/02/16,21:11:00,
07/02/16,21:12:00,
07/02/16,21:13:00,
07/02/16,21:14:00,
07/02/16,21:15:00,
07/02/16,21:16:00,
07/02/16,21:17:00,
07/02/16,21:18:00,
07/02/16,21:19:00,
07/02/16,21:20:00,
07/02/16,21:21:00,
07/02/16,21:22:00,
07/02/16,21:23:00,
07/02/16,21:24:00,
07/02/16,21:25:00,
07/02/16,21:26:00,
07/02/16,21:27:00,
07/02/16,21:28:00,
07/02/16,21:29:00,
07/02/16,21:30:00,
07/02/16,21:31:00,
07/02/16,21:32:00,
07/02/16,21:33:00,
07/02/16,21:34:00,
07/02/16,21:35:00,
07/02/16,21:36:00,
07/02/16,21:37:00,
07/02/16,21:38:00,
07/02/16,21:39:00,
07/02/16,21:40:00,
07/02/16,21:41:00,
07/02/16,21:42:00,
07/02/16,21:43:00,
07/02/16,21:44:00,
07/02/16,21:45:00,
07/02/16,21:46:00,
07/02/16,21:47:00,
07/02/16,21:48:00,
07/02/16,21:49:00,
07/02/16,21:50:00,
07/02/16,21:51:00,
07/02/16,21:52:00,
07/02/16,21:53:00,
07/02/16,21:54:00,
07/02/16,21:55:00,
07/02/16,21:56:00,
07/02/16,21:57:00,
07/02/16,21:58:00,
07/02/16,21:59:00,
07/02/16,22:00:00,
07/02/16,22:01:00,
07/02/16,22:02:00,
07/02/16,22:03:00,
07/02/16,22:04:00,
07/02/16,22:05:00,
07/02/16,22:06:00,
07/02/16,22:07:00,
07/02/16,22:08:00,
07/02/16,22:09:00,
07/02/16,22:10:00,
07/02/16,22:11:00,
07/02/16,22:12:00,
07/02/16,22:13:00,
07/02/16,22:14:00,
07/02/16,22:15:00,
07/02/16,22:16:00,
07/02/16,22:17:00,
07/02/16,22:18:00,
07/02/16,22:19:00,
07/02/16,22:20:00,
07/02/16,22:21:00,
07/02/16,22:22:00,
07/02/16,22:23:00,
07/02/16,22:24:00,
07/02/16,22:25:00,
07/02/16,22:26:00,
07/02/16,22:27:00,
07/02/16,22:28:00,
07/02/16,22:29:00,
07/02/16,22:30:00,
07/02/16,22:31:00,
07/02/16,22:32:00,
07/02/16,22:33:00,
07/02/16,22:34:00,
07/02/16,22:35:00,
07/02/16,22:36:00,
07/02/16,22:37:00,
07/02/16,22:38:00,
07/02/16,22:39:00,
07/02/16,22:40:00,
07/02/16,22:41:00,
07/02/16,22:42:00,
07/02/16,22:43:00,
07/02/16,22:44:00,
07/02/16,22:45:00,
07/02/16,22:46:00,
07/02/16,22:47:00,
07/02/16,22:48:00,
07/02/16,22:49:00,
07/02/16,22:50:00,
07/02/16,22:51:00,
07/02/16,22:52:00,
07/02/16,22:53:00,
07/02/16,22:54:00,
07/02/16,22:55:00,
07/02/16,22:56:00,
07/02/16,22:57:00,
07/02/16,22:58:00,
07/02/16,22:59:00,
07/02/16,23:00:00,
07/02/16,23:01:00,
07/02/16,23:02:00,
07/02/16,23:03:00,
07/02/16,23:04:00,
07/02/16,23:05:00,
07/02/16,23:06:00,
07/02/16,23:07:00,
07/02/16,23:08:00,
07/02/16,23:09:00,
07/02/16,23:10:00,
07/02/16,23:11:00,
07/02/16,23:12:00,
07/02/16,23:13:00,
07/02/16,23:14:00,
07/02/16,23:15:00,
07/02/16,23:16:00,
07/02/16,23:17:00,
07/02/16,23:18:00,
07/02/16,23:19:00,
07/02/16,23:20:00,
07/02/16,23:21:00,
07/02/16,23:22:00,
07/02/16,23:23:00,
07/02/16,23:24:00,
07/02/16,23:25:00,
07/02/16,23:26:00,
07/02/16,23:27:00,
07/02/16,23:28:00,
07/02/16,23:29:00,
07/02/16,23:30:00,
07/02/16,23:31:00,
07/02/16,23:32:00,
07/02/16,23:33:00,
07/02/16,23:34:00,
07/02/16,23:35:00,
07/02/16,23:36:00,
07/02/16,23:37:00,
07/02/16,23:38:00,
07/02/16,23:39:00,
07/02/16,23:40:00,
07/02/16,23:41:00,
07/02/16,23:42:00,
07/02/16,23:43:00,
07/02/16,23:44:00,
07/02/16,23:45:00,
07/02/16,23:46:00,
07/02/16,23:47:00,
07/02/16,23:48:00,
07/02/16,23:49:00,
07/02/16,23:50:00,
07/02/16,23:51:00,
07/02/16,23:52:00,
07/02/16,23:53:00,
07/02/16,23:54:00,
07/02/16,23:55:00,
07/02/16,23:56:00,
07/02/16,23:57:00,
07/02/16,23:58:00,
07/02/16,23:59:00,
07/03/16,00:00:00,
07/03/16,00:01:00,
07/03/16,00:02:00,
07/03/16,00:03:00,
07/03/16,00:04:00,
07/03/16,00:05:00,
07/03/16,00:06:00,
07/03/16,00:07:00,
07/03/16,00:08:00,
07/03/16,00:09:00,
07/03/16,00:10:00,
07/03/16,00:11:00,
07/03/16,00:12:00,
07/03/16,00:13:00,
07/03/16,00:14:00,
07/03/16,00:15:00,
07/03/16,00:16:00,
07/03/16,00:17:00,
07/03/16,00:18:00,
07/03/16,00:19:00,
07/03/16,00:20:00,
07/03/16,00:21:00,
07/03/16,00:22:00,
07/03/16,00:23:00,
07/03/16,00:24:00,
07/03/16,00:25:00,
07/03/16,00:26:00,
07/03/16,00:27:00,
07/03/16,00:28:00,
07/03/16,00:29:00,
07/03/16,00:30:00,
07/03/16,00:31:00,
07/03/16,00:32:00,
07/03/16,00:33:00,
07/03/16,00:34:00,
07/03/16,00:35:00,
07/03/16,00:36:00,
07/03/16,00:37:00,
07/03/16,00:38:00,
07/03/16,00:39:00,
07/03/16,00:40:00,
07/03/16,00:41:00,
07/03/16,00:42:00,
07/03/16,00:43:00,
07/03/16,00:44:00,
07/03/16,00:45:00,
07/03/16,00:46:00,
07/03/16,00:47:00,
07/03/16,00:48:00,
07/03/16,00:49:00,
07/03/16,00:50:00,
07/03/16,00:51:00,
07/03/16,00:52:00,
07/03/16,00:53:00,
07/03/16,00:54:00,
07/03/16,00:55:00,
07/03/16,00:56:00,
07/03/16,00:57:00,
07/03/16,00:58:00,
07/03/16,00:59:00,
07/03/16,01:00:00,
07/03/16,01:01:00,
07/03/16,01:02:00,
07/03/16,01:03:00,
07/03/16,01:04:00,
07/03/16,01:05:00,
07/03/16,01:06:00,
07/03/16,01:07:00,
07/03/16,01:08:00,
07/03/16,01:09:00,
07/03/16,01:10:00,
07/03/16,01:11:00,
07/03/16,01:12:00,
07/03/16,01:13:00,
07/03/16,01:14:00,
07/03/16,01:15:00,
07/03/16,01:16:00,
07/03/16,01:17:00,
07/03/16,01:18:00,
07/03/16,01:19:00,
07/03/16,01:20:00,
07/03/16,01:21:00,
07/03/16,01:22:00,
07/03/16,01:23:00,
07/03/16,01:24:00,
07/03/16,01:25:00,
07/03/16,01:26:00,
07/03/16,01:27:00,
07/03/16,01:28:00,
07/03/16,01:29:00,
07/03/16,01:30:00,
07/03/16,01:31:00,
07/03/16,01:32:00,
07/03/16,01:33:00,
07/03/16,01:34:00,
07/03/16,01:35:00,
07/03/16,01:36:00,
07/03/16,01:37:00,
07/03/16,01:38:00,
07/03/16,01:39:00,
07/03/16,01:40:00,
07/03/16,01:41:00,
07/03/16,01:42:00,
07/03/16,01:43:00,
07/03/16,01:44:00,
07/03/16,01:45:00,
07/03/16,01:46:00,
07/03/16,01:47:00,
07/03/16,01:48:00,
07/03/16,01:49:00,
07/03/16,01:50:00,
07/03/16,01:51:00,
07/03/16,01:52:00,
07/03/16,01:53:00,
07/03/16,01:54:00,
07/03/16,01:55:00,
07/03/16,01:56:00,
07/03/16,01:57:00,
07/03/16,01:58:00,
07/03/16,01:59:00,
07/03/16,02:00:00,
07/03/16,02:01:00,
07/03/16,02:02:00,
07/03/16,02:03:00,
07/03/16,02:04:00,
07/03/16,02:05:00,
07/03/16,02:06:00,
07/03/16,02:07:00,
07/03/16,02:08:00,
07/03/16,02:09:00,
07/03/16,02:10:00,
07/03/16,02:11:00,
07/03/16,02:12:00,
07/03/16,02:13:00,
07/03/16,02:14:00,
07/03/16,02:15:00,
07/03/16,02:16:00,
07/03/16,02:17:00,
07/03/16,02:18:00,
07/03/16,02:19:00,
07/03/16,02:20:00,
07/03/16,02:21:00,
07/03/16,02:22:00,
07/03/16,02:23:00,
07/03/16,02:24:00,
07/03/16,02:25:00,
07/03/16,02:26:00,
07/03/16,02:27:00,
07/03/16,02:28:00,
07/03/16,02:29:00,
07/03/16,02:30:00,
07/03/16,02:31:00,
07/03/16,02:32:00,
07/03/16,02:33:00,
07/03/16,02:34:00,
07/03/16,02:35:00,
07/03/16,02:36:00,
07/03/16,02:37:00,
07/03/16,02:38:00,
07/03/16,02:39:00,
07/03/16,02:40:00,
07/03/16,02:41:00,
07/03/16,02:42:00,
07/03/16,02:43:00,
07/03/16,02:44:00,
07/03/16,02:45:00,
07/03/16,02:46:00,
07/03/16,02:47:00,
07/03/16,02:48:00,
07/03/16,02:49:00,
07/03/16,02:50:00,
07/03/16,02:51:00,
07/03/16,02:52:00,
07/03/16,02:53:00,
07/03/16,02:54:00,
07/03/16,02:55:00,
07/03/16,02:56:00,
07/03/16,02:57:00,
07/03/16,02:58:00,
07/03/16,02:59:00,
07/03/16,03:00:00,
07/03/16,03:01:00,
07/03/16,03:02:00,
07/03/16,03:03:00,
07/03/16,03:04:00,
07/03/16,03:05:00,
07/03/16,03:06:00,
07/03/16,03:07:00,
07/03/16,03:08:00,
07/03/16,03:09:00,
07/03/16,03:10:00,
07/03/16,03:11:00,
07/03/16,03:12:00,
07/03/16,03:13:00,
07/03/16,03:14:00,
07/03/16,03:15:00,
07/03/16,03:16:00,
07/03/16,03:17:00,
07/03/16,03:18:00,
07/03/16,03:19:00,
07/03/16,03:20:00,
07/03/16,03:21:00,
07/03/16,03:22:00,
07/03/16,03:23:00,
07/03/16,03:24:00,
07/03/16,03:25:00,
07/03/16,03:26:00,
07/03/16,03:27:00,
07/03/16,03:28:00,
07/03/16,03:29:00,
07/03/16,03:30:00,
07/03/16,03:31:00,
07/03/16,03:32:00,
07/03/16,03:33:00,
07/03/16,03:34:00,
07/03/16,03:35:00,
07/03/16,03:36:00,
07/03/16,03:37:00,
07/03/16,03:38:00,
07/03/16,03:39:00,
07/03/16,03:40:00,
07/03/16,03:41:00,
07/03/16,03:42:00,
07/03/16,03:43:00,
07/03/16,03:44:00,
07/03/16,03:45:00,
07/03/16,03:46:00,
07/03/16,03:47:00,
07/03/16,03:48:00,
07/03/16,03:49:00,
07/03/16,03:50:00,
07/03/16,03:51:00,
07/03/16,03:52:00,
07/03/16,03:53:00,
07/03/16,03:54:00,
07/03/16,03:55:00,
07/03/16,03:56:00,
07/03/16,03:57:00,
07/03/16,03:58:00,
07/03/16,03:59:00,
07/03/16,04:00:00,
07/03/16,04:01:00,
07/03/16,04:02:00,
07/03/16,04:03:00,
07/03/16,04:04:00,
07/03/16,04:05:00,
07/03/16,04:06:00,
07/03/16,04:07:00,
07/03/16,04:08:00,
07/03/16,04:09:00,
07/03/16,04:10:00,
07/03/16,04:11:00,
07/03/16,04:12:00,
07/03/16,04:13:00,
07/03/16,04:14:00,
07/03/16,04:15:00,
07/03/16,04:16:00,
07/03/16,04:17:00,
07/03/16,04:18:00,
07/03/16,04:19:00,
07/03/16,04:20:00,
07/03/16,04:21:00,
07/03/16,04:22:00,
07/03/16,04:23:00,
07/03/16,04:24:00,
07/03/16,04:25:00,
07/03/16,04:26:00,
07/03/16,04:27:00,
07/03/16,04:28:00,
07/03/16,04:29:00,
07/03/16,04:30:00,
07/03/16,04:31:00,
07/03/16,04:32:00,
07/03/16,04:33:00,
07/03/16,04:34:00,
07/03/16,04:35:00,
07/03/16,04:36:00,
07/03/16,04:37:00,
07/03/16,04:38:00,
07/03/16,04:39:00,
07/03/16,04:40:00,
07/03/16,04:41:00,
07/03/16,04:42:00,
07/03/16,04:43:00,
07/03/16,04:44:00,
07/03/16,04:45:00,
07/03/16,04:46:00,
07/03/16,04:47:00,
07/03/16,04:48:00,
07/03/16,04:49:00,
07/03/16,04:50:00,
07/03/16,04:51:00,
07/03/16,04:52:00,
07/03/16,04:53:00,
07/03/16,04:54:00,
07/03/16,04:55:00,
07/03/16,04:56:00,
07/03/16,04:57:00,
07/03/16,04:58:00,
07/03/16,04:59:00,
07/03/16,05:00:00,
07/03/16,05:01:00,
07/03/16,05:02:00,
07/03/16,05:03:00,
07/03/16,05:04:00,
07/03/16,05:05:00,
07/03/16,05:06:00,
07/03/16,05:07:00,
07/03/16,05:08:00,
07/03/16,05:09:00,
07/03/16,05:10:00,
07/03/16,05:11:00,
07/03/16,05:12:00,
07/03/16,05:13:00,
07/03/16,05:14:00,
07/03/16,05:15:00,
07/03/16,05:16:00,
07/03/16,05:17:00,
07/03/16,05:18:00,
07/03/16,05:19:00,
07/03/16,05:20:00,
07/03/16,05:21:00,
07/03/16,05:22:00,
07/03/16,05:23:00,
07/03/16,05:24:00,
07/03/16,05:25:00,
07/03/16,05:26:00,
07/03/16,05:27:00,
07/03/16,05:28:00,
07/03/16,05:29:00,
07/03/16,05:30:00,
07/03/16,05:31:00,
07/03/16,05:32:00,
07/03/16,05:33:00,
07/03/16,05:34:00,
07/03/16,05:35:00,
07/03/16,05:36:00,
07/03/16,05:37:00,
07/03/16,05:38:00,
07/03/16,05:39:00,
07/03/16,05:40:00,
07/03/16,05:41:00,
07/03/16,05:42:00,
07/03/16,05:43:00,
07/03/16,05:44:00,
07/03/16,05:45:00,
07/03/16,05:46:00,
07/03/16,05:47:00,
07/03/16,05:48:00,
07/03/16,05:49:00,
07/03/16,05:50:00,
07/03/16,05:51:00,
07/03/16,05:52:00,
07/03/16,05:53:00,
07/03/16,05:54:00,
07/03/16,05:55:00,
07/03/16,05:56:00,
07/03/16,05:57:00,
07/03/16,05:58:00,
07/03/16,05:59:00,
07/03/16,06:00:00,
07/03/16,06:01:00,
07/03/16,06:02:00,
07/03/16,06:03:00,
07/03/16,06:04:00,
07/03/16,06:05:00,
07/03/16,06:06:00,
07/03/16,06:07:00,
07/03/16,06:08:00,
07/03/16,06:09:00,
07/03/16,06:10:00,
07/03/16,06:11:00,
07/03/16,06:12:00,
07/03/16,06:13:00,
07/03/16,06:14:00,
07/03/16,06:15:00,
07/03/16,06:16:00,
07/03/16,06:17:00,
07/03/16,06:18:00,
07/03/16,06:19:00,
07/03/16,06:20:00,
07/03/16,06:21:00,
07/03/16,06:22:00,
07/03/16,06:23:00,
07/03/16,06:24:00,
07/03/16,06:25:00,
07/03/16,06:26:00,
07/03/16,06:27:00,
07/03/16,06:28:00,
07/03/16,06:29:00,
07/03/16,06:30:00,
07/03/16,06:31:00,
07/03/16,06:32:00,
07/03/16,06:33:00,
07/03/16,06:34:00,
07/03/16,06:35:00,
07/03/16,06:36:00,
07/03/16,06:37:00,
07/03/16,06:38:00,
07/03/16,06:39:00,
07/03/16,06:40:00,
07/03/16,06:41:00,
07/03/16,06:42:00,
07/03/16,06:43:00,
07/03/16,06:44:00,
07/03/16,06:45:00,
07/03/16,06:46:00,
07/03/16,06:47:00,
07/03/16,06:48:00,
07/03/16,06:49:00,
07/03/16,06:50:00,
07/03/16,06:51:00,
07/03/16,06:52:00,
07/03/16,06:53:00,
07/03/16,06:54:00,
07/03/16,06:55:00,
07/03/16,06:56:00,
07/03/16,06:57:00,
07/03/16,06:58:00,
07/03/16,06:59:00,
07/03/16,07:00:00,
07/03/16,07:01:00,
07/03/16,07:02:00,
07/03/16,07:03:00,
07/03/16,07:04:00,
07/03/16,07:05:00,
07/03/16,07:06:00,
07/03/16,07:07:00,
07/03/16,07:08:00,
07/03/16,07:09:00,
07/03/16,07:10:00,
07/03/16,07:11:00,
07/03/16,07:12:00,
07/03/16,07:13:00,
07/03/16,07:14:00,
07/03/16,07:15:00,
07/03/16,07:16:00,
07/03/16,07:17:00,
07/03/16,07:18:00,
07/03/16,07:19:00,
07/03/16,07:20:00,
07/03/16,07:21:00,
07/03/16,07:22:00,
07/03/16,07:23:00,
07/03/16,07:24:00,
07/03/16,07:25:00,
07/03/16,07:26:00,
07/03/16,07:27:00,
07/03/16,07:28:00,
07/03/16,07:29:00,
07/03/16,07:30:00,
07/03/16,07:31:00,
07/03/16,07:32:00,
07/03/16,07:33:00,
07/03/16,07:34:00,
07/03/16,07:35:00,
07/03/16,07:36:00,
07/03/16,07:37:00,
07/03/16,07:38:00,
07/03/16,07:39:00,
07/03/16,07:40:00,
07/03/16,07:41:00,
07/03/16,07:42:00,
07/03/16,07:43:00,
07/03/16,07:44:00,
07/03/16,07:45:00,
07/03/16,07:46:00,
07/03/16,07:47:00,
07/03/16,07:48:00,
07/03/16,07:49:00,
07/03/16,07:50:00,
07/03/16,07:51:00,
07/03/16,07:52:00,
07/03/16,07:53:00,
07/03/16,07:54:00,
07/03/16,07:55:00,
07/03/16,07:56:00,
07/03/16,07:57:00,
07/03/16,07:58:00,
07/03/16,07:59:00,
07/03/16,08:00:00,
07/03/16,08:01:00,
07/03/16,08:02:00,
07/03/16,08:03:00,
07/03/16,08:04:00,
07/03/16,08:05:00,
07/03/16,08:06:00,
07/03/16,08:07:00,
07/03/16,08:08:00,
07/03/16,08:09:00,
07/03/16,08:10:00,
07/03/16,08:11:00,
07/03/16,08:12:00,
07/03/16,08:13:00,
07/03/16,08:14:00,
07/03/16,08:15:00,
07/03/16,08:16:00,
07/03/16,08:17:00,
07/03/16,08:18:00,
07/03/16,08:19:00,
07/03/16,08:20:00,
07/03/16,08:21:00,
07/03/16,08:22:00,
07/03/16,08:23:00,
07/03/16,08:24:00,
07/03/16,08:25:00,
07/03/16,08:26:00,
07/03/16,08:27:00,
07/03/16,08:28:00,
07/03/16,08:29:00,
07/03/16,08:30:00,
07/03/16,08:31:00,
07/03/16,08:32:00,
07/03/16,08:33:00,
07/03/16,08:34:00,
07/03/16,08:35:00,
07/03/16,08:36:00,
07/03/16,08:37:00,
07/03/16,08:38:00,
07/03/16,08:39:00,
07/03/16,08:40:00,
07/03/16,08:41:00,
07/03/16,08:42:00,
07/03/16,08:43:00,
07/03/16,08:44:00,
07/03/16,08:45:00,
07/03/16,08:46:00,
07/03/16,08:47:00,
07/03/16,08:48:00,
07/03/16,08:49:00,
07/03/16,08:50:00,
07/03/16,08:51:00,
07/03/16,08:52:00,
07/03/16,08:53:00,
07/03/16,08:54:00,
07/03/16,08:55:00,
07/03/16,08:56:00,
07/03/16,08:57:00,
07/03/16,08:58:00,
07/03/16,08:59:00,
07/03/16,09:00:00,
07/03/16,09:01:00,
07/03/16,09:02:00,
07/03/16,09:03:00,
07/03/16,09:04:00,
07/03/16,09:05:00,
07/03/16,09:06:00,
07/03/16,09:07:00,
07/03/16,09:08:00,
07/03/16,09:09:00,
07/03/16,09:10:00,
07/03/16,09:11:00,
07/03/16,09:12:00,
07/03/16,09:13:00,
07/03/16,09:14:00,
07/03/16,09:15:00,
07/03/16,09:16:00,
07/03/16,09:17:00,
07/03/16,09:18:00,
07/03/16,09:19:00,
07/03/16,09:20:00,
07/03/16,09:21:00,
07/03/16,09:22:00,
07/03/16,09:23:00,
07/03/16,09:24:00,
07/03/16,09:25:00,
07/03/16,09:26:00,
07/03/16,09:27:00,
07/03/16,09:28:00,
07/03/16,09:29:00,
07/03/16,09:30:00,
07/03/16,09:31:00,
07/03/16,09:32:00,
07/03/16,09:33:00,
07/03/16,09:34:00,
07/03/16,09:35:00,
07/03/16,09:36:00,
07/03/16,09:37:00,
07/03/16,09:38:00,
07/03/16,09:39:00,
07/03/16,09:40:00,
07/03/16,09:41:00,
07/03/16,09:42:00,
07/03/16,09:43:00,
07/03/16,09:44:00,
07/03/16,09:45:00,
07/03/16,09:46:00,
07/03/16,09:47:00,
07/03/16,09:48:00,
07/03/16,09:49:00,
07/03/16,09:50:00,
07/03/16,09:51:00,
07/03/16,09:52:00,
07/03/16,09:53:00,
07/03/16,09:54:00,
07/03/16,09:55:00,
07/03/16,09:56:00,
07/03/16,09:57:00,
07/03/16,09:58:00,
07/03/16,09:59:00,
07/03/16,10:00:00,
07/03/16,10:01:00,
07/03/16,10:02:00,
07/03/16,10:03:00,
07/03/16,10:04:00,
07/03/16,10:05:00,
07/03/16,10:06:00,
07/03/16,10:07:00,
07/03/16,10:08:00,
07/03/16,10:09:00,
07/03/16,10:10:00,
07/03/16,10:11:00,
07/03/16,10:12:00,
07/03/16,10:13:00,
07/03/16,10:14:00,
07/03/16,10:15:00,
07/03/16,10:16:00,
07/03/16,10:17:00,
07/03/16,10:18:00,
07/03/16,10:19:00,
07/03/16,10:20:00,
07/03/16,10:21:00,
07/03/16,10:22:00,
07/03/16,10:23:00,3,92614
07/03/16,10:24:00,4,036603
07/03/16,10:25:00,3,943032
07/03/16,10:26:00,3,940551
07/03/16,10:27:00,3,935348
07/03/16,10:28:00,4,037687
07/03/16,10:29:00,3,896614
07/03/16,10:30:00,4,146008
07/03/16,10:31:00,4,13744
07/03/16,10:32:00,3,933338
07/03/16,10:33:00,4,027429
07/03/16,10:34:00,4,117985
07/03/16,10:35:00,4,021172
07/03/16,10:36:00,3,987801
07/03/16,10:37:00,3,935133
07/03/16,10:38:00,4,138367
07/03/16,10:39:00,4,068285
07/03/16,10:40:00,3,836253
07/03/16,10:41:00,3,947101
07/03/16,10:42:00,4,074987
07/03/16,10:43:00,4,020937
07/03/16,10:44:00,3,918291
07/03/16,10:45:00,3,855066
07/03/16,10:46:00,3,751131
07/03/16,10:47:00,3,728202
07/03/16,10:48:00,3,810392
07/03/16,10:49:00,3,839004
07/03/16,10:50:00,3,83746
07/03/16,10:51:00,3,77758
07/03/16,10:52:00,3,798907
07/03/16,10:53:00,3,837652
07/03/16,10:54:00,3,876258
07/03/16,10:55:00,3,833723
07/03/16,10:56:00,3,836837
07/03/16,10:57:00,3,786887
07/03/16,10:58:00,3,760757
07/03/16,10:59:00,3,799002
07/03/16,11:00:00,3,798421
07/03/16,11:01:00,3,777899
07/03/16,11:02:00,3,945316
07/03/16,11:03:00,3,863103
07/03/16,11:04:00,3,879899
07/03/16,11:05:00,3,774014
07/03/16,11:06:00,3,837413
07/03/16,11:07:00,3,97126
07/03/16,11:08:00,3,748918
07/03/16,11:09:00,3,765057
07/03/16,11:10:00,3,877087
07/03/16,11:11:00,3,773785
07/03/16,11:12:00,3,680494
07/03/16,11:13:00,3,749869
07/03/16,11:14:00,3,746497
07/03/16,11:15:00,3,648061
07/03/16,11:16:00,3,849003
07/03/16,11:17:00,3,648586
07/03/16,11:18:00,3,648075
07/03/16,11:19:00,3,844093
07/03/16,11:20:00,3,656777
07/03/16,11:21:00,3,618562
07/03/16,11:22:00,3,615323
07/03/16,11:23:00,3,61491
07/03/16,11:24:00,3,700366
07/03/16,11:25:00,3,596375
07/03/16,11:26:00,3,67107
07/03/16,11:27:00,3,665602
07/03/16,11:28:00,3,56692
07/03/16,11:29:00,3,67102
07/03/16,11:30:00,3,489972
07/03/16,11:31:00,3,575461
07/03/16,11:32:00,3,563553
07/03/16,11:33:00,3,55213
07/03/16,11:34:00,3,555696
07/03/16,11:35:00,3,754298
07/03/16,11:36:00,3,654453
07/03/16,11:37:00,3,654239
07/03/16,11:38:00,3,649303
07/03/16,11:39:00,3,648723
07/03/16,11:40:00,3,521394
07/03/16,11:41:00,3,557192
07/03/16,11:42:00,3,551381
07/03/16,11:43:00,3,543681
07/03/16,11:44:00,3,634392
07/03/16,11:45:00,3,626514
07/03/16,11:46:00,3,737911
07/03/16,11:47:00,3,674642
07/03/16,11:48:00,3,492423
07/03/16,11:49:00,3,670733
07/03/16,11:50:00,3,582988
07/03/16,11:51:00,3,675071
07/03/16,11:52:00,3,760377
07/03/16,11:53:00,3,454739
07/03/16,11:54:00,3,551424
07/03/16,11:55:00,3,60094
07/03/16,11:56:00,3,571408
07/03/16,11:57:00,3,455575
07/03/16,11:58:00,3,656576
07/03/16,11:59:00,3,483282
07/03/16,12:00:00,3,65282
07/03/16,12:01:00,3,551659
07/03/16,12:02:00,3,558308
07/03/16,12:03:00,3,572529
07/03/16,12:04:00,3,682262
07/03/16,12:05:00,3,560034
07/03/16,12:06:00,3,552277
07/03/16,12:07:00,3,580585
07/03/16,12:08:00,3,554695
07/03/16,12:09:00,3,620466
07/03/16,12:10:00,3,547854
07/03/16,12:11:00,3,52951
07/03/16,12:12:00,3,622615
07/03/16,12:13:00,3,415935
07/03/16,12:14:00,3,644897
07/03/16,12:15:00,3,543712
07/03/16,12:16:00,3,419937
07/03/16,12:17:00,3,478511
07/03/16,12:18:00,3,518833
07/03/16,12:19:00,3,537407
07/03/16,12:20:00,3,559022
07/03/16,12:21:00,3,417883
07/03/16,12:22:00,3,596732
07/03/16,12:23:00,3,612622
07/03/16,12:24:00,3,535003
07/03/16,12:25:00,3,446395
07/03/16,12:26:00,3,459358
07/03/16,12:27:00,3,528908
07/03/16,12:28:00,3,3531
07/03/16,12:29:00,3,412175
07/03/16,12:30:00,3,474792
07/03/16,12:31:00,3,372585
07/03/16,12:32:00,3,461114
07/03/16,12:33:00,3,360809
07/03/16,12:34:00,3,292375
07/03/16,12:35:00,3,345174
07/03/16,12:36:00,3,405021
07/03/16,12:37:00,3,420396
07/03/16,12:38:00,3,535253
07/03/16,12:39:00,3,324703
07/03/16,12:40:00,3,41757
07/03/16,12:41:00,3,2692
07/03/16,12:42:00,3,547291
07/03/16,12:43:00,3,308633
07/03/16,12:44:00,3,403558
07/03/16,12:45:00,3,306283
07/03/16,12:46:00,3,38987
07/03/16,12:47:00,3,306248
07/03/16,12:48:00,3,298952
07/03/16,12:49:00,3,420384
07/03/16,12:50:00,3,365542
07/03/16,12:51:00,3,272175
07/03/16,12:52:00,3,401465
07/03/16,12:53:00,3,46837
07/03/16,12:54:00,3,436249
07/03/16,12:55:00,3,440473
07/03/16,12:56:00,3,367497
07/03/16,12:57:00,3,416102
07/03/16,12:58:00,3,20579
07/03/16,12:59:00,3,196814
07/03/16,13:00:00,3,394225
07/03/16,13:01:00,3,173965
07/03/16,13:02:00,3,327632
07/03/16,13:03:00,3,213932
07/03/16,13:04:00,3,235519
07/03/16,13:05:00,3,281312
07/03/16,13:06:00,3,439917
07/03/16,13:07:00,3,253356
07/03/16,13:08:00,3,245069
07/03/16,13:09:00,3,214874
07/03/16,13:10:00,3,201299
07/03/16,13:11:00,3,262352
07/03/16,13:12:00,3,303057
07/03/16,13:13:00,3,157447
07/03/16,13:14:00,3,244132
07/03/16,13:15:00,3,359006
07/03/16,13:16:00,3,348859
07/03/16,13:17:00,3,094612
07/03/16,13:18:00,3,296259
07/03/16,13:19:00,3,030267
07/03/16,13:20:00,3,153536
07/03/16,13:21:00,3,043206
07/03/16,13:22:00,3,069233
07/03/16,13:23:00,3,036026
07/03/16,13:24:00,3,03791
07/03/16,13:25:00,2,951153
07/03/16,13:26:00,3,038303
07/03/16,13:27:00,2,93416
07/03/16,13:28:00,2,958092
07/03/16,13:29:00,2,946589
07/03/16,13:30:00,2,908999
07/03/16,13:31:00,2,860507
07/03/16,13:32:00,2,964377
07/03/16,13:33:00,2,910476
07/03/16,13:34:00,2,929062
07/03/16,13:35:00,2,940453
07/03/16,13:36:00,2,995896
07/03/16,13:37:00,2,903804
07/03/16,13:38:00,2,889032
07/03/16,13:39:00,2,897317
07/03/16,13:40:00,3,024952
07/03/16,13:41:00,3,113311
07/03/16,13:42:00,2,891765
07/03/16,13:43:00,3,010622
07/03/16,13:44:00,2,891218
07/03/16,13:45:00,2,878407
07/03/16,13:46:00,2,886044
07/03/16,13:47:00,2,995631
07/03/16,13:48:00,2,901638
07/03/16,13:49:00,2,77645
07/03/16,13:50:00,2,860017
07/03/16,13:51:00,2,861931
07/03/16,13:52:00,2,863651
07/03/16,13:53:00,2,822706
07/03/16,13:54:00,2,819793
07/03/16,13:55:00,2,842911
07/03/16,13:56:00,2,823395
07/03/16,13:57:00,2,913219
07/03/16,13:58:00,2,757379
07/03/16,13:59:00,2,862885
07/03/16,14:00:00,2,874196
07/03/16,14:01:00,2,88555
07/03/16,14:02:00,2,840625
07/03/16,14:03:00,2,854128
07/03/16,14:04:00,2,838394
07/03/16,14:05:00,2,907768
07/03/16,14:06:00,2,842882
07/03/16,14:07:00,2,87973
07/03/16,14:08:00,2,865746
07/03/16,14:09:00,2,850422
07/03/16,14:10:00,2,8535
07/03/16,14:11:00,2,740279
07/03/16,14:12:00,2,838923
07/03/16,14:13:00,2,857061
07/03/16,14:14:00,2,878623
07/03/16,14:15:00,2,844923
07/03/16,14:16:00,2,840672
07/03/16,14:17:00,2,876693
07/03/16,14:18:00,2,827371
07/03/16,14:19:00,2,854674
07/03/16,14:20:00,2,773286
07/03/16,14:21:00,2,873283
07/03/16,14:22:00,2,722152
07/03/16,14:23:00,2,793252
07/03/16,14:24:00,2,82056
07/03/16,14:25:00,2,802703
07/03/16,14:26:00,2,855188
07/03/16,14:27:00,2,812272
07/03/16,14:28:00,2,802343
07/03/16,14:29:00,2,810381
07/03/16,14:30:00,2,694058
07/03/16,14:31:00,2,794859
07/03/16,14:32:00,2,70655
07/03/16,14:33:00,2,780985
07/03/16,14:34:00,2,788202
07/03/16,14:35:00,2,7944
07/03/16,14:36:00,2,694898
07/03/16,14:37:00,2,687095
07/03/16,14:38:00,2,877363
07/03/16,14:39:00,2,791703
07/03/16,14:40:00,2,699163
07/03/16,14:41:00,2,819771
07/03/16,14:42:00,2,793203
07/03/16,14:43:00,2,827571
07/03/16,14:44:00,2,882355
07/03/16,14:45:00,2,807224
07/03/16,14:46:00,2,837107
07/03/16,14:47:00,2,711489
07/03/16,14:48:00,2,8536
07/03/16,14:49:00,2,824299
07/03/16,14:50:00,2,702998
07/03/16,14:51:00,2,779074
07/03/16,14:52:00,2,754282
07/03/16,14:53:00,2,776292
07/03/16,14:54:00,2,768657
07/03/16,14:55:00,2,676937
07/03/16,14:56:00,2,731242
07/03/16,14:57:00,2,711778
07/03/16,14:58:00,2,775587
07/03/16,14:59:00,2,780988
07/03/16,15:00:00,2,759419
07/03/16,15:01:00,2,673745
07/03/16,15:02:00,2,729611
07/03/16,15:03:00,2,803052
07/03/16,15:04:00,2,781214
07/03/16,15:05:00,2,701499
07/03/16,15:06:00,2,666315
07/03/16,15:07:00,2,772365
07/03/16,15:08:00,2,660366
07/03/16,15:09:00,2,663603
07/03/16,15:10:00,2,745217
07/03/16,15:11:00,2,735012
07/03/16,15:12:00,2,746994
07/03/16,15:13:00,2,650334
07/03/16,15:14:00,2,713794
07/03/16,15:15:00,2,616566
07/03/16,15:16:00,2,646524
07/03/16,15:17:00,2,600372
07/03/16,15:18:00,2,660756
07/03/16,15:19:00,2,676657
07/03/16,15:20:00,2,583001
07/03/16,15:21:00,2,66084
07/03/16,15:22:00,2,652294
07/03/16,15:23:00,2,605941
07/03/16,15:24:00,2,4752
07/03/16,15:25:00,2,570418
07/03/16,15:26:00,2,544519
07/03/16,15:27:00,2,714947
07/03/16,15:28:00,2,453696
07/03/16,15:29:00,2,687261
07/03/16,15:30:00,2,637085
07/03/16,15:31:00,2,629045
07/03/16,15:32:00,2,537076
07/03/16,15:33:00,2,631976
07/03/16,15:34:00,2,587126
07/03/16,15:35:00,2,451807
07/03/16,15:36:00,2,613024
07/03/16,15:37:00,2,671009
07/03/16,15:38:00,2,650517
07/03/16,15:39:00,2,636178
07/03/16,15:40:00,2,62897
07/03/16,15:41:00,2,773046
07/03/16,15:42:00,2,666017
07/03/16,15:43:00,2,540577
07/03/16,15:44:00,2,555527
07/03/16,15:45:00,2,596854
07/03/16,15:46:00,2,546727
07/03/16,15:47:00,2,642518
07/03/16,15:48:00,2,629717
07/03/16,15:49:00,2,506471
07/03/16,15:50:00,2,497953
07/03/16,15:51:00,2,557529
07/03/16,15:52:00,2,648259
07/03/16,15:53:00,2,533577
07/03/16,15:54:00,2,530362
07/03/16,15:55:00,2,652305
07/03/16,15:56:00,2,601616
07/03/16,15:57:00,2,497612
07/03/16,15:58:00,2,599861
07/03/16,15:59:00,2,605467
07/03/16,16:00:00,2,498065
07/03/16,16:01:00,2,580685
07/03/16,16:02:00,2,603211
07/03/16,16:03:00,2,610157
07/03/16,16:04:00,2,498618
07/03/16,16:05:00,2,605091
07/03/16,16:06:00,2,483118
07/03/16,16:07:00,2,583223
07/03/16,16:08:00,2,593487
07/03/16,16:09:00,2,517111
07/03/16,16:10:00,2,597244
07/03/16,16:11:00,2,58082
07/03/16,16:12:00,2,500077
07/03/16,16:13:00,2,517655
07/03/16,16:14:00,2,626528
07/03/16,16:15:00,2,514861
07/03/16,16:16:00,2,59698
07/03/16,16:17:00,2,497067
07/03/16,16:18:00,2,457603
07/03/16,16:19:00,2,486067
07/03/16,16:20:00,2,495554
07/03/16,16:21:00,2,467448
07/03/16,16:22:00,2,611857
07/03/16,16:23:00,2,498818
07/03/16,16:24:00,2,565872
07/03/16,16:25:00,2,493407
07/03/16,16:26:00,2,496416
07/03/16,16:27:00,2,496771
07/03/16,16:28:00,2,587549
07/03/16,16:29:00,2,491047
07/03/16,16:30:00,2,496139
07/03/16,16:31:00,2,496737
07/03/16,16:32:00,2,594848
07/03/16,16:33:00,2,574402
07/03/16,16:34:00,2,592451
07/03/16,16:35:00,2,47608
07/03/16,16:36:00,2,489466
07/03/16,16:37:00,2,682226
07/03/16,16:38:00,2,594755
07/03/16,16:39:00,2,398766
07/03/16,16:40:00,2,594856
07/03/16,16:41:00,2,56438
07/03/16,16:42:00,2,478915
07/03/16,16:43:00,2,592752
07/03/16,16:44:00,2,496569
07/03/16,16:45:00,2,398748
07/03/16,16:46:00,2,536412
07/03/16,16:47:00,2,577958
07/03/16,16:48:00,2,59287
07/03/16,16:49:00,2,489567
07/03/16,16:50:00,2,422149
07/03/16,16:51:00,2,571138
07/03/16,16:52:00,2,557935
07/03/16,16:53:00,2,519912
07/03/16,16:54:00,2,550387
07/03/16,16:55:00,2,436119
07/03/16,16:56:00,2,634571
07/03/16,16:57:00,2,498095
07/03/16,16:58:00,2,511848
07/03/16,16:59:00,2,46692
07/03/16,17:00:00,2,449709
07/03/16,17:01:00,2,472607
07/03/16,17:02:00,2,473198
07/03/16,17:03:00,2,446236
07/03/16,17:04:00,2,502962
07/03/16,17:05:00,2,514263
07/03/16,17:06:00,2,475122
07/03/16,17:07:00,2,489915
07/03/16,17:08:00,2,496567
07/03/16,17:09:00,2,461962
07/03/16,17:10:00,2,503302
07/03/16,17:11:00,2,498142
07/03/16,17:12:00,2,399495
07/03/16,17:13:00,2,47701
07/03/16,17:14:00,2,357325
07/03/16,17:15:00,2,425786
07/03/16,17:16:00,2,344708
07/03/16,17:17:00,2,476114
07/03/16,17:18:00,2,460169
07/03/16,17:19:00,2,434593
07/03/16,17:20:00,2,35663
07/03/16,17:21:00,2,365161
07/03/16,17:22:00,2,431822
07/03/16,17:23:00,2,433041
07/03/16,17:24:00,2,413953
07/03/16,17:25:00,2,303644
07/03/16,17:26:00,2,322658
07/03/16,17:27:00,2,426819
07/03/16,17:28:00,2,305158
07/03/16,17:29:00,2,309395
07/03/16,17:30:00,2,317197
07/03/16,17:31:00,2,318115
07/03/16,17:32:00,2,338677
07/03/16,17:33:00,2,311236
07/03/16,17:34:00,2,339333
07/03/16,17:35:00,2,40444
07/03/16,17:36:00,2,435339
07/03/16,17:37:00,2,313177
07/03/16,17:38:00,2,303322
07/03/16,17:39:00,2,415137
07/03/16,17:40:00,2,400866
07/03/16,17:41:00,2,302104
07/03/16,17:42:00,2,400062
07/03/16,17:43:00,2,338249
07/03/16,17:44:00,2,306272
07/03/16,17:45:00,2,405462
07/03/16,17:46:00,2,421931
07/03/16,17:47:00,2,402625
07/03/16,17:48:00,2,285005
07/03/16,17:49:00,2,366752
07/03/16,17:50:00,2,39984
07/03/16,17:51:00,2,307589
07/03/16,17:52:00,2,407721
07/03/16,17:53:00,2,293891
07/03/16,17:54:00,2,45603
07/03/16,17:55:00,2,38994
07/03/16,17:56:00,2,389839
07/03/16,17:57:00,2,398847
07/03/16,17:58:00,2,277146
07/03/16,17:59:00,2,372401
07/03/16,18:00:00,2,387778
07/03/16,18:01:00,2,383271
07/03/16,18:02:00,2,36678
07/03/16,18:03:00,2,396137
07/03/16,18:04:00,2,380387
07/03/16,18:05:00,2,362416
07/03/16,18:06:00,2,358012
07/03/16,18:07:00,2,32217
07/03/16,18:08:00,2,368981
07/03/16,18:09:00,2,370095
07/03/16,18:10:00,2,292171
07/03/16,18:11:00,2,376986
07/03/16,18:12:00,2,369907
07/03/16,18:13:00,2,360788
07/03/16,18:14:00,2,382544
07/03/16,18:15:00,2,318849
07/03/16,18:16:00,2,37319
07/03/16,18:17:00,2,35218
07/03/16,18:18:00,2,376008
07/03/16,18:19:00,2,353615
07/03/16,18:20:00,2,354958
07/03/16,18:21:00,2,36345
07/03/16,18:22:00,2,253052
07/03/16,18:23:00,2,339768
07/03/16,18:24:00,2,18873
07/03/16,18:25:00,2,359293
07/03/16,18:26:00,2,348623
07/03/16,18:27:00,2,354342
07/03/16,18:28:00,2,353038
07/03/16,18:29:00,2,318569
07/03/16,18:30:00,2,189705
07/03/16,18:31:00,2,288467
07/03/16,18:32:00,2,330845
07/03/16,18:33:00,2,304534
07/03/16,18:34:00,2,249859
07/03/16,18:35:00,2,31814
07/03/16,18:36:00,2,396239
07/03/16,18:37:00,2,279486
07/03/16,18:38:00,2,201799
07/03/16,18:39:00,2,319929
07/03/16,18:40:00,2,296232
07/03/16,18:41:00,2,274248
07/03/16,18:42:00,2,293578
07/03/16,18:43:00,2,156665
07/03/16,18:44:00,2,258897
07/03/16,18:45:00,2,158377
07/03/16,18:46:00,2,295777
07/03/16,18:47:00,2,289976
07/03/16,18:48:00,2,258578
07/03/16,18:49:00,2,249363
07/03/16,18:50:00,2,243368
07/03/16,18:51:00,2,245793
07/03/16,18:52:00,2,274072
07/03/16,18:53:00,2,297854
07/03/16,18:54:00,2,285309
07/03/16,18:55:00,2,201136
07/03/16,18:56:00,2,195752
07/03/16,18:57:00,2,179775
07/03/16,18:58:00,2,258643
07/03/16,18:59:00,2,170528
07/03/16,19:00:00,2,202172
07/03/16,19:01:00,2,27857
07/03/16,19:02:00,2,291368
07/03/16,19:03:00,2,261461
07/03/16,19:04:00,2,350472
07/03/16,19:05:00,2,292167
07/03/16,19:06:00,2,280785
07/03/16,19:07:00,2,266261
07/03/16,19:08:00,2,281593
07/03/16,19:09:00,2,277404
07/03/16,19:10:00,2,229341
07/03/16,19:11:00,2,271257
07/03/16,19:12:00,2,307545
07/03/16,19:13:00,2,262139
07/03/16,19:14:00,2,301562
07/03/16,19:15:00,2,349638
07/03/16,19:16:00,2,27015
07/03/16,19:17:00,2,315803
07/03/16,19:18:00,2,278014
07/03/16,19:19:00,2,248641
07/03/16,19:20:00,2,372664
07/03/16,19:21:00,2,279874
07/03/16,19:22:00,2,281089
07/03/16,19:23:00,2,386914
07/03/16,19:24:00,2,310771
07/03/16,19:25:00,2,165705
07/03/16,19:26:00,2,246963
07/03/16,19:27:00,2,261149
07/03/16,19:28:00,2,144322
07/03/16,19:29:00,2,207772
07/03/16,19:30:00,2,226058
07/03/16,19:31:00,2,245505
07/03/16,19:32:00,2,272135
07/03/16,19:33:00,2,290609
07/03/16,19:34:00,2,266283
07/03/16,19:35:00,2,235952
07/03/16,19:36:00,2,258797
07/03/16,19:37:00,2,150437
07/03/16,19:38:00,2,248174
07/03/16,19:39:00,2,289897
07/03/16,19:40:00,2,096533
07/03/16,19:41:00,2,268146
07/03/16,19:42:00,2,343853
07/03/16,19:43:00,2,172277
07/03/16,19:44:00,2,221491
07/03/16,19:45:00,2,277735
07/03/16,19:46:00,2,121246
07/03/16,19:47:00,2,416665
07/03/16,19:48:00,2,246015
07/03/16,19:49:00,2,427466
07/03/16,19:50:00,2,235799
07/03/16,19:51:00,2,310575
07/03/16,19:52:00,2,333302
07/03/16,19:53:00,2,306757
07/03/16,19:54:00,2,283178
07/03/16,19:55:00,2,383355
07/03/16,19:56:00,2,269754
07/03/16,19:57:00,2,290752
07/03/16,19:58:00,2,251446
07/03/16,19:59:00,2,395165
07/03/16,20:00:00,2,30162
07/03/16,20:01:00,2,273166
07/03/16,20:02:00,2,320138
07/03/16,20:03:00,2,300296
07/03/16,20:04:00,2,101663
07/03/16,20:05:00,2,135599
07/03/16,20:06:00,2,095675
07/03/16,20:07:00,2,212479
07/03/16,20:08:00,2,31908
07/03/16,20:09:00,2,300202
07/03/16,20:10:00,2,291375
07/03/16,20:11:00,2,329293
07/03/16,20:12:00,2,30929
07/03/16,20:13:00,2,316143
07/03/16,20:14:00,2,445182
07/03/16,20:15:00,2,190929
07/03/16,20:16:00,2,322505
07/03/16,20:17:00,2,193791
07/03/16,20:18:00,2,266591
07/03/16,20:19:00,2,235014
07/03/16,20:20:00,2,192413
07/03/16,20:21:00,2,156659
07/03/16,20:22:00,2,216008
07/03/16,20:23:00,2,19441
07/03/16,20:24:00,2,219865
07/03/16,20:25:00,2,141541
07/03/16,20:26:00,2,171569
07/03/16,20:27:00,2,098652
07/03/16,20:28:00,2,188489
07/03/16,20:29:00,2,167301
07/03/16,20:30:00,2,154788
07/03/16,20:31:00,2,13198
07/03/16,20:32:00,2,174739
07/03/16,20:33:00,2,19321
07/03/16,20:34:00,2,327684
07/03/16,20:35:00,2,125294
07/03/16,20:36:00,2,247869
07/03/16,20:37:00,2,15666
07/03/16,20:38:00,2,15143
07/03/16,20:39:00,2,290827
07/03/16,20:40:00,2,23627
07/03/16,20:41:00,2,266121
07/03/16,20:42:00,2,179261
07/03/16,20:43:00,2,224998
07/03/16,20:44:00,2,2273
07/03/16,20:45:00,2,259512
07/03/16,20:46:00,2,261808
07/03/16,20:47:00,2,198183
07/03/16,20:48:00,2,25007
07/03/16,20:49:00,2,226565
07/03/16,20:50:00,2,235725
07/03/16,20:51:00,2,280342
07/03/16,20:52:00,2,228901
07/03/16,20:53:00,2,345196
07/03/16,20:54:00,2,244809
07/03/16,20:55:00,2,225336
07/03/16,20:56:00,2,335372
07/03/16,20:57:00,2,336783
07/03/16,20:58:00,2,136389
07/03/16,20:59:00,2,222346
07/03/16,21:00:00,2,29236
07/03/16,21:01:00,2,197449
07/03/16,21:02:00,2,116595
07/03/16,21:03:00,2,137921
07/03/16,21:04:00,2,183866
07/03/16,21:05:00,2,178892
07/03/16,21:06:00,2,188969
07/03/16,21:07:00,2,271396
07/03/16,21:08:00,1,976479
07/03/16,21:09:00,2,237185
07/03/16,21:10:00,2,266793
07/03/16,21:11:00,2,270274
07/03/16,21:12:00,2,272788
07/03/16,21:13:00,2,25394
07/03/16,21:14:00,2,244424
07/03/16,21:15:00,2,260627
07/03/16,21:16:00,2,29877
07/03/16,21:17:00,2,366525
07/03/16,21:18:00,2,397735
07/03/16,21:19:00,2,346816
07/03/16,21:20:00,2,392634
07/03/16,21:21:00,2,302768
07/03/16,21:22:00,2,260187
07/03/16,21:23:00,2,367538
07/03/16,21:24:00,2,289789
07/03/16,21:25:00,2,297292
07/03/16,21:26:00,2,28263
07/03/16,21:27:00,2,272138
07/03/16,21:28:00,2,197172
07/03/16,21:29:00,2,180458
07/03/16,21:30:00,2,398907
07/03/16,21:31:00,2,255056
07/03/16,21:32:00,2,259484
07/03/16,21:33:00,2,249984
07/03/16,21:34:00,2,285588
07/03/16,21:35:00,2,248342
07/03/16,21:36:00,2,310915
07/03/16,21:37:00,2,256886
07/03/16,21:38:00,2,386345
07/03/16,21:39:00,2,297117
07/03/16,21:40:00,2,241229
07/03/16,21:41:00,2,251695
07/03/16,21:42:00,2,266562
07/03/16,21:43:00,2,271881
07/03/16,21:44:00,2,256589
07/03/16,21:45:00,2,281258
07/03/16,21:46:00,2,261227
07/03/16,21:47:00,2,267789
07/03/16,21:48:00,2,28162
07/03/16,21:49:00,2,171533
07/03/16,21:50:00,2,240769
07/03/16,21:51:00,2,441958
07/03/16,21:52:00,2,415961
07/03/16,21:53:00,2,460828
07/03/16,21:54:00,2,342703
07/03/16,21:55:00,2,520844
07/03/16,21:56:00,2,343141
07/03/16,21:57:00,2,325257
07/03/16,21:58:00,2,38285
07/03/16,21:59:00,2,229106
07/03/16,22:00:00,2,355519
07/03/16,22:01:00,2,419556
07/03/16,22:02:00,2,287292
07/03/16,22:03:00,2,311876
07/03/16,22:04:00,2,249106
07/03/16,22:05:00,2,180464
07/03/16,22:06:00,2,228957
07/03/16,22:07:00,2,329086
07/03/16,22:08:00,2,332306
07/03/16,22:09:00,2,211629
07/03/16,22:10:00,2,295076
07/03/16,22:11:00,2,297245
07/03/16,22:12:00,2,320673
07/03/16,22:13:00,2,373074
07/03/16,22:14:00,2,250733
07/03/16,22:15:00,2,204419
07/03/16,22:16:00,2,1992
07/03/16,22:17:00,2,25206
07/03/16,22:18:00,2,340896
07/03/16,22:19:00,2,157024
07/03/16,22:20:00,2,136025
07/03/16,22:21:00,2,244392
07/03/16,22:22:00,2,145817
07/03/16,22:23:00,2,3314
07/03/16,22:24:00,2,251968
07/03/16,22:25:00,2,297433
07/03/16,22:26:00,2,332794
07/03/16,22:27:00,2,349526
07/03/16,22:28:00,2,191855
07/03/16,22:29:00,2,092939
07/03/16,22:30:00,2,205193
07/03/16,22:31:00,2,240999
07/03/16,22:32:00,2,254619
07/03/16,22:33:00,2,188661
07/03/16,22:34:00,2,135455
07/03/16,22:35:00,2,144541
07/03/16,22:36:00,2,148
07/03/16,22:37:00,2,232128
07/03/16,22:38:00,2,224353
07/03/16,22:39:00,2,160759
07/03/16,22:40:00,2,164843
07/03/16,22:41:00,2,118431
07/03/16,22:42:00,2,046889
07/03/16,22:43:00,2,159531
07/03/16,22:44:00,2,110693
07/03/16,22:45:00,2,154041
07/03/16,22:46:00,2,243741
07/03/16,22:47:00,2,223324
07/03/16,22:48:00,2,328368
07/03/16,22:49:00,2,15804
07/03/16,22:50:00,2,264662
07/03/16,22:51:00,2,235812
07/03/16,22:52:00,2,218096
07/03/16,22:53:00,2,144474
07/03/16,22:54:00,2,120235
07/03/16,22:55:00,2,306442
07/03/16,22:56:00,2,241378
07/03/16,22:57:00,2,157235
07/03/16,22:58:00,2,331249
07/03/16,22:59:00,2,217178
07/03/16,23:00:00,2,313326
07/03/16,23:01:00,2,244287
07/03/16,23:02:00,2,211463
07/03/16,23:03:00,2,224642
07/03/16,23:04:00,2,229605
07/03/16,23:05:00,2,307774
07/03/16,23:06:00,2,114269
07/03/16,23:07:00,2,336216
07/03/16,23:08:00,2,294467
07/03/16,23:09:00,2,114809
07/03/16,23:10:00,2,140207
07/03/16,23:11:00,2,100532
07/03/16,23:12:00,2,185632
07/03/16,23:13:00,2,111432
07/03/16,23:14:00,2,298391
07/03/16,23:15:00,2,294309
07/03/16,23:16:00,2,198798
07/03/16,23:17:00,2,309059
07/03/16,23:18:00,2,200532
07/03/16,23:19:00,2,206314
07/03/16,23:20:00,2,108954
07/03/16,23:21:00,2,1766
07/03/16,23:22:00,2,301536
07/03/16,23:23:00,2,21669
07/03/16,23:24:00,2,110182
07/03/16,23:25:00,2,207227
07/03/16,23:26:00,2,305147
07/03/16,23:27:00,2,207092
07/03/16,23:28:00,2,305124
07/03/16,23:29:00,2,305125
07/03/16,23:30:00,2,202174
07/03/16,23:31:00,2,206509
07/03/16,23:32:00,2,279689
07/03/16,23:33:00,2,204093
07/03/16,23:34:00,2,30477
07/03/16,23:35:00,2,207043
07/03/16,23:36:00,2,20708
07/03/16,23:37:00,2,192766
07/03/16,23:38:00,2,282104
07/03/16,23:39:00,2,165133
07/03/16,23:40:00,2,398227
07/03/16,23:41:00,2,304542
07/03/16,23:42:00,2,207017
07/03/16,23:43:00,2,202166
07/03/16,23:44:00,2,206506
07/03/16,23:45:00,2,298039
07/03/16,23:46:00,2,30429
07/03/16,23:47:00,2,181622
07/03/16,23:48:00,2,204089
07/03/16,23:49:00,2,294748
07/03/16,23:50:00,2,269129
07/03/16,23:51:00,2,185812
07/03/16,23:52:00,2,184128
07/03/16,23:53:00,2,258883
07/03/16,23:54:00,2,270463
07/03/16,23:55:00,2,362817
07/03/16,23:56:00,2,173118
07/03/16,23:57:00,2,261883
07/03/16,23:58:00,2,239458
07/03/16,23:59:00,2,263268
07/04/16,00:00:00,2,272728
07/04/16,00:01:00,2,152104
07/04/16,00:02:00,2,190828
07/04/16,00:03:00,2,11923
07/04/16,00:04:00,2,225882
07/04/16,00:05:00,2,258309
07/04/16,00:06:00,2,241143
07/04/16,00:07:00,2,257913
07/04/16,00:08:00,2,106822
07/04/16,00:09:00,2,236636
07/04/16,00:10:00,2,267813
07/04/16,00:11:00,2,271481
07/04/16,00:12:00,2,24059
07/04/16,00:13:00,2,253995
07/04/16,00:14:00,2,252849
07/04/16,00:15:00,2,257827
07/04/16,00:16:00,2,245998
07/04/16,00:17:00,2,273827
07/04/16,00:18:00,2,244751
07/04/16,00:19:00,2,231306
07/04/16,00:20:00,2,237966
07/04/16,00:21:00,2,225597
07/04/16,00:22:00,2,142263
07/04/16,00:23:00,2,245685
07/04/16,00:24:00,2,268878
07/04/16,00:25:00,2,334292
07/04/16,00:26:00,2,358827
07/04/16,00:27:00,2,393041
07/04/16,00:28:00,2,372724
07/04/16,00:29:00,2,471736
07/04/16,00:30:00,2,317161
07/04/16,00:31:00,2,341239
07/04/16,00:32:00,2,214034
07/04/16,00:33:00,2,299492
07/04/16,00:34:00,2,417382
07/04/16,00:35:00,2,111283
07/04/16,00:36:00,2,207913
07/04/16,00:37:00,2,288949
07/04/16,00:38:00,2,308695
07/04/16,00:39:00,2,305228
07/04/16,00:40:00,2,277067
07/04/16,00:41:00,2,281935
07/04/16,00:42:00,2,386687
07/04/16,00:43:00,2,368248
07/04/16,00:44:00,2,370405
07/04/16,00:45:00,2,39988
07/04/16,00:46:00,2,305306
07/04/16,00:47:00,2,295689
07/04/16,00:48:00,2,304582
07/04/16,00:49:00,2,417986
07/04/16,00:50:00,2,395455
07/04/16,00:51:00,2,402826
07/04/16,00:52:00,2,389375
07/04/16,00:53:00,2,324526
07/04/16,00:54:00,2,303065
07/04/16,00:55:00,2,305449
07/04/16,00:56:00,2,398858
07/04/16,00:57:00,2,389195
07/04/16,00:58:00,2,339846
07/04/16,00:59:00,2,381964
07/04/16,01:00:00,2,277833
07/04/16,01:01:00,2,148973
07/04/16,01:02:00,2,151138
07/04/16,01:03:00,2,159277
07/04/16,01:04:00,2,162338
07/04/16,01:05:00,2,033976
07/04/16,01:06:00,2,019745
07/04/16,01:07:00,2,258912
07/04/16,01:08:00,2,116266
07/04/16,01:09:00,2,111018
07/04/16,01:10:00,1,991909
07/04/16,01:11:00,1,98943
07/04/16,01:12:00,2,099715
07/04/16,01:13:00,1,917905
07/04/16,01:14:00,2,012713
07/04/16,01:15:00,2,11037
07/04/16,01:16:00,2,130779
07/04/16,01:17:00,1,985468
07/04/16,01:18:00,2,107167
07/04/16,01:19:00,2,228443
07/04/16,01:20:00,2,308767
07/04/16,01:21:00,2,286228
07/04/16,01:22:00,2,205994
07/04/16,01:23:00,2,193651
07/04/16,01:24:00,2,275456
07/04/16,01:25:00,2,204727
07/04/16,01:26:00,2,26244
07/04/16,01:27:00,2,203193
07/04/16,01:28:00,2,172986
07/04/16,01:29:00,2,204203
07/04/16,01:30:00,2,305917
07/04/16,01:31:00,2,306349
07/04/16,01:32:00,2,277179
07/04/16,01:33:00,2,175709
07/04/16,01:34:00,2,400603
07/04/16,01:35:00,2,305953
07/04/16,01:36:00,2,208313
07/04/16,01:37:00,2,208361
07/04/16,01:38:00,2,208364
07/04/16,01:39:00,2,306407
07/04/16,01:40:00,2,39743
07/04/16,01:41:00,2,398709
07/04/16,01:42:00,2,187238
07/04/16,01:43:00,2,303922
07/04/16,01:44:00,2,275639
07/04/16,01:45:00,2,400826
07/04/16,01:46:00,2,305982
07/04/16,01:47:00,2,306358
07/04/16,01:48:00,2,379074
07/04/16,01:49:00,2,401461
07/04/16,01:50:00,2,404095
07/04/16,01:51:00,2,404404
07/04/16,01:52:00,2,39953
07/04/16,01:53:00,2,403868
07/04/16,01:54:00,2,30634
07/04/16,01:55:00,2,20836
07/04/16,01:56:00,2,208365
07/04/16,01:57:00,2,208365
07/04/16,01:58:00,2,306406
07/04/16,01:59:00,2,306408
07/04/16,02:00:00,2,306407
07/04/16,02:01:00,2,502487
07/04/16,02:02:00,2,306407
07/04/16,02:03:00,2,306408
07/04/16,02:04:00,2,208368
07/04/16,02:05:00,2,404445
07/04/16,02:06:00,2,404445
07/04/16,02:07:00,2,375225
07/04/16,02:08:00,2,357468
07/04/16,02:09:00,2,350467
07/04/16,02:10:00,2,398095
07/04/16,02:11:00,2,30075
07/04/16,02:12:00,2,393755
07/04/16,02:13:00,2,403188
07/04/16,02:14:00,2,30626
07/04/16,02:15:00,2,404428
07/04/16,02:16:00,2,29939
07/04/16,02:17:00,2,305583
07/04/16,02:18:00,2,404349
07/04/16,02:19:00,2,399524
07/04/16,02:20:00,2,305829
07/04/16,02:21:00,2,50242
07/04/16,02:22:00,2,46157
07/04/16,02:23:00,2,399632
07/04/16,02:24:00,2,325393
07/04/16,02:25:00,2,395144
07/04/16,02:26:00,2,389319
07/04/16,02:27:00,2,359128
07/04/16,02:28:00,2,335407
07/04/16,02:29:00,2,326778
07/04/16,02:30:00,2,385486
07/04/16,02:31:00,2,402215
07/04/16,02:32:00,2,277509
07/04/16,02:33:00,2,288975
07/04/16,02:34:00,2,397484
07/04/16,02:35:00,2,285134
07/04/16,02:36:00,2,205865
07/04/16,02:37:00,2,404151
07/04/16,02:38:00,2,292055
07/04/16,02:39:00,2,276084
07/04/16,02:40:00,2,458011
07/04/16,02:41:00,2,301175
07/04/16,02:42:00,2,305792
07/04/16,02:43:00,2,384328
07/04/16,02:44:00,2,262527
07/04/16,02:45:00,2,399282
07/04/16,02:46:00,2,404042
07/04/16,02:47:00,2,197397
07/04/16,02:48:00,2,176029
07/04/16,02:49:00,2,24717
07/04/16,02:50:00,2,294998
07/04/16,02:51:00,2,206453
07/04/16,02:52:00,2,328333
07/04/16,02:53:00,2,237637
07/04/16,02:54:00,2,365878
07/04/16,02:55:00,2,237846
07/04/16,02:56:00,2,428994
07/04/16,02:57:00,2,30281
07/04/16,02:58:00,2,259059
07/04/16,02:59:00,2,215456
07/04/16,03:00:00,2,281257
07/04/16,03:01:00,2,232098
07/04/16,03:02:00,2,21088
07/04/16,03:03:00,2,200543
07/04/16,03:04:00,2,266365
07/04/16,03:05:00,2,162694
07/04/16,03:06:00,2,232895
07/04/16,03:07:00,2,11434
07/04/16,03:08:00,2,020902
07/04/16,03:09:00,2,021442
07/04/16,03:10:00,2,043711
07/04/16,03:11:00,1,995202
07/04/16,03:12:00,2,109443
07/04/16,03:13:00,2,01331
07/04/16,03:14:00,2,125892
07/04/16,03:15:00,2,211322
07/04/16,03:16:00,2,111801
07/04/16,03:17:00,2,111627
07/04/16,03:18:00,2,12163
07/04/16,03:19:00,2,209418
07/04/16,03:20:00,2,209614
07/04/16,03:21:00,2,21966
07/04/16,03:22:00,2,397097
07/04/16,03:23:00,2,216796
07/04/16,03:24:00,2,125361
07/04/16,03:25:00,2,199278
07/04/16,03:26:00,2,251019
07/04/16,03:27:00,2,118966
07/04/16,03:28:00,2,08617
07/04/16,03:29:00,2,002184
07/04/16,03:30:00,2,027159
07/04/16,03:31:00,2,142422
07/04/16,03:32:00,2,186965
07/04/16,03:33:00,2,206974
07/04/16,03:34:00,2,209328
07/04/16,03:35:00,2,303555
07/04/16,03:36:00,2,209156
07/04/16,03:37:00,2,209584
07/04/16,03:38:00,2,209634
07/04/16,03:39:00,2,20522
07/04/16,03:40:00,2,196233
07/04/16,03:41:00,2,287696
07/04/16,03:42:00,2,194403
07/04/16,03:43:00,2,19496
07/04/16,03:44:00,2,181613
07/04/16,03:45:00,2,187932
07/04/16,03:46:00,2,298812
07/04/16,03:47:00,2,208595
07/04/16,03:48:00,2,391371
07/04/16,03:49:00,2,395378
07/04/16,03:50:00,2,39585
07/04/16,03:51:00,2,478609
07/04/16,03:52:00,2,381221
07/04/16,03:53:00,2,394185
07/04/16,03:54:00,2,591787
07/04/16,03:55:00,2,462632
07/04/16,03:56:00,2,660047
07/04/16,03:57:00,2,4657
07/04/16,03:58:00,2,490627
07/04/16,03:59:00,2,386501
07/04/16,04:00:00,2,394805
07/04/16,04:01:00,2,389468
07/04/16,04:02:00,2,306921
07/04/16,04:03:00,2,271873
07/04/16,04:04:00,2,28246
07/04/16,04:05:00,2,275568
07/04/16,04:06:00,2,179534
07/04/16,04:07:00,2,043593
07/04/16,04:08:00,2,141593
07/04/16,04:09:00,2,156133
07/04/16,04:10:00,2,171495
07/04/16,04:11:00,2,244251
07/04/16,04:12:00,2,280462
07/04/16,04:13:00,2,284723
07/04/16,04:14:00,2,236647
07/04/16,04:15:00,2,24038
07/04/16,04:16:00,2,310646
07/04/16,04:17:00,2,303619
07/04/16,04:18:00,2,318439
07/04/16,04:19:00,2,180561
07/04/16,04:20:00,2,236761
07/04/16,04:21:00,2,216384
07/04/16,04:22:00,2,300806
07/04/16,04:23:00,2,369146
07/04/16,04:24:00,2,293857
07/04/16,04:25:00,2,37324
07/04/16,04:26:00,2,330777
07/04/16,04:27:00,2,318479
07/04/16,04:28:00,2,35969
07/04/16,04:29:00,2,345342
07/04/16,04:30:00,2,350667
07/04/16,04:31:00,2,258169
07/04/16,04:32:00,2,128183
07/04/16,04:33:00,2,365008
07/04/16,04:34:00,2,327417
07/04/16,04:35:00,2,242251
07/04/16,04:36:00,2,340052
07/04/16,04:37:00,2,322577
07/04/16,04:38:00,2,44778
07/04/16,04:39:00,2,32071
07/04/16,04:40:00,2,311535
07/04/16,04:41:00,2,242485
07/04/16,04:42:00,2,285262
07/04/16,04:43:00,2,206814
07/04/16,04:44:00,2,231677
07/04/16,04:45:00,2,191064
07/04/16,04:46:00,2,162262
07/04/16,04:47:00,2,260512
07/04/16,04:48:00,2,139669
07/04/16,04:49:00,2,162205
07/04/16,04:50:00,2,110724
07/04/16,04:51:00,2,123508
07/04/16,04:52:00,2,14385
07/04/16,04:53:00,2,121936
07/04/16,04:54:00,2,246616
07/04/16,04:55:00,2,131897
07/04/16,04:56:00,2,027385
07/04/16,04:57:00,2,128636
07/04/16,04:58:00,2,115235
07/04/16,04:59:00,2,134112
07/04/16,05:00:00,2,034661
07/04/16,05:01:00,2,212595
07/04/16,05:02:00,2,127896
07/04/16,05:03:00,2,122164
07/04/16,05:04:00,2,026237
07/04/16,05:05:00,2,113565
07/04/16,05:06:00,2,147592
07/04/16,05:07:00,2,039251
07/04/16,05:08:00,2,036885
07/04/16,05:09:00,2,002274
07/04/16,05:10:00,2,022514
07/04/16,05:11:00,2,036821
07/04/16,05:12:00,2,026576
07/04/16,05:13:00,2,113605
07/04/16,05:14:00,1,91287
07/04/16,05:15:00,2,023528
07/04/16,05:16:00,2,032028
07/04/16,05:17:00,1,913066
07/04/16,05:18:00,2,008209
07/04/16,05:19:00,2,02321
07/04/16,05:20:00,2,024975
07/04/16,05:21:00,2,01516
07/04/16,05:22:00,1,999718
07/04/16,05:23:00,1,992989
07/04/16,05:24:00,2,016509
07/04/16,05:25:00,1,990055
07/04/16,05:26:00,2,121852
07/04/16,05:27:00,2,026202
07/04/16,05:28:00,2,083087
07/04/16,05:29:00,1,99242
07/04/16,05:30:00,2,119609
07/04/16,05:31:00,1,996717
07/04/16,05:32:00,1,987729
07/04/16,05:33:00,2,094718
07/04/16,05:34:00,1,968422
07/04/16,05:35:00,2,096742
07/04/16,05:36:00,2,018338
07/04/16,05:37:00,2,003948
07/04/16,05:38:00,1,888399
07/04/16,05:39:00,2,103971
07/04/16,05:40:00,2,016179
07/04/16,05:41:00,2,024147
07/04/16,05:42:00,2,020174
07/04/16,05:43:00,2,08538
07/04/16,05:44:00,2,20818
07/04/16,05:45:00,2,073814
07/04/16,05:46:00,2,049085
07/04/16,05:47:00,1,988417
07/04/16,05:48:00,2,089686
07/04/16,05:49:00,2,022416
07/04/16,05:50:00,2,066855
07/04/16,05:51:00,1,960032
07/04/16,05:52:00,1,982768
07/04/16,05:53:00,2,0059
07/04/16,05:54:00,2,003709
07/04/16,05:55:00,1,8811
07/04/16,05:56:00,1,992321
07/04/16,05:57:00,2,334875
07/04/16,05:58:00,3,038568
07/04/16,05:59:00,3,093004
07/04/16,06:00:00,2,678395
07/04/16,06:01:00,2,657794
07/04/16,06:02:00,2,789645
07/04/16,06:03:00,2,778079
07/04/16,06:04:00,2,978538
07/04/16,06:05:00,3,146425
07/04/16,06:06:00,3,22133
07/04/16,06:07:00,3,25274
07/04/16,06:08:00,3,436733
07/04/16,06:09:00,3,36649
07/04/16,06:10:00,3,330078
07/04/16,06:11:00,3,330706
07/04/16,06:12:00,3,568646
07/04/16,06:13:00,3,537305
07/04/16,06:14:00,3,542415
07/04/16,06:15:00,3,663615
07/04/16,06:16:00,3,744553
07/04/16,06:17:00,3,656075
07/04/16,06:18:00,3,728123
07/04/16,06:19:00,3,875328
07/04/16,06:20:00,4,288344
07/04/16,06:21:00,4,279007
07/04/16,06:22:00,4,340393
07/04/16,06:23:00,4,437063
07/04/16,06:24:00,4,377198
07/04/16,06:25:00,4,44837
07/04/16,06:26:00,4,429524
07/04/16,06:27:00,4,432218
07/04/16,06:28:00,4,442559
07/04/16,06:29:00,4,352532
07/04/16,06:30:00,4,453997
07/04/16,06:31:00,3,866689
07/04/16,06:32:00,3,595866
07/04/16,06:33:00,2,203504
07/04/16,06:34:00,1,811656
07/04/16,06:35:00,1,684347
07/04/16,06:36:00,1,495288
07/04/16,06:37:00,1,508297
07/04/16,06:38:00,1,247434
07/04/16,06:39:00,1,156365
07/04/16,06:40:00,1,281368
07/04/16,06:41:00,1,635188
07/04/16,06:42:00,1,856862
07/04/16,06:43:00,1,926555
07/04/16,06:44:00,2,187079
07/04/16,06:45:00,2,190413
07/04/16,06:46:00,2,071471
07/04/16,06:47:00,2,224784
07/04/16,06:48:00,2,162861
07/04/16,06:49:00,2,213979
07/04/16,06:50:00,2,404539
07/04/16,06:51:00,2,305851
07/04/16,06:52:00,2,271005
07/04/16,06:53:00,2,308666
07/04/16,06:54:00,2,297267
07/04/16,06:55:00,2,207292
07/04/16,06:56:00,2,012157
07/04/16,06:57:00,1,921943
07/04/16,06:58:00,1,776681
07/04/16,06:59:00,1,765113
07/04/16,07:00:00,1,726855
07/04/16,07:01:00,1,777831
07/04/16,07:02:00,1,680127
07/04/16,07:03:00,1,836899
07/04/16,07:04:00,1,661986
07/04/16,07:05:00,1,557049
07/04/16,07:06:00,1,591003
07/04/16,07:07:00,1,715868
07/04/16,07:08:00,1,706138
07/04/16,07:09:00,1,531603
07/04/16,07:10:00,1,431834
07/04/16,07:11:00,1,661701
07/04/16,07:12:00,1,4356
07/04/16,07:13:00,1,343216
07/04/16,07:14:00,1,450886
07/04/16,07:15:00,1,475465
07/04/16,07:16:00,0
07/04/16,07:17:00,0
07/04/16,07:18:00,0
07/04/16,07:19:00,0
07/04/16,07:20:00,0
07/04/16,07:21:00,0
07/04/16,07:22:00,0,3719615
07/04/16,07:23:00,0,7323813
07/04/16,07:24:00,1,575202
07/04/16,07:25:00,2,54032
07/04/16,07:26:00,1,581892
07/04/16,07:27:00,1,178226
07/04/16,07:28:00,0,7218724
07/04/16,07:29:00,0,3103763
07/04/16,07:30:00,0,1086162
07/04/16,07:31:00,0
07/04/16,07:32:00,0
07/04/16,07:33:00,0
07/04/16,07:34:00,0
07/04/16,07:35:00,0
07/04/16,07:36:00,0
07/04/16,07:37:00,0
07/04/16,07:38:00,0
07/04/16,07:39:00,0
07/04/16,07:40:00,0
07/04/16,07:41:00,0
07/04/16,07:42:00,0
07/04/16,07:43:00,0
07/04/16,07:44:00,0
07/04/16,07:45:00,0
07/04/16,07:46:00,0
07/04/16,07:47:00,0
07/04/16,07:48:00,0
07/04/16,07:49:00,0
07/04/16,07:50:00,0
07/04/16,07:51:00,0
07/04/16,07:52:00,0
07/04/16,07:53:00,0
07/04/16,07:54:00,0
07/04/16,07:55:00,0
07/04/16,07:56:00,0
07/04/16,07:57:00,0
07/04/16,07:58:00,0
07/04/16,07:59:00,0
07/04/16,08:00:00,0
07/04/16,08:01:00,0
07/04/16,08:02:00,0
07/04/16,08:03:00,0
07/04/16,08:04:00,0
07/04/16,08:05:00,0
07/04/16,08:06:00,0
07/04/16,08:07:00,0
07/04/16,08:08:00,0
07/04/16,08:09:00,0
07/04/16,08:10:00,0
07/04/16,08:11:00,0
07/04/16,08:12:00,0
07/04/16,08:13:00,0
07/04/16,08:14:00,0
07/04/16,08:15:00,0
07/04/16,08:16:00,0
07/04/16,08:17:00,0
07/04/16,08:18:00,0
07/04/16,08:19:00,0
07/04/16,08:20:00,0
07/04/16,08:21:00,0
07/04/16,08:22:00,0
07/04/16,08:23:00,10,89922
07/04/16,08:24:00,12,03028
07/04/16,08:25:00,1,21753
07/04/16,08:26:00,0
07/04/16,08:27:00,0
07/04/16,08:28:00,0
07/04/16,08:29:00,0
07/04/16,08:30:00,0
07/04/16,08:31:00,0
07/04/16,08:32:00,0
07/04/16,08:33:00,0
07/04/16,08:34:00,0
07/04/16,08:35:00,0
07/04/16,08:36:00,7,984618
07/04/16,08:37:00,15,25113
07/04/16,08:38:00,15,22526
07/04/16,08:39:00,16,37556
07/04/16,08:40:00,16,85855
07/04/16,08:41:00,16,16027
07/04/16,08:42:00,15,95243
07/04/16,08:43:00,15,63125
07/04/16,08:44:00,15,16782
07/04/16,08:45:00,15,77211
07/04/16,08:46:00,17,4972
07/04/16,08:47:00,16,64203
07/04/16,08:48:00,16,16955
07/04/16,08:49:00,16,328
07/04/16,08:50:00,15,86154
07/04/16,08:51:00,15,24569
07/04/16,08:52:00,16,41164
07/04/16,08:53:00,16,46539
07/04/16,08:54:00,15,59463
07/04/16,08:55:00,16,4285
07/04/16,08:56:00,16,50109
07/04/16,08:57:00,15,27099
07/04/16,08:58:00,16,10142
07/04/16,08:59:00,17,57268
07/04/16,09:00:00,16,92866
07/04/16,09:01:00,16,7647
07/04/16,09:02:00,17,7377
07/04/16,09:03:00,17,08588
07/04/16,09:04:00,16,17025
07/04/16,09:05:00,16,22592
07/04/16,09:06:00,15,30137
07/04/16,09:07:00,15,06453
07/04/16,09:08:00,16,37
07/04/16,09:09:00,17,01211
07/04/16,09:10:00,16,55639
07/04/16,09:11:00,16,91535
07/04/16,09:12:00,17,24851
07/04/16,09:13:00,15,86217
07/04/16,09:14:00,16,64751
07/04/16,09:15:00,16,49207
07/04/16,09:16:00,15,44304
07/04/16,09:17:00,16,42271
07/04/16,09:18:00,12,07633
07/04/16,09:19:00,0
07/04/16,09:20:00,0
07/04/16,09:21:00,0
07/04/16,09:22:00,0
07/04/16,09:23:00,0
07/04/16,09:24:00,9,990338
07/04/16,09:25:00,14,29202
07/04/16,09:26:00,16,31451
07/04/16,09:27:00,16,73245
07/04/16,09:28:00,16,71179
07/04/16,09:29:00,16,78249
07/04/16,09:30:00,15,94633
07/04/16,09:31:00,15,69428
07/04/16,09:32:00,15,89579
07/04/16,09:33:00,16,47205
07/04/16,09:34:00,16,16409
07/04/16,09:35:00,16,48577
07/04/16,09:36:00,16,15745
07/04/16,09:37:00,16,12681
07/04/16,09:38:00,16,75518
07/04/16,09:39:00,17,35015
07/04/16,09:40:00,16,37761
07/04/16,09:41:00,16,3236
07/04/16,09:42:00,16,41944
07/04/16,09:43:00,16,62865
07/04/16,09:44:00,15,98087
07/04/16,09:45:00,15,91748
07/04/16,09:46:00,16,11274
07/04/16,09:47:00,15,40729
07/04/16,09:48:00,17,0306
07/04/16,09:49:00,17,34483
07/04/16,09:50:00,16,65644
07/04/16,09:51:00,16,62049
07/04/16,09:52:00,16,40484
07/04/16,09:53:00,15,76166
07/04/16,09:54:00,16,44111
07/04/16,09:55:00,17,16553
07/04/16,09:56:00,15,81484
07/04/16,09:57:00,17,11372
07/04/16,09:58:00,18,27947
07/04/16,09:59:00,18,01523
07/04/16,10:00:00,17,89018
07/04/16,10:01:00,18,16898
07/04/16,10:02:00,18,01557
07/04/16,10:03:00,17,56757
07/04/16,10:04:00,17,80442
07/04/16,10:05:00,16,92418
07/04/16,10:06:00,17,10528
07/04/16,10:07:00,17,34575
07/04/16,10:08:00,16,73579
07/04/16,10:09:00,17,02321
07/04/16,10:10:00,16,69456
07/04/16,10:11:00,16,88077
07/04/16,10:12:00,16,50526
07/04/16,10:13:00,17,22156
07/04/16,10:14:00,17,37512
07/04/16,10:15:00,17,8106
07/04/16,10:16:00,17,60921
07/04/16,10:17:00,16,09895
07/04/16,10:18:00,15,65623
07/04/16,10:19:00,15,74529
07/04/16,10:20:00,14,94802
07/04/16,10:21:00,15,34857
07/04/16,10:22:00,15,19043
07/04/16,10:23:00,15,00598
07/04/16,10:24:00,15,48072
07/04/16,10:25:00,16,11479
07/04/16,10:26:00,15,99222
07/04/16,10:27:00,15,47225
07/04/16,10:28:00,15,90278
07/04/16,10:29:00,16,48373
07/04/16,10:30:00,16,19007
07/04/16,10:31:00,16,62882
07/04/16,10:32:00,16,36269
07/04/16,10:33:00,15,68076
07/04/16,10:34:00,16,21465
07/04/16,10:35:00,16,54565
07/04/16,10:36:00,15,84795
07/04/16,10:37:00,16,33774
07/04/16,10:38:00,17,15189
07/04/16,10:39:00,16,709
07/04/16,10:40:00,17,1345
07/04/16,10:41:00,17,33544
07/04/16,10:42:00,16,92612
07/04/16,10:43:00,16,7169
07/04/16,10:44:00,17,80564
07/04/16,10:45:00,16,90295
07/04/16,10:46:00,16,79263
07/04/16,10:47:00,17,15325
07/04/16,10:48:00,16,69635
07/04/16,10:49:00,16,55333
07/04/16,10:50:00,16,25173
07/04/16,10:51:00,15,49877
07/04/16,10:52:00,15,80573
07/04/16,10:53:00,15,88317
07/04/16,10:54:00,15,96486
07/04/16,10:55:00,15,18521
07/04/16,10:56:00,15,67458
07/04/16,10:57:00,16,7365
07/04/16,10:58:00,16,43103
07/04/16,10:59:00,16,4882
07/04/16,11:00:00,16,86986
07/04/16,11:01:00,16,62381
07/04/16,11:02:00,15,9093
07/04/16,11:03:00,16,43421
07/04/16,11:04:00,15,92956
07/04/16,11:05:00,16,53326
07/04/16,11:06:00,16,57534
07/04/16,11:07:00,16,14775
07/04/16,11:08:00,16,2613
07/04/16,11:09:00,17,07062
07/04/16,11:10:00,16,84278
07/04/16,11:11:00,16,11583
07/04/16,11:12:00,16,60698
07/04/16,11:13:00,16,69096
07/04/16,11:14:00,15,63984
07/04/16,11:15:00,15,524
07/04/16,11:16:00,16,22871
07/04/16,11:17:00,15,92055
07/04/16,11:18:00,16,14873
07/04/16,11:19:00,16,57052
07/04/16,11:20:00,16,4339
07/04/16,11:21:00,15,99477
07/04/16,11:22:00,16,65449
07/04/16,11:23:00,15,94268
07/04/16,11:24:00,16,44407
07/04/16,11:25:00,16,97932
07/04/16,11:26:00,16,36994
07/04/16,11:27:00,15,9573
07/04/16,11:28:00,16,83035
07/04/16,11:29:00,15,86043
07/04/16,11:30:00,15,91166
07/04/16,11:31:00,16,75495
07/04/16,11:32:00,17,08638
07/04/16,11:33:00,16,81785
07/04/16,11:34:00,17,82454
07/04/16,11:35:00,17,80671
07/04/16,11:36:00,16,57022
07/04/16,11:37:00,16,52779
07/04/16,11:38:00,17,30311
07/04/16,11:39:00,16,8549
07/04/16,11:40:00,17,01051
07/04/16,11:41:00,16,91033
07/04/16,11:42:00,16,59669
07/04/16,11:43:00,16,73613
07/04/16,11:44:00,17,48221
07/04/16,11:45:00,17,04812
07/04/16,11:46:00,16,96912
07/04/16,11:47:00,17,01821
07/04/16,11:48:00,17,05134
07/04/16,11:49:00,16,42944
07/04/16,11:50:00,17,02073
07/04/16,11:51:00,16,75451
07/04/16,11:52:00,17,09122
07/04/16,11:53:00,17,26327
07/04/16,11:54:00,16,92589
07/04/16,11:55:00,16,94925
07/04/16,11:56:00,17,24255
07/04/16,11:57:00,17,25427
07/04/16,11:58:00,16,48856
07/04/16,11:59:00,16,52768
07/04/16,12:00:00,16,1558
07/04/16,12:01:00,15,8451
07/04/16,12:02:00,15,1864
07/04/16,12:03:00,15,83814
07/04/16,12:04:00,16,33252
07/04/16,12:05:00,16,62966
07/04/16,12:06:00,16,56645
07/04/16,12:07:00,16,81565
07/04/16,12:08:00,16,75867
07/04/16,12:09:00,16,94234
07/04/16,12:10:00,16,13506
07/04/16,12:11:00,16,13693
07/04/16,12:12:00,16,77444
07/04/16,12:13:00,16,61195
07/04/16,12:14:00,16,18259
07/04/16,12:15:00,16,575
07/04/16,12:16:00,16,97007
07/04/16,12:17:00,15,86223
07/04/16,12:18:00,16,27053
07/04/16,12:19:00,17,3087
07/04/16,12:20:00,16,08381
07/04/16,12:21:00,16,10456
07/04/16,12:22:00,16,34608
07/04/16,12:23:00,15,1613
07/04/16,12:24:00,14,70179
07/04/16,12:25:00,15,7244
07/04/16,12:26:00,16,85759
07/04/16,12:27:00,16,69604
07/04/16,12:28:00,16,80727
07/04/16,12:29:00,17,01589
07/04/16,12:30:00,17,16467
07/04/16,12:31:00,17,33054
07/04/16,12:32:00,16,32581
07/04/16,12:33:00,15,95816
07/04/16,12:34:00,15,68622
07/04/16,12:35:00,17,16104
07/04/16,12:36:00,16,68375
07/04/16,12:37:00,17,12224
07/04/16,12:38:00,17,79625
07/04/16,12:39:00,17,02434
07/04/16,12:40:00,17,10664
07/04/16,12:41:00,16,71285
07/04/16,12:42:00,15,98355
07/04/16,12:43:00,17,43628
07/04/16,12:44:00,17,71651
07/04/16,12:45:00,16,6651
07/04/16,12:46:00,16,44289
07/04/16,12:47:00,17,35459
07/04/16,12:48:00,17,60514
07/04/16,12:49:00,17,46217
07/04/16,12:50:00,17,30235
07/04/16,12:51:00,16,89865
07/04/16,12:52:00,16,43153
07/04/16,12:53:00,15,96805
07/04/16,12:54:00,16,21944
07/04/16,12:55:00,15,80492
07/04/16,12:56:00,16,20333
07/04/16,12:57:00,17,91434
07/04/16,12:58:00,17,1076
07/04/16,12:59:00,17,79575
07/04/16,13:00:00,17,72812
07/04/16,13:01:00,16,71315
07/04/16,13:02:00,16,6847
07/04/16,13:03:00,17,78872
07/04/16,13:04:00,17,14323
07/04/16,13:05:00,16,98133
07/04/16,13:06:00,17,02021
07/04/16,13:07:00,16,38592
07/04/16,13:08:00,16,33252
07/04/16,13:09:00,16,49224
07/04/16,13:10:00,16,49088
07/04/16,13:11:00,15,92746
07/04/16,13:12:00,16,20933
07/04/16,13:13:00,16,45162
07/04/16,13:14:00,15,96404
07/04/16,13:15:00,15,41777
07/04/16,13:16:00,15,2848
07/04/16,13:17:00,14,91305
07/04/16,13:18:00,16,55014
07/04/16,13:19:00,16,31892
07/04/16,13:20:00,16,47328
07/04/16,13:21:00,16,50704
07/04/16,13:22:00,16,42766
07/04/16,13:23:00,16,65816
07/04/16,13:24:00,16,92375
07/04/16,13:25:00,16,11572
07/04/16,13:26:00,15,62507
07/04/16,13:27:00,16,97501
07/04/16,13:28:00,17,11176
07/04/16,13:29:00,16,41857
07/04/16,13:30:00,17,30151
07/04/16,13:31:00,17,19235
07/04/16,13:32:00,16,61268
07/04/16,13:33:00,16,95145
07/04/16,13:34:00,16,66642
07/04/16,13:35:00,16,91611
07/04/16,13:36:00,16,30191
07/04/16,13:37:00,17,16484
07/04/16,13:38:00,16,67344
07/04/16,13:39:00,16,6672
07/04/16,13:40:00,16,91595
07/04/16,13:41:00,16,9313
07/04/16,13:42:00,5,007541
07/04/16,13:43:00,0
07/04/16,13:44:00,0
07/04/16,13:45:00,0
07/04/16,13:46:00,0
07/04/16,13:47:00,0
07/04/16,13:48:00,0
07/04/16,13:49:00,0
07/04/16,13:50:00,0
07/04/16,13:51:00,0
07/04/16,13:52:00,0
07/04/16,13:53:00,0
07/04/16,13:54:00,0
07/04/16,13:55:00,0
07/04/16,13:56:00,0
07/04/16,13:57:00,0
07/04/16,13:58:00,0
07/04/16,13:59:00,0
07/04/16,14:00:00,0
07/04/16,14:01:00,0
07/04/16,14:02:00,0
07/04/16,14:03:00,0
07/04/16,14:04:00,0
07/04/16,14:05:00,0
07/04/16,14:06:00,0
07/04/16,14:07:00,0
07/04/16,14:08:00,0
07/04/16,14:09:00,0
07/04/16,14:10:00,0
07/04/16,14:11:00,0
07/04/16,14:12:00,0
07/04/16,14:13:00,0
07/04/16,14:14:00,0
07/04/16,14:15:00,0
07/04/16,14:16:00,0
07/04/16,14:17:00,0
07/04/16,14:18:00,0
07/04/16,14:19:00,0
07/04/16,14:20:00,0
07/04/16,14:21:00,11,19316
07/04/16,14:22:00,3,152996
07/04/16,14:23:00,0
07/04/16,14:24:00,0
07/04/16,14:25:00,0
07/04/16,14:26:00,0
07/04/16,14:27:00,0
07/04/16,14:28:00,11,75475
07/04/16,14:29:00,18,62283
07/04/16,14:30:00,18,7061
07/04/16,14:31:00,17,1412
07/04/16,14:32:00,18,99069
07/04/16,14:33:00,17,6705
07/04/16,14:34:00,17,69862
07/04/16,14:35:00,17,82231
07/04/16,14:36:00,17,84771
07/04/16,14:37:00,18,1753
07/04/16,14:38:00,17,93802
07/04/16,14:39:00,17,22626
07/04/16,14:40:00,17,4377
07/04/16,14:41:00,18,07751
07/04/16,14:42:00,16,98304
07/04/16,14:43:00,17,3219
07/04/16,14:44:00,16,94647
07/04/16,14:45:00,16,51778
07/04/16,14:46:00,17,59963
07/04/16,14:47:00,17,63222
07/04/16,14:48:00,16,66346
07/04/16,14:49:00,16,52993
07/04/16,14:50:00,16,67564
07/04/16,14:51:00,16,93477
07/04/16,14:52:00,17,45933
07/04/16,14:53:00,16,97753
07/04/16,14:54:00,16,83485
07/04/16,14:55:00,17,71861
07/04/16,14:56:00,18,37475
07/04/16,14:57:00,17,51716
07/04/16,14:58:00,17,30308
07/04/16,14:59:00,17,3494
07/04/16,15:00:00,18,08827
07/04/16,15:01:00,16,80479
07/04/16,15:02:00,16,08574
07/04/16,15:03:00,16,45012
07/04/16,15:04:00,16,01206
07/04/16,15:05:00,16,87814
07/04/16,15:06:00,17,84243
07/04/16,15:07:00,17,65128
07/04/16,15:08:00,17,33126
07/04/16,15:09:00,17,60395
07/04/16,15:10:00,18,02496
07/04/16,15:11:00,17,91588
07/04/16,15:12:00,17,90874
07/04/16,15:13:00,17,40915
07/04/16,15:14:00,17,86396
07/04/16,15:15:00,17,64352
07/04/16,15:16:00,17,40955
07/04/16,15:17:00,16,80073
07/04/16,15:18:00,16,71424
07/04/16,15:19:00,17,47911
07/04/16,15:20:00,17,69018
07/04/16,15:21:00,17,00384
07/04/16,15:22:00,16,86252
07/04/16,15:23:00,17,51329
07/04/16,15:24:00,17,61382
07/04/16,15:25:00,16,94745
07/04/16,15:26:00,16,74033
07/04/16,15:27:00,16,23995
07/04/16,15:28:00,16,74927
07/04/16,15:29:00,17,1009
07/04/16,15:30:00,17,46052
07/04/16,15:31:00,17,51668
07/04/16,15:32:00,17,7239
07/04/16,15:33:00,16,65338
07/04/16,15:34:00,16,60986
07/04/16,15:35:00,16,53285
07/04/16,15:36:00,16,65475
07/04/16,15:37:00,17,22498
07/04/16,15:38:00,17,62223
07/04/16,15:39:00,16,5149
07/04/16,15:40:00,17,34284
07/04/16,15:41:00,17,40654
07/04/16,15:42:00,17,50334
07/04/16,15:43:00,18,56523
07/04/16,15:44:00,18,7999
07/04/16,15:45:00,18,28485
07/04/16,15:46:00,18,32848
07/04/16,15:47:00,18,28284
07/04/16,15:48:00,19,63078
07/04/16,15:49:00,18,66313
07/04/16,15:50:00,17,85719
07/04/16,15:51:00,16,95913
07/04/16,15:52:00,17,16195
07/04/16,15:53:00,17,02153
07/04/16,15:54:00,17,52853
07/04/16,15:55:00,18,40268
07/04/16,15:56:00,17,58965
07/04/16,15:57:00,16,69616
07/04/16,15:58:00,16,80596
07/04/16,15:59:00,16,69663
07/04/16,16:00:00,16,50643
07/04/16,16:01:00,16,73892
07/04/16,16:02:00,17,88256
07/04/16,16:03:00,17,70153
07/04/16,16:04:00,18,36456
07/04/16,16:05:00,17,72151
07/04/16,16:06:00,18,9154
07/04/16,16:07:00,19,40496
07/04/16,16:08:00,18,59899
07/04/16,16:09:00,18,82773
07/04/16,16:10:00,18,34209
07/04/16,16:11:00,18,11575
07/04/16,16:12:00,19,26224
07/04/16,16:13:00,18,4798
07/04/16,16:14:00,17,9221
07/04/16,16:15:00,19,10984
07/04/16,16:16:00,19,19748
07/04/16,16:17:00,18,95505
07/04/16,16:18:00,18,47738
07/04/16,16:19:00,19,28492
07/04/16,16:20:00,20,40713
07/04/16,16:21:00,19,25368
07/04/16,16:22:00,20,15998
07/04/16,16:23:00,20,5646
07/04/16,16:24:00,20,31117
07/04/16,16:25:00,20,95497
07/04/16,16:26:00,21,5939
07/04/16,16:27:00,21,84418
07/04/16,16:28:00,20,60221
07/04/16,16:29:00,21,55905
07/04/16,16:30:00,20,83412
07/04/16,16:31:00,20,66852
07/04/16,16:32:00,20,4091
07/04/16,16:33:00,20,70938
07/04/16,16:34:00,20,26198
07/04/16,16:35:00,19,9519
07/04/16,16:36:00,19,95728
07/04/16,16:37:00,19,86706
07/04/16,16:38:00,19,12664
07/04/16,16:39:00,18,74632
07/04/16,16:40:00,18,59496
07/04/16,16:41:00,18,6544
07/04/16,16:42:00,19,16534
07/04/16,16:43:00,18,48413
07/04/16,16:44:00,18,32129
07/04/16,16:45:00,5,834261
07/04/16,16:46:00,0
07/04/16,16:47:00,0
07/04/16,16:48:00,0
07/04/16,16:49:00,0
07/04/16,16:50:00,0
07/04/16,16:51:00,0
07/04/16,16:52:00,0
07/04/16,16:53:00,0
07/04/16,16:54:00,0
07/04/16,16:55:00,0
07/04/16,16:56:00,0
07/04/16,16:57:00,0
07/04/16,16:58:00,0
07/04/16,16:59:00,0
07/04/16,17:00:00,0
07/04/16,17:01:00,0
07/04/16,17:02:00,0
07/04/16,17:03:00,0
07/04/16,17:04:00,3,895092
07/04/16,17:05:00,16,3368
07/04/16,17:06:00,20,42509
07/04/16,17:07:00,20,81786
07/04/16,17:08:00,20,12367
07/04/16,17:09:00,22,0709
07/04/16,17:10:00,21,43377
07/04/16,17:11:00,21,58521
07/04/16,17:12:00,21,21603
07/04/16,17:13:00,20,37523
07/04/16,17:14:00,20,66636
07/04/16,17:15:00,21,31642
07/04/16,17:16:00,20,92918
07/04/16,17:17:00,20,23977
07/04/16,17:18:00,21,55382
07/04/16,17:19:00,21,73065
07/04/16,17:20:00,21,60697
07/04/16,17:21:00,21,73226
07/04/16,17:22:00,20,33837
07/04/16,17:23:00,19,47567
07/04/16,17:24:00,19,89942
07/04/16,17:25:00,20,34889
07/04/16,17:26:00,19,71194
07/04/16,17:27:00,19,26855
07/04/16,17:28:00,20,19406
07/04/16,17:29:00,21,64899
07/04/16,17:30:00,20,81386
07/04/16,17:31:00,22,44235
07/04/16,17:32:00,21,65133
07/04/16,17:33:00,20,9313
07/04/16,17:34:00,20,45021
07/04/16,17:35:00,19,8406
07/04/16,17:36:00,19,9369
07/04/16,17:37:00,19,0036
07/04/16,17:38:00,19,12112
07/04/16,17:39:00,19,38422
07/04/16,17:40:00,19,51803
07/04/16,17:41:00,19,14475
07/04/16,17:42:00,19,18665
07/04/16,17:43:00,18,92094
07/04/16,17:44:00,18,69123
07/04/16,17:45:00,18,41348
07/04/16,17:46:00,18,72803
07/04/16,17:47:00,18,93612
07/04/16,17:48:00,19,05748
07/04/16,17:49:00,18,98831
07/04/16,17:50:00,19,24997
07/04/16,17:51:00,18,87976
07/04/16,17:52:00,19,67332
07/04/16,17:53:00,19,57049
07/04/16,17:54:00,19,08525
07/04/16,17:55:00,18,36848
07/04/16,17:56:00,17,80837
07/04/16,17:57:00,17,3022
07/04/16,17:58:00,19,07678
07/04/16,17:59:00,19,04271
07/04/16,18:00:00,19,87905
07/04/16,18:01:00,19,74303
07/04/16,18:02:00,18,9942
07/04/16,18:03:00,19,76559
07/04/16,18:04:00,19,13048
07/04/16,18:05:00,19,33997
07/04/16,18:06:00,19,53353
07/04/16,18:07:00,18,8641
07/04/16,18:08:00,19,27679
07/04/16,18:09:00,18,91532
07/04/16,18:10:00,19,32707
07/04/16,18:11:00,18,31037
07/04/16,18:12:00,18,38075
07/04/16,18:13:00,19,31224
07/04/16,18:14:00,19,88265
07/04/16,18:15:00,19,99301
07/04/16,18:16:00,19,93545
07/04/16,18:17:00,19,62837
07/04/16,18:18:00,18,66508
07/04/16,18:19:00,18,71493
07/04/16,18:20:00,18,34773
07/04/16,18:21:00,17,97347
07/04/16,18:22:00,18,25843
07/04/16,18:23:00,18,61631
07/04/16,18:24:00,17,46135
07/04/16,18:25:00,16,98573
07/04/16,18:26:00,18,50671
07/04/16,18:27:00,18,44107
07/04/16,18:28:00,18,30746
07/04/16,18:29:00,18,78271
07/04/16,18:30:00,19,49491
07/04/16,18:31:00,18,51137
07/04/16,18:32:00,18,16035
07/04/16,18:33:00,17,78248
07/04/16,18:34:00,18,38231
07/04/16,18:35:00,17,68145
07/04/16,18:36:00,18,04238
07/04/16,18:37:00,18,95782
07/04/16,18:38:00,20,33081
07/04/16,18:39:00,17,79257
07/04/16,18:40:00,14,94042
07/04/16,18:41:00,12,77391
07/04/16,18:42:00,11,77915
07/04/16,18:43:00,9,930653
07/04/16,18:44:00,6,867524
07/04/16,18:45:00,9,816704
07/04/16,18:46:00,13,78958
07/04/16,18:47:00,10,79846
07/04/16,18:48:00,0
07/04/16,18:49:00,0
07/04/16,18:50:00,0
07/04/16,18:51:00,0
07/04/16,18:52:00,0
07/04/16,18:53:00,0
07/04/16,18:54:00,0
07/04/16,18:55:00,0
07/04/16,18:56:00,12,14598
07/04/16,18:57:00,15,85721
07/04/16,18:58:00,17,05534
07/04/16,18:59:00,17,19909
07/04/16,19:00:00,16,04419
07/04/16,19:01:00,17,26431
07/04/16,19:02:00,17,83769
07/04/16,19:03:00,17,31008
07/04/16,19:04:00,17,0832
07/04/16,19:05:00,18,61132
07/04/16,19:06:00,18,96439
07/04/16,19:07:00,18,29813
07/04/16,19:08:00,19,14489
07/04/16,19:09:00,17,91101
07/04/16,19:10:00,17,59829
07/04/16,19:11:00,18,01669
07/04/16,19:12:00,19,18046
07/04/16,19:13:00,20,35838
07/04/16,19:14:00,20,53748
07/04/16,19:15:00,20,13642
07/04/16,19:16:00,20,23885
07/04/16,19:17:00,19,85417
07/04/16,19:18:00,19,51673
07/04/16,19:19:00,18,85086
07/04/16,19:20:00,18,40356
07/04/16,19:21:00,18,13372
07/04/16,19:22:00,18,88104
07/04/16,19:23:00,18,9985
07/04/16,19:24:00,18,74984
07/04/16,19:25:00,19,51218
07/04/16,19:26:00,20,50713
07/04/16,19:27:00,20,06911
07/04/16,19:28:00,19,93077
07/04/16,19:29:00,19,29551
07/04/16,19:30:00,18,86581
07/04/16,19:31:00,19,13634
07/04/16,19:32:00,18,31784
07/04/16,19:33:00,18,67597
07/04/16,19:34:00,19,2193
07/04/16,19:35:00,19,59885
07/04/16,19:36:00,18,43167
07/04/16,19:37:00,18,91621
07/04/16,19:38:00,19,05743
07/04/16,19:39:00,19,13611
07/04/16,19:40:00,19,88742
07/04/16,19:41:00,20,47978
07/04/16,19:42:00,20,26038
07/04/16,19:43:00,20,32173
07/04/16,19:44:00,19,76338
07/04/16,19:45:00,19,4146
07/04/16,19:46:00,19,74688
07/04/16,19:47:00,19,91788
07/04/16,19:48:00,19,54711
07/04/16,19:49:00,19,36167
07/04/16,19:50:00,19,28152
07/04/16,19:51:00,20,1999
07/04/16,19:52:00,19,40541
07/04/16,19:53:00,19,31747
07/04/16,19:54:00,20,00958
07/04/16,19:55:00,19,88289
07/04/16,19:56:00,18,98476
07/04/16,19:57:00,19,76701
07/04/16,19:58:00,19,78456
07/04/16,19:59:00,20,8057
07/04/16,20:00:00,19,9793
07/04/16,20:01:00,19,68971
07/04/16,20:02:00,20,21564
07/04/16,20:03:00,19,71094
07/04/16,20:04:00,19,43873
07/04/16,20:05:00,19,52759
07/04/16,20:06:00,18,85111
07/04/16,20:07:00,18,99063
07/04/16,20:08:00,19,75325
07/04/16,20:09:00,18,9084
07/04/16,20:10:00,19,01698
07/04/16,20:11:00,19,47052
07/04/16,20:12:00,18,93833
07/04/16,20:13:00,16,75904
07/04/16,20:14:00,17,00507
07/04/16,20:15:00,17,65891
07/04/16,20:16:00,17,82979
07/04/16,20:17:00,18,40581
07/04/16,20:18:00,19,40502
07/04/16,20:19:00,18,62062
07/04/16,20:20:00,17,41171
07/04/16,20:21:00,17,48477
07/04/16,20:22:00,18,55454
07/04/16,20:23:00,18,62548
07/04/16,20:24:00,18,91676
07/04/16,20:25:00,18,57223
07/04/16,20:26:00,18,23109
07/04/16,20:27:00,18,38423
07/04/16,20:28:00,18,32568
07/04/16,20:29:00,17,29454
07/04/16,20:30:00,17,28077
07/04/16,20:31:00,17,49665
07/04/16,20:32:00,18,87732
07/04/16,20:33:00,18,89748
07/04/16,20:34:00,18,21426
07/04/16,20:35:00,18,08475
07/04/16,20:36:00,17,78389
07/04/16,20:37:00,16,77663
07/04/16,20:38:00,17,1491
07/04/16,20:39:00,17,3322
07/04/16,20:40:00,16,94363
07/04/16,20:41:00,18,35162
07/04/16,20:42:00,18,41197
07/04/16,20:43:00,18,09616
07/04/16,20:44:00,17,3009
07/04/16,20:45:00,17,36038
07/04/16,20:46:00,16,99631
07/04/16,20:47:00,16,85194
07/04/16,20:48:00,16,33458
07/04/16,20:49:00,17,2749
07/04/16,20:50:00,17,21849
07/04/16,20:51:00,17,28121
07/04/16,20:52:00,16,97333
07/04/16,20:53:00,16,90899
07/04/16,20:54:00,16,93778
07/04/16,20:55:00,17,39946
07/04/16,20:56:00,16,68013
07/04/16,20:57:00,16,81107
07/04/16,20:58:00,17,18087
07/04/16,20:59:00,17,67767
07/04/16,21:00:00,17,43623
07/04/16,21:01:00,16,55635
07/04/16,21:02:00,16,33449
07/04/16,21:03:00,17,1958
07/04/16,21:04:00,16,9183
07/04/16,21:05:00,16,48956
07/04/16,21:06:00,16,59142
07/04/16,21:07:00,16,76337
07/04/16,21:08:00,17,47023
07/04/16,21:09:00,17,77095
07/04/16,21:10:00,17,16371
07/04/16,21:11:00,17,33322
07/04/16,21:12:00,16,5959
07/04/16,21:13:00,15,89175
07/04/16,21:14:00,17,53871
07/04/16,21:15:00,16,99842
07/04/16,21:16:00,16,47459
07/04/16,21:17:00,15,8699
07/04/16,21:18:00,16,83287
07/04/16,21:19:00,17,25205
07/04/16,21:20:00,16,61374
07/04/16,21:21:00,16,54699
07/04/16,21:22:00,16,11102
07/04/16,21:23:00,16,78018
07/04/16,21:24:00,16,7464
07/04/16,21:25:00,17,37836
07/04/16,21:26:00,15,5054
07/04/16,21:27:00,16,89958
07/04/16,21:28:00,16,874
07/04/16,21:29:00,16,64577
07/04/16,21:30:00,16,81398
07/04/16,21:31:00,17,33106
07/04/16,21:32:00,17,33017
07/04/16,21:33:00,17,95363
07/04/16,21:34:00,16,85726
07/04/16,21:35:00,16,92451
07/04/16,21:36:00,17,41146
07/04/16,21:37:00,17,24157
07/04/16,21:38:00,15,84941
07/04/16,21:39:00,15,68002
07/04/16,21:40:00,10,86122
07/04/16,21:41:00,0
07/04/16,21:42:00,0
07/04/16,21:43:00,0
07/04/16,21:44:00,0
07/04/16,21:45:00,0
07/04/16,21:46:00,0
07/04/16,21:47:00,0
07/04/16,21:48:00,0
07/04/16,21:49:00,0
07/04/16,21:50:00,0
07/04/16,21:51:00,0
07/04/16,21:52:00,0
07/04/16,21:53:00,0
07/04/16,21:54:00,0
07/04/16,21:55:00,0
07/04/16,21:56:00,0
07/04/16,21:57:00,0
07/04/16,21:58:00,0
07/04/16,21:59:00,0
07/04/16,22:00:00,0
07/04/16,22:01:00,0
07/04/16,22:02:00,0
07/04/16,22:03:00,0
07/04/16,22:04:00,0
07/04/16,22:05:00,0
07/04/16,22:06:00,0
07/04/16,22:07:00,0
07/04/16,22:08:00,0
07/04/16,22:09:00,0
07/04/16,22:10:00,0
07/04/16,22:11:00,0
07/04/16,22:12:00,0
07/04/16,22:13:00,0
07/04/16,22:14:00,0
07/04/16,22:15:00,0
07/04/16,22:16:00,0
07/04/16,22:17:00,0
07/04/16,22:18:00,0
07/04/16,22:19:00,0
07/04/16,22:20:00,0
07/04/16,22:21:00,0
07/04/16,22:22:00,0
07/04/16,22:23:00,0
07/04/16,22:24:00,3,311929
07/04/16,22:25:00,14,2064
07/04/16,22:26:00,16,8469
07/04/16,22:27:00,18,41625
07/04/16,22:28:00,20,35182
07/04/16,22:29:00,19,73802
07/04/16,22:30:00,18,55415
07/04/16,22:31:00,17,99978
07/04/16,22:32:00,18,0046
07/04/16,22:33:00,18,88537
07/04/16,22:34:00,18,06448
07/04/16,22:35:00,17,6892
07/04/16,22:36:00,17,57873
07/04/16,22:37:00,17,7168
07/04/16,22:38:00,17,22035
07/04/16,22:39:00,17,81144
07/04/16,22:40:00,17,892
07/04/16,22:41:00,18,23535
07/04/16,22:42:00,18,31104
07/04/16,22:43:00,18,36827
07/04/16,22:44:00,17,79876
07/04/16,22:45:00,16,77383
07/04/16,22:46:00,17,33449
07/04/16,22:47:00,17,56499
07/04/16,22:48:00,17,30067
07/04/16,22:49:00,17,70787
07/04/16,22:50:00,17,62965
07/04/16,22:51:00,17,90866
07/04/16,22:52:00,17,87789
07/04/16,22:53:00,18,17955
07/04/16,22:54:00,18,39862
07/04/16,22:55:00,17,51501
07/04/16,22:56:00,18,1505
07/04/16,22:57:00,19,46078
07/04/16,22:58:00,18,96866
07/04/16,22:59:00,18,43397
07/04/16,23:00:00,18,24408
07/04/16,23:01:00,19,15386
07/04/16,23:02:00,19,9921
07/04/16,23:03:00,19,96405
07/04/16,23:04:00,18,98487
07/04/16,23:05:00,19,10828
07/04/16,23:06:00,19,48366
07/04/16,23:07:00,20,31887
07/04/16,23:08:00,19,29593
07/04/16,23:09:00,20,1494
07/04/16,23:10:00,20,80053
07/04/16,23:11:00,20,29326
07/04/16,23:12:00,19,14678
07/04/16,23:13:00,19,67901
07/04/16,23:14:00,19,86635
07/04/16,23:15:00,20,23207
07/04/16,23:16:00,21,01095
07/04/16,23:17:00,20,41369
07/04/16,23:18:00,20,26997
07/04/16,23:19:00,20,77553
07/04/16,23:20:00,20,68504
07/04/16,23:21:00,20,6908
07/04/16,23:22:00,21,44416
07/04/16,23:23:00,20,75888
07/04/16,23:24:00,21,08827
07/04/16,23:25:00,20,92574
07/04/16,23:26:00,21,71512
07/04/16,23:27:00,21,23361
07/04/16,23:28:00,21,27143
07/04/16,23:29:00,21,63578
07/04/16,23:30:00,21,45608
07/04/16,23:31:00,21,21284
07/04/16,23:32:00,21,85738
07/04/16,23:33:00,21,62652
07/04/16,23:34:00,20,40481
07/04/16,23:35:00,19,92903
07/04/16,23:36:00,20,8529
07/04/16,23:37:00,20,20184
07/04/16,23:38:00,20,70672
07/04/16,23:39:00,20,6643
07/04/16,23:40:00,21,05896
07/04/16,23:41:00,21,18174
07/04/16,23:42:00,22,54474
07/04/16,23:43:00,21,71357
07/04/16,23:44:00,22,54141
07/04/16,23:45:00,22,45577
07/04/16,23:46:00,22,22912
07/04/16,23:47:00,22,33212
07/04/16,23:48:00,20,89216
07/04/16,23:49:00,21,77499
07/04/16,23:50:00,21,76329
07/04/16,23:51:00,22,45063
07/04/16,23:52:00,22,32274
07/04/16,23:53:00,22,48981
07/04/16,23:54:00,20,68431
07/04/16,23:55:00,21,24992
07/04/16,23:56:00,21,00954
07/04/16,23:57:00,20,8603
07/04/16,23:58:00,20,83437
07/04/16,23:59:00,20,35895
07/05/16,00:00:00,20,35956
07/05/16,00:01:00,19,19753
07/05/16,00:02:00,10,76808
07/05/16,00:03:00,0
07/05/16,00:04:00,0
07/05/16,00:05:00,0
07/05/16,00:06:00,0
07/05/16,00:07:00,0
07/05/16,00:08:00,0
07/05/16,00:09:00,0
07/05/16,00:10:00,0
07/05/16,00:11:00,0
07/05/16,00:12:00,0
07/05/16,00:13:00,0
07/05/16,00:14:00,9,353595
07/05/16,00:15:00,15,39316
07/05/16,00:16:00,17,08556
07/05/16,00:17:00,17,78539
07/05/16,00:18:00,19,7422
07/05/16,00:19:00,20,34443
07/05/16,00:20:00,20,91891
07/05/16,00:21:00,20,06421
07/05/16,00:22:00,20,8954
07/05/16,00:23:00,20,54111
07/05/16,00:24:00,21,05565
07/05/16,00:25:00,20,73946
07/05/16,00:26:00,19,78522
07/05/16,00:27:00,19,98178
07/05/16,00:28:00,21,02982
07/05/16,00:29:00,21,46614
07/05/16,00:30:00,21,56587
07/05/16,00:31:00,22,10327
07/05/16,00:32:00,21,6959
07/05/16,00:33:00,22,27535
07/05/16,00:34:00,21,86389
07/05/16,00:35:00,21,0366
07/05/16,00:36:00,22,49355
07/05/16,00:37:00,23,40443
07/05/16,00:38:00,23,10708
07/05/16,00:39:00,23,67677
07/05/16,00:40:00,22,21939
07/05/16,00:41:00,22,31994
07/05/16,00:42:00,21,38457
07/05/16,00:43:00,22,05491
07/05/16,00:44:00,21,55521
07/05/16,00:45:00,20,93235
07/05/16,00:46:00,21,85488
07/05/16,00:47:00,22,95329
07/05/16,00:48:00,21,12005
07/05/16,00:49:00,21,63723
07/05/16,00:50:00,22,01881
07/05/16,00:51:00,22,2003
07/05/16,00:52:00,21,80847
07/05/16,00:53:00,21,60316
07/05/16,00:54:00,21,20675
07/05/16,00:55:00,20,20135
07/05/16,00:56:00,21,31458
07/05/16,00:57:00,21,0034
07/05/16,00:58:00,13,83103
07/05/16,00:59:00,0
07/05/16,01:00:00,0
07/05/16,01:01:00,0
07/05/16,01:02:00,0
07/05/16,01:03:00,0
07/05/16,01:04:00,0
07/05/16,01:05:00,0
07/05/16,01:06:00,0
07/05/16,01:07:00,0
07/05/16,01:08:00,0
07/05/16,01:09:00,0
07/05/16,01:10:00,0
07/05/16,01:11:00,0
07/05/16,01:12:00,0
07/05/16,01:13:00,0
07/05/16,01:14:00,0
07/05/16,01:15:00,12,70478
07/05/16,01:16:00,16,66736
07/05/16,01:17:00,16,24837
07/05/16,01:18:00,18,32224
07/05/16,01:19:00,17,91134
07/05/16,01:20:00,17,30543
07/05/16,01:21:00,18,05136
07/05/16,01:22:00,18,97687
07/05/16,01:23:00,18,21429
07/05/16,01:24:00,18,04708
07/05/16,01:25:00,16,91341
07/05/16,01:26:00,17,53728
07/05/16,01:27:00,17,80899
07/05/16,01:28:00,17,64582
07/05/16,01:29:00,17,57172
07/05/16,01:30:00,18,46858
07/05/16,01:31:00,18,16449
07/05/16,01:32:00,18,27206
07/05/16,01:33:00,18,13004
07/05/16,01:34:00,16,69976
07/05/16,01:35:00,17,40416
07/05/16,01:36:00,17,05277
07/05/16,01:37:00,17,53144
07/05/16,01:38:00,17,58254
07/05/16,01:39:00,18,78236
07/05/16,01:40:00,18,02115
07/05/16,01:41:00,17,56193
07/05/16,01:42:00,17,25328
07/05/16,01:43:00,17,4127
07/05/16,01:44:00,16,72359
07/05/16,01:45:00,17,12019
07/05/16,01:46:00,17,41509
07/05/16,01:47:00,16,98103
07/05/16,01:48:00,15,94855
07/05/16,01:49:00,16,12501
07/05/16,01:50:00,16,16324
07/05/16,01:51:00,15,22002
07/05/16,01:52:00,14,48453
07/05/16,01:53:00,14,23579
07/05/16,01:54:00,14,97636
07/05/16,01:55:00,16,27056
07/05/16,01:56:00,16,16919
07/05/16,01:57:00,16,87281
07/05/16,01:58:00,16,71127
07/05/16,01:59:00,16,78001
07/05/16,02:00:00,16,39297
07/05/16,02:01:00,16,98811
07/05/16,02:02:00,16,32875
07/05/16,02:03:00,16,52778
07/05/16,02:04:00,16,62372
07/05/16,02:05:00,15,6499
07/05/16,02:06:00,15,23495
07/05/16,02:07:00,14,55687
07/05/16,02:08:00,13,37511
07/05/16,02:09:00,13,96994
07/05/16,02:10:00,14,86678
07/05/16,02:11:00,14,84199
07/05/16,02:12:00,14,75851
07/05/16,02:13:00,16,80397
07/05/16,02:14:00,15,64835
07/05/16,02:15:00,16,02383
07/05/16,02:16:00,16,53164
07/05/16,02:17:00,16,12586
07/05/16,02:18:00,16,7515
07/05/16,02:19:00,16,21214
07/05/16,02:20:00,15,72842
07/05/16,02:21:00,16,39421
07/05/16,02:22:00,16,60118
07/05/16,02:23:00,16,01843
07/05/16,02:24:00,16,90702
07/05/16,02:25:00,16,55391
07/05/16,02:26:00,15,72482
07/05/16,02:27:00,16,3114
07/05/16,02:28:00,15,94084
07/05/16,02:29:00,15,40609
07/05/16,02:30:00,15,75201
07/05/16,02:31:00,16,89202
07/05/16,02:32:00,16,84379
07/05/16,02:33:00,15,8436
07/05/16,02:34:00,15,17687
07/05/16,02:35:00,15,26537
07/05/16,02:36:00,15,0652
07/05/16,02:37:00,15,72769
07/05/16,02:38:00,14,87796
07/05/16,02:39:00,15,39038
07/05/16,02:40:00,15,94046
07/05/16,02:41:00,17,37375
07/05/16,02:42:00,18,46451
07/05/16,02:43:00,19,68457
07/05/16,02:44:00,18,7819
07/05/16,02:45:00,19,65104
07/05/16,02:46:00,21,19003
07/05/16,02:47:00,21,22143
07/05/16,02:48:00,22,44968
07/05/16,02:49:00,22,69559
07/05/16,02:50:00,22,17688
07/05/16,02:51:00,21,76022
07/05/16,02:52:00,21,67178
07/05/16,02:53:00,22,31972
07/05/16,02:54:00,22,2003
07/05/16,02:55:00,22,31978
07/05/16,02:56:00,21,95229
07/05/16,02:57:00,21,30601
07/05/16,02:58:00,21,12523
07/05/16,02:59:00,21,27159
07/05/16,03:00:00,22,46897
07/05/16,03:01:00,21,9496
07/05/16,03:02:00,22,42992
07/05/16,03:03:00,23,14364
07/05/16,03:04:00,23,40217
07/05/16,03:05:00,22,40585
07/05/16,03:06:00,22,15316
07/05/16,03:07:00,21,95961
07/05/16,03:08:00,21,50512
07/05/16,03:09:00,21,26895
07/05/16,03:10:00,18,9217
07/05/16,03:11:00,1,740319
07/05/16,03:12:00,0
07/05/16,03:13:00,0
07/05/16,03:14:00,0
07/05/16,03:15:00,0
07/05/16,03:16:00,0
07/05/16,03:17:00,0
07/05/16,03:18:00,0
07/05/16,03:19:00,0
07/05/16,03:20:00,0
07/05/16,03:21:00,0
07/05/16,03:22:00,0
07/05/16,03:23:00,0
07/05/16,03:24:00,0
07/05/16,03:25:00,0
07/05/16,03:26:00,0
07/05/16,03:27:00,0
07/05/16,03:28:00,1,086248
07/05/16,03:29:00,13,12899
07/05/16,03:30:00,15,18956
07/05/16,03:31:00,17,33269
07/05/16,03:32:00,17,22127
07/05/16,03:33:00,16,64927
07/05/16,03:34:00,17,41352
07/05/16,03:35:00,17,13941
07/05/16,03:36:00,16,66606
07/05/16,03:37:00,16,36875
07/05/16,03:38:00,16,104
07/05/16,03:39:00,16,82785
07/05/16,03:40:00,17,9914
07/05/16,03:41:00,18,14594
07/05/16,03:42:00,18,19986
07/05/16,03:43:00,17,78603
07/05/16,03:44:00,17,72292
07/05/16,03:45:00,17,81001
07/05/16,03:46:00,17,46127
07/05/16,03:47:00,17,2753
07/05/16,03:48:00,17,30163
07/05/16,03:49:00,17,14271
07/05/16,03:50:00,16,91704
07/05/16,03:51:00,16,32281
07/05/16,03:52:00,16,72841
07/05/16,03:53:00,16,95684
07/05/16,03:54:00,17,70406
07/05/16,03:55:00,17,35582
07/05/16,03:56:00,15,57905
07/05/16,03:57:00,16,91939
07/05/16,03:58:00,16,78508
07/05/16,03:59:00,16,74991
07/05/16,04:00:00,15,58357
07/05/16,04:01:00,15,96533
07/05/16,04:02:00,16,43021
07/05/16,04:03:00,16,74663
07/05/16,04:04:00,16,67388
07/05/16,04:05:00,16,70644
07/05/16,04:06:00,16,46819
07/05/16,04:07:00,15,87829
07/05/16,04:08:00,15,8177
07/05/16,04:09:00,14,74009
07/05/16,04:10:00,15,34094
07/05/16,04:11:00,16,04427
07/05/16,04:12:00,16,24628
07/05/16,04:13:00,14,78903
07/05/16,04:14:00,15,37684
07/05/16,04:15:00,15,67903
07/05/16,04:16:00,14,77393
07/05/16,04:17:00,15,33237
07/05/16,04:18:00,15,80763
07/05/16,04:19:00,15,34562
07/05/16,04:20:00,15,20014
07/05/16,04:21:00,14,94446
07/05/16,04:22:00,14,93084
07/05/16,04:23:00,15,08539
07/05/16,04:24:00,15,45603
07/05/16,04:25:00,14,45862
07/05/16,04:26:00,15,10763
07/05/16,04:27:00,15,88681
07/05/16,04:28:00,15,12811
07/05/16,04:29:00,13,9406
07/05/16,04:30:00,14,88128
07/05/16,04:31:00,14,85335
07/05/16,04:32:00,14,79847
07/05/16,04:33:00,15,84897
07/05/16,04:34:00,15,66263
07/05/16,04:35:00,16,0947
07/05/16,04:36:00,17,75244
07/05/16,04:37:00,16,73646
07/05/16,04:38:00,16,85389
07/05/16,04:39:00,17,36207
07/05/16,04:40:00,16,50943
07/05/16,04:41:00,17,24878
07/05/16,04:42:00,17,35831
07/05/16,04:43:00,17,73449
07/05/16,04:44:00,17,15424
07/05/16,04:45:00,18,3186
07/05/16,04:46:00,18,19012
07/05/16,04:47:00,18,24306
07/05/16,04:48:00,18,06116
07/05/16,04:49:00,17,24306
07/05/16,04:50:00,17,26686
07/05/16,04:51:00,17,81857
07/05/16,04:52:00,18,34439
07/05/16,04:53:00,18,54494
07/05/16,04:54:00,18,92353
07/05/16,04:55:00,18,63246
07/05/16,04:56:00,19,31086
07/05/16,04:57:00,19,16758
07/05/16,04:58:00,18,63629
07/05/16,04:59:00,17,46489
07/05/16,05:00:00,18,10424
07/05/16,05:01:00,17,57832
07/05/16,05:02:00,17,71334
07/05/16,05:03:00,17,8874
07/05/16,05:04:00,18,19549
07/05/16,05:05:00,18,21386
07/05/16,05:06:00,18,2034
07/05/16,05:07:00,18,79217
07/05/16,05:08:00,18,47094
07/05/16,05:09:00,17,90065
07/05/16,05:10:00,18,32763
07/05/16,05:11:00,17,13216
07/05/16,05:12:00,17,03953
07/05/16,05:13:00,16,17476
07/05/16,05:14:00,16,14338
07/05/16,05:15:00,16,75839
07/05/16,05:16:00,16,10101
07/05/16,05:17:00,16,41844
07/05/16,05:18:00,16,77388
07/05/16,05:19:00,16,06506
07/05/16,05:20:00,16,8682
07/05/16,05:21:00,16,17219
07/05/16,05:22:00,15,72904
07/05/16,05:23:00,16,30023
07/05/16,05:24:00,16,45469
07/05/16,05:25:00,16,1027
07/05/16,05:26:00,16,44554
07/05/16,05:27:00,17,77568
07/05/16,05:28:00,17,60617
07/05/16,05:29:00,17,00319
07/05/16,05:30:00,3,44135
07/05/16,05:31:00,0
07/05/16,05:32:00,0
07/05/16,05:33:00,0
07/05/16,05:34:00,0
07/05/16,05:35:00,0
07/05/16,05:36:00,0
07/05/16,05:37:00,0
07/05/16,05:38:00,0
07/05/16,05:39:00,0
07/05/16,05:40:00,0
07/05/16,05:41:00,0
07/05/16,05:42:00,0
07/05/16,05:43:00,0
07/05/16,05:44:00,0
07/05/16,05:45:00,0
07/05/16,05:46:00,0
07/05/16,05:47:00,0
07/05/16,05:48:00,0
07/05/16,05:49:00,0
07/05/16,05:50:00,0
07/05/16,05:51:00,0
07/05/16,05:52:00,0
07/05/16,05:53:00,0
07/05/16,05:54:00,0
07/05/16,05:55:00,0
07/05/16,05:56:00,0
07/05/16,05:57:00,0
07/05/16,05:58:00,0
07/05/16,05:59:00,0
07/05/16,06:00:00,0
07/05/16,06:01:00,0
07/05/16,06:02:00,0
07/05/16,06:03:00,0
07/05/16,06:04:00,0
07/05/16,06:05:00,0
07/05/16,06:06:00,0
07/05/16,06:07:00,0
07/05/16,06:08:00,0
07/05/16,06:09:00,0
07/05/16,06:10:00,0
07/05/16,06:11:00,3,781327
07/05/16,06:12:00,14,20078
07/05/16,06:13:00,17,06219
07/05/16,06:14:00,17,81832
07/05/16,06:15:00,18,40016
07/05/16,06:16:00,16,6457
07/05/16,06:17:00,17,32894
07/05/16,06:18:00,17,21716
07/05/16,06:19:00,16,65495
07/05/16,06:20:00,16,5673
07/05/16,06:21:00,17,40809
07/05/16,06:22:00,16,75429
07/05/16,06:23:00,16,69912
07/05/16,06:24:00,15,70247
07/05/16,06:25:00,16,14774
07/05/16,06:26:00,16,02139
07/05/16,06:27:00,16,92292
07/05/16,06:28:00,16,44167
07/05/16,06:29:00,16,9091
07/05/16,06:30:00,16,49256
07/05/16,06:31:00,15,84578
07/05/16,06:32:00,15,59163
07/05/16,06:33:00,16,45264
07/05/16,06:34:00,17,18581
07/05/16,06:35:00,17,76059
07/05/16,06:36:00,16,77859
07/05/16,06:37:00,17,07211
07/05/16,06:38:00,16,63815
07/05/16,06:39:00,16,87085
07/05/16,06:40:00,16,72368
07/05/16,06:41:00,16,19968
07/05/16,06:42:00,16,29471
07/05/16,06:43:00,16,88934
07/05/16,06:44:00,17,08984
07/05/16,06:45:00,16,63374
07/05/16,06:46:00,16,54651
07/05/16,06:47:00,16,90504
07/05/16,06:48:00,17,1588
07/05/16,06:49:00,16,85707
07/05/16,06:50:00,17,8688
07/05/16,06:51:00,16,54675
07/05/16,06:52:00,16,40105
07/05/16,06:53:00,16,54218
07/05/16,06:54:00,16,33064
07/05/16,06:55:00,16,50283
07/05/16,06:56:00,16,18531
07/05/16,06:57:00,16,3517
07/05/16,06:58:00,16,58662
07/05/16,06:59:00,16,2375
07/05/16,07:00:00,16,48778
07/05/16,07:01:00,17,33197
07/05/16,07:02:00,16,62318
07/05/16,07:03:00,16,03933
07/05/16,07:04:00,15,9337
07/05/16,07:05:00,16,31426
07/05/16,07:06:00,16,85131
07/05/16,07:07:00,18,19675
07/05/16,07:08:00,17,98815
07/05/16,07:09:00,17,4799
07/05/16,07:10:00,17,83998
07/05/16,07:11:00,17,30517
07/05/16,07:12:00,17,79354
07/05/16,07:13:00,17,2175
07/05/16,07:14:00,17,00101
07/05/16,07:15:00,17,72255
07/05/16,07:16:00,16,9221
07/05/16,07:17:00,17,24328
07/05/16,07:18:00,17,73109
07/05/16,07:19:00,16,7143
07/05/16,07:20:00,17,6072
07/05/16,07:21:00,17,89329
07/05/16,07:22:00,17,67776
07/05/16,07:23:00,16,6866
07/05/16,07:24:00,16,48258
07/05/16,07:25:00,14,03224
07/05/16,07:26:00,0,00524958
07/05/16,07:27:00,0
07/05/16,07:28:00,0
07/05/16,07:29:00,0
07/05/16,07:30:00,0
07/05/16,07:31:00,0
07/05/16,07:32:00,0
07/05/16,07:33:00,0
07/05/16,07:34:00,0
07/05/16,07:35:00,0
07/05/16,07:36:00,0
07/05/16,07:37:00,0
07/05/16,07:38:00,0
07/05/16,07:39:00,0
07/05/16,07:40:00,0
07/05/16,07:41:00,0
07/05/16,07:42:00,0
07/05/16,07:43:00,0
07/05/16,07:44:00,0
07/05/16,07:45:00,0
07/05/16,07:46:00,0
07/05/16,07:47:00,0
07/05/16,07:48:00,0
07/05/16,07:49:00,0
07/05/16,07:50:00,0
07/05/16,07:51:00,0
07/05/16,07:52:00,0
07/05/16,07:53:00,0
07/05/16,07:54:00,0
07/05/16,07:55:00,0
07/05/16,07:56:00,0
07/05/16,07:57:00,0
07/05/16,07:58:00,0
07/05/16,07:59:00,0
07/05/16,08:00:00,0
07/05/16,08:01:00,0
07/05/16,08:02:00,0
07/05/16,08:03:00,0
07/05/16,08:04:00,0
07/05/16,08:05:00,0
07/05/16,08:06:00,0
07/05/16,08:07:00,0
07/05/16,08:08:00,0
07/05/16,08:09:00,0
07/05/16,08:10:00,0
07/05/16,08:11:00,0
07/05/16,08:12:00,0
07/05/16,08:13:00,0
07/05/16,08:14:00,0
07/05/16,08:15:00,0
07/05/16,08:16:00,0
07/05/16,08:17:00,0
07/05/16,08:18:00,0
07/05/16,08:19:00,0
07/05/16,08:20:00,0
07/05/16,08:21:00,0
07/05/16,08:22:00,0
07/05/16,08:23:00,0
07/05/16,08:24:00,0
07/05/16,08:25:00,0
07/05/16,08:26:00,0
07/05/16,08:27:00,0
07/05/16,08:28:00,0
07/05/16,08:29:00,0
07/05/16,08:30:00,0
07/05/16,08:31:00,0
07/05/16,08:32:00,0
07/05/16,08:33:00,0
07/05/16,08:34:00,0
07/05/16,08:35:00,0
07/05/16,08:36:00,0
07/05/16,08:37:00,0
07/05/16,08:38:00,9,064439
07/05/16,08:39:00,16,47009
07/05/16,08:40:00,5,841343
07/05/16,08:41:00,0
07/05/16,08:42:00,0
07/05/16,08:43:00,0
07/05/16,08:44:00,0
07/05/16,08:45:00,0
07/05/16,08:46:00,0
07/05/16,08:47:00,0
07/05/16,08:48:00,0
07/05/16,08:49:00,0
07/05/16,08:50:00,0
07/05/16,08:51:00,0
07/05/16,08:52:00,0
07/05/16,08:53:00,0
07/05/16,08:54:00,0
07/05/16,08:55:00,0
07/05/16,08:56:00,0
07/05/16,08:57:00,0
07/05/16,08:58:00,0
07/05/16,08:59:00,0
07/05/16,09:00:00,0
07/05/16,09:01:00,0
07/05/16,09:02:00,0
07/05/16,09:03:00,5,841783
07/05/16,09:04:00,16,01096
07/05/16,09:05:00,15,99106
07/05/16,09:06:00,17,38802
07/05/16,09:07:00,17,92113
07/05/16,09:08:00,18,07482
07/05/16,09:09:00,18,27777
07/05/16,09:10:00,18,71692
07/05/16,09:11:00,19,38293
07/05/16,09:12:00,19,5514
07/05/16,09:13:00,19,58294
07/05/16,09:14:00,19,34275
07/05/16,09:15:00,18,8969
07/05/16,09:16:00,18,05407
07/05/16,09:17:00,18,2339
07/05/16,09:18:00,17,73184
07/05/16,09:19:00,16,60897
07/05/16,09:20:00,18,4121
07/05/16,09:21:00,20,05761
07/05/16,09:22:00,21,06311
07/05/16,09:23:00,21,22416
07/05/16,09:24:00,21,08287
07/05/16,09:25:00,20,95151
07/05/16,09:26:00,20,25992
07/05/16,09:27:00,19,54018
07/05/16,09:28:00,19,98693
07/05/16,09:29:00,20,20808
07/05/16,09:30:00,19,07292
07/05/16,09:31:00,19,90817
07/05/16,09:32:00,19,686
07/05/16,09:33:00,19,9142
07/05/16,09:34:00,19,06609
07/05/16,09:35:00,19,40325
07/05/16,09:36:00,19,46704
07/05/16,09:37:00,19,56567
07/05/16,09:38:00,18,89701
07/05/16,09:39:00,18,49572
07/05/16,09:40:00,17,48944
07/05/16,09:41:00,17,72385
07/05/16,09:42:00,17,63427
07/05/16,09:43:00,18,10417
07/05/16,09:44:00,19,10909
07/05/16,09:45:00,19,76141
07/05/16,09:46:00,18,91147
07/05/16,09:47:00,19,45528
07/05/16,09:48:00,19,16918
07/05/16,09:49:00,18,54446
07/05/16,09:50:00,19,2831
07/05/16,09:51:00,18,68747
07/05/16,09:52:00,18,13517
07/05/16,09:53:00,17,95646
07/05/16,09:54:00,18,16312
07/05/16,09:55:00,17,63322
07/05/16,09:56:00,18,10266
07/05/16,09:57:00,18,8264
07/05/16,09:58:00,18,57512
07/05/16,09:59:00,18,29522
07/05/16,10:00:00,18,84461
07/05/16,10:01:00,19,5408
07/05/16,10:02:00,19,15347
07/05/16,10:03:00,19,56872
07/05/16,10:04:00,18,97032
07/05/16,10:05:00,18,55738
07/05/16,10:06:00,19,11741
07/05/16,10:07:00,18,97115
07/05/16,10:08:00,18,15005
07/05/16,10:09:00,17,64109
07/05/16,10:10:00,17,49791
07/05/16,10:11:00,19,17415
07/05/16,10:12:00,20,15574
07/05/16,10:13:00,19,79962
07/05/16,10:14:00,18,46147
07/05/16,10:15:00,18,58935
07/05/16,10:16:00,19,65285
07/05/16,10:17:00,19,23684
07/05/16,10:18:00,19,15685
07/05/16,10:19:00,18,13211
07/05/16,10:20:00,18,38352
07/05/16,10:21:00,17,88459
07/05/16,10:22:00,18,77765
07/05/16,10:23:00,18,89755
07/05/16,10:24:00,19,24967
07/05/16,10:25:00,19,80409
07/05/16,10:26:00,20,55856
07/05/16,10:27:00,19,1824
07/05/16,10:28:00,18,69256
07/05/16,10:29:00,19,04106
07/05/16,10:30:00,18,90192
07/05/16,10:31:00,18,90847
07/05/16,10:32:00,18,74709
07/05/16,10:33:00,18,98735
07/05/16,10:34:00,19,86732
07/05/16,10:35:00,19,62581
07/05/16,10:36:00,18,61314
07/05/16,10:37:00,18,14254
07/05/16,10:38:00,17,8516
07/05/16,10:39:00,17,22605
07/05/16,10:40:00,17,94159
07/05/16,10:41:00,18,60414
07/05/16,10:42:00,18,03688
07/05/16,10:43:00,17,8569
07/05/16,10:44:00,18,70538
07/05/16,10:45:00,18,97755
07/05/16,10:46:00,18,60885
07/05/16,10:47:00,19,3858
07/05/16,10:48:00,18,63416
07/05/16,10:49:00,17,43801
07/05/16,10:50:00,17,80933
07/05/16,10:51:00,18,47978
07/05/16,10:52:00,19,01985
07/05/16,10:53:00,19,05623
07/05/16,10:54:00,19,04356
07/05/16,10:55:00,19,21986
07/05/16,10:56:00,18,49189
07/05/16,10:57:00,18,95968
07/05/16,10:58:00,19,51896
07/05/16,10:59:00,20,05252
07/05/16,11:00:00,19,2073
07/05/16,11:01:00,18,96553
07/05/16,11:02:00,18,44683
07/05/16,11:03:00,18,16601
07/05/16,11:04:00,18,67688
07/05/16,11:05:00,18,95331
07/05/16,11:06:00,18,88668
07/05/16,11:07:00,17,61747
07/05/16,11:08:00,18,20029
07/05/16,11:09:00,18,90505
07/05/16,11:10:00,19,04624
07/05/16,11:11:00,18,94543
07/05/16,11:12:00,19,75974
07/05/16,11:13:00,19,78297
07/05/16,11:14:00,19,6019
07/05/16,11:15:00,18,83742
07/05/16,11:16:00,19,87291
07/05/16,11:17:00,18,86612
07/05/16,11:18:00,18,53763
07/05/16,11:19:00,18,38391
07/05/16,11:20:00,18,47205
07/05/16,11:21:00,18,45827
07/05/16,11:22:00,19,12802
07/05/16,11:23:00,19,05568
07/05/16,11:24:00,20,22033
07/05/16,11:25:00,20,11084
07/05/16,11:26:00,19,19211
07/05/16,11:27:00,19,07925
07/05/16,11:28:00,19,09521
07/05/16,11:29:00,18,39093
07/05/16,11:30:00,17,81677
07/05/16,11:31:00,18,78187
07/05/16,11:32:00,18,22995
07/05/16,11:33:00,18,70144
07/05/16,11:34:00,18,3295
07/05/16,11:35:00,18,23902
07/05/16,11:36:00,18,55921
07/05/16,11:37:00,18,24712
07/05/16,11:38:00,18,31568
07/05/16,11:39:00,19,50777
07/05/16,11:40:00,19,17871
07/05/16,11:41:00,19,1569
07/05/16,11:42:00,19,5095
07/05/16,11:43:00,18,53324
07/05/16,11:44:00,18,33179
07/05/16,11:45:00,18,53167
07/05/16,11:46:00,18,81861
07/05/16,11:47:00,19,68587
07/05/16,11:48:00,19,51315
07/05/16,11:49:00,19,34163
07/05/16,11:50:00,18,86732
07/05/16,11:51:00,18,63625
07/05/16,11:52:00,18,86113
07/05/16,11:53:00,18,83181
07/05/16,11:54:00,17,90509
07/05/16,11:55:00,18,57374
07/05/16,11:56:00,19,13494
07/05/16,11:57:00,18,94006
07/05/16,11:58:00,19,53639
07/05/16,11:59:00,20,15703
07/05/16,12:00:00,19,60819
07/05/16,12:01:00,19,6847
07/05/16,12:02:00,18,82854
07/05/16,12:03:00,18,7318
07/05/16,12:04:00,19,01114
07/05/16,12:05:00,19,23864
07/05/16,12:06:00,19,58617
07/05/16,12:07:00,19,23748
07/05/16,12:08:00,19,01073
07/05/16,12:09:00,18,5576
07/05/16,12:10:00,18,67434
07/05/16,12:11:00,19,73573
07/05/16,12:12:00,19,91282
07/05/16,12:13:00,19,03709
07/05/16,12:14:00,18,57957
07/05/16,12:15:00,18,89113
07/05/16,12:16:00,18,33175
07/05/16,12:17:00,17,75965
07/05/16,12:18:00,18,76595
07/05/16,12:19:00,18,68667
07/05/16,12:20:00,18,72317
07/05/16,12:21:00,18,29735
07/05/16,12:22:00,17,54765
07/05/16,12:23:00,18,8674
07/05/16,12:24:00,19,96151
07/05/16,12:25:00,19,58562
07/05/16,12:26:00,18,73332
07/05/16,12:27:00,18,18094
07/05/16,12:28:00,18,12137
07/05/16,12:29:00,19,15854
07/05/16,12:30:00,18,88093
07/05/16,12:31:00,18,17247
07/05/16,12:32:00,17,94287
07/05/16,12:33:00,18,32141
07/05/16,12:34:00,18,47805
07/05/16,12:35:00,18,15164
07/05/16,12:36:00,18,689
07/05/16,12:37:00,18,79222
07/05/16,12:38:00,18,80531
07/05/16,12:39:00,19,53335
07/05/16,12:40:00,19,11771
07/05/16,12:41:00,19,15621
07/05/16,12:42:00,19,11373
07/05/16,12:43:00,18,02603
07/05/16,12:44:00,18,49083
07/05/16,12:45:00,18,41838
07/05/16,12:46:00,19,19284
07/05/16,12:47:00,19,91469
07/05/16,12:48:00,18,6963
07/05/16,12:49:00,19,53603
07/05/16,12:50:00,19,62246
07/05/16,12:51:00,19,45606
07/05/16,12:52:00,18,39389
07/05/16,12:53:00,18,80541
07/05/16,12:54:00,18,53983
07/05/16,12:55:00,18,48345
07/05/16,12:56:00,18,76651
07/05/16,12:57:00,18,74796
07/05/16,12:58:00,18,32529
07/05/16,12:59:00,18,90508
07/05/16,13:00:00,18,66234
07/05/16,13:01:00,17,96694
07/05/16,13:02:00,17,81934
07/05/16,13:03:00,18,35308
07/05/16,13:04:00,18,30167
07/05/16,13:05:00,18,95887
07/05/16,13:06:00,19,11898
07/05/16,13:07:00,18,74701
07/05/16,13:08:00,18,67198
07/05/16,13:09:00,18,5919
07/05/16,13:10:00,18,50459
07/05/16,13:11:00,19,46198
07/05/16,13:12:00,19,54733
07/05/16,13:13:00,18,95955
07/05/16,13:14:00,20,02918
07/05/16,13:15:00,20,291
07/05/16,13:16:00,19,12914
07/05/16,13:17:00,18,61628
07/05/16,13:18:00,18,20149
07/05/16,13:19:00,18,29365
07/05/16,13:20:00,18,21537
07/05/16,13:21:00,18,00242
07/05/16,13:22:00,18,7752
07/05/16,13:23:00,19,05304
07/05/16,13:24:00,18,60655
07/05/16,13:25:00,18,08168
07/05/16,13:26:00,18,47366
07/05/16,13:27:00,18,25069
07/05/16,13:28:00,18,29068
07/05/16,13:29:00,17,51782
07/05/16,13:30:00,17,11765
07/05/16,13:31:00,17,22572
07/05/16,13:32:00,17,83192
07/05/16,13:33:00,17,22264
07/05/16,13:34:00,16,90725
07/05/16,13:35:00,14,3496
07/05/16,13:36:00,0,3328608
07/05/16,13:37:00,0
07/05/16,13:38:00,0
07/05/16,13:39:00,0
07/05/16,13:40:00,0
07/05/16,13:41:00,0
07/05/16,13:42:00,0
07/05/16,13:43:00,0
07/05/16,13:44:00,0
07/05/16,13:45:00,0
07/05/16,13:46:00,0
07/05/16,13:47:00,0
07/05/16,13:48:00,0
07/05/16,13:49:00,0
07/05/16,13:50:00,0
07/05/16,13:51:00,0
07/05/16,13:52:00,0
07/05/16,13:53:00,0
07/05/16,13:54:00,0
07/05/16,13:55:00,0
07/05/16,13:56:00,0
07/05/16,13:57:00,0
07/05/16,13:58:00,0
07/05/16,13:59:00,0
07/05/16,14:00:00,0
07/05/16,14:01:00,0
07/05/16,14:02:00,5,673893
07/05/16,14:03:00,11,69821
07/05/16,14:04:00,12,98113
07/05/16,14:05:00,16,9548
07/05/16,14:06:00,17,52941
07/05/16,14:07:00,18,05298
07/05/16,14:08:00,18,18507
07/05/16,14:09:00,17,74877
07/05/16,14:10:00,18,3696
07/05/16,14:11:00,19,38626
07/05/16,14:12:00,19,04777
07/05/16,14:13:00,19,28016
07/05/16,14:14:00,19,97472
07/05/16,14:15:00,19,52984
07/05/16,14:16:00,18,40999
07/05/16,14:17:00,17,38814
07/05/16,14:18:00,17,66364
07/05/16,14:19:00,18,25155
07/05/16,14:20:00,17,94051
07/05/16,14:21:00,18,23351
07/05/16,14:22:00,18,03791
07/05/16,14:23:00,17,96476
07/05/16,14:24:00,17,51931
07/05/16,14:25:00,18,07188
07/05/16,14:26:00,18,38997
07/05/16,14:27:00,19,48577
07/05/16,14:28:00,19,52268
07/05/16,14:29:00,17,93769
07/05/16,14:30:00,17,74915
07/05/16,14:31:00,18,10539
07/05/16,14:32:00,18,30955
07/05/16,14:33:00,18,488
07/05/16,14:34:00,18,39748
07/05/16,14:35:00,18,87858
07/05/16,14:36:00,18,46638
07/05/16,14:37:00,18,11193
07/05/16,14:38:00,16,5236
07/05/16,14:39:00,17,74354
07/05/16,14:40:00,18,68875
07/05/16,14:41:00,19,04699
07/05/16,14:42:00,18,5266
07/05/16,14:43:00,17,30667
07/05/16,14:44:00,17,62471
07/05/16,14:45:00,18,0929
07/05/16,14:46:00,16,44219
07/05/16,14:47:00,16,61612
07/05/16,14:48:00,17,29435
07/05/16,14:49:00,16,23131
07/05/16,14:50:00,17,06874
07/05/16,14:51:00,17,37144
07/05/16,14:52:00,17,69511
07/05/16,14:53:00,17,5285
07/05/16,14:54:00,17,59138
07/05/16,14:55:00,17,81081
07/05/16,14:56:00,17,90026
07/05/16,14:57:00,17,68481
07/05/16,14:58:00,17,49173
07/05/16,14:59:00,17,87756
07/05/16,15:00:00,18,69521
07/05/16,15:01:00,17,64955
07/05/16,15:02:00,17,69089
07/05/16,15:03:00,19,00446
07/05/16,15:04:00,19,41699
07/05/16,15:05:00,18,33244
07/05/16,15:06:00,17,39471
07/05/16,15:07:00,18,43196
07/05/16,15:08:00,18,72682
07/05/16,15:09:00,19,22701
07/05/16,15:10:00,18,25755
07/05/16,15:11:00,18,5162
07/05/16,15:12:00,19,44413
07/05/16,15:13:00,19,3714
07/05/16,15:14:00,19,10245
07/05/16,15:15:00,18,2004
07/05/16,15:16:00,18,08876
07/05/16,15:17:00,18,63958
07/05/16,15:18:00,17,79705
07/05/16,15:19:00,18,0791
07/05/16,15:20:00,19,35707
07/05/16,15:21:00,19,89183
07/05/16,15:22:00,16,37513
07/05/16,15:23:00,10,48242
07/05/16,15:24:00,9,754416
07/05/16,15:25:00,6,427231
07/05/16,15:26:00,3,534244
07/05/16,15:27:00,11,0377
07/05/16,15:28:00,11,91137
07/05/16,15:29:00,0,596764
07/05/16,15:30:00,0
07/05/16,15:31:00,0
07/05/16,15:32:00,0
07/05/16,15:33:00,0
07/05/16,15:34:00,0
07/05/16,15:35:00,0,8378257
07/05/16,15:36:00,14,48699
07/05/16,15:37:00,26,76852
07/05/16,15:38:00,20,55661
07/05/16,15:39:00,17,21924
07/05/16,15:40:00,17,461
07/05/16,15:41:00,18,37379
07/05/16,15:42:00,17,70406
07/05/16,15:43:00,17,68384
07/05/16,15:44:00,19,50199
07/05/16,15:45:00,18,46206
07/05/16,15:46:00,17,75737
07/05/16,15:47:00,18,32673
07/05/16,15:48:00,17,27417
07/05/16,15:49:00,16,46728
07/05/16,15:50:00,16,36778
07/05/16,15:51:00,16,80837
07/05/16,15:52:00,17,22174
07/05/16,15:53:00,17,1963
07/05/16,15:54:00,17,46303
07/05/16,15:55:00,17,18246
07/05/16,15:56:00,16,53423
07/05/16,15:57:00,18,06228
07/05/16,15:58:00,17,0814
07/05/16,15:59:00,16,90498
07/05/16,16:00:00,17,03069
07/05/16,16:01:00,16,5357
07/05/16,16:02:00,17,01753
07/05/16,16:03:00,17,06094
07/05/16,16:04:00,16,24329
07/05/16,16:05:00,15,78857
07/05/16,16:06:00,15,65022
07/05/16,16:07:00,15,17071
07/05/16,16:08:00,16,1001
07/05/16,16:09:00,16,24435
07/05/16,16:10:00,16,40561
07/05/16,16:11:00,15,79049
07/05/16,16:12:00,14,84373
07/05/16,16:13:00,14,84712
07/05/16,16:14:00,16,48866
07/05/16,16:15:00,16,55391
07/05/16,16:16:00,17,0913
07/05/16,16:17:00,16,91191
07/05/16,16:18:00,16,28703
07/05/16,16:19:00,17,59744
07/05/16,16:20:00,17,19594
07/05/16,16:21:00,16,18073
07/05/16,16:22:00,15,59014
07/05/16,16:23:00,15,215
07/05/16,16:24:00,14,39313
07/05/16,16:25:00,14,85772
07/05/16,16:26:00,17,10381
07/05/16,16:27:00,16,47587
07/05/16,16:28:00,16,25692
07/05/16,16:29:00,16,6792
07/05/16,16:30:00,16,59406
07/05/16,16:31:00,16,16976
07/05/16,16:32:00,16,50308
07/05/16,16:33:00,16,36607
07/05/16,16:34:00,16,80375
07/05/16,16:35:00,16,28038
07/05/16,16:36:00,16,04657
07/05/16,16:37:00,16,62513
07/05/16,16:38:00,17,51225
07/05/16,16:39:00,17,17996
07/05/16,16:40:00,15,83141
07/05/16,16:41:00,16,29519
07/05/16,16:42:00,15,63503
07/05/16,16:43:00,16,91028
07/05/16,16:44:00,16,18009
07/05/16,16:45:00,16,31986
07/05/16,16:46:00,16,64713
07/05/16,16:47:00,16,02834
07/05/16,16:48:00,16,8393
07/05/16,16:49:00,16,31723
07/05/16,16:50:00,16,1588
07/05/16,16:51:00,17,52472
07/05/16,16:52:00,17,09418
07/05/16,16:53:00,16,84089
07/05/16,16:54:00,17,13321
07/05/16,16:55:00,16,41022
07/05/16,16:56:00,16,1047
07/05/16,16:57:00,16,1727
07/05/16,16:58:00,16,51942
07/05/16,16:59:00,16,43438
07/05/16,17:00:00,16,24613
07/05/16,17:01:00,16,51102
07/05/16,17:02:00,15,87219
07/05/16,17:03:00,15,94866
07/05/16,17:04:00,15,60859
07/05/16,17:05:00,16,17093
07/05/16,17:06:00,16,99424
07/05/16,17:07:00,16,16009
07/05/16,17:08:00,16,14626
07/05/16,17:09:00,16,17388
07/05/16,17:10:00,16,49274
07/05/16,17:11:00,15,73293
07/05/16,17:12:00,16,09258
07/05/16,17:13:00,16,69276
07/05/16,17:14:00,17,4
07/05/16,17:15:00,17,27435
07/05/16,17:16:00,16,60919
07/05/16,17:17:00,17,31754
07/05/16,17:18:00,17,36067
07/05/16,17:19:00,16,3433
07/05/16,17:20:00,17,33458
07/05/16,17:21:00,17,63459
07/05/16,17:22:00,17,48508
07/05/16,17:23:00,16,01334
07/05/16,17:24:00,16,52601
07/05/16,17:25:00,17,02831
07/05/16,17:26:00,17,42973
07/05/16,17:27:00,16,93068
07/05/16,17:28:00,17,0279
07/05/16,17:29:00,16,93439
07/05/16,17:30:00,16,87692
07/05/16,17:31:00,17,0674
07/05/16,17:32:00,17,54962
07/05/16,17:33:00,17,04312
07/05/16,17:34:00,17,36818
07/05/16,17:35:00,17,44158
07/05/16,17:36:00,17,38573
07/05/16,17:37:00,18,2873
07/05/16,17:38:00,17,32207
07/05/16,17:39:00,15,96628
07/05/16,17:40:00,16,02946
07/05/16,17:41:00,17,29251
07/05/16,17:42:00,17,56826
07/05/16,17:43:00,17,48048
07/05/16,17:44:00,16,79697
07/05/16,17:45:00,17,01299
07/05/16,17:46:00,16,66963
07/05/16,17:47:00,16,09857
07/05/16,17:48:00,15,84992
07/05/16,17:49:00,16,42158
07/05/16,17:50:00,16,20294
07/05/16,17:51:00,16,33222
07/05/16,17:52:00,16,15017
07/05/16,17:53:00,17,08508
07/05/16,17:54:00,17,65942
07/05/16,17:55:00,18,28721
07/05/16,17:56:00,18,74276
07/05/16,17:57:00,17,91077
07/05/16,17:58:00,17,319
07/05/16,17:59:00,17,4836
07/05/16,18:00:00,17,32588
07/05/16,18:01:00,17,64717
07/05/16,18:02:00,17,87001
07/05/16,18:03:00,17,42354
07/05/16,18:04:00,17,00791
07/05/16,18:05:00,17,10352
07/05/16,18:06:00,17,46437
07/05/16,18:07:00,18,19067
07/05/16,18:08:00,17,24632
07/05/16,18:09:00,17,39726
07/05/16,18:10:00,16,55163
07/05/16,18:11:00,16,57794
07/05/16,18:12:00,17,2502
07/05/16,18:13:00,17,61919
07/05/16,18:14:00,17,59525
07/05/16,18:15:00,16,12229
07/05/16,18:16:00,15,6372
07/05/16,18:17:00,16,24362
07/05/16,18:18:00,16,81961
07/05/16,18:19:00,16,84757
07/05/16,18:20:00,17,02408
07/05/16,18:21:00,17,55832
07/05/16,18:22:00,17,16317
07/05/16,18:23:00,17,02283
07/05/16,18:24:00,17,16691
07/05/16,18:25:00,17,19986
07/05/16,18:26:00,16,68275
07/05/16,18:27:00,18,11901
07/05/16,18:28:00,17,10281
07/05/16,18:29:00,17,53008
07/05/16,18:30:00,17,47961
07/05/16,18:31:00,17,16816
07/05/16,18:32:00,17,8139
07/05/16,18:33:00,17,90424
07/05/16,18:34:00,16,79294
07/05/16,18:35:00,17,69952
07/05/16,18:36:00,17,90373
07/05/16,18:37:00,17,59737
07/05/16,18:38:00,17,64775
07/05/16,18:39:00,17,18802
07/05/16,18:40:00,16,87681
07/05/16,18:41:00,16,72736
07/05/16,18:42:00,16,81881
07/05/16,18:43:00,17,56165
07/05/16,18:44:00,17,45944
07/05/16,18:45:00,16,512
07/05/16,18:46:00,17,16034
07/05/16,18:47:00,17,25994
07/05/16,18:48:00,17,61342
07/05/16,18:49:00,17,31767
07/05/16,18:50:00,17,28487
07/05/16,18:51:00,17,1621
07/05/16,18:52:00,16,48389
07/05/16,18:53:00,16,45824
07/05/16,18:54:00,16,70176
07/05/16,18:55:00,16,56372
07/05/16,18:56:00,17,86374
07/05/16,18:57:00,18,61857
07/05/16,18:58:00,17,84749
07/05/16,18:59:00,17,45982
07/05/16,19:00:00,17,76499
07/05/16,19:01:00,16,64603
07/05/16,19:02:00,16,39046
07/05/16,19:03:00,16,29394
07/05/16,19:04:00,16,03992
07/05/16,19:05:00,16,06281
07/05/16,19:06:00,16,65871
07/05/16,19:07:00,16,31551
07/05/16,19:08:00,17,3025
07/05/16,19:09:00,17,75838
07/05/16,19:10:00,17,60911
07/05/16,19:11:00,16,4773
07/05/16,19:12:00,16,74022
07/05/16,19:13:00,16,93633
07/05/16,19:14:00,16,9331
07/05/16,19:15:00,17,37448
07/05/16,19:16:00,17,1202
07/05/16,19:17:00,16,71282
07/05/16,19:18:00,17,01166
07/05/16,19:19:00,16,92561
07/05/16,19:20:00,16,20911
07/05/16,19:21:00,16,43092
07/05/16,19:22:00,16,8614
07/05/16,19:23:00,16,04481
07/05/16,19:24:00,15,13629
07/05/16,19:25:00,15,98585
07/05/16,19:26:00,15,33457
07/05/16,19:27:00,15,72622
07/05/16,19:28:00,16,40213
07/05/16,19:29:00,15,12373
07/05/16,19:30:00,16,19534
07/05/16,19:31:00,17,38411
07/05/16,19:32:00,17,86675
07/05/16,19:33:00,17,44286
07/05/16,19:34:00,17,81637
07/05/16,19:35:00,17,51779
07/05/16,19:36:00,18,16246
07/05/16,19:37:00,18,50267
07/05/16,19:38:00,17,27454
07/05/16,19:39:00,17,36255
07/05/16,19:40:00,18,4712
07/05/16,19:41:00,17,11077
07/05/16,19:42:00,17,01569
07/05/16,19:43:00,16,82958
07/05/16,19:44:00,17,0708
07/05/16,19:45:00,18,01927
07/05/16,19:46:00,18,14536
07/05/16,19:47:00,17,53892
07/05/16,19:48:00,17,92176
07/05/16,19:49:00,17,3511
07/05/16,19:50:00,17,02383
07/05/16,19:51:00,17,5268
07/05/16,19:52:00,16,72987
07/05/16,19:53:00,17,11764
07/05/16,19:54:00,16,87498
07/05/16,19:55:00,17,18276
07/05/16,19:56:00,17,59613
07/05/16,19:57:00,17,96519
07/05/16,19:58:00,17,94829
07/05/16,19:59:00,17,68368
07/05/16,20:00:00,18,39095
07/05/16,20:01:00,18,79523
07/05/16,20:02:00,17,93736
07/05/16,20:03:00,17,70485
07/05/16,20:04:00,17,74231
07/05/16,20:05:00,18,01809
07/05/16,20:06:00,18,62109
07/05/16,20:07:00,18,33146
07/05/16,20:08:00,18,12954
07/05/16,20:09:00,17,64972
07/05/16,20:10:00,17,3185
07/05/16,20:11:00,17,34896
07/05/16,20:12:00,17,59658
07/05/16,20:13:00,17,78066
07/05/16,20:14:00,18,20076
07/05/16,20:15:00,18,50782
07/05/16,20:16:00,18,32175
07/05/16,20:17:00,17,38549
07/05/16,20:18:00,18,24668
07/05/16,20:19:00,18,19558
07/05/16,20:20:00,17,58886
07/05/16,20:21:00,18,46942
07/05/16,20:22:00,18,5052
07/05/16,20:23:00,17,72184
07/05/16,20:24:00,18,23149
07/05/16,20:25:00,17,78696
07/05/16,20:26:00,18,2129
07/05/16,20:27:00,18,13041
07/05/16,20:28:00,18,76784
07/05/16,20:29:00,18,41923
07/05/16,20:30:00,18,60278
07/05/16,20:31:00,18,03964
07/05/16,20:32:00,19,27547
07/05/16,20:33:00,20,77604
07/05/16,20:34:00,20,71542
07/05/16,20:35:00,19,18548
07/05/16,20:36:00,18,7774
07/05/16,20:37:00,17,89016
07/05/16,20:38:00,17,57594
07/05/16,20:39:00,17,44104
07/05/16,20:40:00,17,26299
07/05/16,20:41:00,17,7527
07/05/16,20:42:00,16,6369
07/05/16,20:43:00,16,6907
07/05/16,20:44:00,16,42107
07/05/16,20:45:00,17,59504
07/05/16,20:46:00,18,4903
07/05/16,20:47:00,19,1009
07/05/16,20:48:00,18,84257
07/05/16,20:49:00,18,30623
07/05/16,20:50:00,17,61053
07/05/16,20:51:00,18,77165
07/05/16,20:52:00,17,85408
07/05/16,20:53:00,17,25078
07/05/16,20:54:00,17,65185
07/05/16,20:55:00,16,92333
07/05/16,20:56:00,15,83386
07/05/16,20:57:00,16,29478
07/05/16,20:58:00,15,76831
07/05/16,20:59:00,16,44388
07/05/16,21:00:00,17,61598
07/05/16,21:01:00,17,37257
07/05/16,21:02:00,16,17545
07/05/16,21:03:00,16,33217
07/05/16,21:04:00,15,47036
07/05/16,21:05:00,15,83908
07/05/16,21:06:00,16,29314
07/05/16,21:07:00,15,59248
07/05/16,21:08:00,15,56196
07/05/16,21:09:00,16,28305
07/05/16,21:10:00,16,6277
07/05/16,21:11:00,16,26887
07/05/16,21:12:00,16,54241
07/05/16,21:13:00,16,26869
07/05/16,21:14:00,16,21199
07/05/16,21:15:00,16,55015
07/05/16,21:16:00,16,28978
07/05/16,21:17:00,15,81924
07/05/16,21:18:00,15,17287
07/05/16,21:19:00,15,67985
07/05/16,21:20:00,15,27346
07/05/16,21:21:00,14,67973
07/05/16,21:22:00,16,00309
07/05/16,21:23:00,15,28888
07/05/16,21:24:00,16,11481
07/05/16,21:25:00,16,19939
07/05/16,21:26:00,16,40891
07/05/16,21:27:00,16,24009
07/05/16,21:28:00,15,37315
07/05/16,21:29:00,15,61273
07/05/16,21:30:00,15,68491
07/05/16,21:31:00,16,36459
07/05/16,21:32:00,16,24362
07/05/16,21:33:00,15,67308
07/05/16,21:34:00,16,50829
07/05/16,21:35:00,16,98697
07/05/16,21:36:00,15,75017
07/05/16,21:37:00,15,79467
07/05/16,21:38:00,16,35072
07/05/16,21:39:00,16,45281
07/05/16,21:40:00,16,30384
07/05/16,21:41:00,16,67176
07/05/16,21:42:00,16,26919
07/05/16,21:43:00,16,95077
07/05/16,21:44:00,16,03119
07/05/16,21:45:00,5,999552
07/05/16,21:46:00,0
07/05/16,21:47:00,0
07/05/16,21:48:00,0
07/05/16,21:49:00,0
07/05/16,21:50:00,0
07/05/16,21:51:00,0
07/05/16,21:52:00,0
07/05/16,21:53:00,0
07/05/16,21:54:00,0
07/05/16,21:55:00,0
07/05/16,21:56:00,0
07/05/16,21:57:00,0
07/05/16,21:58:00,0
07/05/16,21:59:00,0
07/05/16,22:00:00,0
07/05/16,22:01:00,0
07/05/16,22:02:00,0
07/05/16,22:03:00,0
07/05/16,22:04:00,0
07/05/16,22:05:00,0
07/05/16,22:06:00,0
07/05/16,22:07:00,0
07/05/16,22:08:00,0
07/05/16,22:09:00,0
07/05/16,22:10:00,0
07/05/16,22:11:00,0
07/05/16,22:12:00,0
07/05/16,22:13:00,0
07/05/16,22:14:00,0
07/05/16,22:15:00,0
07/05/16,22:16:00,0
07/05/16,22:17:00,0
07/05/16,22:18:00,0
07/05/16,22:19:00,0
07/05/16,22:20:00,0
07/05/16,22:21:00,0
07/05/16,22:22:00,0
07/05/16,22:23:00,0
07/05/16,22:24:00,0
07/05/16,22:25:00,0
07/05/16,22:26:00,0
07/05/16,22:27:00,0
07/05/16,22:28:00,0
07/05/16,22:29:00,0
07/05/16,22:30:00,0
07/05/16,22:31:00,0
07/05/16,22:32:00,0
07/05/16,22:33:00,0
07/05/16,22:34:00,0
07/05/16,22:35:00,0
07/05/16,22:36:00,0
07/05/16,22:37:00,0
07/05/16,22:38:00,0
07/05/16,22:39:00,0
07/05/16,22:40:00,0
07/05/16,22:41:00,0
07/05/16,22:42:00,0
07/05/16,22:43:00,0
07/05/16,22:44:00,0
07/05/16,22:45:00,0
07/05/16,22:46:00,0
07/05/16,22:47:00,0
07/05/16,22:48:00,0
07/05/16,22:49:00,0
07/05/16,22:50:00,0
07/05/16,22:51:00,10,46838
07/05/16,22:52:00,15,49403
07/05/16,22:53:00,16,31074
07/05/16,22:54:00,17,04887
07/05/16,22:55:00,16,22472
07/05/16,22:56:00,16,10709
07/05/16,22:57:00,17,32344
07/05/16,22:58:00,17,97698
07/05/16,22:59:00,19,22881
07/05/16,23:00:00,18,7564
07/05/16,23:01:00,19,17272
07/05/16,23:02:00,19,39175
07/05/16,23:03:00,17,95648
07/05/16,23:04:00,18,03866
07/05/16,23:05:00,18,12632
07/05/16,23:06:00,18,56262
07/05/16,23:07:00,19,27478
07/05/16,23:08:00,19,86387
07/05/16,23:09:00,19,78025
07/05/16,23:10:00,19,38131
07/05/16,23:11:00,19,67825
07/05/16,23:12:00,20,66183
07/05/16,23:13:00,19,50011
07/05/16,23:14:00,18,99237
07/05/16,23:15:00,19,29934
07/05/16,23:16:00,18,98634
07/05/16,23:17:00,19,89663
07/05/16,23:18:00,18,67324
07/05/16,23:19:00,18,80437
07/05/16,23:20:00,18,93028
07/05/16,23:21:00,18,77905
07/05/16,23:22:00,18,86458
07/05/16,23:23:00,18,85996
07/05/16,23:24:00,18,92247
07/05/16,23:25:00,18,53808
07/05/16,23:26:00,18,23006
07/05/16,23:27:00,18,90218
07/05/16,23:28:00,18,79052
07/05/16,23:29:00,18,72563
07/05/16,23:30:00,18,16291
07/05/16,23:31:00,18,56743
07/05/16,23:32:00,19,49994
07/05/16,23:33:00,19,57575
07/05/16,23:34:00,19,51974
07/05/16,23:35:00,18,79289
07/05/16,23:36:00,19,41868
07/05/16,23:37:00,19,4083
07/05/16,23:38:00,19,07096
07/05/16,23:39:00,19,88004
07/05/16,23:40:00,19,08209
07/05/16,23:41:00,18,8759
07/05/16,23:42:00,18,85875
07/05/16,23:43:00,18,72175
07/05/16,23:44:00,18,64377
07/05/16,23:45:00,18,69763
07/05/16,23:46:00,19,08418
07/05/16,23:47:00,18,40607
07/05/16,23:48:00,17,88021
07/05/16,23:49:00,18,38392
07/05/16,23:50:00,18,33207
07/05/16,23:51:00,18,73469
07/05/16,23:52:00,18,94799
07/05/16,23:53:00,18,07124
07/05/16,23:54:00,18,45509
07/05/16,23:55:00,18,54949
07/05/16,23:56:00,19,96313
07/05/16,23:57:00,20,38128
07/05/16,23:58:00,19,89472
07/05/16,23:59:00,20,0445
07/06/16,00:00:00,20,05165
07/06/16,00:01:00,18,25514
07/06/16,00:02:00,18,31603
07/06/16,00:03:00,19,1291
07/06/16,00:04:00,19,58032
07/06/16,00:05:00,18,74958
07/06/16,00:06:00,19,09134
07/06/16,00:07:00,20,01101
07/06/16,00:08:00,19,58811
07/06/16,00:09:00,19,44867
07/06/16,00:10:00,19,40665
07/06/16,00:11:00,19,19714
07/06/16,00:12:00,19,5345
07/06/16,00:13:00,20,39124
07/06/16,00:14:00,19,95853
07/06/16,00:15:00,20,48357
07/06/16,00:16:00,19,8317
07/06/16,00:17:00,19,76307
07/06/16,00:18:00,19,22682
07/06/16,00:19:00,18,94747
07/06/16,00:20:00,18,50233
07/06/16,00:21:00,17,46257
07/06/16,00:22:00,14,03665
07/06/16,00:23:00,14,25476
07/06/16,00:24:00,15,34453
07/06/16,00:25:00,17,19136
07/06/16,00:26:00,18,03248
07/06/16,00:27:00,18,93348
07/06/16,00:28:00,19,44894
07/06/16,00:29:00,19,0531
07/06/16,00:30:00,19,20987
07/06/16,00:31:00,19,53005
07/06/16,00:32:00,18,95217
07/06/16,00:33:00,19,07729
07/06/16,00:34:00,19,25638
07/06/16,00:35:00,19,14483
07/06/16,00:36:00,20,65797
07/06/16,00:37:00,20,60773
07/06/16,00:38:00,20,03381
07/06/16,00:39:00,20,44213
07/06/16,00:40:00,20,42539
07/06/16,00:41:00,20,43903
07/06/16,00:42:00,19,69197
07/06/16,00:43:00,19,20884
07/06/16,00:44:00,19,49306
07/06/16,00:45:00,20,19606
07/06/16,00:46:00,19,87588
07/06/16,00:47:00,19,8447
07/06/16,00:48:00,19,75208
07/06/16,00:49:00,20,20297
07/06/16,00:50:00,20,18692
07/06/16,00:51:00,19,62874
07/06/16,00:52:00,19,9078
07/06/16,00:53:00,19,49248
07/06/16,00:54:00,19,23743
07/06/16,00:55:00,19,45678
07/06/16,00:56:00,18,8178
07/06/16,00:57:00,18,48971
07/06/16,00:58:00,19,16086
07/06/16,00:59:00,19,82045
07/06/16,01:00:00,19,50802
07/06/16,01:01:00,18,74944
07/06/16,01:02:00,19,06304
07/06/16,01:03:00,18,83732
07/06/16,01:04:00,19,01326
07/06/16,01:05:00,19,26443
07/06/16,01:06:00,20,03911
07/06/16,01:07:00,20,55605
07/06/16,01:08:00,20,11285
07/06/16,01:09:00,20,21407
07/06/16,01:10:00,20,46914
07/06/16,01:11:00,11,85438
07/06/16,01:12:00,0
07/06/16,01:13:00,0
07/06/16,01:14:00,0
07/06/16,01:15:00,0
07/06/16,01:16:00,0
07/06/16,01:17:00,0
07/06/16,01:18:00,0
07/06/16,01:19:00,0
07/06/16,01:20:00,0
07/06/16,01:21:00,0
07/06/16,01:22:00,0
07/06/16,01:23:00,0
07/06/16,01:24:00,0
07/06/16,01:25:00,0
07/06/16,01:26:00,0
07/06/16,01:27:00,0
07/06/16,01:28:00,0
07/06/16,01:29:00,8,592432
07/06/16,01:30:00,15,78492
07/06/16,01:31:00,17,49847
07/06/16,01:32:00,18,75992
07/06/16,01:33:00,18,06074
07/06/16,01:34:00,18,3846
07/06/16,01:35:00,19,46833
07/06/16,01:36:00,18,60161
07/06/16,01:37:00,18,79961
07/06/16,01:38:00,19,59954
07/06/16,01:39:00,18,88699
07/06/16,01:40:00,19,26571
07/06/16,01:41:00,20,15789
07/06/16,01:42:00,20,31629
07/06/16,01:43:00,19,6344
07/06/16,01:44:00,18,83108
07/06/16,01:45:00,19,09456
07/06/16,01:46:00,18,43457
07/06/16,01:47:00,18,62896
07/06/16,01:48:00,19,08187
07/06/16,01:49:00,19,49435
07/06/16,01:50:00,18,27268
07/06/16,01:51:00,19,00213
07/06/16,01:52:00,19,90851
07/06/16,01:53:00,18,97391
07/06/16,01:54:00,19,10553
07/06/16,01:55:00,19,82164
07/06/16,01:56:00,19,546
07/06/16,01:57:00,19,12033
07/06/16,01:58:00,15,2027
07/06/16,01:59:00,0,9856007
07/06/16,02:00:00,0
07/06/16,02:01:00,0
07/06/16,02:02:00,0
07/06/16,02:03:00,0
07/06/16,02:04:00,0
07/06/16,02:05:00,0
07/06/16,02:06:00,0
07/06/16,02:07:00,0
07/06/16,02:08:00,0
07/06/16,02:09:00,0
07/06/16,02:10:00,0
07/06/16,02:11:00,0
07/06/16,02:12:00,0
07/06/16,02:13:00,0
07/06/16,02:14:00,0
07/06/16,02:15:00,1,858148
07/06/16,02:16:00,12,88332
07/06/16,02:17:00,15,65224
07/06/16,02:18:00,16,26017
07/06/16,02:19:00,15,63314
07/06/16,02:20:00,15,78449
07/06/16,02:21:00,15,24982
07/06/16,02:22:00,16,39435
07/06/16,02:23:00,16,42648
07/06/16,02:24:00,16,10037
07/06/16,02:25:00,15,33079
07/06/16,02:26:00,16,25039
07/06/16,02:27:00,15,04717
07/06/16,02:28:00,15,6096
07/06/16,02:29:00,14,97854
07/06/16,02:30:00,14,51811
07/06/16,02:31:00,14,47213
07/06/16,02:32:00,13,30088
07/06/16,02:33:00,12,32195
07/06/16,02:34:00,12,80979
07/06/16,02:35:00,12,76462
07/06/16,02:36:00,14,22767
07/06/16,02:37:00,13,75592
07/06/16,02:38:00,15,13392
07/06/16,02:39:00,16,34859
07/06/16,02:40:00,16,88781
07/06/16,02:41:00,15,87141
07/06/16,02:42:00,16,00384
07/06/16,02:43:00,16,0744
07/06/16,02:44:00,15,9257
07/06/16,02:45:00,15,31806
07/06/16,02:46:00,15,57349
07/06/16,02:47:00,15,224
07/06/16,02:48:00,16,18652
07/06/16,02:49:00,14,83576
07/06/16,02:50:00,14,9384
07/06/16,02:51:00,16,59475
07/06/16,02:52:00,17,7175
07/06/16,02:53:00,18,38221
07/06/16,02:54:00,18,8532
07/06/16,02:55:00,18,37264
07/06/16,02:56:00,19,37578
07/06/16,02:57:00,20,13564
07/06/16,02:58:00,20,11861
07/06/16,02:59:00,20,13361
07/06/16,03:00:00,18,78576
07/06/16,03:01:00,19,86864
07/06/16,03:02:00,19,92558
07/06/16,03:03:00,19,81464
07/06/16,03:04:00,18,69248
07/06/16,03:05:00,19,00353
07/06/16,03:06:00,19,38623
07/06/16,03:07:00,19,87226
07/06/16,03:08:00,19,61021
07/06/16,03:09:00,18,88325
07/06/16,03:10:00,18,98838
07/06/16,03:11:00,18,42672
07/06/16,03:12:00,18,63282
07/06/16,03:13:00,18,55977
07/06/16,03:14:00,18,80588
07/06/16,03:15:00,18,9418
07/06/16,03:16:00,18,45959
07/06/16,03:17:00,19,45746
07/06/16,03:18:00,19,61212
07/06/16,03:19:00,19,51006
07/06/16,03:20:00,17,66547
07/06/16,03:21:00,18,88259
07/06/16,03:22:00,18,15185
07/06/16,03:23:00,17,99907
07/06/16,03:24:00,18,98252
07/06/16,03:25:00,18,69954
07/06/16,03:26:00,19,4069
07/06/16,03:27:00,20,28102
07/06/16,03:28:00,20,60376
07/06/16,03:29:00,17,34455
07/06/16,03:30:00,2,572497
07/06/16,03:31:00,0
07/06/16,03:32:00,0
07/06/16,03:33:00,0
07/06/16,03:34:00,0
07/06/16,03:35:00,0
07/06/16,03:36:00,0
07/06/16,03:37:00,0
07/06/16,03:38:00,0
07/06/16,03:39:00,0
07/06/16,03:40:00,0
07/06/16,03:41:00,0
07/06/16,03:42:00,0
07/06/16,03:43:00,0
07/06/16,03:44:00,0
07/06/16,03:45:00,1,668964
07/06/16,03:46:00,13,04329
07/06/16,03:47:00,15,52033
07/06/16,03:48:00,15,82739
07/06/16,03:49:00,16,06167
07/06/16,03:50:00,17,05807
07/06/16,03:51:00,16,84848
07/06/16,03:52:00,18,13342
07/06/16,03:53:00,18,31713
07/06/16,03:54:00,16,94487
07/06/16,03:55:00,17,323
07/06/16,03:56:00,17,2015
07/06/16,03:57:00,17,72461
07/06/16,03:58:00,18,43918
07/06/16,03:59:00,17,30103
07/06/16,04:00:00,17,49647
07/06/16,04:01:00,16,97074
07/06/16,04:02:00,17,26936
07/06/16,04:03:00,17,26014
07/06/16,04:04:00,17,99746
07/06/16,04:05:00,18,29341
07/06/16,04:06:00,17,99128
07/06/16,04:07:00,17,23034
07/06/16,04:08:00,17,33397
07/06/16,04:09:00,16,77261
07/06/16,04:10:00,17,55669
07/06/16,04:11:00,17,72622
07/06/16,04:12:00,17,64476
07/06/16,04:13:00,17,89165
07/06/16,04:14:00,17,72986
07/06/16,04:15:00,17,29102
07/06/16,04:16:00,17,67567
07/06/16,04:17:00,17,48988
07/06/16,04:18:00,17,43446
07/06/16,04:19:00,16,98511
07/06/16,04:20:00,18,52544
07/06/16,04:21:00,18,18901
07/06/16,04:22:00,17,91395
07/06/16,04:23:00,18,09502
07/06/16,04:24:00,17,80503
07/06/16,04:25:00,17,30377
07/06/16,04:26:00,17,40629
07/06/16,04:27:00,17,75909
07/06/16,04:28:00,17,28012
07/06/16,04:29:00,17,63898
07/06/16,04:30:00,18,28717
07/06/16,04:31:00,19,69631
07/06/16,04:32:00,19,13005
07/06/16,04:33:00,18,35449
07/06/16,04:34:00,18,85419
07/06/16,04:35:00,19,60782
07/06/16,04:36:00,18,90029
07/06/16,04:37:00,19,01304
07/06/16,04:38:00,18,50744
07/06/16,04:39:00,19,45777
07/06/16,04:40:00,19,12649
07/06/16,04:41:00,18,97408
07/06/16,04:42:00,18,07725
07/06/16,04:43:00,17,50801
07/06/16,04:44:00,17,39033
07/06/16,04:45:00,18,31123
07/06/16,04:46:00,17,35611
07/06/16,04:47:00,17,49936
07/06/16,04:48:00,18,06659
07/06/16,04:49:00,18,06831
07/06/16,04:50:00,17,81847
07/06/16,04:51:00,17,3599
07/06/16,04:52:00,17,99191
07/06/16,04:53:00,17,98571
07/06/16,04:54:00,17,9826
07/06/16,04:55:00,17,70042
07/06/16,04:56:00,16,9867
07/06/16,04:57:00,17,5886
07/06/16,04:58:00,17,05504
07/06/16,04:59:00,16,75808
07/06/16,05:00:00,16,39084
07/06/16,05:01:00,16,35199
07/06/16,05:02:00,16,41173
07/06/16,05:03:00,16,20202
07/06/16,05:04:00,15,9107
07/06/16,05:05:00,16,73645
07/06/16,05:06:00,17,16587
07/06/16,05:07:00,17,62537
07/06/16,05:08:00,16,94103
07/06/16,05:09:00,17,38409
07/06/16,05:10:00,17,54333
07/06/16,05:11:00,17,25252
07/06/16,05:12:00,17,57556
07/06/16,05:13:00,16,7945
07/06/16,05:14:00,17,15831
07/06/16,05:15:00,17,06023
07/06/16,05:16:00,17,37115
07/06/16,05:17:00,17,17756
07/06/16,05:18:00,16,45706
07/06/16,05:19:00,17,23429
07/06/16,05:20:00,16,62585
07/06/16,05:21:00,15,70195
07/06/16,05:22:00,16,58168
07/06/16,05:23:00,17,45272
07/06/16,05:24:00,16,30268
07/06/16,05:25:00,16,71079
07/06/16,05:26:00,16,71619
07/06/16,05:27:00,16,79637
07/06/16,05:28:00,16,60448
07/06/16,05:29:00,17,1946
07/06/16,05:30:00,16,75614
07/06/16,05:31:00,17,33706
07/06/16,05:32:00,17,28253
07/06/16,05:33:00,16,29483
07/06/16,05:34:00,17,20681
07/06/16,05:35:00,17,42992
07/06/16,05:36:00,17,64958
07/06/16,05:37:00,13,52608
07/06/16,05:38:00,0,3834057
07/06/16,05:39:00,0
07/06/16,05:40:00,0
07/06/16,05:41:00,0
07/06/16,05:42:00,0
07/06/16,05:43:00,0
07/06/16,05:44:00,0
07/06/16,05:45:00,0
07/06/16,05:46:00,0
07/06/16,05:47:00,0
07/06/16,05:48:00,0
07/06/16,05:49:00,0
07/06/16,05:50:00,0
07/06/16,05:51:00,0
07/06/16,05:52:00,0
07/06/16,05:53:00,0
07/06/16,05:54:00,0
07/06/16,05:55:00,0
07/06/16,05:56:00,0
07/06/16,05:57:00,0
07/06/16,05:58:00,0
07/06/16,05:59:00,0
07/06/16,06:00:00,0
07/06/16,06:01:00,0
07/06/16,06:02:00,0
07/06/16,06:03:00,0
07/06/16,06:04:00,11,9294
07/06/16,06:05:00,15,94145
07/06/16,06:06:00,16,50927
07/06/16,06:07:00,16,42194
07/06/16,06:08:00,17,02443
07/06/16,06:09:00,16,7628
07/06/16,06:10:00,16,366
07/06/16,06:11:00,16,71233
07/06/16,06:12:00,15,97062
07/06/16,06:13:00,16,11346
07/06/16,06:14:00,16,262
07/06/16,06:15:00,16,98711
07/06/16,06:16:00,16,27579
07/06/16,06:17:00,16,56026
07/06/16,06:18:00,16,46663
07/06/16,06:19:00,16,58563
07/06/16,06:20:00,15,88526
07/06/16,06:21:00,15,48402
07/06/16,06:22:00,16,00106
07/06/16,06:23:00,16,71203
07/06/16,06:24:00,16,80044
07/06/16,06:25:00,17,25119
07/06/16,06:26:00,16,49126
07/06/16,06:27:00,16,65638
07/06/16,06:28:00,16,50542
07/06/16,06:29:00,16,87232
07/06/16,06:30:00,16,26213
07/06/16,06:31:00,15,64872
07/06/16,06:32:00,15,27101
07/06/16,06:33:00,15,75748
07/06/16,06:34:00,16,48007
07/06/16,06:35:00,15,70607
07/06/16,06:36:00,16,24076
07/06/16,06:37:00,17,2525
07/06/16,06:38:00,16,65171
07/06/16,06:39:00,16,54063
07/06/16,06:40:00,17,72476
07/06/16,06:41:00,17,162
07/06/16,06:42:00,17,00152
07/06/16,06:43:00,17,0473
07/06/16,06:44:00,16,45239
07/06/16,06:45:00,16,31628
07/06/16,06:46:00,16,42745
07/06/16,06:47:00,15,84695
07/06/16,06:48:00,16,32692
07/06/16,06:49:00,16,901
07/06/16,06:50:00,16,93665
07/06/16,06:51:00,16,53515
07/06/16,06:52:00,15,91661
07/06/16,06:53:00,16,67653
07/06/16,06:54:00,16,80659
07/06/16,06:55:00,16,75698
07/06/16,06:56:00,16,34579
07/06/16,06:57:00,16,60309
07/06/16,06:58:00,17,33142
07/06/16,06:59:00,17,48155
07/06/16,07:00:00,16,61233
07/06/16,07:01:00,17,30156
07/06/16,07:02:00,16,53042
07/06/16,07:03:00,16,45768
07/06/16,07:04:00,16,49689
07/06/16,07:05:00,16,35015
07/06/16,07:06:00,16,13212
07/06/16,07:07:00,17,06338
07/06/16,07:08:00,17,90492
07/06/16,07:09:00,16,6588
07/06/16,07:10:00,17,74108
07/06/16,07:11:00,16,37352
07/06/16,07:12:00,16,35641
07/06/16,07:13:00,16,79019
07/06/16,07:14:00,16,20174
07/06/16,07:15:00,15,78948
07/06/16,07:16:00,16,52036
07/06/16,07:17:00,16,26341
07/06/16,07:18:00,16,3494
07/06/16,07:19:00,17,39322
07/06/16,07:20:00,17,69802
07/06/16,07:21:00,19,66158
07/06/16,07:22:00,20,67484
07/06/16,07:23:00,20,59396
07/06/16,07:24:00,19,77217
07/06/16,07:25:00,19,61109
07/06/16,07:26:00,19,8101
07/06/16,07:27:00,20,15636
07/06/16,07:28:00,19,59908
07/06/16,07:29:00,19,97353
07/06/16,07:30:00,20,1587
07/06/16,07:31:00,19,47275
07/06/16,07:32:00,20,03613
07/06/16,07:33:00,19,56662
07/06/16,07:34:00,20,17642
07/06/16,07:35:00,20,35712
07/06/16,07:36:00,19,70545
07/06/16,07:37:00,19,66391
07/06/16,07:38:00,20,42567
07/06/16,07:39:00,21,33708
07/06/16,07:40:00,20,57121
07/06/16,07:41:00,20,44289
07/06/16,07:42:00,20,39968
07/06/16,07:43:00,20,11567
07/06/16,07:44:00,20,60345
07/06/16,07:45:00,21,08859
07/06/16,07:46:00,20,72499
07/06/16,07:47:00,21,82478
07/06/16,07:48:00,21,58337
07/06/16,07:49:00,21,63311
07/06/16,07:50:00,22,68781
07/06/16,07:51:00,22,39799
07/06/16,07:52:00,21,92804
07/06/16,07:53:00,21,85171
07/06/16,07:54:00,20,79973
07/06/16,07:55:00,21,30628
07/06/16,07:56:00,20,97113
07/06/16,07:57:00,19,96926
07/06/16,07:58:00,20,44027
07/06/16,07:59:00,20,46666
07/06/16,08:00:00,19,37482
07/06/16,08:01:00,18,59805
07/06/16,08:02:00,18,63563
07/06/16,08:03:00,19,73803
07/06/16,08:04:00,20,17198
07/06/16,08:05:00,20,03229
07/06/16,08:06:00,20,61259
07/06/16,08:07:00,21,47256
07/06/16,08:08:00,21,08927
07/06/16,08:09:00,21,33979
07/06/16,08:10:00,21,28409
07/06/16,08:11:00,20,4025
07/06/16,08:12:00,20,17339
07/06/16,08:13:00,20,52444
07/06/16,08:14:00,20,44762
07/06/16,08:15:00,20,14728
07/06/16,08:16:00,19,34419
07/06/16,08:17:00,20,40332
07/06/16,08:18:00,20,43875
07/06/16,08:19:00,20,38891
07/06/16,08:20:00,20,64277
07/06/16,08:21:00,20,93433
07/06/16,08:22:00,20,61872
07/06/16,08:23:00,20,69901
07/06/16,08:24:00,21,39173
07/06/16,08:25:00,21,26786
07/06/16,08:26:00,21,0886
07/06/16,08:27:00,20,10909
07/06/16,08:28:00,20,59183
07/06/16,08:29:00,20,07725
07/06/16,08:30:00,20,28006
07/06/16,08:31:00,20,1544
07/06/16,08:32:00,20,68278
07/06/16,08:33:00,21,13209
07/06/16,08:34:00,21,15345
07/06/16,08:35:00,21,58911
07/06/16,08:36:00,21,39561
07/06/16,08:37:00,22,0988
07/06/16,08:38:00,22,09416
07/06/16,08:39:00,21,29862
07/06/16,08:40:00,20,31957
07/06/16,08:41:00,20,19739
07/06/16,08:42:00,20,29311
07/06/16,08:43:00,21,22139
07/06/16,08:44:00,21,9909
07/06/16,08:45:00,21,65193
07/06/16,08:46:00,21,056
07/06/16,08:47:00,20,97482
07/06/16,08:48:00,20,61618
07/06/16,08:49:00,21,10158
07/06/16,08:50:00,22,20432
07/06/16,08:51:00,21,6083
07/06/16,08:52:00,20,48537
07/06/16,08:53:00,20,88955
07/06/16,08:54:00,21,48584
07/06/16,08:55:00,21,76528
07/06/16,08:56:00,22,9158
07/06/16,08:57:00,22,74917
07/06/16,08:58:00,21,76823
07/06/16,08:59:00,22,52364
07/06/16,09:00:00,23,54437
07/06/16,09:01:00,23,61262
07/06/16,09:02:00,22,78549
07/06/16,09:03:00,22,62119
07/06/16,09:04:00,22,15302
07/06/16,09:05:00,21,90657
07/06/16,09:06:00,20,90272
07/06/16,09:07:00,21,44588
07/06/16,09:08:00,21,97391
07/06/16,09:09:00,22,86579
07/06/16,09:10:00,21,90209
07/06/16,09:11:00,21,16273
07/06/16,09:12:00,20,83079
07/06/16,09:13:00,21,91197
07/06/16,09:14:00,21,59725
07/06/16,09:15:00,21,06716
07/06/16,09:16:00,21,98809
07/06/16,09:17:00,22,73743
07/06/16,09:18:00,22,62879
07/06/16,09:19:00,21,6706
07/06/16,09:20:00,22,89696
07/06/16,09:21:00,23,23893
07/06/16,09:22:00,22,67617
07/06/16,09:23:00,21,94066
07/06/16,09:24:00,21,75273
07/06/16,09:25:00,21,13633
07/06/16,09:26:00,20,75298
07/06/16,09:27:00,20,56856
07/06/16,09:28:00,21,0485
07/06/16,09:29:00,21,05362
07/06/16,09:30:00,21,0624
07/06/16,09:31:00,19,85476
07/06/16,09:32:00,19,20371
07/06/16,09:33:00,19,69957
07/06/16,09:34:00,19,61726
07/06/16,09:35:00,19,4612
07/06/16,09:36:00,19,45043
07/06/16,09:37:00,19,89162
07/06/16,09:38:00,19,87771
07/06/16,09:39:00,20,16735
07/06/16,09:40:00,19,42867
07/06/16,09:41:00,19,9731
07/06/16,09:42:00,19,9937
07/06/16,09:43:00,20,46851
07/06/16,09:44:00,19,88122
07/06/16,09:45:00,18,87592
07/06/16,09:46:00,19,29464
07/06/16,09:47:00,18,76397
07/06/16,09:48:00,18,68027
07/06/16,09:49:00,19,24393
07/06/16,09:50:00,18,2096
07/06/16,09:51:00,18,96179
07/06/16,09:52:00,19,84781
07/06/16,09:53:00,19,87598
07/06/16,09:54:00,19,39638
07/06/16,09:55:00,18,86035
07/06/16,09:56:00,18,77761
07/06/16,09:57:00,18,87722
07/06/16,09:58:00,19,15625
07/06/16,09:59:00,18,17588
07/06/16,10:00:00,19,42782
07/06/16,10:01:00,19,4023
07/06/16,10:02:00,19,27274
07/06/16,10:03:00,19,11691
07/06/16,10:04:00,19,05602
07/06/16,10:05:00,20,5574
07/06/16,10:06:00,19,90438
07/06/16,10:07:00,19,3181
07/06/16,10:08:00,19,51583
07/06/16,10:09:00,18,09236
07/06/16,10:10:00,18,88291
07/06/16,10:11:00,18,64756
07/06/16,10:12:00,18,56555
07/06/16,10:13:00,17,9379
07/06/16,10:14:00,18,54924
07/06/16,10:15:00,18,71397
07/06/16,10:16:00,19,30817
07/06/16,10:17:00,18,99698
07/06/16,10:18:00,19,0333
07/06/16,10:19:00,20,48478
07/06/16,10:20:00,19,12813
07/06/16,10:21:00,18,31907
07/06/16,10:22:00,16,31833
07/06/16,10:23:00,14,61214
07/06/16,10:24:00,15,3211
07/06/16,10:25:00,14,84508
07/06/16,10:26:00,15,8464
07/06/16,10:27:00,16,04528
07/06/16,10:28:00,16,2416
07/06/16,10:29:00,16,19524
07/06/16,10:30:00,16,58763
07/06/16,10:31:00,15,76805
07/06/16,10:32:00,15,60254
07/06/16,10:33:00,15,28948
07/06/16,10:34:00,15,93032
07/06/16,10:35:00,17,38868
07/06/16,10:36:00,16,56887
07/06/16,10:37:00,16,05448
07/06/16,10:38:00,16,87535
07/06/16,10:39:00,10,22208
07/06/16,10:40:00,0
07/06/16,10:41:00,0
07/06/16,10:42:00,0
07/06/16,10:43:00,0
07/06/16,10:44:00,0
07/06/16,10:45:00,2,661766
07/06/16,10:46:00,13,25452
07/06/16,10:47:00,15,2628
07/06/16,10:48:00,16,50164
07/06/16,10:49:00,16,65738
07/06/16,10:50:00,17,19175
07/06/16,10:51:00,17,35863
07/06/16,10:52:00,16,34155
07/06/16,10:53:00,16,22344
07/06/16,10:54:00,17,32601
07/06/16,10:55:00,18,34439
07/06/16,10:56:00,18,6627
07/06/16,10:57:00,17,69929
07/06/16,10:58:00,18,12967
07/06/16,10:59:00,18,47989
07/06/16,11:00:00,18,43976
07/06/16,11:01:00,19,84988
07/06/16,11:02:00,19,56647
07/06/16,11:03:00,18,97452
07/06/16,11:04:00,18,72031
07/06/16,11:05:00,18,40439
07/06/16,11:06:00,18,99749
07/06/16,11:07:00,19,2613
07/06/16,11:08:00,19,55069
07/06/16,11:09:00,19,44599
07/06/16,11:10:00,19,00943
07/06/16,11:11:00,19,45786
07/06/16,11:12:00,18,61759
07/06/16,11:13:00,18,45116
07/06/16,11:14:00,18,54131
07/06/16,11:15:00,18,5382
07/06/16,11:16:00,18,56482
07/06/16,11:17:00,18,93844
07/06/16,11:18:00,18,0494
07/06/16,11:19:00,18,04206
07/06/16,11:20:00,19,5665
07/06/16,11:21:00,19,55143
07/06/16,11:22:00,18,6401
07/06/16,11:23:00,18,93422
07/06/16,11:24:00,18,50986
07/06/16,11:25:00,18,4047
07/06/16,11:26:00,19,23584
07/06/16,11:27:00,19,31391
07/06/16,11:28:00,19,14512
07/06/16,11:29:00,18,93462
07/06/16,11:30:00,18,48724
07/06/16,11:31:00,18,53857
07/06/16,11:32:00,19,11384
07/06/16,11:33:00,19,44434
07/06/16,11:34:00,18,96997
07/06/16,11:35:00,18,92321
07/06/16,11:36:00,18,65332
07/06/16,11:37:00,18,41729
07/06/16,11:38:00,19,51429
07/06/16,11:39:00,19,45703
07/06/16,11:40:00,18,59642
07/06/16,11:41:00,18,93694
07/06/16,11:42:00,19,15098
07/06/16,11:43:00,18,69318
07/06/16,11:44:00,18,88023
07/06/16,11:45:00,19,01449
07/06/16,11:46:00,18,87213
07/06/16,11:47:00,18,69062
07/06/16,11:48:00,19,17522
07/06/16,11:49:00,19,01928
07/06/16,11:50:00,19,6486
07/06/16,11:51:00,19,75031
07/06/16,11:52:00,19,84876
07/06/16,11:53:00,19,29992
07/06/16,11:54:00,18,28149
07/06/16,11:55:00,18,59063
07/06/16,11:56:00,18,71604
07/06/16,11:57:00,18,22338
07/06/16,11:58:00,18,55083
07/06/16,11:59:00,18,02777
07/06/16,12:00:00,18,00588
07/06/16,12:01:00,19,15112
07/06/16,12:02:00,19,41705
07/06/16,12:03:00,18,48282
07/06/16,12:04:00,17,98242
07/06/16,12:05:00,17,83312
07/06/16,12:06:00,18,45558
07/06/16,12:07:00,18,36476
07/06/16,12:08:00,18,63466
07/06/16,12:09:00,18,15707
07/06/16,12:10:00,17,85087
07/06/16,12:11:00,18,54319
07/06/16,12:12:00,19,27564
07/06/16,12:13:00,18,74839
07/06/16,12:14:00,19,05727
07/06/16,12:15:00,18,63056
07/06/16,12:16:00,19,07156
07/06/16,12:17:00,19,28793
07/06/16,12:18:00,19,94775
07/06/16,12:19:00,19,17825
07/06/16,12:20:00,19,37994
07/06/16,12:21:00,20,10856
07/06/16,12:22:00,19,03345
07/06/16,12:23:00,17,20331
07/06/16,12:24:00,16,2059
07/06/16,12:25:00,16,23248
07/06/16,12:26:00,16,4485
07/06/16,12:27:00,16,69472
07/06/16,12:28:00,16,68166
07/06/16,12:29:00,16,34364
07/06/16,12:30:00,16,85657
07/06/16,12:31:00,17,0015
07/06/16,12:32:00,16,5548
07/06/16,12:33:00,15,2409
07/06/16,12:34:00,16,26742
07/06/16,12:35:00,16,73707
07/06/16,12:36:00,16,29868
07/06/16,12:37:00,16,75922
07/06/16,12:38:00,16,70722
07/06/16,12:39:00,15,05369
07/06/16,12:40:00,0,6905142
07/06/16,12:41:00,0
07/06/16,12:42:00,0
07/06/16,12:43:00,0
07/06/16,12:44:00,0
07/06/16,12:45:00,0
07/06/16,12:46:00,9,799319
07/06/16,12:47:00,14,15267
07/06/16,12:48:00,16,57066
07/06/16,12:49:00,17,50588
07/06/16,12:50:00,16,937
07/06/16,12:51:00,16,1601
07/06/16,12:52:00,15,63355
07/06/16,12:53:00,15,72257
07/06/16,12:54:00,16,20305
07/06/16,12:55:00,16,58126
07/06/16,12:56:00,15,53527
07/06/16,12:57:00,16,5798
07/06/16,12:58:00,16,32522
07/06/16,12:59:00,16,07528
07/06/16,13:00:00,16,07676
07/06/16,13:01:00,16,75265
07/06/16,13:02:00,16,83947
07/06/16,13:03:00,16,35081
07/06/16,13:04:00,15,85851
07/06/16,13:05:00,15,75218
07/06/16,13:06:00,15,86565
07/06/16,13:07:00,16,43712
07/06/16,13:08:00,16,84463
07/06/16,13:09:00,15,96379
07/06/16,13:10:00,15,42148
07/06/16,13:11:00,15,53624
07/06/16,13:12:00,15,67411
07/06/16,13:13:00,15,58949
07/06/16,13:14:00,9,986894
07/06/16,13:15:00,0
07/06/16,13:16:00,0
07/06/16,13:17:00,0
07/06/16,13:18:00,0
07/06/16,13:19:00,0
07/06/16,13:20:00,0
07/06/16,13:21:00,0
07/06/16,13:22:00,0
07/06/16,13:23:00,0
07/06/16,13:24:00,0
07/06/16,13:25:00,11,57481
07/06/16,13:26:00,15,81682
07/06/16,13:27:00,14,43428
07/06/16,13:28:00,15,97548
07/06/16,13:29:00,16,3196
07/06/16,13:30:00,16,65966
07/06/16,13:31:00,17,22942
07/06/16,13:32:00,17,07134
07/06/16,13:33:00,17,57445
07/06/16,13:34:00,13,18147
07/06/16,13:35:00,0,5697097
07/06/16,13:36:00,0
07/06/16,13:37:00,0
07/06/16,13:38:00,0
07/06/16,13:39:00,0
07/06/16,13:40:00,0
07/06/16,13:41:00,0
07/06/16,13:42:00,0
07/06/16,13:43:00,0
07/06/16,13:44:00,0
07/06/16,13:45:00,0
07/06/16,13:46:00,0
07/06/16,13:47:00,0
07/06/16,13:48:00,0
07/06/16,13:49:00,0
07/06/16,13:50:00,0
07/06/16,13:51:00,0
07/06/16,13:52:00,0
07/06/16,13:53:00,0
07/06/16,13:54:00,0
07/06/16,13:55:00,0
07/06/16,13:56:00,0
07/06/16,13:57:00,0
07/06/16,13:58:00,0
07/06/16,13:59:00,0
07/06/16,14:00:00,0
07/06/16,14:01:00,0
07/06/16,14:02:00,0
07/06/16,14:03:00,0
07/06/16,14:04:00,0
07/06/16,14:05:00,0
07/06/16,14:06:00,0
07/06/16,14:07:00,0
07/06/16,14:08:00,0
07/06/16,14:09:00,0
07/06/16,14:10:00,0,0198759
07/06/16,14:11:00,12,19976
07/06/16,14:12:00,15,94585
07/06/16,14:13:00,17,71157
07/06/16,14:14:00,17,37172
07/06/16,14:15:00,17,64631
07/06/16,14:16:00,16,83505
07/06/16,14:17:00,17,01076
07/06/16,14:18:00,17,58012
07/06/16,14:19:00,17,54452
07/06/16,14:20:00,17,41531
07/06/16,14:21:00,17,64294
07/06/16,14:22:00,18,60403
07/06/16,14:23:00,17,04799
07/06/16,14:24:00,17,15641
07/06/16,14:25:00,18,15905
07/06/16,14:26:00,17,16434
07/06/16,14:27:00,17,55229
07/06/16,14:28:00,18,2264
07/06/16,14:29:00,17,5568
07/06/16,14:30:00,17,82953
07/06/16,14:31:00,18,23834
07/06/16,14:32:00,17,66256
07/06/16,14:33:00,17,59337
07/06/16,14:34:00,17,78943
07/06/16,14:35:00,17,11138
07/06/16,14:36:00,17,25694
07/06/16,14:37:00,17,57296
07/06/16,14:38:00,17,36837
07/06/16,14:39:00,16,751
07/06/16,14:40:00,17,6588
07/06/16,14:41:00,16,65723
07/06/16,14:42:00,9,134085
07/06/16,14:43:00,0
07/06/16,14:44:00,0
07/06/16,14:45:00,0
07/06/16,14:46:00,4,472413
07/06/16,14:47:00,13,21927
07/06/16,14:48:00,14,43929
07/06/16,14:49:00,15,56533
07/06/16,14:50:00,16,46011
07/06/16,14:51:00,15,95779
07/06/16,14:52:00,16,35455
07/06/16,14:53:00,16,10725
07/06/16,14:54:00,15,46412
07/06/16,14:55:00,15,9428
07/06/16,14:56:00,15,80096
07/06/16,14:57:00,15,752
07/06/16,14:58:00,14,98843
07/06/16,14:59:00,15,73288
07/06/16,15:00:00,15,19577
07/06/16,15:01:00,15,05257
07/06/16,15:02:00,15,9416
07/06/16,15:03:00,16,16624
07/06/16,15:04:00,15,68529
07/06/16,15:05:00,15,53217
07/06/16,15:06:00,16,4434
07/06/16,15:07:00,16,0889
07/06/16,15:08:00,15,55658
07/06/16,15:09:00,16,81159
07/06/16,15:10:00,17,29962
07/06/16,15:11:00,18,12594
07/06/16,15:12:00,17,74613
07/06/16,15:13:00,17,1002
07/06/16,15:14:00,16,70399
07/06/16,15:15:00,16,59989
07/06/16,15:16:00,17,17684
07/06/16,15:17:00,16,89184
07/06/16,15:18:00,16,98352
07/06/16,15:19:00,16,76714
07/06/16,15:20:00,17,3577
07/06/16,15:21:00,17,87076
07/06/16,15:22:00,17,5825
07/06/16,15:23:00,17,2534
07/06/16,15:24:00,17,44887
07/06/16,15:25:00,17,94521
07/06/16,15:26:00,17,02911
07/06/16,15:27:00,17,42986
07/06/16,15:28:00,17,56667
07/06/16,15:29:00,16,92228
07/06/16,15:30:00,17,02709
07/06/16,15:31:00,17,43324
07/06/16,15:32:00,17,55465
07/06/16,15:33:00,17,48034
07/06/16,15:34:00,17,39297
07/06/16,15:35:00,16,76608
07/06/16,15:36:00,17,44094
07/06/16,15:37:00,18,05208
07/06/16,15:38:00,18,38615
07/06/16,15:39:00,18,80129
07/06/16,15:40:00,16,10118
07/06/16,15:41:00,6,436765
07/06/16,15:42:00,11,54667
07/06/16,15:43:00,16,9095
07/06/16,15:44:00,18,11864
07/06/16,15:45:00,18,08198
07/06/16,15:46:00,16,83526
07/06/16,15:47:00,17,48143
07/06/16,15:48:00,16,40596
07/06/16,15:49:00,17,50262
07/06/16,15:50:00,17,78487
07/06/16,15:51:00,17,98738
07/06/16,15:52:00,17,97499
07/06/16,15:53:00,18,58595
07/06/16,15:54:00,18,50086
07/06/16,15:55:00,18,30165
07/06/16,15:56:00,20,08041
07/06/16,15:57:00,21,62834
07/06/16,15:58:00,21,06369
07/06/16,15:59:00,19,82217
07/06/16,16:00:00,18,67821
07/06/16,16:01:00,17,85966
07/06/16,16:02:00,17,66544
07/06/16,16:03:00,17,60841
07/06/16,16:04:00,18,14233
07/06/16,16:05:00,18,15533
07/06/16,16:06:00,18,68935
07/06/16,16:07:00,18,31855
07/06/16,16:08:00,18,22196
07/06/16,16:09:00,18,08562
07/06/16,16:10:00,18,27916
07/06/16,16:11:00,18,12032
07/06/16,16:12:00,17,15914
07/06/16,16:13:00,17,47778
07/06/16,16:14:00,16,94117
07/06/16,16:15:00,17,85675
07/06/16,16:16:00,18,33816
07/06/16,16:17:00,17,35848
07/06/16,16:18:00,17,60194
07/06/16,16:19:00,18,74878
07/06/16,16:20:00,17,9118
07/06/16,16:21:00,17,88153
07/06/16,16:22:00,17,9189
07/06/16,16:23:00,17,58797
07/06/16,16:24:00,17,89949
07/06/16,16:25:00,17,4687
07/06/16,16:26:00,17,61873
07/06/16,16:27:00,18,34482
07/06/16,16:28:00,18,90086
07/06/16,16:29:00,18,31246
07/06/16,16:30:00,18,79588
07/06/16,16:31:00,18,81027
07/06/16,16:32:00,17,96256
07/06/16,16:33:00,17,17926
07/06/16,16:34:00,16,95213
07/06/16,16:35:00,17,34003
07/06/16,16:36:00,17,41991
07/06/16,16:37:00,17,29004
07/06/16,16:38:00,17,30443
07/06/16,16:39:00,17,04663
07/06/16,16:40:00,16,85672
07/06/16,16:41:00,16,84907
07/06/16,16:42:00,17,62702
07/06/16,16:43:00,17,48224
07/06/16,16:44:00,17,13812
07/06/16,16:45:00,16,82784
07/06/16,16:46:00,16,38864
07/06/16,16:47:00,15,78174
07/06/16,16:48:00,14,94248
07/06/16,16:49:00,14,75723
07/06/16,16:50:00,14,59934
07/06/16,16:51:00,14,07275
07/06/16,16:52:00,14,72375
07/06/16,16:53:00,14,24597
07/06/16,16:54:00,13,57624
07/06/16,16:55:00,15,09391
07/06/16,16:56:00,14,55619
07/06/16,16:57:00,12,81545
07/06/16,16:58:00,13,07945
07/06/16,16:59:00,14,32907
07/06/16,17:00:00,15,02482
07/06/16,17:01:00,16,01647
07/06/16,17:02:00,16,25724
07/06/16,17:03:00,15,29349
07/06/16,17:04:00,15,54212
07/06/16,17:05:00,15,71626
07/06/16,17:06:00,15,25954
07/06/16,17:07:00,16,1414
07/06/16,17:08:00,16,91668
07/06/16,17:09:00,16,07068
07/06/16,17:10:00,15,57671
07/06/16,17:11:00,15,78962
07/06/16,17:12:00,16,21676
07/06/16,17:13:00,16,33616
07/06/16,17:14:00,17,06935
07/06/16,17:15:00,16,79123
07/06/16,17:16:00,16,63643
07/06/16,17:17:00,16,77353
07/06/16,17:18:00,17,4315
07/06/16,17:19:00,17,15101
07/06/16,17:20:00,17,16174
07/06/16,17:21:00,17,16011
07/06/16,17:22:00,16,14109
07/06/16,17:23:00,16,57069
07/06/16,17:24:00,16,29129
07/06/16,17:25:00,16,18647
07/06/16,17:26:00,16,62872
07/06/16,17:27:00,16,5483
07/06/16,17:28:00,15,9077
07/06/16,17:29:00,15,71453
07/06/16,17:30:00,16,71977
07/06/16,17:31:00,16,6516
07/06/16,17:32:00,16,82083
07/06/16,17:33:00,17,08854
07/06/16,17:34:00,16,77954
07/06/16,17:35:00,17,24355
07/06/16,17:36:00,17,41698
07/06/16,17:37:00,17,19442
07/06/16,17:38:00,16,939
07/06/16,17:39:00,15,67588
07/06/16,17:40:00,14,17614
07/06/16,17:41:00,13,53148
07/06/16,17:42:00,15,39628
07/06/16,17:43:00,16,61397
07/06/16,17:44:00,16,73986
07/06/16,17:45:00,16,18237
07/06/16,17:46:00,16,43279
07/06/16,17:47:00,16,01313
07/06/16,17:48:00,15,49805
07/06/16,17:49:00,16,86601
07/06/16,17:50:00,16,03305
07/06/16,17:51:00,15,82007
07/06/16,17:52:00,16,5017
07/06/16,17:53:00,16,28329
07/06/16,17:54:00,16,14697
07/06/16,17:55:00,16,68035
07/06/16,17:56:00,15,98471
07/06/16,17:57:00,14,70217
07/06/16,17:58:00,14,44817
07/06/16,17:59:00,13,65019
07/06/16,18:00:00,14,57861
07/06/16,18:01:00,15,04098
07/06/16,18:02:00,14,42348
07/06/16,18:03:00,14,60373
07/06/16,18:04:00,13,98763
07/06/16,18:05:00,14,30934
07/06/16,18:06:00,13,72492
07/06/16,18:07:00,14,00195
07/06/16,18:08:00,15,87524
07/06/16,18:09:00,17,96839
07/06/16,18:10:00,18,87914
07/06/16,18:11:00,20,07229
07/06/16,18:12:00,20,20014
07/06/16,18:13:00,20,22928
07/06/16,18:14:00,20,2742
07/06/16,18:15:00,20,53829
07/06/16,18:16:00,20,52352
07/06/16,18:17:00,20,5173
07/06/16,18:18:00,20,66796
07/06/16,18:19:00,21,40082
07/06/16,18:20:00,22,28799
07/06/16,18:21:00,23,02343
07/06/16,18:22:00,22,20446
07/06/16,18:23:00,22,03417
07/06/16,18:24:00,21,1401
07/06/16,18:25:00,21,22008
07/06/16,18:26:00,20,76323
07/06/16,18:27:00,21,08163
07/06/16,18:28:00,21,54085
07/06/16,18:29:00,20,34213
07/06/16,18:30:00,20,82953
07/06/16,18:31:00,20,98086
07/06/16,18:32:00,20,70614
07/06/16,18:33:00,20,30222
07/06/16,18:34:00,21,21116
07/06/16,18:35:00,20,99296
07/06/16,18:36:00,20,38393
07/06/16,18:37:00,20,54781
07/06/16,18:38:00,20,63744
07/06/16,18:39:00,21,03556
07/06/16,18:40:00,21,81982
07/06/16,18:41:00,20,69729
07/06/16,18:42:00,21,32211
07/06/16,18:43:00,21,69569
07/06/16,18:44:00,21,01969
07/06/16,18:45:00,21,16316
07/06/16,18:46:00,20,81923
07/06/16,18:47:00,20,84905
07/06/16,18:48:00,20,69181
07/06/16,18:49:00,20,27543
07/06/16,18:50:00,21,17137
07/06/16,18:51:00,21,3082
07/06/16,18:52:00,19,9361
07/06/16,18:53:00,20,28386
07/06/16,18:54:00,21,99886
07/06/16,18:55:00,21,55197
07/06/16,18:56:00,20,73948
07/06/16,18:57:00,20,79419
07/06/16,18:58:00,20,81239
07/06/16,18:59:00,20,76193
07/06/16,19:00:00,20,95633
07/06/16,19:01:00,21,5673
07/06/16,19:02:00,20,80502
07/06/16,19:03:00,20,79894
07/06/16,19:04:00,21,16315
07/06/16,19:05:00,20,40374
07/06/16,19:06:00,20,28888
07/06/16,19:07:00,20,83322
07/06/16,19:08:00,20,55973
07/06/16,19:09:00,20,3739
07/06/16,19:10:00,19,31999
07/06/16,19:11:00,18,78684
07/06/16,19:12:00,19,77265
07/06/16,19:13:00,19,99584
07/06/16,19:14:00,20,26028
07/06/16,19:15:00,19,89988
07/06/16,19:16:00,21,56114
07/06/16,19:17:00,21,26312
07/06/16,19:18:00,21,2243
07/06/16,19:19:00,23,0958
07/06/16,19:20:00,22,05075
07/06/16,19:21:00,20,83212
07/06/16,19:22:00,20,7741
07/06/16,19:23:00,19,83103
07/06/16,19:24:00,19,54026
07/06/16,19:25:00,19,95168
07/06/16,19:26:00,20,4851
07/06/16,19:27:00,19,89179
07/06/16,19:28:00,19,72983
07/06/16,19:29:00,20,37858
07/06/16,19:30:00,20,42859
07/06/16,19:31:00,19,79095
07/06/16,19:32:00,19,47714
07/06/16,19:33:00,19,40791
07/06/16,19:34:00,20,00203
07/06/16,19:35:00,19,29601
07/06/16,19:36:00,19,34615
07/06/16,19:37:00,19,54914
07/06/16,19:38:00,20,01765
07/06/16,19:39:00,20,28111
07/06/16,19:40:00,20,43305
07/06/16,19:41:00,19,74275
07/06/16,19:42:00,20,30762
07/06/16,19:43:00,20,57081
07/06/16,19:44:00,21,51485
07/06/16,19:45:00,20,96049
07/06/16,19:46:00,21,00396
07/06/16,19:47:00,20,48341
07/06/16,19:48:00,20,706
07/06/16,19:49:00,20,77464
07/06/16,19:50:00,20,25605
07/06/16,19:51:00,20,59178
07/06/16,19:52:00,20,13357
07/06/16,19:53:00,19,97846
07/06/16,19:54:00,20,43028
07/06/16,19:55:00,20,68781
07/06/16,19:56:00,20,57967
07/06/16,19:57:00,20,0875
07/06/16,19:58:00,20,32939
07/06/16,19:59:00,20,67063
07/06/16,20:00:00,20,81587
07/06/16,20:01:00,20,99843
07/06/16,20:02:00,21,22119
07/06/16,20:03:00,20,04372
07/06/16,20:04:00,20,1376
07/06/16,20:05:00,19,96675
07/06/16,20:06:00,19,63473
07/06/16,20:07:00,19,43299
07/06/16,20:08:00,19,30105
07/06/16,20:09:00,19,85299
07/06/16,20:10:00,19,34516
07/06/16,20:11:00,20,34473
07/06/16,20:12:00,20,66669
07/06/16,20:13:00,20,36031
07/06/16,20:14:00,19,90257
07/06/16,20:15:00,20,344
07/06/16,20:16:00,20,31298
07/06/16,20:17:00,20,1731
07/06/16,20:18:00,20,19239
07/06/16,20:19:00,20,39852
07/06/16,20:20:00,21,1261
07/06/16,20:21:00,21,09413
07/06/16,20:22:00,20,17845
07/06/16,20:23:00,20,41858
07/06/16,20:24:00,20,5649
07/06/16,20:25:00,20,51064
07/06/16,20:26:00,18,59401
07/06/16,20:27:00,16,64107
07/06/16,20:28:00,16,06801
07/06/16,20:29:00,16,57859
07/06/16,20:30:00,15,75724
07/06/16,20:31:00,16,37892
07/06/16,20:32:00,15,632
07/06/16,20:33:00,16,19732
07/06/16,20:34:00,16,28535
07/06/16,20:35:00,16,69708
07/06/16,20:36:00,15,97298
07/06/16,20:37:00,15,83515
07/06/16,20:38:00,16,70712
07/06/16,20:39:00,16,48515
07/06/16,20:40:00,15,62096
07/06/16,20:41:00,14,0427
07/06/16,20:42:00,6,561534
07/06/16,20:43:00,0
07/06/16,20:44:00,0
07/06/16,20:45:00,0
07/06/16,20:46:00,9,062053
07/06/16,20:47:00,17,12607
07/06/16,20:48:00,16,43985
07/06/16,20:49:00,16,70623
07/06/16,20:50:00,16,17616
07/06/16,20:51:00,15,82097
07/06/16,20:52:00,16,42621
07/06/16,20:53:00,15,46801
07/06/16,20:54:00,15,26898
07/06/16,20:55:00,16,25771
07/06/16,20:56:00,16,55324
07/06/16,20:57:00,16,57062
07/06/16,20:58:00,15,97602
07/06/16,20:59:00,16,01107
07/06/16,21:00:00,16,07905
07/06/16,21:01:00,16,20585
07/06/16,21:02:00,15,33912
07/06/16,21:03:00,15,77988
07/06/16,21:04:00,16,37972
07/06/16,21:05:00,16,87093
07/06/16,21:06:00,17,44959
07/06/16,21:07:00,16,38045
07/06/16,21:08:00,15,88212
07/06/16,21:09:00,15,9189
07/06/16,21:10:00,15,29728
07/06/16,21:11:00,16,51244
07/06/16,21:12:00,15,76442
07/06/16,21:13:00,15,71489
07/06/16,21:14:00,16,41829
07/06/16,21:15:00,15,84716
07/06/16,21:16:00,15,08999
07/06/16,21:17:00,15,71041
07/06/16,21:18:00,14,29336
07/06/16,21:19:00,14,34444
07/06/16,21:20:00,15,82132
07/06/16,21:21:00,16,12685
07/06/16,21:22:00,16,09736
07/06/16,21:23:00,14,99497
07/06/16,21:24:00,15,26367
07/06/16,21:25:00,16,16958
07/06/16,21:26:00,17,0803
07/06/16,21:27:00,15,93638
07/06/16,21:28:00,15,18224
07/06/16,21:29:00,14,74793
07/06/16,21:30:00,16,54626
07/06/16,21:31:00,17,07853
07/06/16,21:32:00,16,08594
07/06/16,21:33:00,15,7612
07/06/16,21:34:00,15,97717
07/06/16,21:35:00,16,26911
07/06/16,21:36:00,17,52793
07/06/16,21:37:00,16,50908
07/06/16,21:38:00,8,855608
07/06/16,21:39:00,0
07/06/16,21:40:00,0
07/06/16,21:41:00,0
07/06/16,21:42:00,0
07/06/16,21:43:00,0
07/06/16,21:44:00,0
07/06/16,21:45:00,0
07/06/16,21:46:00,0
07/06/16,21:47:00,0
07/06/16,21:48:00,0
07/06/16,21:49:00,0
07/06/16,21:50:00,0
07/06/16,21:51:00,0
07/06/16,21:52:00,0
07/06/16,21:53:00,0
07/06/16,21:54:00,0
07/06/16,21:55:00,0
07/06/16,21:56:00,0
07/06/16,21:57:00,0
07/06/16,21:58:00,0
07/06/16,21:59:00,0
07/06/16,22:00:00,0
07/06/16,22:01:00,0
07/06/16,22:02:00,0
07/06/16,22:03:00,0
07/06/16,22:04:00,0
07/06/16,22:05:00,0
07/06/16,22:06:00,0
07/06/16,22:07:00,0
07/06/16,22:08:00,0
07/06/16,22:09:00,0
07/06/16,22:10:00,0
07/06/16,22:11:00,0
07/06/16,22:12:00,0
07/06/16,22:13:00,0
07/06/16,22:14:00,0
07/06/16,22:15:00,0
07/06/16,22:16:00,0
07/06/16,22:17:00,0
07/06/16,22:18:00,0
07/06/16,22:19:00,0
07/06/16,22:20:00,0
07/06/16,22:21:00,0
07/06/16,22:22:00,0
07/06/16,22:23:00,0
07/06/16,22:24:00,0
07/06/16,22:25:00,0
07/06/16,22:26:00,0
07/06/16,22:27:00,0
07/06/16,22:28:00,0
07/06/16,22:29:00,0
07/06/16,22:30:00,0
07/06/16,22:31:00,0
07/06/16,22:32:00,0
07/06/16,22:33:00,0
07/06/16,22:34:00,0
07/06/16,22:35:00,0
07/06/16,22:36:00,0
07/06/16,22:37:00,0
07/06/16,22:38:00,8,947155
07/06/16,22:39:00,8,589251
07/06/16,22:40:00,0
07/06/16,22:41:00,0
07/06/16,22:42:00,0
07/06/16,22:43:00,0
07/06/16,22:44:00,8,699599
07/06/16,22:45:00,15,23889
07/06/16,22:46:00,16,22635
07/06/16,22:47:00,16,6271
07/06/16,22:48:00,16,5447
07/06/16,22:49:00,18,62989
07/06/16,22:50:00,17,51472
07/06/16,22:51:00,18,02825
07/06/16,22:52:00,19,42621
07/06/16,22:53:00,19,05589
07/06/16,22:54:00,18,72325
07/06/16,22:55:00,19,2848
07/06/16,22:56:00,19,62218
07/06/16,22:57:00,19,58572
07/06/16,22:58:00,19,6375
07/06/16,22:59:00,19,21478
07/06/16,23:00:00,18,92255
07/06/16,23:01:00,18,90202
07/06/16,23:02:00,19,55758
07/06/16,23:03:00,19,34477
07/06/16,23:04:00,19,21059
07/06/16,23:05:00,18,95112
07/06/16,23:06:00,19,07778
07/06/16,23:07:00,19,00493
07/06/16,23:08:00,18,44513
07/06/16,23:09:00,18,55518
07/06/16,23:10:00,18,78645
07/06/16,23:11:00,19,1549
07/06/16,23:12:00,18,66616
07/06/16,23:13:00,18,9212
07/06/16,23:14:00,19,56267
07/06/16,23:15:00,19,52259
07/06/16,23:16:00,18,77452
07/06/16,23:17:00,19,58563
07/06/16,23:18:00,20,12903
07/06/16,23:19:00,19,67224
07/06/16,23:20:00,19,13539
07/06/16,23:21:00,19,22441
07/06/16,23:22:00,18,73056
07/06/16,23:23:00,19,70133
07/06/16,23:24:00,18,8668
07/06/16,23:25:00,18,48707
07/06/16,23:26:00,19,139
07/06/16,23:27:00,18,19448
07/06/16,23:28:00,18,66716
07/06/16,23:29:00,18,76604
07/06/16,23:30:00,18,5087
07/06/16,23:31:00,18,49202
07/06/16,23:32:00,18,13512
07/06/16,23:33:00,18,56873
07/06/16,23:34:00,18,58101
07/06/16,23:35:00,18,90982
07/06/16,23:36:00,18,31231
07/06/16,23:37:00,19,31712
07/06/16,23:38:00,18,58395
07/06/16,23:39:00,18,50203
07/06/16,23:40:00,19,6552
07/06/16,23:41:00,18,71752
07/06/16,23:42:00,18,76606
07/06/16,23:43:00,19,9214
07/06/16,23:44:00,19,04678
07/06/16,23:45:00,18,90735
07/06/16,23:46:00,18,9673
07/06/16,23:47:00,19,20996
07/06/16,23:48:00,18,6361
07/06/16,23:49:00,18,54088
07/06/16,23:50:00,19,14247
07/06/16,23:51:00,18,91761
07/06/16,23:52:00,19,12747
07/06/16,23:53:00,18,79736
07/06/16,23:54:00,19,27332
07/06/16,23:55:00,19,99237
07/06/16,23:56:00,19,77168
07/06/16,23:57:00,21,05927
07/06/16,23:58:00,20,59886
07/06/16,23:59:00,21,12949
07/07/16,00:00:00,21,44009
07/07/16,00:01:00,20,93425
07/07/16,00:02:00,20,48635
07/07/16,00:03:00,20,90894
07/07/16,00:04:00,21,1898
07/07/16,00:05:00,21,15986
07/07/16,00:06:00,21,3991
07/07/16,00:07:00,21,40254
07/07/16,00:08:00,21,84054
07/07/16,00:09:00,21,53029
07/07/16,00:10:00,20,93543
07/07/16,00:11:00,21,1046
07/07/16,00:12:00,20,77267
07/07/16,00:13:00,21,02683
07/07/16,00:14:00,21,00827
07/07/16,00:15:00,19,84035
07/07/16,00:16:00,19,7088
07/07/16,00:17:00,20,68965
07/07/16,00:18:00,20,94562
07/07/16,00:19:00,20,80244
07/07/16,00:20:00,19,46499
07/07/16,00:21:00,19,90791
07/07/16,00:22:00,20,98994
07/07/16,00:23:00,21,87465
07/07/16,00:24:00,20,22207
07/07/16,00:25:00,20,07668
07/07/16,00:26:00,20,76887
07/07/16,00:27:00,19,93643
07/07/16,00:28:00,20,28517
07/07/16,00:29:00,20,54638
07/07/16,00:30:00,20,23595
07/07/16,00:31:00,19,82285
07/07/16,00:32:00,19,92885
07/07/16,00:33:00,19,80876
07/07/16,00:34:00,19,90514
07/07/16,00:35:00,20,59843
07/07/16,00:36:00,20,08032
07/07/16,00:37:00,18,72309
07/07/16,00:38:00,19,00983
07/07/16,00:39:00,19,2971
07/07/16,00:40:00,19,60086
07/07/16,00:41:00,18,75593
07/07/16,00:42:00,19,51668
07/07/16,00:43:00,18,01427
07/07/16,00:44:00,18,20714
07/07/16,00:45:00,17,76513
07/07/16,00:46:00,17,94846
07/07/16,00:47:00,18,64239
07/07/16,00:48:00,18,54062
07/07/16,00:49:00,18,78109
07/07/16,00:50:00,19,0185
07/07/16,00:51:00,19,12748
07/07/16,00:52:00,18,9394
07/07/16,00:53:00,19,81104
07/07/16,00:54:00,19,23909
07/07/16,00:55:00,18,71456
07/07/16,00:56:00,18,74357
07/07/16,00:57:00,18,38677
07/07/16,00:58:00,18,64568
07/07/16,00:59:00,19,16397
07/07/16,01:00:00,20,59567
07/07/16,01:01:00,20,22821
07/07/16,01:02:00,19,89931
07/07/16,01:03:00,20,04253
07/07/16,01:04:00,19,34927
07/07/16,01:05:00,19,87366
07/07/16,01:06:00,19,97977
07/07/16,01:07:00,19,7702
07/07/16,01:08:00,18,95252
07/07/16,01:09:00,19,30326
07/07/16,01:10:00,19,99125
07/07/16,01:11:00,20,44057
07/07/16,01:12:00,20,74492
07/07/16,01:13:00,20,75961
07/07/16,01:14:00,19,19914
07/07/16,01:15:00,18,95679
07/07/16,01:16:00,18,68998
07/07/16,01:17:00,18,79498
07/07/16,01:18:00,19,98027
07/07/16,01:19:00,20,45328
07/07/16,01:20:00,20,56708
07/07/16,01:21:00,19,71369
07/07/16,01:22:00,19,47904
07/07/16,01:23:00,18,88976
07/07/16,01:24:00,19,24602
07/07/16,01:25:00,18,93497
07/07/16,01:26:00,19,51849
07/07/16,01:27:00,19,50506
07/07/16,01:28:00,19,01637
07/07/16,01:29:00,19,4523
07/07/16,01:30:00,20,04024
07/07/16,01:31:00,20,79101
07/07/16,01:32:00,20,30455
07/07/16,01:33:00,19,98249
07/07/16,01:34:00,19,84037
07/07/16,01:35:00,18,83188
07/07/16,01:36:00,19,3763
07/07/16,01:37:00,20,0691
07/07/16,01:38:00,19,99894
07/07/16,01:39:00,19,63426
07/07/16,01:40:00,19,49566
07/07/16,01:41:00,20,04444
07/07/16,01:42:00,20,18579
07/07/16,01:43:00,19,7802
07/07/16,01:44:00,19,89612
07/07/16,01:45:00,20,76632
07/07/16,01:46:00,20,92111
07/07/16,01:47:00,20,8839
07/07/16,01:48:00,19,8283
07/07/16,01:49:00,19,18619
07/07/16,01:50:00,20,44823
07/07/16,01:51:00,20,45864
07/07/16,01:52:00,20,70719
07/07/16,01:53:00,20,57327
07/07/16,01:54:00,19,95211
07/07/16,01:55:00,20,18077
07/07/16,01:56:00,19,95643
07/07/16,01:57:00,19,50075
07/07/16,01:58:00,19,89774
07/07/16,01:59:00,20,28253
07/07/16,02:00:00,18,03502
07/07/16,02:01:00,17,64178
07/07/16,02:02:00,18,32076
07/07/16,02:03:00,19,32658
07/07/16,02:04:00,19,26563
07/07/16,02:05:00,20,03643
07/07/16,02:06:00,16,96772
07/07/16,02:07:00,15,61739
07/07/16,02:08:00,18,67379
07/07/16,02:09:00,19,39718
07/07/16,02:10:00,19,79893
07/07/16,02:11:00,17,93569
07/07/16,02:12:00,18,98685
07/07/16,02:13:00,19,95012
07/07/16,02:14:00,19,87548
07/07/16,02:15:00,22,307
07/07/16,02:16:00,20,20687
07/07/16,02:17:00,20,07965
07/07/16,02:18:00,19,78708
07/07/16,02:19:00,19,97838
07/07/16,02:20:00,19,87082
07/07/16,02:21:00,20,13059
07/07/16,02:22:00,20,30889
07/07/16,02:23:00,20,94345
07/07/16,02:24:00,19,95461
07/07/16,02:25:00,20,40875
07/07/16,02:26:00,19,83191
07/07/16,02:27:00,19,99756
07/07/16,02:28:00,20,28408
07/07/16,02:29:00,20,06547
07/07/16,02:30:00,20,64259
07/07/16,02:31:00,21,30425
07/07/16,02:32:00,20,79449
07/07/16,02:33:00,20,53807
07/07/16,02:34:00,20,26953
07/07/16,02:35:00,21,2326
07/07/16,02:36:00,20,64386
07/07/16,02:37:00,20,11416
07/07/16,02:38:00,20,35375
07/07/16,02:39:00,20,35996
07/07/16,02:40:00,20,11466
07/07/16,02:41:00,20,55654
07/07/16,02:42:00,20,05728
07/07/16,02:43:00,20,13417
07/07/16,02:44:00,20,12241
07/07/16,02:45:00,20,0246
07/07/16,02:46:00,19,93226
07/07/16,02:47:00,20,00031
07/07/16,02:48:00,20,30358
07/07/16,02:49:00,20,56942
07/07/16,02:50:00,20,19592
07/07/16,02:51:00,19,94876
07/07/16,02:52:00,20,38274
07/07/16,02:53:00,20,31622
07/07/16,02:54:00,19,84999
07/07/16,02:55:00,20,23019
07/07/16,02:56:00,20,65343
07/07/16,02:57:00,21,20069
07/07/16,02:58:00,20,77912
07/07/16,02:59:00,20,76899
07/07/16,03:00:00,20,16309
07/07/16,03:01:00,19,70192
07/07/16,03:02:00,20,47745
07/07/16,03:03:00,20,5282
07/07/16,03:04:00,20,14551
07/07/16,03:05:00,19,60759
07/07/16,03:06:00,20,5814
07/07/16,03:07:00,20,89512
07/07/16,03:08:00,21,53561
07/07/16,03:09:00,21,48156
07/07/16,03:10:00,20,49645
07/07/16,03:11:00,20,50196
07/07/16,03:12:00,20,60426
07/07/16,03:13:00,19,98642
07/07/16,03:14:00,19,46409
07/07/16,03:15:00,20,47045
07/07/16,03:16:00,20,49678
07/07/16,03:17:00,20,80755
07/07/16,03:18:00,20,65837
07/07/16,03:19:00,19,56206
07/07/16,03:20:00,19,47305
07/07/16,03:21:00,20,04903
07/07/16,03:22:00,20,57689
07/07/16,03:23:00,21,21264
07/07/16,03:24:00,21,07067
07/07/16,03:25:00,21,15311
07/07/16,03:26:00,21,6073
07/07/16,03:27:00,20,73725
07/07/16,03:28:00,20,50888
07/07/16,03:29:00,20,4486
07/07/16,03:30:00,20,70154
07/07/16,03:31:00,20,51784
07/07/16,03:32:00,20,85543
07/07/16,03:33:00,20,6561
07/07/16,03:34:00,20,10262
07/07/16,03:35:00,19,7663
07/07/16,03:36:00,19,48387
07/07/16,03:37:00,20,44513
07/07/16,03:38:00,21,21772
07/07/16,03:39:00,19,65062
07/07/16,03:40:00,19,53465
07/07/16,03:41:00,19,95077
07/07/16,03:42:00,20,44757
07/07/16,03:43:00,20,9725
07/07/16,03:44:00,21,58855
07/07/16,03:45:00,21,06158
07/07/16,03:46:00,20,46294
07/07/16,03:47:00,20,84163
07/07/16,03:48:00,21,33489
07/07/16,03:49:00,21,077
07/07/16,03:50:00,20,74983
07/07/16,03:51:00,20,60692
07/07/16,03:52:00,21,70022
07/07/16,03:53:00,20,76712
07/07/16,03:54:00,20,68592
07/07/16,03:55:00,20,40369
07/07/16,03:56:00,19,72136
07/07/16,03:57:00,20,06771
07/07/16,03:58:00,21,14448
07/07/16,03:59:00,20,64277
07/07/16,04:00:00,20,60127
07/07/16,04:01:00,20,34854
07/07/16,04:02:00,20,07796
07/07/16,04:03:00,20,15831
07/07/16,04:04:00,21,03414
07/07/16,04:05:00,20,47124
07/07/16,04:06:00,20,69909
07/07/16,04:07:00,20,05613
07/07/16,04:08:00,19,34052
07/07/16,04:09:00,20,28226
07/07/16,04:10:00,21,62003
07/07/16,04:11:00,20,71916
07/07/16,04:12:00,20,30052
07/07/16,04:13:00,21,10405
07/07/16,04:14:00,20,99984
07/07/16,04:15:00,21,40421
07/07/16,04:16:00,20,9126
07/07/16,04:17:00,19,95983
07/07/16,04:18:00,20,68771
07/07/16,04:19:00,20,7314
07/07/16,04:20:00,21,09394
07/07/16,04:21:00,19,88968
07/07/16,04:22:00,20,53421
07/07/16,04:23:00,20,19464
07/07/16,04:24:00,20,04684
07/07/16,04:25:00,21,09542
07/07/16,04:26:00,20,9714
07/07/16,04:27:00,20,91443
07/07/16,04:28:00,20,88309
07/07/16,04:29:00,21,43746
07/07/16,04:30:00,21,39213
07/07/16,04:31:00,21,12558
07/07/16,04:32:00,21,62669
07/07/16,04:33:00,21,82281
07/07/16,04:34:00,21,43304
07/07/16,04:35:00,22,00296
07/07/16,04:36:00,22,10561
07/07/16,04:37:00,21,76157
07/07/16,04:38:00,22,14745
07/07/16,04:39:00,21,48765
07/07/16,04:40:00,20,48456
07/07/16,04:41:00,20,57348
07/07/16,04:42:00,20,91778
07/07/16,04:43:00,21,04204
07/07/16,04:44:00,19,14535
07/07/16,04:45:00,18,32601
07/07/16,04:46:00,15,3641
07/07/16,04:47:00,0,9319863
07/07/16,04:48:00,0
07/07/16,04:49:00,0
07/07/16,04:50:00,0
07/07/16,04:51:00,0
07/07/16,04:52:00,0
07/07/16,04:53:00,0
07/07/16,04:54:00,0
07/07/16,04:55:00,0
07/07/16,04:56:00,0
07/07/16,04:57:00,0
07/07/16,04:58:00,0
07/07/16,04:59:00,0
07/07/16,05:00:00,3,874503
07/07/16,05:01:00,13,67629
07/07/16,05:02:00,17,48949
07/07/16,05:03:00,17,73124
07/07/16,05:04:00,19,74824
07/07/16,05:05:00,20,42365
07/07/16,05:06:00,19,80531
07/07/16,05:07:00,20,59013
07/07/16,05:08:00,21,09536
07/07/16,05:09:00,20,50595
07/07/16,05:10:00,21,2624
07/07/16,05:11:00,20,56055
07/07/16,05:12:00,20,92994
07/07/16,05:13:00,20,59581
07/07/16,05:14:00,20,98195
07/07/16,05:15:00,21,24413
07/07/16,05:16:00,20,91941
07/07/16,05:17:00,21,09637
07/07/16,05:18:00,20,74971
07/07/16,05:19:00,20,10869
07/07/16,05:20:00,20,07825
07/07/16,05:21:00,19,53492
07/07/16,05:22:00,20,67936
07/07/16,05:23:00,20,91493
07/07/16,05:24:00,20,47337
07/07/16,05:25:00,21,42882
07/07/16,05:26:00,20,22759
07/07/16,05:27:00,19,87804
07/07/16,05:28:00,20,59764
07/07/16,05:29:00,20,60461
07/07/16,05:30:00,20,35682
07/07/16,05:31:00,20,64115
07/07/16,05:32:00,12,26929
07/07/16,05:33:00,0
07/07/16,05:34:00,0
07/07/16,05:35:00,0
07/07/16,05:36:00,0
07/07/16,05:37:00,0
07/07/16,05:38:00,0
07/07/16,05:39:00,0
07/07/16,05:40:00,0
07/07/16,05:41:00,0
07/07/16,05:42:00,0
07/07/16,05:43:00,0
07/07/16,05:44:00,0
07/07/16,05:45:00,0
07/07/16,05:46:00,0
07/07/16,05:47:00,0
07/07/16,05:48:00,0
07/07/16,05:49:00,0
07/07/16,05:50:00,0
07/07/16,05:51:00,0
07/07/16,05:52:00,0
07/07/16,05:53:00,0
07/07/16,05:54:00,0
07/07/16,05:55:00,0
07/07/16,05:56:00,0
07/07/16,05:57:00,0
07/07/16,05:58:00,0
07/07/16,05:59:00,0
07/07/16,06:00:00,0
07/07/16,06:01:00,0
07/07/16,06:02:00,0
07/07/16,06:03:00,0
07/07/16,06:04:00,0
07/07/16,06:05:00,0
07/07/16,06:06:00,0
07/07/16,06:07:00,0
07/07/16,06:08:00,0
07/07/16,06:09:00,0
07/07/16,06:10:00,0
07/07/16,06:11:00,0
07/07/16,06:12:00,0
07/07/16,06:13:00,0
07/07/16,06:14:00,0
07/07/16,06:15:00,0
07/07/16,06:16:00,0
07/07/16,06:17:00,3,291746
07/07/16,06:18:00,14,91076
07/07/16,06:19:00,17,97052
07/07/16,06:20:00,18,78434
07/07/16,06:21:00,18,11488
07/07/16,06:22:00,19,82185
07/07/16,06:23:00,19,26186
07/07/16,06:24:00,18,67862
07/07/16,06:25:00,18,26674
07/07/16,06:26:00,17,96762
07/07/16,06:27:00,17,71362
07/07/16,06:28:00,17,98693
07/07/16,06:29:00,17,86915
07/07/16,06:30:00,18,4021
07/07/16,06:31:00,18,86765
07/07/16,06:32:00,18,56975
07/07/16,06:33:00,18,27262
07/07/16,06:34:00,18,38363
07/07/16,06:35:00,17,76678
07/07/16,06:36:00,18,23835
07/07/16,06:37:00,18,17479
07/07/16,06:38:00,18,50141
07/07/16,06:39:00,17,486
07/07/16,06:40:00,17,21019
07/07/16,06:41:00,17,26041
07/07/16,06:42:00,17,70739
07/07/16,06:43:00,17,6466
07/07/16,06:44:00,18,28863
07/07/16,06:45:00,17,81302
07/07/16,06:46:00,18,37998
07/07/16,06:47:00,18,19125
07/07/16,06:48:00,17,23243
07/07/16,06:49:00,17,90139
07/07/16,06:50:00,18,59491
07/07/16,06:51:00,17,79185
07/07/16,06:52:00,18,08528
07/07/16,06:53:00,17,83175
07/07/16,06:54:00,17,88082
07/07/16,06:55:00,18,00643
07/07/16,06:56:00,17,65303
07/07/16,06:57:00,17,16791
07/07/16,06:58:00,16,05481
07/07/16,06:59:00,14,68095
07/07/16,07:00:00,10,64424
07/07/16,07:01:00,7,621861
07/07/16,07:02:00,6,380153
07/07/16,07:03:00,0,5158287
07/07/16,07:04:00,0
07/07/16,07:05:00,0
07/07/16,07:06:00,0
07/07/16,07:07:00,0
07/07/16,07:08:00,0
07/07/16,07:09:00,0
07/07/16,07:10:00,0
07/07/16,07:11:00,0
07/07/16,07:12:00,0
07/07/16,07:13:00,0
07/07/16,07:14:00,0
07/07/16,07:15:00,0
07/07/16,07:16:00,0
07/07/16,07:17:00,0
07/07/16,07:18:00,0
07/07/16,07:19:00,0
07/07/16,07:20:00,0
07/07/16,07:21:00,0
07/07/16,07:22:00,0
07/07/16,07:23:00,0
07/07/16,07:24:00,0
07/07/16,07:25:00,0
07/07/16,07:26:00,0
07/07/16,07:27:00,0
07/07/16,07:28:00,0
07/07/16,07:29:00,0
07/07/16,07:30:00,0
07/07/16,07:31:00,0
07/07/16,07:32:00,0
07/07/16,07:33:00,0
07/07/16,07:34:00,0
07/07/16,07:35:00,0
07/07/16,07:36:00,0
07/07/16,07:37:00,0
07/07/16,07:38:00,0
07/07/16,07:39:00,0
07/07/16,07:40:00,1,638875
07/07/16,07:41:00,16,40379
07/07/16,07:42:00,6,616551
07/07/16,07:43:00,0
07/07/16,07:44:00,0
07/07/16,07:45:00,0
07/07/16,07:46:00,0
07/07/16,07:47:00,9,367729
07/07/16,07:48:00,16,55392
07/07/16,07:49:00,18,52703
07/07/16,07:50:00,18,84513
07/07/16,07:51:00,20,37462
07/07/16,07:52:00,15,6369
07/07/16,07:53:00,1,839048
07/07/16,07:54:00,2,094145
07/07/16,07:55:00,15,98273
07/07/16,07:56:00,19,33334
07/07/16,07:57:00,19,3659
07/07/16,07:58:00,19,21007
07/07/16,07:59:00,19,24166
07/07/16,08:00:00,18,33909
07/07/16,08:01:00,19,06758
07/07/16,08:02:00,19,20216
07/07/16,08:03:00,19,66644
07/07/16,08:04:00,19,25656
07/07/16,08:05:00,19,86209
07/07/16,08:06:00,19,31226
07/07/16,08:07:00,19,67451
07/07/16,08:08:00,19,62297
07/07/16,08:09:00,19,66642
07/07/16,08:10:00,19,47115
07/07/16,08:11:00,18,91087
07/07/16,08:12:00,19,12679
07/07/16,08:13:00,18,94333
07/07/16,08:14:00,19,18404
07/07/16,08:15:00,18,88198
07/07/16,08:16:00,18,87731
07/07/16,08:17:00,19,97238
07/07/16,08:18:00,20,32522
07/07/16,08:19:00,20,82478
07/07/16,08:20:00,21,14552
07/07/16,08:21:00,20,6704
07/07/16,08:22:00,19,94431
07/07/16,08:23:00,19,3955
07/07/16,08:24:00,19,0362
07/07/16,08:25:00,19,60202
07/07/16,08:26:00,19,52785
07/07/16,08:27:00,19,82416
07/07/16,08:28:00,20,05697
07/07/16,08:29:00,20,13444
07/07/16,08:30:00,18,69043
07/07/16,08:31:00,18,88625
07/07/16,08:32:00,18,67307
07/07/16,08:33:00,18,66311
07/07/16,08:34:00,18,92576
07/07/16,08:35:00,18,91065
07/07/16,08:36:00,18,92466
07/07/16,08:37:00,19,15707
07/07/16,08:38:00,19,74368
07/07/16,08:39:00,20,30617
07/07/16,08:40:00,20,10693
07/07/16,08:41:00,20,8944
07/07/16,08:42:00,21,57653
07/07/16,08:43:00,20,90716
07/07/16,08:44:00,20,7068
07/07/16,08:45:00,20,27933
07/07/16,08:46:00,20,38916
07/07/16,08:47:00,20,80825
07/07/16,08:48:00,20,49677
07/07/16,08:49:00,19,81813
07/07/16,08:50:00,20,18297
07/07/16,08:51:00,20,58768
07/07/16,08:52:00,20,83697
07/07/16,08:53:00,20,30656
07/07/16,08:54:00,20,98376
07/07/16,08:55:00,20,28022
07/07/16,08:56:00,20,62076
07/07/16,08:57:00,20,88942
07/07/16,08:58:00,20,05102
07/07/16,08:59:00,19,57772
07/07/16,09:00:00,20,18943
07/07/16,09:01:00,19,86681
07/07/16,09:02:00,20,30189
07/07/16,09:03:00,20,72443
07/07/16,09:04:00,20,67358
07/07/16,09:05:00,20,06215
07/07/16,09:06:00,20,10253
07/07/16,09:07:00,20,31773
07/07/16,09:08:00,20,13712
07/07/16,09:09:00,20,15674
07/07/16,09:10:00,20,3172
07/07/16,09:11:00,21,17313
07/07/16,09:12:00,20,73671
07/07/16,09:13:00,20,73056
07/07/16,09:14:00,20,20089
07/07/16,09:15:00,20,74366
07/07/16,09:16:00,20,09531
07/07/16,09:17:00,20,00889
07/07/16,09:18:00,20,71259
07/07/16,09:19:00,20,76214
07/07/16,09:20:00,21,30277
07/07/16,09:21:00,21,96077
07/07/16,09:22:00,21,42162
07/07/16,09:23:00,21,96529
07/07/16,09:24:00,20,69231
07/07/16,09:25:00,21,09437
07/07/16,09:26:00,20,33986
07/07/16,09:27:00,21,02136
07/07/16,09:28:00,21,00833
07/07/16,09:29:00,20,95673
07/07/16,09:30:00,20,65571
07/07/16,09:31:00,21,52745
07/07/16,09:32:00,20,55871
07/07/16,09:33:00,20,11044
07/07/16,09:34:00,20,51266
07/07/16,09:35:00,19,83239
07/07/16,09:36:00,18,85166
07/07/16,09:37:00,19,17216
07/07/16,09:38:00,19,32651
07/07/16,09:39:00,19,4214
07/07/16,09:40:00,20,40025
07/07/16,09:41:00,20,58378
07/07/16,09:42:00,20,4049
07/07/16,09:43:00,20,2372
07/07/16,09:44:00,20,93159
07/07/16,09:45:00,20,83203
07/07/16,09:46:00,20,13546
07/07/16,09:47:00,19,96652
07/07/16,09:48:00,19,23259
07/07/16,09:49:00,18,78613
07/07/16,09:50:00,18,99026
07/07/16,09:51:00,19,72925
07/07/16,09:52:00,19,75639
07/07/16,09:53:00,19,73082
07/07/16,09:54:00,19,96601
07/07/16,09:55:00,21,03045
07/07/16,09:56:00,20,05221
07/07/16,09:57:00,20,35915
07/07/16,09:58:00,20,24503
07/07/16,09:59:00,19,30958
07/07/16,10:00:00,19,4671
07/07/16,10:01:00,19,57448
07/07/16,10:02:00,19,51075
07/07/16,10:03:00,19,554
07/07/16,10:04:00,19,31602
07/07/16,10:05:00,19,91764
07/07/16,10:06:00,20,15757
07/07/16,10:07:00,20,44551
07/07/16,10:08:00,20,11568
07/07/16,10:09:00,19,8701
07/07/16,10:10:00,20,87836
07/07/16,10:11:00,21,25562
07/07/16,10:12:00,22,21319
07/07/16,10:13:00,22,86341
07/07/16,10:14:00,22,29186
07/07/16,10:15:00,21,98335
07/07/16,10:16:00,20,67604
07/07/16,10:17:00,20,34803
07/07/16,10:18:00,20,68756
07/07/16,10:19:00,20,9468
07/07/16,10:20:00,21,22206
07/07/16,10:21:00,21,62941
07/07/16,10:22:00,20,97999
07/07/16,10:23:00,20,84204
07/07/16,10:24:00,20,57625
07/07/16,10:25:00,20,65034
07/07/16,10:26:00,20,84439
07/07/16,10:27:00,20,67269
07/07/16,10:28:00,19,83068
07/07/16,10:29:00,19,54862
07/07/16,10:30:00,19,25972
07/07/16,10:31:00,18,71987
07/07/16,10:32:00,18,89985
07/07/16,10:33:00,19,27735
07/07/16,10:34:00,19,44085
07/07/16,10:35:00,20,06155
07/07/16,10:36:00,20,26444
07/07/16,10:37:00,19,53215
07/07/16,10:38:00,20,51095
07/07/16,10:39:00,19,68324
07/07/16,10:40:00,19,68519
07/07/16,10:41:00,19,19007
07/07/16,10:42:00,18,46133
07/07/16,10:43:00,19,18973
07/07/16,10:44:00,19,06906
07/07/16,10:45:00,18,76292
07/07/16,10:46:00,18,35462
07/07/16,10:47:00,18,98778
07/07/16,10:48:00,19,85257
07/07/16,10:49:00,20,49505
07/07/16,10:50:00,19,72395
07/07/16,10:51:00,20,76407
07/07/16,10:52:00,22,63971
07/07/16,10:53:00,21,459
07/07/16,10:54:00,21,14621
07/07/16,10:55:00,19,95424
07/07/16,10:56:00,19,64474
07/07/16,10:57:00,19,49894
07/07/16,10:58:00,20,15076
07/07/16,10:59:00,20,10332
07/07/16,11:00:00,19,72271
07/07/16,11:01:00,19,73372
07/07/16,11:02:00,19,26228
07/07/16,11:03:00,19,81606
07/07/16,11:04:00,20,14206
07/07/16,11:05:00,20,03128
07/07/16,11:06:00,20,64213
07/07/16,11:07:00,20,77539
07/07/16,11:08:00,20,66778
07/07/16,11:09:00,19,73167
07/07/16,11:10:00,20,05355
07/07/16,11:11:00,20,15084
07/07/16,11:12:00,19,88325
07/07/16,11:13:00,18,86509
07/07/16,11:14:00,20,14843
07/07/16,11:15:00,19,85872
07/07/16,11:16:00,18,99479
07/07/16,11:17:00,18,07401
07/07/16,11:18:00,18,19587
07/07/16,11:19:00,18,73902
07/07/16,11:20:00,18,80726
07/07/16,11:21:00,18,65665
07/07/16,11:22:00,18,84123
07/07/16,11:23:00,19,18915
07/07/16,11:24:00,18,06143
07/07/16,11:25:00,19,11756
07/07/16,11:26:00,18,75227
07/07/16,11:27:00,18,89902
07/07/16,11:28:00,19,14779
07/07/16,11:29:00,18,82319
07/07/16,11:30:00,19,63425
07/07/16,11:31:00,19,45424
07/07/16,11:32:00,18,72519
07/07/16,11:33:00,19,4939
07/07/16,11:34:00,18,95272
07/07/16,11:35:00,18,81043
07/07/16,11:36:00,17,00895
07/07/16,11:37:00,17,07177
07/07/16,11:38:00,16,95479
07/07/16,11:39:00,16,98735
07/07/16,11:40:00,17,84677
07/07/16,11:41:00,18,01397
07/07/16,11:42:00,17,87422
07/07/16,11:43:00,17,2923
07/07/16,11:44:00,17,69686
07/07/16,11:45:00,18,19437
07/07/16,11:46:00,18,05418
07/07/16,11:47:00,17,47668
07/07/16,11:48:00,18,11214
07/07/16,11:49:00,18,6899
07/07/16,11:50:00,18,65762
07/07/16,11:51:00,18,67643
07/07/16,11:52:00,19,26866
07/07/16,11:53:00,19,16225
07/07/16,11:54:00,18,5223
07/07/16,11:55:00,18,45668
07/07/16,11:56:00,18,61971
07/07/16,11:57:00,18,04938
07/07/16,11:58:00,16,32983
07/07/16,11:59:00,16,95758
07/07/16,12:00:00,17,24181
07/07/16,12:01:00,16,64665
07/07/16,12:02:00,16,38489
07/07/16,12:03:00,16,13987
07/07/16,12:04:00,15,74236
07/07/16,12:05:00,15,86138
07/07/16,12:06:00,15,99409
07/07/16,12:07:00,16,85572
07/07/16,12:08:00,17,06976
07/07/16,12:09:00,16,70876
07/07/16,12:10:00,5,253
07/07/16,12:11:00,0
07/07/16,12:12:00,0
07/07/16,12:13:00,0
07/07/16,12:14:00,0
07/07/16,12:15:00,0
07/07/16,12:16:00,0
07/07/16,12:17:00,5,639315
07/07/16,12:18:00,14,2092
07/07/16,12:19:00,14,95867
07/07/16,12:20:00,16,45286
07/07/16,12:21:00,17,18761
07/07/16,12:22:00,17,09024
07/07/16,12:23:00,7,405802
07/07/16,12:24:00,0
07/07/16,12:25:00,0
07/07/16,12:26:00,0
07/07/16,12:27:00,0
07/07/16,12:28:00,0
07/07/16,12:29:00,0
07/07/16,12:30:00,0
07/07/16,12:31:00,0
07/07/16,12:32:00,0
07/07/16,12:33:00,0
07/07/16,12:34:00,0
07/07/16,12:35:00,0
07/07/16,12:36:00,0
07/07/16,12:37:00,0
07/07/16,12:38:00,0
07/07/16,12:39:00,0
07/07/16,12:40:00,0
07/07/16,12:41:00,0
07/07/16,12:42:00,0
07/07/16,12:43:00,0
07/07/16,12:44:00,0
07/07/16,12:45:00,0
07/07/16,12:46:00,0
07/07/16,12:47:00,0
07/07/16,12:48:00,0
07/07/16,12:49:00,0
07/07/16,12:50:00,0
07/07/16,12:51:00,0
07/07/16,12:52:00,0
07/07/16,12:53:00,3,154099
07/07/16,12:54:00,14,85467
07/07/16,12:55:00,16,19462
07/07/16,12:56:00,16,48851
07/07/16,12:57:00,17,63573
07/07/16,12:58:00,17,78883
07/07/16,12:59:00,17,60883
07/07/16,13:00:00,16,75641
07/07/16,13:01:00,16,91541
07/07/16,13:02:00,16,83192
07/07/16,13:03:00,17,75252
07/07/16,13:04:00,17,91672
07/07/16,13:05:00,17,14632
07/07/16,13:06:00,16,93469
07/07/16,13:07:00,17,77668
07/07/16,13:08:00,18,51764
07/07/16,13:09:00,17,48395
07/07/16,13:10:00,17,70954
07/07/16,13:11:00,17,39328
07/07/16,13:12:00,17,32136
07/07/16,13:13:00,17,11857
07/07/16,13:14:00,16,67578
07/07/16,13:15:00,16,70204
07/07/16,13:16:00,16,97037
07/07/16,13:17:00,17,50533
07/07/16,13:18:00,16,75691
07/07/16,13:19:00,16,05739
07/07/16,13:20:00,17,57288
07/07/16,13:21:00,16,93152
07/07/16,13:22:00,15,73197
07/07/16,13:23:00,16,4741
07/07/16,13:24:00,16,41511
07/07/16,13:25:00,16,85948
07/07/16,13:26:00,16,90006
07/07/16,13:27:00,16,99234
07/07/16,13:28:00,16,22846
07/07/16,13:29:00,15,68897
07/07/16,13:30:00,16,53347
07/07/16,13:31:00,17,18447
07/07/16,13:32:00,15,014
07/07/16,13:33:00,1,058293
07/07/16,13:34:00,0
07/07/16,13:35:00,0
07/07/16,13:36:00,0
07/07/16,13:37:00,0
07/07/16,13:38:00,0
07/07/16,13:39:00,0
07/07/16,13:40:00,0
07/07/16,13:41:00,0
07/07/16,13:42:00,0
07/07/16,13:43:00,0
07/07/16,13:44:00,0
07/07/16,13:45:00,0
07/07/16,13:46:00,0
07/07/16,13:47:00,0
07/07/16,13:48:00,0
07/07/16,13:49:00,0
07/07/16,13:50:00,0
07/07/16,13:51:00,0
07/07/16,13:52:00,0
07/07/16,13:53:00,0
07/07/16,13:54:00,0
07/07/16,13:55:00,0
07/07/16,13:56:00,0
07/07/16,13:57:00,0
07/07/16,13:58:00,0
07/07/16,13:59:00,0
07/07/16,14:00:00,0
07/07/16,14:01:00,0
07/07/16,14:02:00,0
07/07/16,14:03:00,0
07/07/16,14:04:00,0
07/07/16,14:05:00,0
07/07/16,14:06:00,0
07/07/16,14:07:00,0
07/07/16,14:08:00,0
07/07/16,14:09:00,10,6789
07/07/16,14:10:00,17,63042
07/07/16,14:11:00,17,86769
07/07/16,14:12:00,18,13603
07/07/16,14:13:00,18,40479
07/07/16,14:14:00,18,72894
07/07/16,14:15:00,18,48752
07/07/16,14:16:00,17,44219
07/07/16,14:17:00,17,46554
07/07/16,14:18:00,17,47436
07/07/16,14:19:00,17,16393
07/07/16,14:20:00,17,59544
07/07/16,14:21:00,16,54479
07/07/16,14:22:00,17,51483
07/07/16,14:23:00,17,64595
07/07/16,14:24:00,17,42809
07/07/16,14:25:00,19,23498
07/07/16,14:26:00,18,22463
07/07/16,14:27:00,18,27448
07/07/16,14:28:00,18,44249
07/07/16,14:29:00,18,11843
07/07/16,14:30:00,18,4411
07/07/16,14:31:00,16,88752
07/07/16,14:32:00,16,21193
07/07/16,14:33:00,16,33446
07/07/16,14:34:00,17,64216
07/07/16,14:35:00,17,54693
07/07/16,14:36:00,17,38203
07/07/16,14:37:00,17,43911
07/07/16,14:38:00,17,22005
07/07/16,14:39:00,17,12861
07/07/16,14:40:00,17,48345
07/07/16,14:41:00,18,42001
07/07/16,14:42:00,17,83978
07/07/16,14:43:00,17,58883
07/07/16,14:44:00,16,55359
07/07/16,14:45:00,16,6903
07/07/16,14:46:00,16,65577
07/07/16,14:47:00,16,24621
07/07/16,14:48:00,17,02457
07/07/16,14:49:00,17,81549
07/07/16,14:50:00,17,33899
07/07/16,14:51:00,18,17486
07/07/16,14:52:00,17,12374
07/07/16,14:53:00,16,54389
07/07/16,14:54:00,16,87803
07/07/16,14:55:00,15,95931
07/07/16,14:56:00,16,70838
07/07/16,14:57:00,16,01917
07/07/16,14:58:00,16,36202
07/07/16,14:59:00,18,22664
07/07/16,15:00:00,18,10571
07/07/16,15:01:00,18,08078
07/07/16,15:02:00,17,8775
07/07/16,15:03:00,18,99016
07/07/16,15:04:00,18,57009
07/07/16,15:05:00,18,14279
07/07/16,15:06:00,19,0286
07/07/16,15:07:00,18,56022
07/07/16,15:08:00,18,1411
07/07/16,15:09:00,17,70638
07/07/16,15:10:00,19,66831
07/07/16,15:11:00,19,73381
07/07/16,15:12:00,19,10975
07/07/16,15:13:00,19,03146
07/07/16,15:14:00,18,42407
07/07/16,15:15:00,17,922
07/07/16,15:16:00,18,43054
07/07/16,15:17:00,17,69726
07/07/16,15:18:00,17,48167
07/07/16,15:19:00,17,51346
07/07/16,15:20:00,18,15947
07/07/16,15:21:00,18,85554
07/07/16,15:22:00,18,79281
07/07/16,15:23:00,19,43159
07/07/16,15:24:00,19,15127
07/07/16,15:25:00,18,86355
07/07/16,15:26:00,18,18451
07/07/16,15:27:00,18,59204
07/07/16,15:28:00,17,38469
07/07/16,15:29:00,17,5448
07/07/16,15:30:00,18,23609
07/07/16,15:31:00,17,82965
07/07/16,15:32:00,17,63674
07/07/16,15:33:00,18,47303
07/07/16,15:34:00,17,85049
07/07/16,15:35:00,18,2402
07/07/16,15:36:00,17,71744
07/07/16,15:37:00,19,52246
07/07/16,15:38:00,20,42237
07/07/16,15:39:00,19,98015
07/07/16,15:40:00,19,8225
07/07/16,15:41:00,20,55495
07/07/16,15:42:00,20,26144
07/07/16,15:43:00,20,03866
07/07/16,15:44:00,20,26307
07/07/16,15:45:00,20,46222
07/07/16,15:46:00,20,36721
07/07/16,15:47:00,19,57384
07/07/16,15:48:00,20,00148
07/07/16,15:49:00,19,89575
07/07/16,15:50:00,20,92981
07/07/16,15:51:00,20,32014
07/07/16,15:52:00,19,82345
07/07/16,15:53:00,20,19444
07/07/16,15:54:00,19,46751
07/07/16,15:55:00,19,41398
07/07/16,15:56:00,19,92476
07/07/16,15:57:00,19,86561
07/07/16,15:58:00,20,20452
07/07/16,15:59:00,19,59688
07/07/16,16:00:00,19,31546
07/07/16,16:01:00,19,81687
07/07/16,16:02:00,19,87246
07/07/16,16:03:00,19,28928
07/07/16,16:04:00,19,54234
07/07/16,16:05:00,19,69498
07/07/16,16:06:00,20,7891
07/07/16,16:07:00,20,51383
07/07/16,16:08:00,18,9473
07/07/16,16:09:00,19,2216
07/07/16,16:10:00,19,97462
07/07/16,16:11:00,20,1981
07/07/16,16:12:00,19,92745
07/07/16,16:13:00,14,06399
07/07/16,16:14:00,0
07/07/16,16:15:00,0
07/07/16,16:16:00,0
07/07/16,16:17:00,0
07/07/16,16:18:00,0
07/07/16,16:19:00,0
07/07/16,16:20:00,3,559495
07/07/16,16:21:00,13,45037
07/07/16,16:22:00,15,00489
07/07/16,16:23:00,15,79796
07/07/16,16:24:00,16,80538
07/07/16,16:25:00,15,45481
07/07/16,16:26:00,15,23129
07/07/16,16:27:00,16,07802
07/07/16,16:28:00,16,13239
07/07/16,16:29:00,16,02572
07/07/16,16:30:00,17,1666
07/07/16,16:31:00,17,11357
07/07/16,16:32:00,16,93248
07/07/16,16:33:00,16,5607
07/07/16,16:34:00,17,02564
07/07/16,16:35:00,17,52539
07/07/16,16:36:00,18,57039
07/07/16,16:37:00,17,96025
07/07/16,16:38:00,17,80999
07/07/16,16:39:00,18,17461
07/07/16,16:40:00,18,32424
07/07/16,16:41:00,14,58439
07/07/16,16:42:00,19,08051
07/07/16,16:43:00,19,50385
07/07/16,16:44:00,18,7089
07/07/16,16:45:00,17,5834
07/07/16,16:46:00,17,46712
07/07/16,16:47:00,17,88484
07/07/16,16:48:00,18,5286
07/07/16,16:49:00,16,97503
07/07/16,16:50:00,18,01793
07/07/16,16:51:00,18,44469
07/07/16,16:52:00,18,66418
07/07/16,16:53:00,18,87669
07/07/16,16:54:00,17,70676
07/07/16,16:55:00,18,06136
07/07/16,16:56:00,17,96062
07/07/16,16:57:00,18,98805
07/07/16,16:58:00,19,53787
07/07/16,16:59:00,19,13892
07/07/16,17:00:00,19,53648
07/07/16,17:01:00,19,43597
07/07/16,17:02:00,19,36937
07/07/16,17:03:00,18,85433
07/07/16,17:04:00,18,56689
07/07/16,17:05:00,18,54837
07/07/16,17:06:00,18,48022
07/07/16,17:07:00,18,319
07/07/16,17:08:00,19,03688
07/07/16,17:09:00,19,32536
07/07/16,17:10:00,18,91474
07/07/16,17:11:00,18,74023
07/07/16,17:12:00,19,70541
07/07/16,17:13:00,19,67595
07/07/16,17:14:00,18,72214
07/07/16,17:15:00,18,69352
07/07/16,17:16:00,19,05526
07/07/16,17:17:00,18,25603
07/07/16,17:18:00,17,57265
07/07/16,17:19:00,18,07762
07/07/16,17:20:00,17,60728
07/07/16,17:21:00,17,70028
07/07/16,17:22:00,17,87128
07/07/16,17:23:00,17,82725
07/07/16,17:24:00,17,84121
07/07/16,17:25:00,17,52359
07/07/16,17:26:00,18,17562
07/07/16,17:27:00,18,81975
07/07/16,17:28:00,18,98726
07/07/16,17:29:00,18,96243
07/07/16,17:30:00,18,11914
07/07/16,17:31:00,18,4304
07/07/16,17:32:00,18,48598
07/07/16,17:33:00,18,79997
07/07/16,17:34:00,19,07179
07/07/16,17:35:00,18,32955
07/07/16,17:36:00,18,74243
07/07/16,17:37:00,18,82067
07/07/16,17:38:00,17,9644
07/07/16,17:39:00,17,96326
07/07/16,17:40:00,18,05747
07/07/16,17:41:00,18,98505
07/07/16,17:42:00,19,21666
07/07/16,17:43:00,19,13853
07/07/16,17:44:00,19,19527
07/07/16,17:45:00,19,1549
07/07/16,17:46:00,18,33875
07/07/16,17:47:00,19,10837
07/07/16,17:48:00,19,1908
07/07/16,17:49:00,19,63813
07/07/16,17:50:00,19,61271
07/07/16,17:51:00,18,4524
07/07/16,17:52:00,18,98242
07/07/16,17:53:00,19,4325
07/07/16,17:54:00,18,3793
07/07/16,17:55:00,17,815
07/07/16,17:56:00,18,41323
07/07/16,17:57:00,18,51881
07/07/16,17:58:00,18,7716
07/07/16,17:59:00,18,19024
07/07/16,18:00:00,18,06194
07/07/16,18:01:00,17,94234
07/07/16,18:02:00,18,17415
07/07/16,18:03:00,18,91998
07/07/16,18:04:00,18,22841
07/07/16,18:05:00,17,91939
07/07/16,18:06:00,17,63021
07/07/16,18:07:00,18,08075
07/07/16,18:08:00,18,53772
07/07/16,18:09:00,17,83497
07/07/16,18:10:00,19,15298
07/07/16,18:11:00,19,10693
07/07/16,18:12:00,18,72374
07/07/16,18:13:00,18,97128
07/07/16,18:14:00,19,26415
07/07/16,18:15:00,18,14493
07/07/16,18:16:00,18,24878
07/07/16,18:17:00,18,60314
07/07/16,18:18:00,18,92286
07/07/16,18:19:00,18,65823
07/07/16,18:20:00,19,32261
07/07/16,18:21:00,18,60659
07/07/16,18:22:00,17,85355
07/07/16,18:23:00,18,85031
07/07/16,18:24:00,19,24156
07/07/16,18:25:00,18,58245
07/07/16,18:26:00,18,67854
07/07/16,18:27:00,19,27266
07/07/16,18:28:00,18,29738
07/07/16,18:29:00,18,27865
07/07/16,18:30:00,18,38339
07/07/16,18:31:00,17,75894
07/07/16,18:32:00,17,63842
07/07/16,18:33:00,17,26363
07/07/16,18:34:00,18,88297
07/07/16,18:35:00,18,8867
07/07/16,18:36:00,18,72565
07/07/16,18:37:00,18,0757
07/07/16,18:38:00,17,93244
07/07/16,18:39:00,17,65638
07/07/16,18:40:00,18,19398
07/07/16,18:41:00,18,22716
07/07/16,18:42:00,17,66609
07/07/16,18:43:00,17,64844
07/07/16,18:44:00,18,01433
07/07/16,18:45:00,18,15361
07/07/16,18:46:00,18,86685
07/07/16,18:47:00,18,93586
07/07/16,18:48:00,18,95957
07/07/16,18:49:00,19,26158
07/07/16,18:50:00,17,42843
07/07/16,18:51:00,18,54119
07/07/16,18:52:00,18,66218
07/07/16,18:53:00,17,89326
07/07/16,18:54:00,17,85458
07/07/16,18:55:00,17,17188
07/07/16,18:56:00,18,76106
07/07/16,18:57:00,19,14749
07/07/16,18:58:00,19,69319
07/07/16,18:59:00,19,54318
07/07/16,19:00:00,18,4353
07/07/16,19:01:00,17,98409
07/07/16,19:02:00,18,25769
07/07/16,19:03:00,17,80084
07/07/16,19:04:00,17,52469
07/07/16,19:05:00,18,31001
07/07/16,19:06:00,19,25161
07/07/16,19:07:00,18,53053
07/07/16,19:08:00,18,03843
07/07/16,19:09:00,18,95145
07/07/16,19:10:00,18,40412
07/07/16,19:11:00,17,95247
07/07/16,19:12:00,18,15461
07/07/16,19:13:00,18,10233
07/07/16,19:14:00,18,41584
07/07/16,19:15:00,18,23739
07/07/16,19:16:00,18,00226
07/07/16,19:17:00,18,16506
07/07/16,19:18:00,18,44415
07/07/16,19:19:00,17,46897
07/07/16,19:20:00,19,05037
07/07/16,19:21:00,19,91755
07/07/16,19:22:00,19,30757
07/07/16,19:23:00,18,73979
07/07/16,19:24:00,18,06163
07/07/16,19:25:00,18,82398
07/07/16,19:26:00,18,41084
07/07/16,19:27:00,18,65136
07/07/16,19:28:00,18,97623
07/07/16,19:29:00,18,049
07/07/16,19:30:00,18,41487
07/07/16,19:31:00,18,23876
07/07/16,19:32:00,18,38712
07/07/16,19:33:00,19,22291
07/07/16,19:34:00,19,12652
07/07/16,19:35:00,18,90502
07/07/16,19:36:00,18,92241
07/07/16,19:37:00,18,85137
07/07/16,19:38:00,18,77332
07/07/16,19:39:00,18,95549
07/07/16,19:40:00,18,9699
07/07/16,19:41:00,18,99768
07/07/16,19:42:00,18,96507
07/07/16,19:43:00,19,17471
07/07/16,19:44:00,18,86799
07/07/16,19:45:00,18,3961
07/07/16,19:46:00,18,48296
07/07/16,19:47:00,17,39393
07/07/16,19:48:00,16,70956
07/07/16,19:49:00,17,69181
07/07/16,19:50:00,18,11667
07/07/16,19:51:00,18,04507
07/07/16,19:52:00,18,00485
07/07/16,19:53:00,17,61551
07/07/16,19:54:00,17,41752
07/07/16,19:55:00,17,02709
07/07/16,19:56:00,19,00078
07/07/16,19:57:00,18,91989
07/07/16,19:58:00,18,38601
07/07/16,19:59:00,18,05648
07/07/16,20:00:00,18,21219
07/07/16,20:01:00,19,7429
07/07/16,20:02:00,19,8455
07/07/16,20:03:00,17,60894
07/07/16,20:04:00,17,00491
07/07/16,20:05:00,17,84865
07/07/16,20:06:00,19,55812
07/07/16,20:07:00,19,49978
07/07/16,20:08:00,19,17159
07/07/16,20:09:00,16,72269
07/07/16,20:10:00,3,589073
07/07/16,20:11:00,1,369423
07/07/16,20:12:00,2,500471
07/07/16,20:13:00,0
07/07/16,20:14:00,0
07/07/16,20:15:00,0
07/07/16,20:16:00,0
07/07/16,20:17:00,0
07/07/16,20:18:00,0
07/07/16,20:19:00,0
07/07/16,20:20:00,0
07/07/16,20:21:00,0
07/07/16,20:22:00,0
07/07/16,20:23:00,0
07/07/16,20:24:00,0
07/07/16,20:25:00,0
07/07/16,20:26:00,0
07/07/16,20:27:00,0
07/07/16,20:28:00,0
07/07/16,20:29:00,0
07/07/16,20:30:00,0
07/07/16,20:31:00,0
07/07/16,20:32:00,0
07/07/16,20:33:00,0
07/07/16,20:34:00,0
07/07/16,20:35:00,0
07/07/16,20:36:00,0
07/07/16,20:37:00,0
07/07/16,20:38:00,0
07/07/16,20:39:00,0
07/07/16,20:40:00,0
07/07/16,20:41:00,0
07/07/16,20:42:00,0
07/07/16,20:43:00,0
07/07/16,20:44:00,0
07/07/16,20:45:00,0
07/07/16,20:46:00,0
07/07/16,20:47:00,0
07/07/16,20:48:00,0
07/07/16,20:49:00,0
07/07/16,20:50:00,0
07/07/16,20:51:00,0
07/07/16,20:52:00,0
07/07/16,20:53:00,0
07/07/16,20:54:00,0
07/07/16,20:55:00,0
07/07/16,20:56:00,0
07/07/16,20:57:00,0
07/07/16,20:58:00,0
07/07/16,20:59:00,0
07/07/16,21:00:00,0
07/07/16,21:01:00,0
07/07/16,21:02:00,0
07/07/16,21:03:00,0
07/07/16,21:04:00,0
07/07/16,21:05:00,0
07/07/16,21:06:00,0
07/07/16,21:07:00,0
07/07/16,21:08:00,0
07/07/16,21:09:00,0
07/07/16,21:10:00,0
07/07/16,21:11:00,0
07/07/16,21:12:00,0
07/07/16,21:13:00,0
07/07/16,21:14:00,0
07/07/16,21:15:00,0
07/07/16,21:16:00,0
07/07/16,21:17:00,0
07/07/16,21:18:00,0
07/07/16,21:19:00,0
07/07/16,21:20:00,0
07/07/16,21:21:00,0
07/07/16,21:22:00,0
07/07/16,21:23:00,0
07/07/16,21:24:00,0
07/07/16,21:25:00,0
07/07/16,21:26:00,0
07/07/16,21:27:00,0
07/07/16,21:28:00,0
07/07/16,21:29:00,0
07/07/16,21:30:00,0
07/07/16,21:31:00,0
07/07/16,21:32:00,0
07/07/16,21:33:00,0
07/07/16,21:34:00,0
07/07/16,21:35:00,0
07/07/16,21:36:00,0
07/07/16,21:37:00,0
07/07/16,21:38:00,0
07/07/16,21:39:00,0
07/07/16,21:40:00,0
07/07/16,21:41:00,0
07/07/16,21:42:00,0
07/07/16,21:43:00,0
07/07/16,21:44:00,0
07/07/16,21:45:00,0
07/07/16,21:46:00,0
07/07/16,21:47:00,0
07/07/16,21:48:00,0
07/07/16,21:49:00,0
07/07/16,21:50:00,0
07/07/16,21:51:00,0
07/07/16,21:52:00,0
07/07/16,21:53:00,0
07/07/16,21:54:00,0
07/07/16,21:55:00,0
07/07/16,21:56:00,0
07/07/16,21:57:00,0
07/07/16,21:58:00,0
07/07/16,21:59:00,0
07/07/16,22:00:00,0
07/07/16,22:01:00,0
07/07/16,22:02:00,0
07/07/16,22:03:00,0
07/07/16,22:04:00,0
07/07/16,22:05:00,0
07/07/16,22:06:00,0
07/07/16,22:07:00,0
07/07/16,22:08:00,0
07/07/16,22:09:00,0
07/07/16,22:10:00,0
07/07/16,22:11:00,0
07/07/16,22:12:00,0
07/07/16,22:13:00,0
07/07/16,22:14:00,0
07/07/16,22:15:00,0
07/07/16,22:16:00,0
07/07/16,22:17:00,0
07/07/16,22:18:00,0,3466964
07/07/16,22:19:00,0,7862964
07/07/16,22:20:00,1,416373
07/07/16,22:21:00,1,952672
07/07/16,22:22:00,2,576238
07/07/16,22:23:00,3,155803
07/07/16,22:24:00,3,751628
07/07/16,22:25:00,4,215657
07/07/16,22:26:00,4,689698
07/07/16,22:27:00,5,221528
07/07/16,22:28:00,5,56341
07/07/16,22:29:00,6,094766
07/07/16,22:30:00,6,544254
07/07/16,22:31:00,6,845154
07/07/16,22:32:00,7,231033
07/07/16,22:33:00,7,590114
07/07/16,22:34:00,7,774582
07/07/16,22:35:00,8,060182
07/07/16,22:36:00,8,620217
07/07/16,22:37:00,8,699813
07/07/16,22:38:00,8,975043
07/07/16,22:39:00,9,049731
07/07/16,22:40:00,9,342622
07/07/16,22:41:00,9,484586
07/07/16,22:42:00,9,845846
07/07/16,22:43:00,10,0946
07/07/16,22:44:00,10,23534
07/07/16,22:45:00,10,46914
07/07/16,22:46:00,10,77008
07/07/16,22:47:00,10,89837
07/07/16,22:48:00,11,21826
07/07/16,22:49:00,11,63528
07/07/16,22:50:00,11,73464
07/07/16,22:51:00,12,14184
07/07/16,22:52:00,12,44553
07/07/16,22:53:00,12,59117
07/07/16,22:54:00,12,73433
07/07/16,22:55:00,13,03028
07/07/16,22:56:00,7,010385
07/07/16,22:57:00,0,4227921
07/07/16,22:58:00,0
07/07/16,22:59:00,0
07/07/16,23:00:00,0
07/07/16,23:01:00,0
07/07/16,23:02:00,0
07/07/16,23:03:00,0
07/07/16,23:04:00,0
07/07/16,23:05:00,0
07/07/16,23:06:00,0
07/07/16,23:07:00,0
07/07/16,23:08:00,0
07/07/16,23:09:00,0
07/07/16,23:10:00,0
07/07/16,23:11:00,0
07/07/16,23:12:00,0,8203586
07/07/16,23:13:00,0,1547932
07/07/16,23:14:00,0,8999013
07/07/16,23:15:00,1,563261
07/07/16,23:16:00,4,851568
07/07/16,23:17:00,11,17787
07/07/16,23:18:00,15,2479
07/07/16,23:19:00,17,39534
07/07/16,23:20:00,19,37145
07/07/16,23:21:00,22,09028
07/07/16,23:22:00,24,83223
07/07/16,23:23:00,28,7627
07/07/16,23:24:00,30
07/07/16,23:25:00,30
07/07/16,23:26:00,30
07/07/16,23:27:00,30
07/07/16,23:28:00,30
07/07/16,23:29:00,30
07/07/16,23:30:00,30
07/07/16,23:31:00,30
07/07/16,23:32:00,30
07/07/16,23:33:00,30
07/07/16,23:34:00,30
07/07/16,23:35:00,30
07/07/16,23:36:00,30
07/07/16,23:37:00,30
07/07/16,23:38:00,30
07/07/16,23:39:00,30
07/07/16,23:40:00,30
07/07/16,23:41:00,30
07/07/16,23:42:00,30
07/07/16,23:43:00,30
07/07/16,23:44:00,30
07/07/16,23:45:00,30
07/07/16,23:46:00,30
07/07/16,23:47:00,30
07/07/16,23:48:00,30
07/07/16,23:49:00,30
07/07/16,23:50:00,30
07/07/16,23:51:00,30
07/07/16,23:52:00,30
07/07/16,23:53:00,30
07/07/16,23:54:00,30
07/07/16,23:55:00,30
07/07/16,23:56:00,30
07/07/16,23:57:00,30
07/07/16,23:58:00,30
07/07/16,23:59:00,30
07/08/16,00:00:00,30
07/08/16,00:01:00,30
07/08/16,00:02:00,30
07/08/16,00:03:00,30
07/08/16,00:04:00,30
07/08/16,00:05:00,30
07/08/16,00:06:00,30
07/08/16,00:07:00,30
07/08/16,00:08:00,30
07/08/16,00:09:00,30
07/08/16,00:10:00,30
07/08/16,00:11:00,30
07/08/16,00:12:00,30
07/08/16,00:13:00,30
07/08/16,00:14:00,30
07/08/16,00:15:00,30
07/08/16,00:16:00,30
07/08/16,00:17:00,30
07/08/16,00:18:00,30
07/08/16,00:19:00,30
07/08/16,00:20:00,30
07/08/16,00:21:00,30
07/08/16,00:22:00,30
07/08/16,00:23:00,30
07/08/16,00:24:00,30
07/08/16,00:25:00,30
07/08/16,00:26:00,30
07/08/16,00:27:00,30
07/08/16,00:28:00,30
07/08/16,00:29:00,30
07/08/16,00:30:00,30
07/08/16,00:31:00,30
07/08/16,00:32:00,30
07/08/16,00:33:00,30
07/08/16,00:34:00,30
07/08/16,00:35:00,30
07/08/16,00:36:00,30
07/08/16,00:37:00,30
07/08/16,00:38:00,30
07/08/16,00:39:00,30
07/08/16,00:40:00,30
07/08/16,00:41:00,30
07/08/16,00:42:00,30
07/08/16,00:43:00,30
07/08/16,00:44:00,30
07/08/16,00:45:00,30
07/08/16,00:46:00,30
07/08/16,00:47:00,30
07/08/16,00:48:00,30
07/08/16,00:49:00,30
07/08/16,00:50:00,30
07/08/16,00:51:00,30
07/08/16,00:52:00,30
07/08/16,00:53:00,30
07/08/16,00:54:00,30
07/08/16,00:55:00,30
07/08/16,00:56:00,30
07/08/16,00:57:00,30
07/08/16,00:58:00,30
07/08/16,00:59:00,30
07/08/16,01:00:00,30
07/08/16,01:01:00,30
07/08/16,01:02:00,30
07/08/16,01:03:00,30
07/08/16,01:04:00,30
07/08/16,01:05:00,30
07/08/16,01:06:00,30
07/08/16,01:07:00,30
07/08/16,01:08:00,30
07/08/16,01:09:00,30
07/08/16,01:10:00,30
07/08/16,01:11:00,30
07/08/16,01:12:00,30
07/08/16,01:13:00,30
07/08/16,01:14:00,30
07/08/16,01:15:00,30
07/08/16,01:16:00,30
07/08/16,01:17:00,30
07/08/16,01:18:00,30
07/08/16,01:19:00,30
07/08/16,01:20:00,30
07/08/16,01:21:00,30
07/08/16,01:22:00,30
07/08/16,01:23:00,30
07/08/16,01:24:00,30
07/08/16,01:25:00,30
07/08/16,01:26:00,30
07/08/16,01:27:00,30
07/08/16,01:28:00,30
07/08/16,01:29:00,30
07/08/16,01:30:00,30
07/08/16,01:31:00,30
07/08/16,01:32:00,30
07/08/16,01:33:00,30
07/08/16,01:34:00,30
07/08/16,01:35:00,30
07/08/16,01:36:00,30
07/08/16,01:37:00,30
07/08/16,01:38:00,30
07/08/16,01:39:00,30
07/08/16,01:40:00,30
07/08/16,01:41:00,30
07/08/16,01:42:00,30
07/08/16,01:43:00,30
07/08/16,01:44:00,30
07/08/16,01:45:00,30
07/08/16,01:46:00,30
07/08/16,01:47:00,30
07/08/16,01:48:00,30
07/08/16,01:49:00,30
07/08/16,01:50:00,30
07/08/16,01:51:00,30
07/08/16,01:52:00,30
07/08/16,01:53:00,30
07/08/16,01:54:00,30
07/08/16,01:55:00,30
07/08/16,01:56:00,30
07/08/16,01:57:00,30
07/08/16,01:58:00,30
07/08/16,01:59:00,30
07/08/16,02:00:00,30
07/08/16,02:01:00,30
07/08/16,02:02:00,30
07/08/16,02:03:00,30
07/08/16,02:04:00,30
07/08/16,02:05:00,30
07/08/16,02:06:00,30
07/08/16,02:07:00,30
07/08/16,02:08:00,30
07/08/16,02:09:00,30
07/08/16,02:10:00,30
07/08/16,02:11:00,30
07/08/16,02:12:00,30
07/08/16,02:13:00,30
07/08/16,02:14:00,30
07/08/16,02:15:00,30
07/08/16,02:16:00,30
07/08/16,02:17:00,30
07/08/16,02:18:00,30
07/08/16,02:19:00,30
07/08/16,02:20:00,30
07/08/16,02:21:00,30
07/08/16,02:22:00,30
07/08/16,02:23:00,30
07/08/16,02:24:00,30
07/08/16,02:25:00,30
07/08/16,02:26:00,30
07/08/16,02:27:00,30
07/08/16,02:28:00,30
07/08/16,02:29:00,30
07/08/16,02:30:00,30
07/08/16,02:31:00,30
07/08/16,02:32:00,30
07/08/16,02:33:00,30
07/08/16,02:34:00,30
07/08/16,02:35:00,30
07/08/16,02:36:00,30
07/08/16,02:37:00,30
07/08/16,02:38:00,30
07/08/16,02:39:00,30
07/08/16,02:40:00,30
07/08/16,02:41:00,30
07/08/16,02:42:00,30
07/08/16,02:43:00,30
07/08/16,02:44:00,30
07/08/16,02:45:00,30
07/08/16,02:46:00,30
07/08/16,02:47:00,30
07/08/16,02:48:00,30
07/08/16,02:49:00,30
07/08/16,02:50:00,30
07/08/16,02:51:00,30
07/08/16,02:52:00,30
07/08/16,02:53:00,30
07/08/16,02:54:00,30
07/08/16,02:55:00,30
07/08/16,02:56:00,30
07/08/16,02:57:00,30
07/08/16,02:58:00,30
07/08/16,02:59:00,30
07/08/16,03:00:00,30
07/08/16,03:01:00,30
07/08/16,03:02:00,30
07/08/16,03:03:00,30
07/08/16,03:04:00,30
07/08/16,03:05:00,30
07/08/16,03:06:00,30
07/08/16,03:07:00,30
07/08/16,03:08:00,30
07/08/16,03:09:00,30
07/08/16,03:10:00,30
07/08/16,03:11:00,30
07/08/16,03:12:00,30
07/08/16,03:13:00,30
07/08/16,03:14:00,30
07/08/16,03:15:00,30
07/08/16,03:16:00,30
07/08/16,03:17:00,30
07/08/16,03:18:00,30
07/08/16,03:19:00,30
07/08/16,03:20:00,30
07/08/16,03:21:00,30
07/08/16,03:22:00,30
07/08/16,03:23:00,30
07/08/16,03:24:00,30
07/08/16,03:25:00,30
07/08/16,03:26:00,30
07/08/16,03:27:00,30
07/08/16,03:28:00,30
07/08/16,03:29:00,30
07/08/16,03:30:00,30
07/08/16,03:31:00,30
07/08/16,03:32:00,30
07/08/16,03:33:00,30
07/08/16,03:34:00,30
07/08/16,03:35:00,30
07/08/16,03:36:00,30
07/08/16,03:37:00,30
07/08/16,03:38:00,30
07/08/16,03:39:00,30
07/08/16,03:40:00,30
07/08/16,03:41:00,30
07/08/16,03:42:00,30
07/08/16,03:43:00,30
07/08/16,03:44:00,30
07/08/16,03:45:00,30
07/08/16,03:46:00,30
07/08/16,03:47:00,30
07/08/16,03:48:00,30
07/08/16,03:49:00,30
07/08/16,03:50:00,30
07/08/16,03:51:00,30
07/08/16,03:52:00,30
07/08/16,03:53:00,30
07/08/16,03:54:00,30
07/08/16,03:55:00,30
07/08/16,03:56:00,30
07/08/16,03:57:00,30
07/08/16,03:58:00,30
07/08/16,03:59:00,30
07/08/16,04:00:00,30
07/08/16,04:01:00,30
07/08/16,04:02:00,30
07/08/16,04:03:00,30
07/08/16,04:04:00,30
07/08/16,04:05:00,30
07/08/16,04:06:00,30
07/08/16,04:07:00,30
07/08/16,04:08:00,30
07/08/16,04:09:00,30
07/08/16,04:10:00,30
07/08/16,04:11:00,30
07/08/16,04:12:00,30
07/08/16,04:13:00,30
07/08/16,04:14:00,30
07/08/16,04:15:00,30
07/08/16,04:16:00,30
07/08/16,04:17:00,30
07/08/16,04:18:00,30
07/08/16,04:19:00,30
07/08/16,04:20:00,30
07/08/16,04:21:00,30
07/08/16,04:22:00,30
07/08/16,04:23:00,30
07/08/16,04:24:00,30
07/08/16,04:25:00,30
07/08/16,04:26:00,30
07/08/16,04:27:00,30
07/08/16,04:28:00,30
07/08/16,04:29:00,30
07/08/16,04:30:00,30
07/08/16,04:31:00,30
07/08/16,04:32:00,30
07/08/16,04:33:00,30
07/08/16,04:34:00,30
07/08/16,04:35:00,30
07/08/16,04:36:00,30
07/08/16,04:37:00,30
07/08/16,04:38:00,30
07/08/16,04:39:00,30
07/08/16,04:40:00,30
07/08/16,04:41:00,30
07/08/16,04:42:00,30
07/08/16,04:43:00,30
07/08/16,04:44:00,30
07/08/16,04:45:00,30
07/08/16,04:46:00,30
07/08/16,04:47:00,30
07/08/16,04:48:00,30
07/08/16,04:49:00,30
07/08/16,04:50:00,30
07/08/16,04:51:00,30
07/08/16,04:52:00,30
07/08/16,04:53:00,30
07/08/16,04:54:00,30
07/08/16,04:55:00,30
07/08/16,04:56:00,29,88953
07/08/16,04:57:00,29,98382
07/08/16,04:58:00,30
07/08/16,04:59:00,29,9642
07/08/16,05:00:00,30
07/08/16,05:01:00,29,93625
07/08/16,05:02:00,29,85652
07/08/16,05:03:00,29,93326
07/08/16,05:04:00,30
07/08/16,05:05:00,29,7884
07/08/16,05:06:00,29,69072
07/08/16,05:07:00,29,65299
07/08/16,05:08:00,29,47035
07/08/16,05:09:00,29,56475
07/08/16,05:10:00,29,51354
07/08/16,05:11:00,29,45278
07/08/16,05:12:00,29,29163
07/08/16,05:13:00,29,46285
07/08/16,05:14:00,29,36344
07/08/16,05:15:00,29,32799
07/08/16,05:16:00,29,22964
07/08/16,05:17:00,29,32608
07/08/16,05:18:00,29,20532
07/08/16,05:19:00,28,97865
07/08/16,05:20:00,29,12645
07/08/16,05:21:00,28,98415
07/08/16,05:22:00,28,86136
07/08/16,05:23:00,28,89123
07/08/16,05:24:00,28,68336
07/08/16,05:25:00,28,75196
07/08/16,05:26:00,28,65265
07/08/16,05:27:00,28,70717
07/08/16,05:28:00,28,50963
07/08/16,05:29:00,28,43217
07/08/16,05:30:00,28,48503
07/08/16,05:31:00,28,46042
07/08/16,05:32:00,28,44049
07/08/16,05:33:00,28,3213
07/08/16,05:34:00,28,29443
07/08/16,05:35:00,28,17771
07/08/16,05:36:00,28,30392
07/08/16,05:37:00,28,13481
07/08/16,05:38:00,27,97214
07/08/16,05:39:00,28,10442
07/08/16,05:40:00,28,02431
07/08/16,05:41:00,27,88885
07/08/16,05:42:00,27,73949
07/08/16,05:43:00,27,81226
07/08/16,05:44:00,27,70423
07/08/16,05:45:00,27,73409
07/08/16,05:46:00,27,76257
07/08/16,05:47:00,27,59138
07/08/16,05:48:00,27,52854
07/08/16,05:49:00,27,58055
07/08/16,05:50:00,27,50693
07/08/16,05:51:00,27,47357
07/08/16,05:52:00,27,53931
07/08/16,05:53:00,27,31678
07/08/16,05:54:00,27,22838
07/08/16,05:55:00,27,14757
07/08/16,05:56:00,27,18255
07/08/16,05:57:00,27,17898
07/08/16,05:58:00,27,12012
07/08/16,05:59:00,27,06052
07/08/16,06:00:00,27,05247
07/08/16,06:01:00,26,98303
07/08/16,06:02:00,26,96442
07/08/16,06:03:00,26,90988
07/08/16,06:04:00,26,86586
07/08/16,06:05:00,26,93384
07/08/16,06:06:00,26,78235
07/08/16,06:07:00,26,82805
07/08/16,06:08:00,26,69761
07/08/16,06:09:00,26,7334
07/08/16,06:10:00,26,42762
07/08/16,06:11:00,26,66853
07/08/16,06:12:00,26,45918
07/08/16,06:13:00,26,48164
07/08/16,06:14:00,26,41816
07/08/16,06:15:00,26,45543
07/08/16,06:16:00,26,38228
07/08/16,06:17:00,26,27273
07/08/16,06:18:00,26,46794
07/08/16,06:19:00,26,45605
07/08/16,06:20:00,26,23424
07/08/16,06:21:00,26,24395
07/08/16,06:22:00,26,22581
07/08/16,06:23:00,26,14333
07/08/16,06:24:00,26,21739
07/08/16,06:25:00,26,23336
07/08/16,06:26:00,26,10725
07/08/16,06:27:00,25,91825
07/08/16,06:28:00,25,86815
07/08/16,06:29:00,25,82573
07/08/16,06:30:00,25,79879
07/08/16,06:31:00,25,97738
07/08/16,06:32:00,25,84807
07/08/16,06:33:00,25,77451
07/08/16,06:34:00,25,6945
07/08/16,06:35:00,25,63136
07/08/16,06:36:00,25,64724
07/08/16,06:37:00,25,50541
07/08/16,06:38:00,25,48321
07/08/16,06:39:00,25,42388
07/08/16,06:40:00,25,33586
07/08/16,06:41:00,25,3206
07/08/16,06:42:00,25,36015
07/08/16,06:43:00,25,22212
07/08/16,06:44:00,25,37707
07/08/16,06:45:00,25,13164
07/08/16,06:46:00,25,26619
07/08/16,06:47:00,25,35446
07/08/16,06:48:00,25,21778
07/08/16,06:49:00,25,14413
07/08/16,06:50:00,25,08598
07/08/16,06:51:00,25,03885
07/08/16,06:52:00,25,12693
07/08/16,06:53:00,24,9537
07/08/16,06:54:00,24,87323
07/08/16,06:55:00,24,85184
07/08/16,06:56:00,24,93304
07/08/16,06:57:00,24,66522
07/08/16,06:58:00,24,70616
07/08/16,06:59:00,24,78029
07/08/16,07:00:00,24,68764
07/08/16,07:01:00,24,64559
07/08/16,07:02:00,24,54304
07/08/16,07:03:00,24,45769
07/08/16,07:04:00,24,56993
07/08/16,07:05:00,24,45411
07/08/16,07:06:00,24,445
07/08/16,07:07:00,24,40425
07/08/16,07:08:00,24,37365
07/08/16,07:09:00,24,21649
07/08/16,07:10:00,24,29714
07/08/16,07:11:00,24,29729
07/08/16,07:12:00,24,19982
07/08/16,07:13:00,24,06107
07/08/16,07:14:00,24,04435
07/08/16,07:15:00,24,00703
07/08/16,07:16:00,23,97128
07/08/16,07:17:00,23,94995
07/08/16,07:18:00,23,78114
07/08/16,07:19:00,23,84211
07/08/16,07:20:00,23,71299
07/08/16,07:21:00,23,7769
07/08/16,07:22:00,23,75154
07/08/16,07:23:00,23,72636
07/08/16,07:24:00,23,68098
07/08/16,07:25:00,23,58252
07/08/16,07:26:00,23,64431
07/08/16,07:27:00,23,52509
07/08/16,07:28:00,23,56102
07/08/16,07:29:00,23,5275
07/08/16,07:30:00,23,48939
07/08/16,07:31:00,23,36736
07/08/16,07:32:00,23,30849
07/08/16,07:33:00,23,39469
07/08/16,07:34:00,23,26779
07/08/16,07:35:00,23,14193
07/08/16,07:36:00,23,16888
07/08/16,07:37:00,23,05201
07/08/16,07:38:00,22,95897
07/08/16,07:39:00,22,91175
07/08/16,07:40:00,23,00424
07/08/16,07:41:00,22,89266
07/08/16,07:42:00,22,84005
07/08/16,07:43:00,22,76686
07/08/16,07:44:00,22,95433
07/08/16,07:45:00,22,83291
07/08/16,07:46:00,22,82014
07/08/16,07:47:00,22,81373
07/08/16,07:48:00,22,81789
07/08/16,07:49:00,22,76866
07/08/16,07:50:00,22,6374
07/08/16,07:51:00,22,4991
07/08/16,07:52:00,22,66397
07/08/16,07:53:00,22,66643
07/08/16,07:54:00,22,48765
07/08/16,07:55:00,22,46622
07/08/16,07:56:00,22,37381
07/08/16,07:57:00,22,32638
07/08/16,07:58:00,22,36487
07/08/16,07:59:00,22,28536
07/08/16,08:00:00,22,18738
07/08/16,08:01:00,22,24554
07/08/16,08:02:00,22,27217
07/08/16,08:03:00,22,23907
07/08/16,08:04:00,22,08309
07/08/16,08:05:00,21,98625
07/08/16,08:06:00,21,97997
07/08/16,08:07:00,21,9598
07/08/16,08:08:00,22,04053
07/08/16,08:09:00,22,08257
07/08/16,08:10:00,21,84854
07/08/16,08:11:00,21,87268
07/08/16,08:12:00,21,73626
07/08/16,08:13:00,21,70954
07/08/16,08:14:00,21,73106
07/08/16,08:15:00,21,62702
07/08/16,08:16:00,21,60095
07/08/16,08:17:00,21,60487
07/08/16,08:18:00,21,46951
07/08/16,08:19:00,21,31863
07/08/16,08:20:00,21,37296
07/08/16,08:21:00,21,57822
07/08/16,08:22:00,21,35049
07/08/16,08:23:00,21,34061
07/08/16,08:24:00,21,30917
07/08/16,08:25:00,21,28352
07/08/16,08:26:00,21,24301
07/08/16,08:27:00,21,19982
07/08/16,08:28:00,21,08177
07/08/16,08:29:00,20,98628
07/08/16,08:30:00,21,07031
07/08/16,08:31:00,21,18101
07/08/16,08:32:00,20,96566
07/08/16,08:33:00,20,94848
07/08/16,08:34:00,21,10774
07/08/16,08:35:00,20,90245
07/08/16,08:36:00,20,81733
07/08/16,08:37:00,20,79539
07/08/16,08:38:00,20,827
07/08/16,08:39:00,20,76365
07/08/16,08:40:00,20,70313
07/08/16,08:41:00,20,64674
07/08/16,08:42:00,20,60465
07/08/16,08:43:00,20,58655
07/08/16,08:44:00,20,49752
07/08/16,08:45:00,20,44233
07/08/16,08:46:00,20,39563
07/08/16,08:47:00,20,35703
07/08/16,08:48:00,20,3619
07/08/16,08:49:00,20,19833
07/08/16,08:50:00,20,29593
07/08/16,08:51:00,20,23399
07/08/16,08:52:00,20,21969
07/08/16,08:53:00,20,28469
07/08/16,08:54:00,20,14372
07/08/16,08:55:00,20,05764
07/08/16,08:56:00,20,03708
07/08/16,08:57:00,20,06087
07/08/16,08:58:00,19,9294
07/08/16,08:59:00,19,98427
07/08/16,09:00:00,19,89543
07/08/16,09:01:00,19,82299
07/08/16,09:02:00,19,7846
07/08/16,09:03:00,19,72013
07/08/16,09:04:00,
07/08/16,09:05:00,
07/08/16,09:06:00,
07/08/16,09:07:00,
07/08/16,09:08:00,
07/08/16,09:09:00,
07/08/16,09:10:00,
07/08/16,09:11:00,
07/08/16,09:12:00,
07/08/16,09:13:00,
07/08/16,09:14:00,
07/08/16,09:15:00,
07/08/16,09:16:00,
07/08/16,09:17:00,
07/08/16,09:18:00,
07/08/16,09:19:00,
07/08/16,09:20:00,
07/08/16,09:21:00,
07/08/16,09:22:00,
07/08/16,09:23:00,
07/08/16,09:24:00,
07/08/16,09:25:00,
07/08/16,09:26:00,
07/08/16,09:27:00,
07/08/16,09:28:00,
07/08/16,09:29:00,
07/08/16,09:30:00,
07/08/16,09:31:00,
07/08/16,09:32:00,
07/08/16,09:33:00,
07/08/16,09:34:00,
07/08/16,09:35:00,
07/08/16,09:36:00,
07/08/16,09:37:00,
07/08/16,09:38:00,
07/08/16,09:39:00,0
07/08/16,09:40:00,0
07/08/16,09:41:00,0
07/08/16,09:42:00,0
07/08/16,09:43:00,0
07/08/16,09:44:00,0
07/08/16,09:45:00,0
07/08/16,09:46:00,0
07/08/16,09:47:00,0
07/08/16,09:48:00,0
07/08/16,09:49:00,
07/08/16,09:50:00,
07/08/16,09:51:00,
07/08/16,09:52:00,
07/08/16,09:53:00,
07/08/16,09:54:00,
07/08/16,09:55:00,
07/08/16,09:56:00,
07/08/16,09:57:00,
07/08/16,09:58:00,
07/08/16,09:59:00,
07/08/16,10:00:00,
07/08/16,10:01:00,
07/08/16,10:02:00,0
07/08/16,10:03:00,0
07/08/16,10:04:00,0
07/08/16,10:05:00,0
07/08/16,10:06:00,0
07/08/16,10:07:00,0
07/08/16,10:08:00,0
07/08/16,10:09:00,
07/08/16,10:10:00,
07/08/16,10:11:00,
07/08/16,10:12:00,
07/08/16,10:13:00,
07/08/16,10:14:00,
07/08/16,10:15:00,
07/08/16,10:16:00,
07/08/16,10:17:00,
07/08/16,10:18:00,
07/08/16,10:19:00,
07/08/16,10:20:00,
07/08/16,10:21:00,
07/08/16,10:22:00,
07/08/16,10:23:00,
07/08/16,10:24:00,
07/08/16,10:25:00,0
07/08/16,10:26:00,0
07/08/16,10:27:00,0
07/08/16,10:28:00,0
07/08/16,10:29:00,0
07/08/16,10:30:00,0
07/08/16,10:31:00,0
07/08/16,10:32:00,0
07/08/16,10:33:00,0
07/08/16,10:34:00,0
07/08/16,10:35:00,0
07/08/16,10:36:00,0
07/08/16,10:37:00,0
07/08/16,10:38:00,0
07/08/16,10:39:00,0
07/08/16,10:40:00,0
07/08/16,10:41:00,0
07/08/16,10:42:00,0
07/08/16,10:43:00,0
07/08/16,10:44:00,0
07/08/16,10:45:00,0
07/08/16,10:46:00,0
07/08/16,10:47:00,0
07/08/16,10:48:00,0
07/08/16,10:49:00,0
07/08/16,10:50:00,0
07/08/16,10:51:00,0
07/08/16,10:52:00,0
07/08/16,10:53:00,0
07/08/16,10:54:00,0
07/08/16,10:55:00,0
07/08/16,10:56:00,0
07/08/16,10:57:00,0
07/08/16,10:58:00,0
07/08/16,10:59:00,0
07/08/16,11:00:00,0
07/08/16,11:01:00,0
07/08/16,11:02:00,0
07/08/16,11:03:00,0
07/08/16,11:04:00,0
07/08/16,11:05:00,
07/08/16,11:06:00,
07/08/16,11:07:00,
07/08/16,11:08:00,
07/08/16,11:09:00,
07/08/16,11:10:00,
07/08/16,11:11:00,
07/08/16,11:12:00,
07/08/16,11:13:00,
07/08/16,11:14:00,
07/08/16,11:15:00,
07/08/16,11:16:00,
07/08/16,11:17:00,
07/08/16,11:18:00,
07/08/16,11:19:00,
07/08/16,11:20:00,0
07/08/16,11:21:00,
07/08/16,11:22:00,
07/08/16,11:23:00,
07/08/16,11:24:00,
07/08/16,11:25:00,
07/08/16,11:26:00,
07/08/16,11:27:00,
07/08/16,11:28:00,
07/08/16,11:29:00,
07/08/16,11:30:00,
07/08/16,11:31:00,
07/08/16,11:32:00,
07/08/16,11:33:00,
07/08/16,11:34:00,
07/08/16,11:35:00,
07/08/16,11:36:00,
07/08/16,11:37:00,
07/08/16,11:38:00,
07/08/16,11:39:00,
07/08/16,11:40:00,
07/08/16,11:41:00,
07/08/16,11:42:00,
07/08/16,11:43:00,
07/08/16,11:44:00,
07/08/16,11:45:00,
07/08/16,11:46:00,
07/08/16,11:47:00,0
07/08/16,11:48:00,0
07/08/16,11:49:00,
07/08/16,11:50:00,
07/08/16,11:51:00,
07/08/16,11:52:00,
07/08/16,11:53:00,0
07/08/16,11:54:00,
07/08/16,11:55:00,
07/08/16,11:56:00,0
07/08/16,11:57:00,
07/08/16,11:58:00,
07/08/16,11:59:00,
07/08/16,12:00:00,
07/08/16,12:01:00,
07/08/16,12:02:00,
07/08/16,12:03:00,
07/08/16,12:04:00,
07/08/16,12:05:00,
07/08/16,12:06:00,
07/08/16,12:07:00,
07/08/16,12:08:00,
07/08/16,12:09:00,
07/08/16,12:10:00,
07/08/16,12:11:00,
07/08/16,12:12:00,
07/08/16,12:13:00,
07/08/16,12:14:00,
07/08/16,12:15:00,
07/08/16,12:16:00,
07/08/16,12:17:00,
07/08/16,12:18:00,
07/08/16,12:19:00,
07/08/16,12:20:00,
07/08/16,12:21:00,
07/08/16,12:22:00,
07/08/16,12:23:00,
07/08/16,12:24:00,
07/08/16,12:25:00,
07/08/16,12:26:00,
07/08/16,12:27:00,
07/08/16,12:28:00,
07/08/16,12:29:00,
07/08/16,12:30:00,
07/08/16,12:31:00,
07/08/16,12:32:00,
07/08/16,12:33:00,
07/08/16,12:34:00,
07/08/16,12:35:00,
07/08/16,12:36:00,
07/08/16,12:37:00,
07/08/16,12:38:00,
07/08/16,12:39:00,
07/08/16,12:40:00,
07/08/16,12:41:00,
07/08/16,12:42:00,
07/08/16,12:43:00,
07/08/16,12:44:00,
07/08/16,12:45:00,
07/08/16,12:46:00,
07/08/16,12:47:00,
07/08/16,12:48:00,
07/08/16,12:49:00,
07/08/16,12:50:00,
07/08/16,12:51:00,
07/08/16,12:52:00,
07/08/16,12:53:00,
07/08/16,12:54:00,
07/08/16,12:55:00,
07/08/16,12:56:00,
07/08/16,12:57:00,
07/08/16,12:58:00,
07/08/16,12:59:00,
07/08/16,13:00:00,
07/08/16,13:01:00,
07/08/16,13:02:00,
07/08/16,13:03:00,
07/08/16,13:04:00,
07/08/16,13:05:00,0
07/08/16,13:06:00,0
07/08/16,13:07:00,0
07/08/16,13:08:00,0
07/08/16,13:09:00,0
07/08/16,13:10:00,0
07/08/16,13:11:00,0
07/08/16,13:12:00,0
07/08/16,13:13:00,0
07/08/16,13:14:00,0
07/08/16,13:15:00,0
07/08/16,13:16:00,0
07/08/16,13:17:00,0
07/08/16,13:18:00,0
07/08/16,13:19:00,0
07/08/16,13:20:00,0
07/08/16,13:21:00,0
07/08/16,13:22:00,0
07/08/16,13:23:00,0
07/08/16,13:24:00,0
07/08/16,13:25:00,0
07/08/16,13:26:00,0
07/08/16,13:27:00,0
07/08/16,13:28:00,0
07/08/16,13:29:00,0
07/08/16,13:30:00,0
07/08/16,13:31:00,0
07/08/16,13:32:00,0
07/08/16,13:33:00,0
07/08/16,13:34:00,0
07/08/16,13:35:00,0
07/08/16,13:36:00,0
07/08/16,13:37:00,0
07/08/16,13:38:00,0
07/08/16,13:39:00,0
07/08/16,13:40:00,0
07/08/16,13:41:00,0
07/08/16,13:42:00,0
07/08/16,13:43:00,0
07/08/16,13:44:00,0
07/08/16,13:45:00,0
07/08/16,13:46:00,0
07/08/16,13:47:00,0
07/08/16,13:48:00,0
07/08/16,13:49:00,0
07/08/16,13:50:00,0
07/08/16,13:51:00,0
07/08/16,13:52:00,0
07/08/16,13:53:00,0
07/08/16,13:54:00,0
07/08/16,13:55:00,0
07/08/16,13:56:00,0
07/08/16,13:57:00,0
07/08/16,13:58:00,0
07/08/16,13:59:00,0
07/08/16,14:00:00,0
07/08/16,14:01:00,0
07/08/16,14:02:00,0
07/08/16,14:03:00,0
07/08/16,14:04:00,0
07/08/16,14:05:00,0
07/08/16,14:06:00,0
07/08/16,14:07:00,0
07/08/16,14:08:00,0
07/08/16,14:09:00,0
07/08/16,14:10:00,0
07/08/16,14:11:00,0
07/08/16,14:12:00,0
07/08/16,14:13:00,0
07/08/16,14:14:00,0
07/08/16,14:15:00,0
07/08/16,14:16:00,0
07/08/16,14:17:00,0
07/08/16,14:18:00,0
07/08/16,14:19:00,0
07/08/16,14:20:00,0
07/08/16,14:21:00,0
07/08/16,14:22:00,0
07/08/16,14:23:00,0
07/08/16,14:24:00,0
07/08/16,14:25:00,0
07/08/16,14:26:00,0
07/08/16,14:27:00,0
07/08/16,14:28:00,0
07/08/16,14:29:00,
07/08/16,14:30:00,
07/08/16,14:31:00,
07/08/16,14:32:00,
07/08/16,14:33:00,
07/08/16,14:34:00,
07/08/16,14:35:00,
07/08/16,14:36:00,
07/08/16,14:37:00,
07/08/16,14:38:00,
07/08/16,14:39:00,
07/08/16,14:40:00,
07/08/16,14:41:00,
07/08/16,14:42:00,
07/08/16,14:43:00,
07/08/16,14:44:00,
07/08/16,14:45:00,
07/08/16,14:46:00,
07/08/16,14:47:00,
07/08/16,14:48:00,
07/08/16,14:49:00,
07/08/16,14:50:00,
07/08/16,14:51:00,
07/08/16,14:52:00,
07/08/16,14:53:00,
07/08/16,14:54:00,
07/08/16,14:55:00,
07/08/16,14:56:00,
07/08/16,14:57:00,
07/08/16,14:58:00,
07/08/16,14:59:00,
07/08/16,15:00:00,
07/08/16,15:01:00,
07/08/16,15:02:00,
07/08/16,15:03:00,
07/08/16,15:04:00,
07/08/16,15:05:00,
07/08/16,15:06:00,
07/08/16,15:07:00,
07/08/16,15:08:00,
07/08/16,15:09:00,
07/08/16,15:10:00,
07/08/16,15:11:00,
07/08/16,15:12:00,
07/08/16,15:13:00,
07/08/16,15:14:00,
07/08/16,15:15:00,
07/08/16,15:16:00,
07/08/16,15:17:00,
07/08/16,15:18:00,
07/08/16,15:19:00,
07/08/16,15:20:00,
07/08/16,15:21:00,
07/08/16,15:22:00,
07/08/16,15:23:00,
07/08/16,15:24:00,
07/08/16,15:25:00,
07/08/16,15:26:00,
07/08/16,15:27:00,
07/08/16,15:28:00,
07/08/16,15:29:00,
07/08/16,15:30:00,
07/08/16,15:31:00,
07/08/16,15:32:00,
07/08/16,15:33:00,
07/08/16,15:34:00,
07/08/16,15:35:00,
07/08/16,15:36:00,
07/08/16,15:37:00,
07/08/16,15:38:00,
07/08/16,15:39:00,
07/08/16,15:40:00,
07/08/16,15:41:00,
07/08/16,15:42:00,
07/08/16,15:43:00,
07/08/16,15:44:00,
07/08/16,15:45:00,
07/08/16,15:46:00,
07/08/16,15:47:00,
07/08/16,15:48:00,
07/08/16,15:49:00,0
07/08/16,15:50:00,0
07/08/16,15:51:00,0
07/08/16,15:52:00,0
07/08/16,15:53:00,0
07/08/16,15:54:00,
07/08/16,15:55:00,
07/08/16,15:56:00,
07/08/16,15:57:00,
07/08/16,15:58:00,
07/08/16,15:59:00,
07/08/16,16:00:00,
07/08/16,16:01:00,
07/08/16,16:02:00,
07/08/16,16:03:00,
07/08/16,16:04:00,
07/08/16,16:05:00,0
07/08/16,16:06:00,
07/08/16,16:07:00,
07/08/16,16:08:00,
07/08/16,16:09:00,
07/08/16,16:10:00,
07/08/16,16:11:00,
07/08/16,16:12:00,
07/08/16,16:13:00,
07/08/16,16:14:00,
07/08/16,16:15:00,
07/08/16,16:16:00,
07/08/16,16:17:00,
07/08/16,16:18:00,
07/08/16,16:19:00,
07/08/16,16:20:00,
07/08/16,16:21:00,
07/08/16,16:22:00,
07/08/16,16:23:00,
07/08/16,16:24:00,
07/08/16,16:25:00,
07/08/16,16:26:00,
07/08/16,16:27:00,
07/08/16,16:28:00,
07/08/16,16:29:00,
07/08/16,16:30:00,
07/08/16,16:31:00,
07/08/16,16:32:00,
07/08/16,16:33:00,8,967813
07/08/16,16:34:00,8,869321
07/08/16,16:35:00,8,852229
07/08/16,16:36:00,8,757092
07/08/16,16:37:00,8,850563
07/08/16,16:38:00,8,731531
07/08/16,16:39:00,8,749515
07/08/16,16:40:00,8,708093
07/08/16,16:41:00,8,79905
07/08/16,16:42:00,8,696248
07/08/16,16:43:00,8,689897
07/08/16,16:44:00,8,718372
07/08/16,16:45:00,8,681253
07/08/16,16:46:00,8,662569
07/08/16,16:47:00,8,64844
07/08/16,16:48:00,8,467523
07/08/16,16:49:00,8,563398
07/08/16,16:50:00,8,621187
07/08/16,16:51:00,8,552546
07/08/16,16:52:00,8,556008
07/08/16,16:53:00,8,590456
07/08/16,16:54:00,8,450674
07/08/16,16:55:00,8,600825
07/08/16,16:56:00,8,443746
07/08/16,16:57:00,8,360259
07/08/16,16:58:00,8,273042
07/08/16,16:59:00,8,472972
07/08/16,17:00:00,8,528255
07/08/16,17:01:00,8,577729
07/08/16,17:02:00,8,709735
07/08/16,17:03:00,8,674047
07/08/16,17:04:00,8,505383
07/08/16,17:05:00,8,558198
07/08/16,17:06:00,8,371499
07/08/16,17:07:00,8,240247
07/08/16,17:08:00,8,303787
07/08/16,17:09:00,8,273818
07/08/16,17:10:00,8,17715
07/08/16,17:11:00,8,078117
07/08/16,17:12:00,8,176039
07/08/16,17:13:00,8,176024
07/08/16,17:14:00,8,26426
07/08/16,17:15:00,8,264257
07/08/16,17:16:00,8,225012
07/08/16,17:17:00,8,239184
07/08/16,17:18:00,8,342305
07/08/16,17:19:00,8,297407
07/08/16,17:20:00,8,396006
07/08/16,17:21:00,8,34701
07/08/16,17:22:00,8,436267
07/08/16,17:23:00,8,324711
07/08/16,17:24:00,8,443586
07/08/16,17:25:00,8,33017
07/08/16,17:26:00,8,281731
07/08/16,17:27:00,8,484997
07/08/16,17:28:00,8,276878
07/08/16,17:29:00,8,373497
07/08/16,17:30:00,8,373336
07/08/16,17:31:00,8,288773
07/08/16,17:32:00,8,412363
07/08/16,17:33:00,8,388492
07/08/16,17:34:00,8,37075
07/08/16,17:35:00,8,177498
07/08/16,17:36:00,8,275863
07/08/16,17:37:00,8,275904
07/08/16,17:38:00,8,261009
07/08/16,17:39:00,8,218932
07/08/16,17:40:00,8,202533
07/08/16,17:41:00,8,18428
07/08/16,17:42:00,8,18428
07/08/16,17:43:00,8,18428
07/08/16,17:44:00,8,18428
07/08/16,17:45:00,8,18428
07/08/16,17:46:00,8,18428
07/08/16,17:47:00,8,18428
07/08/16,17:48:00,8,18428
07/08/16,17:49:00,8,18428
07/08/16,17:50:00,8,18428
07/08/16,17:51:00,8,18428
07/08/16,17:52:00,8,18428
07/08/16,17:53:00,8,18428
07/08/16,17:54:00,8,18428
07/08/16,17:55:00,8,18428
07/08/16,17:56:00,8,18428
07/08/16,17:57:00,8,18428
07/08/16,17:58:00,8,18428
07/08/16,17:59:00,8,18428
07/08/16,18:00:00,8,18428
07/08/16,18:01:00,8,18428
07/08/16,18:02:00,8,18428
07/08/16,18:03:00,8,18428
07/08/16,18:04:00,8,18428
07/08/16,18:05:00,8,18428
07/08/16,18:06:00,8,18428
07/08/16,18:07:00,8,18428
07/08/16,18:08:00,8,18428
07/08/16,18:09:00,8,18428
07/08/16,18:10:00,8,18428
07/08/16,18:11:00,8,18428
07/08/16,18:12:00,8,18428
07/08/16,18:13:00,8,18428
07/08/16,18:14:00,8,18428
07/08/16,18:15:00,8,18428
07/08/16,18:16:00,8,18428
07/08/16,18:17:00,8,18428
07/08/16,18:18:00,8,18428
07/08/16,18:19:00,8,18428
07/08/16,18:20:00,8,18428
07/08/16,18:21:00,8,18428
07/08/16,18:22:00,8,18428
07/08/16,18:23:00,8,18428
07/08/16,18:24:00,8,18428
07/08/16,18:25:00,8,18428
07/08/16,18:26:00,8,18428
07/08/16,18:27:00,8,18428
07/08/16,18:28:00,8,18428
07/08/16,18:29:00,8,18428
07/08/16,18:30:00,8,18428
07/08/16,18:31:00,8,18428
07/08/16,18:32:00,8,18428
07/08/16,18:33:00,8,18428
07/08/16,18:34:00,8,18428
07/08/16,18:35:00,8,18428
07/08/16,18:36:00,8,18428
07/08/16,18:37:00,8,18428
07/08/16,18:38:00,8,18428
07/08/16,18:39:00,8,18428
07/08/16,18:40:00,8,18428
07/08/16,18:41:00,8,18428
07/08/16,18:42:00,8,18428
07/08/16,18:43:00,8,18428
07/08/16,18:44:00,8,18428
07/08/16,18:45:00,8,18428
07/08/16,18:46:00,8,18428
07/08/16,18:47:00,8,18428
07/08/16,18:48:00,8,18428
07/08/16,18:49:00,8,18428
07/08/16,18:50:00,8,18428
07/08/16,18:51:00,8,18428
07/08/16,18:52:00,8,18428
07/08/16,18:53:00,7,229945
07/08/16,18:54:00,7,228193
07/08/16,18:55:00,7,116859
07/08/16,18:56:00,7,052052
07/08/16,18:57:00,7,106438
07/08/16,18:58:00,7,072521
07/08/16,18:59:00,7,180589
07/08/16,19:00:00,7,153549
07/08/16,19:01:00,7,147295
07/08/16,19:02:00,7,145213
07/08/16,19:03:00,7,12656
07/08/16,19:04:00,7,124366
07/08/16,19:05:00,7,026066
07/08/16,19:06:00,7,030456
07/08/16,19:07:00,7,026553
07/08/16,19:08:00,7,011951
07/08/16,19:09:00,7,001469
07/08/16,19:10:00,7,023144
07/08/16,19:11:00,7,025693
07/08/16,19:12:00,6,902584
07/08/16,19:13:00,7,064393
07/08/16,19:14:00,6,941867
07/08/16,19:15:00,6,930186
07/08/16,19:16:00,6,931613
07/08/16,19:17:00,6,813905
07/08/16,19:18:00,6,807297
07/08/16,19:19:00,6,820833
07/08/16,19:20:00,6,922571
07/08/16,19:21:00,6,80188
07/08/16,19:22:00,6,849741
07/08/16,19:23:00,6,833407
07/08/16,19:24:00,6,831484
07/08/16,19:25:00,6,870909
07/08/16,19:26:00,6,845917
07/08/16,19:27:00,6,901776
07/08/16,19:28:00,6,791469
07/08/16,19:29:00,6,768079
07/08/16,19:30:00,6,703809
07/08/16,19:31:00,6,70226
07/08/16,19:32:00,6,678382
07/08/16,19:33:00,6,670017
07/08/16,19:34:00,6,730551
07/08/16,19:35:00,6,733441
07/08/16,19:36:00,6,711576
07/08/16,19:37:00,6,716888
07/08/16,19:38:00,6,726923
07/08/16,19:39:00,6,733014
07/08/16,19:40:00,6,71941
07/08/16,19:41:00,6,820145
07/08/16,19:42:00,6,830486
07/08/16,19:43:00,6,802483
07/08/16,19:44:00,7,203748
07/08/16,19:45:00,7,605147
07/08/16,19:46:00,7,571463
07/08/16,19:47:00,6,503162
07/08/16,19:48:00,5,620223
07/08/16,19:49:00,5,000616
07/08/16,19:50:00,3,183225
07/08/16,19:51:00,1,969178
07/08/16,19:52:00,1,304509
07/08/16,19:53:00,1,256387
07/08/16,19:54:00,1,359101
07/08/16,19:55:00,1,19928
07/08/16,19:56:00,1,363945
07/08/16,19:57:00,1,26372
07/08/16,19:58:00,1,308484
07/08/16,19:59:00,1,292837
07/08/16,20:00:00,1,321879
07/08/16,20:01:00,0
07/08/16,20:02:00,0
07/08/16,20:03:00,0,1210487
07/08/16,20:04:00,1,426581
07/08/16,20:05:00,1,42479
07/08/16,20:06:00,0,8969073
07/08/16,20:07:00,1,152764
07/08/16,20:08:00,1,302392
07/08/16,20:09:00,1,048465
07/08/16,20:10:00,0,6578497
07/08/16,20:11:00,0
07/08/16,20:12:00,0
07/08/16,20:13:00,1,142001
07/08/16,20:14:00,1,103074
07/08/16,20:15:00,0,9286057
07/08/16,20:16:00,1,312859
07/08/16,20:17:00,1,221472
07/08/16,20:18:00,1,124628
07/08/16,20:19:00,1,088761
07/08/16,20:20:00,1,230295
07/08/16,20:21:00,1,106198
07/08/16,20:22:00,0,6964019
07/08/16,20:23:00,1,18641
07/08/16,20:24:00,1,098334
07/08/16,20:25:00,1,033745
07/08/16,20:26:00,1,144364
07/08/16,20:27:00,0,9507811
07/08/16,20:28:00,0,9614299
07/08/16,20:29:00,0,8709004
07/08/16,20:30:00,0,7991497
07/08/16,20:31:00,0,9769283
07/08/16,20:32:00,0,9823525
07/08/16,20:33:00,0,9004477
07/08/16,20:34:00,0,7160356
07/08/16,20:35:00,0,8341324
07/08/16,20:36:00,0,8669688
07/08/16,20:37:00,0,847287
07/08/16,20:38:00,0,8379661
07/08/16,20:39:00,0,7280605
07/08/16,20:40:00,0,7102131
07/08/16,20:41:00,0,7107809
07/08/16,20:42:00,0,7412438
07/08/16,20:43:00,0,656785
07/08/16,20:44:00,0,7987426
07/08/16,20:45:00,0,6574553
07/08/16,20:46:00,0,6968494
07/08/16,20:47:00,0,8073127
07/08/16,20:48:00,0,6789076
07/08/16,20:49:00,0,6890788
07/08/16,20:50:00,0,6339775
07/08/16,20:51:00,0,6393199
07/08/16,20:52:00,0,7339068
07/08/16,20:53:00,0,5633511
07/08/16,20:54:00,0,5328698
07/08/16,20:55:00,0,5015271
07/08/16,20:56:00,0,6527648
07/08/16,20:57:00,0,7393642
07/08/16,20:58:00,0,7434689
07/08/16,20:59:00,0,6301818
07/08/16,21:00:00,0,7492385
07/08/16,21:01:00,0,7698092
07/08/16,21:02:00,0,6454676
07/08/16,21:03:00,0,604763
07/08/16,21:04:00,0,6721587
07/08/16,21:05:00,0,7516889
07/08/16,21:06:00,0,6754957
07/08/16,21:07:00,0,7108541
07/08/16,21:08:00,0,6885461
07/08/16,21:09:00,0,7306164
07/08/16,21:10:00,0,6827805
07/08/16,21:11:00,0,6479318
07/08/16,21:12:00,0,6970767
07/08/16,21:13:00,0,8482107
07/08/16,21:14:00,0,8348625
07/08/16,21:15:00,0,741585
07/08/16,21:16:00,0,8468843
07/08/16,21:17:00,0,7375558
07/08/16,21:18:00,0,7532371
07/08/16,21:19:00,0,6280314
07/08/16,21:20:00,0,710661
07/08/16,21:21:00,0,5730263
07/08/16,21:22:00,0,7614397
07/08/16,21:23:00,0,6492605
07/08/16,21:24:00,0,6068109
07/08/16,21:25:00,0,8152068
07/08/16,21:26:00,0,7583128
07/08/16,21:27:00,0,8083049
07/08/16,21:28:00,0,7936329
07/08/16,21:29:00,0,7306516
07/08/16,21:30:00,0,632943
07/08/16,21:31:00,0,5254896
07/08/16,21:32:00,0,6352293
07/08/16,21:33:00,0,6103653
07/08/16,21:34:00,0,7167905
07/08/16,21:35:00,0,8137143
07/08/16,21:36:00,0,6855571
07/08/16,21:37:00,0,7258768
07/08/16,21:38:00,0,5630963
07/08/16,21:39:00,0,7907184
07/08/16,21:40:00,0,7448741
07/08/16,21:41:00,0,7367585
07/08/16,21:42:00,0,6270149
07/08/16,21:43:00,0,7814344
07/08/16,21:44:00,0,7554481
07/08/16,21:45:00,0,8242251
07/08/16,21:46:00,0,7655828
07/08/16,21:47:00,0,6990396
07/08/16,21:48:00,0,6792884
07/08/16,21:49:00,0,7844463
07/08/16,21:50:00,0,7313459
07/08/16,21:51:00,0,7031461
07/08/16,21:52:00,0,6501544
07/08/16,21:53:00,0,5684096
07/08/16,21:54:00,0,6568329
07/08/16,21:55:00,0,6662333
07/08/16,21:56:00,0,7824339
07/08/16,21:57:00,0,7538075
07/08/16,21:58:00,0,7272647
07/08/16,21:59:00,0,6189688
07/08/16,22:00:00,0,6944615
07/08/16,22:01:00,0,8706289
07/08/16,22:02:00,0,7667504
07/08/16,22:03:00,0,8086556
07/08/16,22:04:00,0,9000987
07/08/16,22:05:00,0,8639361
07/08/16,22:06:00,0,8531951
07/08/16,22:07:00,0,8075466
07/08/16,22:08:00,0,7384469
07/08/16,22:09:00,0,7138946
07/08/16,22:10:00,0,8190351
07/08/16,22:11:00,0,7397187
07/08/16,22:12:00,0,4684653
07/08/16,22:13:00,0,8295876
07/08/16,22:14:00,0,6239284
07/08/16,22:15:00,0,7590977
07/08/16,22:16:00,0,5572097
07/08/16,22:17:00,0,449417
07/08/16,22:18:00,0,6712834
07/08/16,22:19:00,0,7753882
07/08/16,22:20:00,1,076793
07/08/16,22:21:00,0,8878884
07/08/16,22:22:00,1,071924
07/08/16,22:23:00,1,077083
07/08/16,22:24:00,1,280085
07/08/16,22:25:00,1,280897
07/08/16,22:26:00,1,182951
07/08/16,22:27:00,1,327989
07/08/16,22:28:00,1,295684
07/08/16,22:29:00,1,03733
07/08/16,22:30:00,1,103263
07/08/16,22:31:00,1,143803
07/08/16,22:32:00,1,094035
07/08/16,22:33:00,1,412776
07/08/16,22:34:00,1,264953
07/08/16,22:35:00,1,174904
07/08/16,22:36:00,1,118053
07/08/16,22:37:00,1,190174
07/08/16,22:38:00,1,17281
07/08/16,22:39:00,1,133273
07/08/16,22:40:00,1,16331
07/08/16,22:41:00,1,427477
07/08/16,22:42:00,1,414543
07/08/16,22:43:00,1,377633
07/08/16,22:44:00,1,239833
07/08/16,22:45:00,1,130189
07/08/16,22:46:00,1,318893
07/08/16,22:47:00,1,249935
07/08/16,22:48:00,1,396737
07/08/16,22:49:00,1,259924
07/08/16,22:50:00,1,497675
07/08/16,22:51:00,1,437794
07/08/16,22:52:00,1,316657
07/08/16,22:53:00,1,539024
07/08/16,22:54:00,1,589598
07/08/16,22:55:00,1,481065
07/08/16,22:56:00,1,347459
07/08/16,22:57:00,1,576372
07/08/16,22:58:00,1,590034
07/08/16,22:59:00,1,53495
07/08/16,23:00:00,1,786534
07/08/16,23:01:00,1,742799
07/08/16,23:02:00,1,915143
07/08/16,23:03:00,2,070942
07/08/16,23:04:00,2,148083
07/08/16,23:05:00,2,002142
07/08/16,23:06:00,1,997273
07/08/16,23:07:00,1,985166
07/08/16,23:08:00,2,263634
07/08/16,23:09:00,2,164905
07/08/16,23:10:00,2,432693
07/08/16,23:11:00,2,240534
07/08/16,23:12:00,2,272887
07/08/16,23:13:00,2,363198
07/08/16,23:14:00,3,043669
07/08/16,23:15:00,2,884752
07/08/16,23:16:00,2,850219
07/08/16,23:17:00,2,550302
07/08/16,23:18:00,2,724073
07/08/16,23:19:00,2,885191
07/08/16,23:20:00,3,006437
07/08/16,23:21:00,2,804762
07/08/16,23:22:00,2,985324
07/08/16,23:23:00,3,259967
07/08/16,23:24:00,3,286174
07/08/16,23:25:00,3,56473
07/08/16,23:26:00,3,554133
07/08/16,23:27:00,3,580882
07/08/16,23:28:00,3,616609
07/08/16,23:29:00,3,739425
07/08/16,23:30:00,3,818826
07/08/16,23:31:00,3,914668
07/08/16,23:32:00,3,940653
07/08/16,23:33:00,3,919756
07/08/16,23:34:00,3,818683
07/08/16,23:35:00,4,219977
07/08/16,23:36:00,4,020607
07/08/16,23:37:00,3,927698
07/08/16,23:38:00,4,094907
07/08/16,23:39:00,3,913212
07/08/16,23:40:00,4,159739
07/08/16,23:41:00,4,245136
07/08/16,23:42:00,4,128314
07/08/16,23:43:00,4,003901
07/08/16,23:44:00,4,173448
07/08/16,23:45:00,4,228677
07/08/16,23:46:00,4,11558
07/08/16,23:47:00,4,112495
07/08/16,23:48:00,4,22135
07/08/16,23:49:00,4,224455
07/08/16,23:50:00,4,205592
07/08/16,23:51:00,4,316313
07/08/16,23:52:00,4,263659
07/08/16,23:53:00,4,323746
07/08/16,23:54:00,4,311365
07/08/16,23:55:00,4,430151
07/08/16,23:56:00,4,389054
07/08/16,23:57:00,4,567142
07/08/16,23:58:00,4,43476
07/08/16,23:59:00,4,556074
07/09/16,00:00:00,4,505251
07/09/16,00:01:00,4,571009
07/09/16,00:02:00,4,691556
07/09/16,00:03:00,4,751133
07/09/16,00:04:00,4,737026
07/09/16,00:05:00,4,768863
07/09/16,00:06:00,4,780197
07/09/16,00:07:00,4,745964
07/09/16,00:08:00,4,73404
07/09/16,00:09:00,5,006308
07/09/16,00:10:00,4,972613
07/09/16,00:11:00,4,934316
07/09/16,00:12:00,4,85625
07/09/16,00:13:00,4,87628
07/09/16,00:14:00,4,897548
07/09/16,00:15:00,5,08971
07/09/16,00:16:00,5,01824
07/09/16,00:17:00,5,117264
07/09/16,00:18:00,5,003369
07/09/16,00:19:00,4,935384
07/09/16,00:20:00,5,067796
07/09/16,00:21:00,5,204217
07/09/16,00:22:00,5,202721
07/09/16,00:23:00,5,202536
07/09/16,00:24:00,5,243831
07/09/16,00:25:00,5,285516
07/09/16,00:26:00,5,372106
07/09/16,00:27:00,5,293984
07/09/16,00:28:00,5,230758
07/09/16,00:29:00,5,43588
07/09/16,00:30:00,5,370996
07/09/16,00:31:00,5,460915
07/09/16,00:32:00,5,330216
07/09/16,00:33:00,5,41624
07/09/16,00:34:00,5,392277
07/09/16,00:35:00,5,57586
07/09/16,00:36:00,5,377559
07/09/16,00:37:00,5,386055
07/09/16,00:38:00,5,613972
07/09/16,00:39:00,5,557705
07/09/16,00:40:00,5,486121
07/09/16,00:41:00,5,468292
07/09/16,00:42:00,5,436975
07/09/16,00:43:00,5,517273
07/09/16,00:44:00,5,486836
07/09/16,00:45:00,5,468934
07/09/16,00:46:00,5,770353
07/09/16,00:47:00,5,65824
07/09/16,00:48:00,5,629114
07/09/16,00:49:00,5,582148
07/09/16,00:50:00,5,645438
07/09/16,00:51:00,5,764478
07/09/16,00:52:00,5,743761
07/09/16,00:53:00,5,819349
07/09/16,00:54:00,5,735266
07/09/16,00:55:00,5,740885
07/09/16,00:56:00,5,674833
07/09/16,00:57:00,5,701839
07/09/16,00:58:00,5,82798
07/09/16,00:59:00,5,771584
07/09/16,01:00:00,5,862989
07/09/16,01:01:00,5,926727
07/09/16,01:02:00,5,892683
07/09/16,01:03:00,5,916177
07/09/16,01:04:00,5,766711
07/09/16,01:05:00,5,920499
07/09/16,01:06:00,5,913388
07/09/16,01:07:00,6,016142
07/09/16,01:08:00,6,058044
07/09/16,01:09:00,6,11688
07/09/16,01:10:00,6,064969
07/09/16,01:11:00,6,06061
07/09/16,01:12:00,5,969243
07/09/16,01:13:00,6,025206
07/09/16,01:14:00,6,068587
07/09/16,01:15:00,5,994598
07/09/16,01:16:00,6,006543
07/09/16,01:17:00,6,081896
07/09/16,01:18:00,6,023141
07/09/16,01:19:00,6,069467
07/09/16,01:20:00,6,10965
07/09/16,01:21:00,6,001429
07/09/16,01:22:00,6,071826
07/09/16,01:23:00,6,034444
07/09/16,01:24:00,6,083285
07/09/16,01:25:00,6,070493
07/09/16,01:26:00,6,162113
07/09/16,01:27:00,6,201797
07/09/16,01:28:00,6,175178
07/09/16,01:29:00,6,131138
07/09/16,01:30:00,6,158509
07/09/16,01:31:00,6,052153
07/09/16,01:32:00,6,306265
07/09/16,01:33:00,6,149075
07/09/16,01:34:00,6,316564
07/09/16,01:35:00,6,31245
07/09/16,01:36:00,6,26717
07/09/16,01:37:00,6,354973
07/09/16,01:38:00,6,358678
07/09/16,01:39:00,6,45716
07/09/16,01:40:00,6,44719
07/09/16,01:41:00,6,421268
07/09/16,01:42:00,6,544016
07/09/16,01:43:00,6,473782
07/09/16,01:44:00,6,390818
07/09/16,01:45:00,6,491314
07/09/16,01:46:00,6,462342
07/09/16,01:47:00,6,556972
07/09/16,01:48:00,6,386919
07/09/16,01:49:00,6,452145
07/09/16,01:50:00,6,403714
07/09/16,01:51:00,6,543631
07/09/16,01:52:00,6,548717
07/09/16,01:53:00,6,480298
07/09/16,01:54:00,6,580892
07/09/16,01:55:00,6,693353
07/09/16,01:56:00,6,737545
07/09/16,01:57:00,6,687279
07/09/16,01:58:00,6,635955
07/09/16,01:59:00,6,651866
07/09/16,02:00:00,6,694205
07/09/16,02:01:00,6,799981
07/09/16,02:02:00,6,830139
07/09/16,02:03:00,6,914605
07/09/16,02:04:00,6,698091
07/09/16,02:05:00,6,715923
07/09/16,02:06:00,6,798292
07/09/16,02:07:00,6,662699
07/09/16,02:08:00,6,734985
07/09/16,02:09:00,6,875349
07/09/16,02:10:00,3,297496
07/09/16,02:11:00,2,248383
07/09/16,02:12:00,1,376689
07/09/16,02:13:00,0,7803734
07/09/16,02:14:00,0,9508536
07/09/16,02:15:00,1,112074
07/09/16,02:16:00,0,9296858
07/09/16,02:17:00,1,008203
07/09/16,02:18:00,0,9383463
07/09/16,02:19:00,1,121315
07/09/16,02:20:00,1,075854
07/09/16,02:21:00,1,238226
07/09/16,02:22:00,1,154457
07/09/16,02:23:00,1,212475
07/09/16,02:24:00,1,106628
07/09/16,02:25:00,1,119494
07/09/16,02:26:00,1,075968
07/09/16,02:27:00,1,153559
07/09/16,02:28:00,1,104789
07/09/16,02:29:00,1,05322
07/09/16,02:30:00,1,021911
07/09/16,02:31:00,1,053336
07/09/16,02:32:00,1,311834
07/09/16,02:33:00,1,126467
07/09/16,02:34:00,1,104266
07/09/16,02:35:00,1,14914
07/09/16,02:36:00,1,172748
07/09/16,02:37:00,1,133449
07/09/16,02:38:00,1,038087
07/09/16,02:39:00,1,136447
07/09/16,02:40:00,1,065473
07/09/16,02:41:00,1,130206
07/09/16,02:42:00,1,107675
07/09/16,02:43:00,1,251432
07/09/16,02:44:00,1,012342
07/09/16,02:45:00,1,134542
07/09/16,02:46:00,1,029325
07/09/16,02:47:00,1,194892
07/09/16,02:48:00,1,098814
07/09/16,02:49:00,1,138955
07/09/16,02:50:00,1,236498
07/09/16,02:51:00,1,236438
07/09/16,02:52:00,1,334472
07/09/16,02:53:00,1,269934
07/09/16,02:54:00,1,152205
07/09/16,02:55:00,1,254423
07/09/16,02:56:00,1,1584
07/09/16,02:57:00,1,150468
07/09/16,02:58:00,1,195983
07/09/16,02:59:00,1,151711
07/09/16,03:00:00,1,053354
07/09/16,03:01:00,1,259772
07/09/16,03:02:00,1,142771
07/09/16,03:03:00,1,128357
07/09/16,03:04:00,1,076955
07/09/16,03:05:00,0,997178
07/09/16,03:06:00,1,049562
07/09/16,03:07:00,0,9531694
07/09/16,03:08:00,0,896672
07/09/16,03:09:00,1,012372
07/09/16,03:10:00,1,118624
07/09/16,03:11:00,1,082102
07/09/16,03:12:00,1,062903
07/09/16,03:13:00,1,130051
07/09/16,03:14:00,1,130099
07/09/16,03:15:00,1,121511
07/09/16,03:16:00,1,125415
07/09/16,03:17:00,1,169322
07/09/16,03:18:00,1,112486
07/09/16,03:19:00,1,013072
07/09/16,03:20:00,0,9876098
07/09/16,03:21:00,1,185459
07/09/16,03:22:00,1,240097
07/09/16,03:23:00,1,241307
07/09/16,03:24:00,1,219544
07/09/16,03:25:00,1,192259
07/09/16,03:26:00,1,158329
07/09/16,03:27:00,1,247463
07/09/16,03:28:00,1,217195
07/09/16,03:29:00,1,233448
07/09/16,03:30:00,1,185685
07/09/16,03:31:00,1,285375
07/09/16,03:32:00,1,163222
07/09/16,03:33:00,1,083849
07/09/16,03:34:00,1,351522
07/09/16,03:35:00,1,044792
07/09/16,03:36:00,1,055593
07/09/16,03:37:00,1,235839
07/09/16,03:38:00,1,170805
07/09/16,03:39:00,1,295243
07/09/16,03:40:00,0,9662271
07/09/16,03:41:00,1,157267
07/09/16,03:42:00,0,9708397
07/09/16,03:43:00,0,9704634
07/09/16,03:44:00,0,9603965
07/09/16,03:45:00,1,0756
07/09/16,03:46:00,1,052254
07/09/16,03:47:00,1,042492
07/09/16,03:48:00,0,9843663
07/09/16,03:49:00,1,082845
07/09/16,03:50:00,1,040237
07/09/16,03:51:00,0,9243785
07/09/16,03:52:00,1,137592
07/09/16,03:53:00,0,9967696
07/09/16,03:54:00,1,0626
07/09/16,03:55:00,1,070344
07/09/16,03:56:00,1,068157
07/09/16,03:57:00,1,03131
07/09/16,03:58:00,1,132315
07/09/16,03:59:00,1,024305
07/09/16,04:00:00,1,104835
07/09/16,04:01:00,1,128141
07/09/16,04:02:00,1,118987
07/09/16,04:03:00,0,9820929
07/09/16,04:04:00,1,120323
07/09/16,04:05:00,1,092702
07/09/16,04:06:00,1,16806
07/09/16,04:07:00,1,258518
07/09/16,04:08:00,1,345864
07/09/16,04:09:00,1,159484
07/09/16,04:10:00,1,223146
07/09/16,04:11:00,1,282206
07/09/16,04:12:00,1,078144
07/09/16,04:13:00,1,202429
07/09/16,04:14:00,1,152701
07/09/16,04:15:00,1,080135
07/09/16,04:16:00,1,107834
07/09/16,04:17:00,1,1205
07/09/16,04:18:00,1,066324
07/09/16,04:19:00,1,251115
07/09/16,04:20:00,1,220566
07/09/16,04:21:00,1,109528
07/09/16,04:22:00,1,192853
07/09/16,04:23:00,1,269965
07/09/16,04:24:00,1,280046
07/09/16,04:25:00,1,329595
07/09/16,04:26:00,1,325639
07/09/16,04:27:00,1,310856
07/09/16,04:28:00,1,15137
07/09/16,04:29:00,1,230258
07/09/16,04:30:00,1,206668
07/09/16,04:31:00,1,181072
07/09/16,04:32:00,1,156727
07/09/16,04:33:00,1,153864
07/09/16,04:34:00,1,13221
07/09/16,04:35:00,1,096394
07/09/16,04:36:00,1,060821
07/09/16,04:37:00,1,056639
07/09/16,04:38:00,1,188957
07/09/16,04:39:00,1,227096
07/09/16,04:40:00,1,147096
07/09/16,04:41:00,1,202209
07/09/16,04:42:00,1,382693
07/09/16,04:43:00,1,281501
07/09/16,04:44:00,1,269186
07/09/16,04:45:00,1,227083
07/09/16,04:46:00,1,208659
07/09/16,04:47:00,1,25889
07/09/16,04:48:00,1,144175
07/09/16,04:49:00,1,211036
07/09/16,04:50:00,1,372273
07/09/16,04:51:00,1,332305
07/09/16,04:52:00,1,462099
07/09/16,04:53:00,1,376917
07/09/16,04:54:00,1,354968
07/09/16,04:55:00,1,323165
07/09/16,04:56:00,1,331606
07/09/16,04:57:00,1,273717
07/09/16,04:58:00,1,251973
07/09/16,04:59:00,1,352364
07/09/16,05:00:00,1,345341
07/09/16,05:01:00,1,292118
07/09/16,05:02:00,1,316337
07/09/16,05:03:00,1,386751
07/09/16,05:04:00,1,302753
07/09/16,05:05:00,1,273082
07/09/16,05:06:00,1,31731
07/09/16,05:07:00,1,442217
07/09/16,05:08:00,1,369259
07/09/16,05:09:00,1,374465
07/09/16,05:10:00,1,194905
07/09/16,05:11:00,1,249307
07/09/16,05:12:00,1,243774
07/09/16,05:13:00,1,343067
07/09/16,05:14:00,1,450652
07/09/16,05:15:00,1,452391
07/09/16,05:16:00,1,256524
07/09/16,05:17:00,1,196851
07/09/16,05:18:00,1,395047
07/09/16,05:19:00,1,261869
07/09/16,05:20:00,1,25142
07/09/16,05:21:00,1,364572
07/09/16,05:22:00,1,292579
07/09/16,05:23:00,1,306254
07/09/16,05:24:00,1,174643
07/09/16,05:25:00,1,26873
07/09/16,05:26:00,1,275282
07/09/16,05:27:00,1,193113
07/09/16,05:28:00,1,185352
07/09/16,05:29:00,1,395028
07/09/16,05:30:00,1,283957
07/09/16,05:31:00,1,370026
07/09/16,05:32:00,1,365612
07/09/16,05:33:00,1,358076
07/09/16,05:34:00,1,357191
07/09/16,05:35:00,1,36711
07/09/16,05:36:00,1,358252
07/09/16,05:37:00,1,35721
07/09/16,05:38:00,1,327868
07/09/16,05:39:00,1,427333
07/09/16,05:40:00,1,326333
07/09/16,05:41:00,1,370461
07/09/16,05:42:00,1,34431
07/09/16,05:43:00,1,35122
07/09/16,05:44:00,1,433072
07/09/16,05:45:00,1,274008
07/09/16,05:46:00,1,359963
07/09/16,05:47:00,1,358545
07/09/16,05:48:00,1,239002
07/09/16,05:49:00,1,23647
07/09/16,05:50:00,1,293946
07/09/16,05:51:00,1,448821
07/09/16,05:52:00,1,489549
07/09/16,05:53:00,1,465767
07/09/16,05:54:00,1,458499
07/09/16,05:55:00,1,540307
07/09/16,05:56:00,1,460205
07/09/16,05:57:00,1,543515
07/09/16,05:58:00,1,415372
07/09/16,05:59:00,1,457209
07/09/16,06:00:00,1,335234
07/09/16,06:01:00,1,473907
07/09/16,06:02:00,1,52174
07/09/16,06:03:00,1,613478
07/09/16,06:04:00,1,499797
07/09/16,06:05:00,1,67956
07/09/16,06:06:00,1,553471
07/09/16,06:07:00,1,516759
07/09/16,06:08:00,1,469009
07/09/16,06:09:00,1,41541
07/09/16,06:10:00,1,48311
07/09/16,06:11:00,1,452383
07/09/16,06:12:00,1,472107
07/09/16,06:13:00,1,541985
07/09/16,06:14:00,1,457681
07/09/16,06:15:00,1,557331
07/09/16,06:16:00,1,424995
07/09/16,06:17:00,1,533029
07/09/16,06:18:00,1,554658
07/09/16,06:19:00,1,459167
07/09/16,06:20:00,1,391002
07/09/16,06:21:00,1,561587
07/09/16,06:22:00,1,46054
07/09/16,06:23:00,1,537772
07/09/16,06:24:00,1,330481
07/09/16,06:25:00,1,554463
07/09/16,06:26:00,1,445388
07/09/16,06:27:00,1,418723
07/09/16,06:28:00,1,553311
07/09/16,06:29:00,1,655651
07/09/16,06:30:00,1,656157
07/09/16,06:31:00,1,754261
07/09/16,06:32:00,1,754269
07/09/16,06:33:00,1,646737
07/09/16,06:34:00,1,488528
07/09/16,06:35:00,1,464611
07/09/16,06:36:00,1,45566
07/09/16,06:37:00,1,538331
07/09/16,06:38:00,1,52562
07/09/16,06:39:00,1,577599
07/09/16,06:40:00,1,562157
07/09/16,06:41:00,1,658378
07/09/16,06:42:00,1,560127
07/09/16,06:43:00,1,658139
07/09/16,06:44:00,1,785394
07/09/16,06:45:00,1,653046
07/09/16,06:46:00,1,731234
07/09/16,06:47:00,1,753239
07/09/16,06:48:00,1,736631
07/09/16,06:49:00,1,677954
07/09/16,06:50:00,1,72263
07/09/16,06:51:00,1,659268
07/09/16,06:52:00,1,80586
07/09/16,06:53:00,1,663468
07/09/16,06:54:00,1,550289
07/09/16,06:55:00,1,62919
07/09/16,06:56:00,1,51967
07/09/16,06:57:00,1,644699
07/09/16,06:58:00,1,66948
07/09/16,06:59:00,1,622721
07/09/16,07:00:00,1,665669
07/09/16,07:01:00,1,74953
07/09/16,07:02:00,1,784099
07/09/16,07:03:00,1,751929
07/09/16,07:04:00,1,700682
07/09/16,07:05:00,1,707984
07/09/16,07:06:00,1,685983
07/09/16,07:07:00,1,687372
07/09/16,07:08:00,1,872632
07/09/16,07:09:00,1,868206
07/09/16,07:10:00,1,6067
07/09/16,07:11:00,1,738733
07/09/16,07:12:00,1,71451
07/09/16,07:13:00,1,69789
07/09/16,07:14:00,1,664118
07/09/16,07:15:00,1,788223
07/09/16,07:16:00,1,814812
07/09/16,07:17:00,1,710668
07/09/16,07:18:00,1,709463
07/09/16,07:19:00,1,671829
07/09/16,07:20:00,1,847532
07/09/16,07:21:00,1,856178
07/09/16,07:22:00,1,726775
07/09/16,07:23:00,1,6455
07/09/16,07:24:00,1,728221
07/09/16,07:25:00,1,705933
07/09/16,07:26:00,1,715523
07/09/16,07:27:00,1,734916
07/09/16,07:28:00,1,572442
07/09/16,07:29:00,1,655885
07/09/16,07:30:00,1,661184
07/09/16,07:31:00,1,661809
07/09/16,07:32:00,1,661881
07/09/16,07:33:00,1,65698
07/09/16,07:34:00,1,76906
07/09/16,07:35:00,1,806362
07/09/16,07:36:00,1,896378
07/09/16,07:37:00,1,854522
07/09/16,07:38:00,1,772014
07/09/16,07:39:00,1,736549
07/09/16,07:40:00,1,833828
07/09/16,07:41:00,1,806015
07/09/16,07:42:00,1,854709
07/09/16,07:43:00,1,835739
07/09/16,07:44:00,1,847824
07/09/16,07:45:00,1,940268
07/09/16,07:46:00,1,881138
07/09/16,07:47:00,1,969212
07/09/16,07:48:00,1,982973
07/09/16,07:49:00,1,991895
07/09/16,07:50:00,1,97521
07/09/16,07:51:00,1,858171
07/09/16,07:52:00,1,927728
07/09/16,07:53:00,1,847674
07/09/16,07:54:00,1,84979
07/09/16,07:55:00,1,948076
07/09/16,07:56:00,1,910612
07/09/16,07:57:00,1,919643
07/09/16,07:58:00,1,897445
07/09/16,07:59:00,1,90369
07/09/16,08:00:00,1,868098
07/09/16,08:01:00,1,820372
07/09/16,08:02:00,1,775514
07/09/16,08:03:00,1,785139
07/09/16,08:04:00,1,75705
07/09/16,08:05:00,1,650597
07/09/16,08:06:00,1,852898
07/09/16,08:07:00,1,787006
07/09/16,08:08:00,1,752359
07/09/16,08:09:00,1,699633
07/09/16,08:10:00,1,824573
07/09/16,08:11:00,1,83326
07/09/16,08:12:00,1,882648
07/09/16,08:13:00,1,841219
07/09/16,08:14:00,1,860434
07/09/16,08:15:00,1,848248
07/09/16,08:16:00,1,809671
07/09/16,08:17:00,1,824784
07/09/16,08:18:00,1,754523
07/09/16,08:19:00,1,744118
07/09/16,08:20:00,1,803266
07/09/16,08:21:00,1,776485
07/09/16,08:22:00,1,745864
07/09/16,08:23:00,1,733494
07/09/16,08:24:00,1,700683
07/09/16,08:25:00,1,800851
07/09/16,08:26:00,1,715246
07/09/16,08:27:00,1,85715
07/09/16,08:28:00,1,807725
07/09/16,08:29:00,1,912746
07/09/16,08:30:00,1,702558
07/09/16,08:31:00,1,840724
07/09/16,08:32:00,1,762341
07/09/16,08:33:00,1,950574
07/09/16,08:34:00,1,930585
07/09/16,08:35:00,1,922682
07/09/16,08:36:00,1,93607
07/09/16,08:37:00,1,854708
07/09/16,08:38:00,2,050965
07/09/16,08:39:00,2,023789
07/09/16,08:40:00,1,995023
07/09/16,08:41:00,1,942989
07/09/16,08:42:00,1,914532
07/09/16,08:43:00,2,017989
07/09/16,08:44:00,1,926725
07/09/16,08:45:00,1,992043
07/09/16,08:46:00,1,989073
07/09/16,08:47:00,1,964382
07/09/16,08:48:00,1,975796
07/09/16,08:49:00,1,955805
07/09/16,08:50:00,1,946437
07/09/16,08:51:00,1,952351
07/09/16,08:52:00,1,938728
07/09/16,08:53:00,1,907289
07/09/16,08:54:00,2,018312
07/09/16,08:55:00,1,983317
07/09/16,08:56:00,1,915904
07/09/16,08:57:00,1,814484
07/09/16,08:58:00,2,017146
07/09/16,08:59:00,1,921665
07/09/16,09:00:00,1,892714
07/09/16,09:01:00,1,867103
07/09/16,09:02:00,1,975567
07/09/16,09:03:00,1,949323
07/09/16,09:04:00,1,953251
07/09/16,09:05:00,1,943691
07/09/16,09:06:00,1,952589
07/09/16,09:07:00,1,953635
07/09/16,09:08:00,1,95887
07/09/16,09:09:00,1,908115
07/09/16,09:10:00,1,795779
07/09/16,09:11:00,1,958816
07/09/16,09:12:00,1,905343
07/09/16,09:13:00,1,975106
07/09/16,09:14:00,1,929817
07/09/16,09:15:00,1,963053
07/09/16,09:16:00,2,057501
07/09/16,09:17:00,1,940687
07/09/16,09:18:00,1,947888
07/09/16,09:19:00,1,88693
07/09/16,09:20:00,1,921108
07/09/16,09:21:00,1,899327
07/09/16,09:22:00,1,876308
07/09/16,09:23:00,1,866298
07/09/16,09:24:00,1,85811
07/09/16,09:25:00,1,955186
07/09/16,09:26:00,1,955075
07/09/16,09:27:00,1,959972
07/09/16,09:28:00,1,989767
07/09/16,09:29:00,1,934722
07/09/16,09:30:00,2,025982
07/09/16,09:31:00,2,221259
07/09/16,09:32:00,2,134411
07/09/16,09:33:00,2,20904
07/09/16,09:34:00,2,15278
07/09/16,09:35:00,2,166793
07/09/16,09:36:00,2,236048
07/09/16,09:37:00,2,159893
07/09/16,09:38:00,2,249555
07/09/16,09:39:00,2,141027
07/09/16,09:40:00,2,142683
07/09/16,09:41:00,2,144356
07/09/16,09:42:00,2,312997
07/09/16,09:43:00,2,081493
07/09/16,09:44:00,2,175722
07/09/16,09:45:00,2,155091
07/09/16,09:46:00,2,103668
07/09/16,09:47:00,2,142675
07/09/16,09:48:00,2,144187
07/09/16,09:49:00,2,130924
07/09/16,09:50:00,2,142803
07/09/16,09:51:00,2,121995
07/09/16,09:52:00,2,028524
07/09/16,09:53:00,2,205043
07/09/16,09:54:00,2,065974
07/09/16,09:55:00,2,105909
07/09/16,09:56:00,2,063653
07/09/16,09:57:00,2,055962
07/09/16,09:58:00,2,055057
07/09/16,09:59:00,2,047934
07/09/16,10:00:00,2,014428
07/09/16,10:01:00,2,035851
07/09/16,10:02:00,1,954431
07/09/16,10:03:00,2,131076
07/09/16,10:04:00,2,116265
07/09/16,10:05:00,2,10897
07/09/16,10:06:00,2,197384
07/09/16,10:07:00,2,223367
07/09/16,10:08:00,2,306552
07/09/16,10:09:00,2,196305
07/09/16,10:10:00,2,306376
07/09/16,10:11:00,2,210602
07/09/16,10:12:00,2,366412
07/09/16,10:13:00,2,384759
07/09/16,10:14:00,2,247413
07/09/16,10:15:00,2,13561
07/09/16,10:16:00,2,267824
07/09/16,10:17:00,2,156952
07/09/16,10:18:00,2,17648
07/09/16,10:19:00,2,328254
07/09/16,10:20:00,2,090046
07/09/16,10:21:00,2,081204
07/09/16,10:22:00,2,100856
07/09/16,10:23:00,2,191416
07/09/16,10:24:00,2,321833
07/09/16,10:25:00,2,076885
07/09/16,10:26:00,2,182608
07/09/16,10:27:00,2,256191
07/09/16,10:28:00,2,243289
07/09/16,10:29:00,2,251796
07/09/16,10:30:00,2,209253
07/09/16,10:31:00,2,323625
07/09/16,10:32:00,2,228375
07/09/16,10:33:00,2,198224
07/09/16,10:34:00,2,202335
07/09/16,10:35:00,2,203432
07/09/16,10:36:00,2,192514
07/09/16,10:37:00,2,307592
07/09/16,10:38:00,2,127539
07/09/16,10:39:00,2,24325
07/09/16,10:40:00,2,211195
07/09/16,10:41:00,2,108744
07/09/16,10:42:00,2,196884
07/09/16,10:43:00,2,227462
07/09/16,10:44:00,2,107004
07/09/16,10:45:00,2,188151
07/09/16,10:46:00,2,091396
07/09/16,10:47:00,2,263486
07/09/16,10:48:00,2,244999
07/09/16,10:49:00,2,215423
07/09/16,10:50:00,2,279346
07/09/16,10:51:00,2,21787
07/09/16,10:52:00,2,371749
07/09/16,10:53:00,2,210995
07/09/16,10:54:00,2,146966
07/09/16,10:55:00,2,147195
07/09/16,10:56:00,2,262297
07/09/16,10:57:00,2,256736
07/09/16,10:58:00,2,263651
07/09/16,10:59:00,2,254442
07/09/16,11:00:00,2,246339
07/09/16,11:01:00,2,363549
07/09/16,11:02:00,2,437793
07/09/16,11:03:00,2,351272
07/09/16,11:04:00,2,352626
07/09/16,11:05:00,2,450823
07/09/16,11:06:00,2,304354
07/09/16,11:07:00,2,410371
07/09/16,11:08:00,2,494445
07/09/16,11:09:00,2,378951
07/09/16,11:10:00,2,484958
07/09/16,11:11:00,2,493343
07/09/16,11:12:00,2,363278
07/09/16,11:13:00,2,310123
07/09/16,11:14:00,2,445822
07/09/16,11:15:00,2,361304
07/09/16,11:16:00,2,387204
07/09/16,11:17:00,2,470355
07/09/16,11:18:00,2,39681
07/09/16,11:19:00,2,26197
07/09/16,11:20:00,2,324762
07/09/16,11:21:00,2,494774
07/09/16,11:22:00,2,35576
07/09/16,11:23:00,2,424021
07/09/16,11:24:00,2,285779
07/09/16,11:25:00,2,471166
07/09/16,11:26:00,2,565259
07/09/16,11:27:00,2,372304
07/09/16,11:28:00,2,426011
07/09/16,11:29:00,2,35194
07/09/16,11:30:00,2,444853
07/09/16,11:31:00,2,407729
07/09/16,11:32:00,2,439887
07/09/16,11:33:00,2,443673
07/09/16,11:34:00,2,353092
07/09/16,11:35:00,2,535732
07/09/16,11:36:00,2,423368
07/09/16,11:37:00,2,517563
07/09/16,11:38:00,2,526282
07/09/16,11:39:00,2,354234
07/09/16,11:40:00,2,392449
07/09/16,11:41:00,2,396304
07/09/16,11:42:00,2,497925
07/09/16,11:43:00,2,386286
07/09/16,11:44:00,2,519775
07/09/16,11:45:00,2,520653
07/09/16,11:46:00,2,361203
07/09/16,11:47:00,2,520849
07/09/16,11:48:00,2,473263
07/09/16,11:49:00,2,436627
07/09/16,11:50:00,2,63774
07/09/16,11:51:00,2,494031
07/09/16,11:52:00,2,47522
07/09/16,11:53:00,2,57835
07/09/16,11:54:00,2,466587
07/09/16,11:55:00,2,506122
07/09/16,11:56:00,2,469625
07/09/16,11:57:00,2,484529
07/09/16,11:58:00,2,457063
07/09/16,11:59:00,2,453832
07/09/16,12:00:00,2,463475
07/09/16,12:01:00,2,47504
07/09/16,12:02:00,2,462963
07/09/16,12:03:00,2,557478
07/09/16,12:04:00,2,54724
07/09/16,12:05:00,2,452904
07/09/16,12:06:00,2,463364
07/09/16,12:07:00,2,476778
07/09/16,12:08:00,2,441833
07/09/16,12:09:00,2,520862
07/09/16,12:10:00,2,449802
07/09/16,12:11:00,2,432522
07/09/16,12:12:00,2,450944
07/09/16,12:13:00,2,453109
07/09/16,12:14:00,2,532178
07/09/16,12:15:00,2,53915
07/09/16,12:16:00,2,524628
07/09/16,12:17:00,2,577505
07/09/16,12:18:00,2,396766
07/09/16,12:19:00,2,503629
07/09/16,12:20:00,2,509578
07/09/16,12:21:00,2,698013
07/09/16,12:22:00,2,702563
07/09/16,12:23:00,2,52106
07/09/16,12:24:00,2,540849
07/09/16,12:25:00,2,493471
07/09/16,12:26:00,2,562849
07/09/16,12:27:00,2,441866
07/09/16,12:28:00,2,604744
07/09/16,12:29:00,2,598094
07/09/16,12:30:00,2,613391
07/09/16,12:31:00,2,592985
07/09/16,12:32:00,2,555814
07/09/16,12:33:00,2,566374
07/09/16,12:34:00,2,571031
07/09/16,12:35:00,2,563252
07/09/16,12:36:00,2,545298
07/09/16,12:37:00,2,641227
07/09/16,12:38:00,2,492381
07/09/16,12:39:00,2,617964
07/09/16,12:40:00,2,623308
07/09/16,12:41:00,2,594075
07/09/16,12:42:00,2,480666
07/09/16,12:43:00,2,6236
07/09/16,12:44:00,2,626975
07/09/16,12:45:00,2,682751
07/09/16,12:46:00,2,573751
07/09/16,12:47:00,2,819091
07/09/16,12:48:00,2,780323
07/09/16,12:49:00,2,799871
07/09/16,12:50:00,2,65869
07/09/16,12:51:00,2,677724
07/09/16,12:52:00,2,673301
07/09/16,12:53:00,2,652327
07/09/16,12:54:00,2,790556
07/09/16,12:55:00,2,745612
07/09/16,12:56:00,2,740323
07/09/16,12:57:00,2,7397
07/09/16,12:58:00,2,935709
07/09/16,12:59:00,2,707238
07/09/16,13:00:00,2,661793
07/09/16,13:01:00,2,788825
07/09/16,13:02:00,2,795651
07/09/16,13:03:00,2,884063
07/09/16,13:04:00,2,809643
07/09/16,13:05:00,2,872622
07/09/16,13:06:00,2,780538
07/09/16,13:07:00,2,872263
07/09/16,13:08:00,2,837879
07/09/16,13:09:00,2,799067
07/09/16,13:10:00,2,788978
07/09/16,13:11:00,2,699142
07/09/16,13:12:00,2,815056
07/09/16,13:13:00,2,816368
07/09/16,13:14:00,2,835722
07/09/16,13:15:00,2,845014
07/09/16,13:16:00,2,709757
07/09/16,13:17:00,2,922021
07/09/16,13:18:00,2,836617
07/09/16,13:19:00,2,780506
07/09/16,13:20:00,2,887907
07/09/16,13:21:00,2,85329
07/09/16,13:22:00,2,849218
07/09/16,13:23:00,2,848739
07/09/16,13:24:00,2,95888
07/09/16,13:25:00,2,840208
07/09/16,13:26:00,2,945716
07/09/16,13:27:00,2,95291
07/09/16,13:28:00,2,849403
07/09/16,13:29:00,2,873485
07/09/16,13:30:00,2,850775
07/09/16,13:31:00,2,848922
07/09/16,13:32:00,2,951162
07/09/16,13:33:00,2,986977
07/09/16,13:34:00,2,853412
07/09/16,13:35:00,2,95169
07/09/16,13:36:00,2,979913
07/09/16,13:37:00,2,981339
07/09/16,13:38:00,2,978217
07/09/16,13:39:00,3,081072
07/09/16,13:40:00,2,890408
07/09/16,13:41:00,2,830123
07/09/16,13:42:00,2,846492
07/09/16,13:43:00,2,929417
07/09/16,13:44:00,2,818004
07/09/16,13:45:00,2,880391
07/09/16,13:46:00,2,791166
07/09/16,13:47:00,2,971271
07/09/16,13:48:00,2,859143
07/09/16,13:49:00,2,93857
07/09/16,13:50:00,2,908302
07/09/16,13:51:00,2,920397
07/09/16,13:52:00,2,849064
07/09/16,13:53:00,2,8703
07/09/16,13:54:00,2,940582
07/09/16,13:55:00,2,943383
07/09/16,13:56:00,3,00981
07/09/16,13:57:00,2,946615
07/09/16,13:58:00,3,027198
07/09/16,13:59:00,2,902994
07/09/16,14:00:00,2,894367
07/09/16,14:01:00,2,873337
07/09/16,14:02:00,2,973135
07/09/16,14:03:00,2,870192
07/09/16,14:04:00,2,971505
07/09/16,14:05:00,2,844632
07/09/16,14:06:00,2,826923
07/09/16,14:07:00,3,035233
07/09/16,14:08:00,2,833582
07/09/16,14:09:00,2,937977
07/09/16,14:10:00,2,826368
07/09/16,14:11:00,2,897441
07/09/16,14:12:00,2,98631
07/09/16,14:13:00,2,84903
07/09/16,14:14:00,3,001334
07/09/16,14:15:00,2,847845
07/09/16,14:16:00,2,850969
07/09/16,14:17:00,2,785561
07/09/16,14:18:00,2,86187
07/09/16,14:19:00,2,86361
07/09/16,14:20:00,2,796222
07/09/16,14:21:00,2,86742
07/09/16,14:22:00,2,736973
07/09/16,14:23:00,2,743183
07/09/16,14:24:00,2,725124
07/09/16,14:25:00,2,672884
07/09/16,14:26:00,2,728596
07/09/16,14:27:00,2,666277
07/09/16,14:28:00,2,74696
07/09/16,14:29:00,2,744918
07/09/16,14:30:00,2,737663
07/09/16,14:31:00,2,645787
07/09/16,14:32:00,2,765004
07/09/16,14:33:00,2,936105
07/09/16,14:34:00,2,84214
07/09/16,14:35:00,2,940662
07/09/16,14:36:00,2,744639
07/09/16,14:37:00,2,842683
07/09/16,14:38:00,2,835668
07/09/16,14:39:00,2,841858
07/09/16,14:40:00,2,842587
07/09/16,14:41:00,2,842672
07/09/16,14:42:00,2,842683
07/09/16,14:43:00,2,828364
07/09/16,14:44:00,2,939041
07/09/16,14:45:00,2,826942
07/09/16,14:46:00,2,811611
07/09/16,14:47:00,3,035106
07/09/16,14:48:00,2,906162
07/09/16,14:49:00,2,818162
07/09/16,14:50:00,2,805578
07/09/16,14:51:00,2,900123
07/09/16,14:52:00,2,836023
07/09/16,14:53:00,2,706262
07/09/16,14:54:00,2,69906
07/09/16,14:55:00,2,814264
07/09/16,14:56:00,2,928921
07/09/16,14:57:00,2,791943
07/09/16,14:58:00,2,893292
07/09/16,14:59:00,2,873696
07/09/16,15:00:00,2,758018
07/09/16,15:01:00,2,726722
07/09/16,15:02:00,2,850299
07/09/16,15:03:00,2,853303
07/09/16,15:04:00,2,726981
07/09/16,15:05:00,2,752292
07/09/16,15:06:00,2,941325
07/09/16,15:07:00,2,852476
07/09/16,15:08:00,2,698829
07/09/16,15:09:00,2,819809
07/09/16,15:10:00,2,763771
07/09/16,15:11:00,2,757179
07/09/16,15:12:00,2,76833
07/09/16,15:13:00,2,793953
07/09/16,15:14:00,2,858771
07/09/16,15:15:00,2,756822
07/09/16,15:16:00,2,854402
07/09/16,15:17:00,2,776762
07/09/16,15:18:00,2,856749
07/09/16,15:19:00,2,834171
07/09/16,15:20:00,2,873303
07/09/16,15:21:00,2,739302
07/09/16,15:22:00,2,521986
07/09/16,15:23:00,2,785853
07/09/16,15:24:00,2,719023
07/09/16,15:25:00,2,672988
07/09/16,15:26:00,2,704713
07/09/16,15:27:00,2,72098
07/09/16,15:28:00,2,49549
07/09/16,15:29:00,2,623179
07/09/16,15:30:00,2,50554
07/09/16,15:31:00,2,690172
07/09/16,15:32:00,2,702262
07/09/16,15:33:00,2,792518
07/09/16,15:34:00,2,704231
07/09/16,15:35:00,2,718818
07/09/16,15:36:00,2,778925
07/09/16,15:37:00,2,705639
07/09/16,15:38:00,2,693619
07/09/16,15:39:00,2,788495
07/09/16,15:40:00,2,714421
07/09/16,15:41:00,2,784805
07/09/16,15:42:00,2,741105
07/09/16,15:43:00,2,683505
07/09/16,15:44:00,2,671817
07/09/16,15:45:00,2,695806
07/09/16,15:46:00,2,764004
07/09/16,15:47:00,2,666778
07/09/16,15:48:00,2,763625
07/09/16,15:49:00,2,800129
07/09/16,15:50:00,2,822596
07/09/16,15:51:00,2,811362
07/09/16,15:52:00,2,809887
07/09/16,15:53:00,2,833449
07/09/16,15:54:00,2,809785
07/09/16,15:55:00,2,881427
07/09/16,15:56:00,2,835498
07/09/16,15:57:00,2,887896
07/09/16,15:58:00,2,763787
07/09/16,15:59:00,2,814634
07/09/16,16:00:00,2,773498
07/09/16,16:01:00,2,83559
07/09/16,16:02:00,2,832243
07/09/16,16:03:00,2,84564
07/09/16,16:04:00,2,797187
07/09/16,16:05:00,2,86162
07/09/16,16:06:00,2,73341
07/09/16,16:07:00,2,889956
07/09/16,16:08:00,2,933107
07/09/16,16:09:00,2,829395
07/09/16,16:10:00,2,743618
07/09/16,16:11:00,2,84573
07/09/16,16:12:00,2,848007
07/09/16,16:13:00,2,845238
07/09/16,16:14:00,2,755674
07/09/16,16:15:00,2,724683
07/09/16,16:16:00,2,71402
07/09/16,16:17:00,2,769543
07/09/16,16:18:00,2,750216
07/09/16,16:19:00,2,805703
07/09/16,16:20:00,2,686142
07/09/16,16:21:00,2,74429
07/09/16,16:22:00,2,760922
07/09/16,16:23:00,2,773311
07/09/16,16:24:00,2,716766
07/09/16,16:25:00,2,752773
07/09/16,16:26:00,2,74974
07/09/16,16:27:00,2,621121
07/09/16,16:28:00,2,721897
07/09/16,16:29:00,2,673072
07/09/16,16:30:00,2,747237
07/09/16,16:31:00,2,729528
07/09/16,16:32:00,2,890872
07/09/16,16:33:00,2,720014
07/09/16,16:34:00,2,802151
07/09/16,16:35:00,2,731102
07/09/16,16:36:00,2,883141
07/09/16,16:37:00,2,736117
07/09/16,16:38:00,2,934308
07/09/16,16:39:00,2,805007
07/09/16,16:40:00,2,809658
07/09/16,16:41:00,2,939595
07/09/16,16:42:00,2,76638
07/09/16,16:43:00,2,777991
07/09/16,16:44:00,2,856939
07/09/16,16:45:00,2,973185
07/09/16,16:46:00,2,859842
07/09/16,16:47:00,2,874264
07/09/16,16:48:00,3,021772
07/09/16,16:49:00,2,982798
07/09/16,16:50:00,2,992533
07/09/16,16:51:00,2,852095
07/09/16,16:52:00,3,004851
07/09/16,16:53:00,3,022602
07/09/16,16:54:00,3,002122
07/09/16,16:55:00,2,986039
07/09/16,16:56:00,2,979848
07/09/16,16:57:00,2,953553
07/09/16,16:58:00,2,945547
07/09/16,16:59:00,3,063983
07/09/16,17:00:00,3,153112
07/09/16,17:01:00,3,240079
07/09/16,17:02:00,3,070163
07/09/16,17:03:00,2,962058
07/09/16,17:04:00,3,152654
07/09/16,17:05:00,2,970251
07/09/16,17:06:00,2,970745
07/09/16,17:07:00,3,041754
07/09/16,17:08:00,2,920931
07/09/16,17:09:00,3,095424
07/09/16,17:10:00,2,92786
07/09/16,17:11:00,3,033547
07/09/16,17:12:00,2,94343
07/09/16,17:13:00,2,918148
07/09/16,17:14:00,3,177121
07/09/16,17:15:00,3,205444
07/09/16,17:16:00,3,049538
07/09/16,17:17:00,2,974728
07/09/16,17:18:00,3,07846
07/09/16,17:19:00,3,073578
07/09/16,17:20:00,2,967978
07/09/16,17:21:00,2,958296
07/09/16,17:22:00,2,972605
07/09/16,17:23:00,2,898114
07/09/16,17:24:00,2,960949
07/09/16,17:25:00,2,937892
07/09/16,17:26:00,2,9653
07/09/16,17:27:00,2,96125
07/09/16,17:28:00,2,970796
07/09/16,17:29:00,2,963802
07/09/16,17:30:00,2,993717
07/09/16,17:31:00,2,981602
07/09/16,17:32:00,3,054805
07/09/16,17:33:00,2,931608
07/09/16,17:34:00,2,86895
07/09/16,17:35:00,2,888895
07/09/16,17:36:00,2,891241
07/09/16,17:37:00,3,022789
07/09/16,17:38:00,2,866039
07/09/16,17:39:00,2,883388
07/09/16,17:40:00,2,87569
07/09/16,17:41:00,3,046524
07/09/16,17:42:00,2,840459
07/09/16,17:43:00,3,042379
07/09/16,17:44:00,2,854006
07/09/16,17:45:00,2,93892
07/09/16,17:46:00,3,021978
07/09/16,17:47:00,3,040671
07/09/16,17:48:00,3,042748
07/09/16,17:49:00,3,043115
07/09/16,17:50:00,2,847077
07/09/16,17:51:00,2,94512
07/09/16,17:52:00,2,847082
07/09/16,17:53:00,3,043165
07/09/16,17:54:00,2,945123
07/09/16,17:55:00,2,945122
07/09/16,17:56:00,2,945122
07/09/16,17:57:00,2,945122
07/09/16,17:58:00,3,043161
07/09/16,17:59:00,3,072382
07/09/16,18:00:00,2,94856
07/09/16,18:01:00,3,136697
07/09/16,18:02:00,3,140675
07/09/16,18:03:00,3,043105
07/09/16,18:04:00,3,043156
07/09/16,18:05:00,3,038254
07/09/16,18:06:00,3,04259
07/09/16,18:07:00,3,043097
07/09/16,18:08:00,3,141197
07/09/16,18:09:00,3,043167
07/09/16,18:10:00,2,945125
07/09/16,18:11:00,3,043166
07/09/16,18:12:00,3,038256
07/09/16,18:13:00,2,977981
07/09/16,18:14:00,3,186779
07/09/16,18:15:00,3,102649
07/09/16,18:16:00,2,974023
07/09/16,18:17:00,2,992629
07/09/16,18:18:00,2,976645
07/09/16,18:19:00,3,001209
07/09/16,18:20:00,2,971515
07/09/16,18:21:00,2,992334
07/09/16,18:22:00,2,999694
07/09/16,18:23:00,3,012687
07/09/16,18:24:00,3,079147
07/09/16,18:25:00,3,102547
07/09/16,18:26:00,2,957588
07/09/16,18:27:00,2,932223
07/09/16,18:28:00,3,029997
07/09/16,18:29:00,2,974618
07/09/16,18:30:00,2,919908
07/09/16,18:31:00,2,889162
07/09/16,18:32:00,2,882384
07/09/16,18:33:00,3,00011
07/09/16,18:34:00,2,894366
07/09/16,18:35:00,2,960173
07/09/16,18:36:00,2,918494
07/09/16,18:37:00,2,917192
07/09/16,18:38:00,2,715668
07/09/16,18:39:00,2,869852
07/09/16,18:40:00,3,050818
07/09/16,18:41:00,3,017717
07/09/16,18:42:00,2,953275
07/09/16,18:43:00,2,773636
07/09/16,18:44:00,2,872119
07/09/16,18:45:00,2,765604
07/09/16,18:46:00,2,75268
07/09/16,18:47:00,2,972365
07/09/16,18:48:00,2,832692
07/09/16,18:49:00,2,974335
07/09/16,18:50:00,2,951759
07/09/16,18:51:00,2,843235
07/09/16,18:52:00,2,913742
07/09/16,18:53:00,2,702333
07/09/16,18:54:00,2,832536
07/09/16,18:55:00,2,709832
07/09/16,18:56:00,2,864845
07/09/16,18:57:00,2,784806
07/09/16,18:58:00,2,862132
07/09/16,18:59:00,2,778964
07/09/16,19:00:00,2,789707
07/09/16,19:01:00,2,76467
07/09/16,19:02:00,2,761725
07/09/16,19:03:00,2,761378
07/09/16,19:04:00,2,761338
07/09/16,19:05:00,2,747014
07/09/16,19:06:00,2,843367
07/09/16,19:07:00,2,744324
07/09/16,19:08:00,2,75442
07/09/16,19:09:00,2,858557
07/09/16,19:10:00,2,809599
07/09/16,19:11:00,2,745454
07/09/16,19:12:00,2,857502
07/09/16,19:13:00,2,75109
07/09/16,19:14:00,2,730906
07/09/16,19:15:00,2,757752
07/09/16,19:16:00,2,858949
07/09/16,19:17:00,2,756371
07/09/16,19:18:00,2,85177
07/09/16,19:19:00,2,829255
07/09/16,19:20:00,2,726432
07/09/16,19:21:00,2,707551
07/09/16,19:22:00,2,853042
07/09/16,19:23:00,2,733525
07/09/16,19:24:00,2,752708
07/09/16,19:25:00,2,736568
07/09/16,19:26:00,2,780897
07/09/16,19:27:00,2,841783
07/09/16,19:28:00,2,735074
07/09/16,19:29:00,2,72958
07/09/16,19:30:00,2,650096
07/09/16,19:31:00,2,731119
07/09/16,19:32:00,2,720844
07/09/16,19:33:00,2,757128
07/09/16,19:34:00,2,737056
07/09/16,19:35:00,2,650976
07/09/16,19:36:00,2,858485
07/09/16,19:37:00,2,785812
07/09/16,19:38:00,2,782376
07/09/16,19:39:00,2,819518
07/09/16,19:40:00,2,859099
07/09/16,19:41:00,2,771853
07/09/16,19:42:00,2,824272
07/09/16,19:43:00,2,800105
07/09/16,19:44:00,2,771928
07/09/16,19:45:00,2,733224
07/09/16,19:46:00,2,816126
07/09/16,19:47:00,2,771908
07/09/16,19:48:00,2,763699
07/09/16,19:49:00,2,845857
07/09/16,19:50:00,2,734547
07/09/16,19:51:00,2,646327
07/09/16,19:52:00,2,73615
07/09/16,19:53:00,2,623956
07/09/16,19:54:00,2,704265
07/09/16,19:55:00,2,748724
07/09/16,19:56:00,2,829974
07/09/16,19:57:00,2,738815
07/09/16,19:58:00,2,738471
07/09/16,19:59:00,2,715609
07/09/16,20:00:00,2,747052
07/09/16,20:01:00,2,805469
07/09/16,20:02:00,2,751475
07/09/16,20:03:00,2,704571
07/09/16,20:04:00,2,719508
07/09/16,20:05:00,2,785189
07/09/16,20:06:00,2,764186
07/09/16,20:07:00,2,783919
07/09/16,20:08:00,2,80056
07/09/16,20:09:00,2,788199
07/09/16,20:10:00,2,757524
07/09/16,20:11:00,2,753914
07/09/16,20:12:00,2,753491
07/09/16,20:13:00,2,778807
07/09/16,20:14:00,2,75642
07/09/16,20:15:00,2,665551
07/09/16,20:16:00,2,822296
07/09/16,20:17:00,2,749999
07/09/16,20:18:00,2,760045
07/09/16,20:19:00,2,823031
07/09/16,20:20:00,2,848127
07/09/16,20:21:00,2,851078
07/09/16,20:22:00,2,822205
07/09/16,20:23:00,2,946066
07/09/16,20:24:00,2,738707
07/09/16,20:25:00,2,942868
07/09/16,20:26:00,2,941377
07/09/16,20:27:00,2,752475
07/09/16,20:28:00,2,944487
07/09/16,20:29:00,2,745824
07/09/16,20:30:00,2,840554
07/09/16,20:31:00,2,850188
07/09/16,20:32:00,2,949359
07/09/16,20:33:00,2,851454
07/09/16,20:34:00,2,816697
07/09/16,20:35:00,2,826926
07/09/16,20:36:00,2,82725
07/09/16,20:37:00,2,936638
07/09/16,20:38:00,2,849958
07/09/16,20:39:00,2,834256
07/09/16,20:40:00,2,83752
07/09/16,20:41:00,2,82061
07/09/16,20:42:00,2,945879
07/09/16,20:43:00,2,949083
07/09/16,20:44:00,2,841399
07/09/16,20:45:00,2,790589
07/09/16,20:46:00,2,82508
07/09/16,20:47:00,2,941493
07/09/16,20:48:00,2,850529
07/09/16,20:49:00,2,834323
07/09/16,20:50:00,2,820234
07/09/16,20:51:00,2,931516
07/09/16,20:52:00,2,902597
07/09/16,20:53:00,2,91965
07/09/16,20:54:00,2,945997
07/09/16,20:55:00,2,818677
07/09/16,20:56:00,3,043689
07/09/16,20:57:00,2,919835
07/09/16,20:58:00,2,9317
07/09/16,20:59:00,2,916058
07/09/16,21:00:00,2,93064
07/09/16,21:01:00,2,940274
07/09/16,21:02:00,2,934105
07/09/16,21:03:00,3,028697
07/09/16,21:04:00,2,995655
07/09/16,21:05:00,2,931478
07/09/16,21:06:00,2,947388
07/09/16,21:07:00,3,13832
07/09/16,21:08:00,3,132803
07/09/16,21:09:00,2,881293
07/09/16,21:10:00,2,914014
07/09/16,21:11:00,2,889868
07/09/16,21:12:00,3,014286
07/09/16,21:13:00,3,031707
07/09/16,21:14:00,2,928417
07/09/16,21:15:00,2,982207
07/09/16,21:16:00,3,032844
07/09/16,21:17:00,2,905376
07/09/16,21:18:00,2,894643
07/09/16,21:19:00,2,888469
07/09/16,21:20:00,2,896069
07/09/16,21:21:00,2,979658
07/09/16,21:22:00,2,988629
07/09/16,21:23:00,2,85234
07/09/16,21:24:00,2,817363
07/09/16,21:25:00,2,894601
07/09/16,21:26:00,2,809305
07/09/16,21:27:00,2,928071
07/09/16,21:28:00,2,890826
07/09/16,21:29:00,2,833202
07/09/16,21:30:00,2,994179
07/09/16,21:31:00,3,007089
07/09/16,21:32:00,3,075576
07/09/16,21:33:00,3,034368
07/09/16,21:34:00,3,027328
07/09/16,21:35:00,2,992174
07/09/16,21:36:00,3,04457
07/09/16,21:37:00,3,018508
07/09/16,21:38:00,3,15706
07/09/16,21:39:00,3,127053
07/09/16,21:40:00,3,10771
07/09/16,21:41:00,3,188574
07/09/16,21:42:00,3,053736
07/09/16,21:43:00,3,069453
07/09/16,21:44:00,3,077233
07/09/16,21:45:00,3,035135
07/09/16,21:46:00,3,01731
07/09/16,21:47:00,3,122712
07/09/16,21:48:00,3,104431
07/09/16,21:49:00,3,065396
07/09/16,21:50:00,3,04587
07/09/16,21:51:00,3,146527
07/09/16,21:52:00,3,048789
07/09/16,21:53:00,3,048828
07/09/16,21:54:00,3,139572
07/09/16,21:55:00,3,040957
07/09/16,21:56:00,3,026573
07/09/16,21:57:00,3,046214
07/09/16,21:58:00,3,153583
07/09/16,21:59:00,3,040854
07/09/16,22:00:00,3,042981
07/09/16,22:01:00,3,041129
07/09/16,22:02:00,2,988229
07/09/16,22:03:00,3,012481
07/09/16,22:04:00,3,024101
07/09/16,22:05:00,3,155012
07/09/16,22:06:00,3,003089
07/09/16,22:07:00,3,022996
07/09/16,22:08:00,3,143835
07/09/16,22:09:00,3,054611
07/09/16,22:10:00,3,147554
07/09/16,22:11:00,3,013524
07/09/16,22:12:00,3,017208
07/09/16,22:13:00,3,105661
07/09/16,22:14:00,3,009209
07/09/16,22:15:00,2,993
07/09/16,22:16:00,3,11494
07/09/16,22:17:00,3,012694
07/09/16,22:18:00,3,113372
07/09/16,22:19:00,3,010759
07/09/16,22:20:00,2,975449
07/09/16,22:21:00,2,961272
07/09/16,22:22:00,2,969627
07/09/16,22:23:00,3,072068
07/09/16,22:24:00,3,081351
07/09/16,22:25:00,2,962197
07/09/16,22:26:00,3,009419
07/09/16,22:27:00,2,958251
07/09/16,22:28:00,3,148311
07/09/16,22:29:00,3,260573
07/09/16,22:30:00,3,179753
07/09/16,22:31:00,3,173505
07/09/16,22:32:00,3,298309
07/09/16,22:33:00,3,261775
07/09/16,22:34:00,3,321374
07/09/16,22:35:00,3,266033
07/09/16,22:36:00,3,237932
07/09/16,22:37:00,3,289441
07/09/16,22:38:00,3,380091
07/09/16,22:39:00,3,32982
07/09/16,22:40:00,3,215855
07/09/16,22:41:00,3,286131
07/09/16,22:42:00,3,293399
07/09/16,22:43:00,3,283647
07/09/16,22:44:00,3,300409
07/09/16,22:45:00,3,283593
07/09/16,22:46:00,3,271182
07/09/16,22:47:00,3,319397
07/09/16,22:48:00,3,236832
07/09/16,22:49:00,3,29526
07/09/16,22:50:00,3,417262
07/09/16,22:51:00,3,307724
07/09/16,22:52:00,3,281037
07/09/16,22:53:00,3,327572
07/09/16,22:54:00,3,31601
07/09/16,22:55:00,3,331687
07/09/16,22:56:00,3,296038
07/09/16,22:57:00,3,26876
07/09/16,22:58:00,3,283723
07/09/16,22:59:00,3,28163
07/09/16,23:00:00,3,322731
07/09/16,23:01:00,3,274005
07/09/16,23:02:00,3,287063
07/09/16,23:03:00,3,281582
07/09/16,23:04:00,3,304414
07/09/16,23:05:00,3,336388
07/09/16,23:06:00,3,278396
07/09/16,23:07:00,3,246231
07/09/16,23:08:00,3,340483
07/09/16,23:09:00,3,445092
07/09/16,23:10:00,3,3359
07/09/16,23:11:00,3,325568
07/09/16,23:12:00,3,235334
07/09/16,23:13:00,3,236252
07/09/16,23:14:00,3,344421
07/09/16,23:15:00,3,444438
07/09/16,23:16:00,3,433861
07/09/16,23:17:00,3,246564
07/09/16,23:18:00,3,43365
07/09/16,23:19:00,3,236516
07/09/16,23:20:00,3,432467
07/09/16,23:21:00,3,432452
07/09/16,23:22:00,3,236375
07/09/16,23:23:00,3,414043
07/09/16,23:24:00,3,528322
07/09/16,23:25:00,3,421461
07/09/16,23:26:00,3,378529
07/09/16,23:27:00,3,286434
07/09/16,23:28:00,3,465906
07/09/16,23:29:00,3,482573
07/09/16,23:30:00,3,34946
07/09/16,23:31:00,3,466205
07/09/16,23:32:00,3,35196
07/09/16,23:33:00,3,345632
07/09/16,23:34:00,3,384071
07/09/16,23:35:00,3,362295
07/09/16,23:36:00,3,351269
07/09/16,23:37:00,3,351867
07/09/16,23:38:00,3,345617
07/09/16,23:39:00,3,442927
07/09/16,23:40:00,3,533861
07/09/16,23:41:00,3,446092
07/09/16,23:42:00,3,31595
07/09/16,23:43:00,3,28524
07/09/16,23:44:00,3,29363
07/09/16,23:45:00,3,358057
07/09/16,23:46:00,3,413915
07/09/16,23:47:00,3,414066
07/09/16,23:48:00,3,401957
07/09/16,23:49:00,3,431004
07/09/16,23:50:00,3,42221
07/09/16,23:51:00,3,309978
07/09/16,23:52:00,3,280993
07/09/16,23:53:00,3,368609
07/09/16,23:54:00,3,399971
07/09/16,23:55:00,3,371071
07/09/16,23:56:00,3,307102
07/09/16,23:57:00,3,438391
07/09/16,23:58:00,3,371296
07/09/16,23:59:00,3,396922
07/10/16,00:00:00,
07/10/16,00:01:00,
07/10/16,00:02:00,
07/10/16,00:03:00,
07/10/16,00:04:00,
07/10/16,00:05:00,
07/10/16,00:06:00,
07/10/16,00:07:00,
07/10/16,00:08:00,
07/10/16,00:09:00,
07/10/16,00:10:00,
07/10/16,00:11:00,
07/10/16,00:12:00,
07/10/16,00:13:00,
07/10/16,00:14:00,
07/10/16,00:15:00,
07/10/16,00:16:00,
07/10/16,00:17:00,
07/10/16,00:18:00,
07/10/16,00:19:00,
07/10/16,00:20:00,
07/10/16,00:21:00,
07/10/16,00:22:00,
07/10/16,00:23:00,
07/10/16,00:24:00,
07/10/16,00:25:00,
07/10/16,00:26:00,
07/10/16,00:27:00,
07/10/16,00:28:00,
07/10/16,00:29:00,
07/10/16,00:30:00,
07/10/16,00:31:00,
07/10/16,00:32:00,
07/10/16,00:33:00,
07/10/16,00:34:00,
07/10/16,00:35:00,
07/10/16,00:36:00,
07/10/16,00:37:00,
07/10/16,00:38:00,
07/10/16,00:39:00,
07/10/16,00:40:00,
07/10/16,00:41:00,
07/10/16,00:42:00,
07/10/16,00:43:00,
07/10/16,00:44:00,
07/10/16,00:45:00,
07/10/16,00:46:00,
07/10/16,00:47:00,
07/10/16,00:48:00,
07/10/16,00:49:00,
07/10/16,00:50:00,
07/10/16,00:51:00,
07/10/16,00:52:00,
07/10/16,00:53:00,
07/10/16,00:54:00,
07/10/16,00:55:00,
07/10/16,00:56:00,
07/10/16,00:57:00,
07/10/16,00:58:00,
07/10/16,00:59:00,
07/10/16,01:00:00,
07/10/16,01:01:00,
07/10/16,01:02:00,
07/10/16,01:03:00,
07/10/16,01:04:00,
07/10/16,01:05:00,
07/10/16,01:06:00,
07/10/16,01:07:00,
07/10/16,01:08:00,
07/10/16,01:09:00,
07/10/16,01:10:00,
07/10/16,01:11:00,
07/10/16,01:12:00,
07/10/16,01:13:00,
07/10/16,01:14:00,
07/10/16,01:15:00,
07/10/16,01:16:00,
07/10/16,01:17:00,
07/10/16,01:18:00,
07/10/16,01:19:00,
07/10/16,01:20:00,
07/10/16,01:21:00,
07/10/16,01:22:00,
07/10/16,01:23:00,
07/10/16,01:24:00,
07/10/16,01:25:00,
07/10/16,01:26:00,
07/10/16,01:27:00,
07/10/16,01:28:00,
07/10/16,01:29:00,
07/10/16,01:30:00,
07/10/16,01:31:00,
07/10/16,01:32:00,
07/10/16,01:33:00,
07/10/16,01:34:00,
07/10/16,01:35:00,
07/10/16,01:36:00,
07/10/16,01:37:00,
07/10/16,01:38:00,
07/10/16,01:39:00,
07/10/16,01:40:00,
07/10/16,01:41:00,
07/10/16,01:42:00,
07/10/16,01:43:00,
07/10/16,01:44:00,
07/10/16,01:45:00,
07/10/16,01:46:00,
07/10/16,01:47:00,
07/10/16,01:48:00,
07/10/16,01:49:00,
07/10/16,01:50:00,
07/10/16,01:51:00,
07/10/16,01:52:00,
07/10/16,01:53:00,
07/10/16,01:54:00,
07/10/16,01:55:00,
07/10/16,01:56:00,
07/10/16,01:57:00,
07/10/16,01:58:00,
07/10/16,01:59:00,
07/10/16,02:00:00,
07/10/16,02:01:00,
07/10/16,02:02:00,
07/10/16,02:03:00,
07/10/16,02:04:00,
07/10/16,02:05:00,
07/10/16,02:06:00,
07/10/16,02:07:00,
07/10/16,02:08:00,
07/10/16,02:09:00,
07/10/16,02:10:00,
07/10/16,02:11:00,
07/10/16,02:12:00,
07/10/16,02:13:00,
07/10/16,02:14:00,
07/10/16,02:15:00,
07/10/16,02:16:00,
07/10/16,02:17:00,
07/10/16,02:18:00,
07/10/16,02:19:00,
07/10/16,02:20:00,
07/10/16,02:21:00,
07/10/16,02:22:00,
07/10/16,02:23:00,
07/10/16,02:24:00,
07/10/16,02:25:00,
07/10/16,02:26:00,
07/10/16,02:27:00,
07/10/16,02:28:00,
07/10/16,02:29:00,
07/10/16,02:30:00,
07/10/16,02:31:00,
07/10/16,02:32:00,
07/10/16,02:33:00,
07/10/16,02:34:00,
07/10/16,02:35:00,
07/10/16,02:36:00,
07/10/16,02:37:00,
07/10/16,02:38:00,
07/10/16,02:39:00,
07/10/16,02:40:00,
07/10/16,02:41:00,
07/10/16,02:42:00,
07/10/16,02:43:00,
07/10/16,02:44:00,
07/10/16,02:45:00,
07/10/16,02:46:00,
07/10/16,02:47:00,
07/10/16,02:48:00,
07/10/16,02:49:00,
07/10/16,02:50:00,
07/10/16,02:51:00,
07/10/16,02:52:00,
07/10/16,02:53:00,
07/10/16,02:54:00,
07/10/16,02:55:00,
07/10/16,02:56:00,
07/10/16,02:57:00,
07/10/16,02:58:00,
07/10/16,02:59:00,
07/10/16,03:00:00,
07/10/16,03:01:00,
07/10/16,03:02:00,
07/10/16,03:03:00,
07/10/16,03:04:00,
07/10/16,03:05:00,
07/10/16,03:06:00,
07/10/16,03:07:00,
07/10/16,03:08:00,
07/10/16,03:09:00,
07/10/16,03:10:00,
07/10/16,03:11:00,
07/10/16,03:12:00,
07/10/16,03:13:00,
07/10/16,03:14:00,
07/10/16,03:15:00,
07/10/16,03:16:00,
07/10/16,03:17:00,
07/10/16,03:18:00,
07/10/16,03:19:00,
07/10/16,03:20:00,
07/10/16,03:21:00,
07/10/16,03:22:00,
07/10/16,03:23:00,
07/10/16,03:24:00,
07/10/16,03:25:00,
07/10/16,03:26:00,
07/10/16,03:27:00,
07/10/16,03:28:00,
07/10/16,03:29:00,
07/10/16,03:30:00,
07/10/16,03:31:00,
07/10/16,03:32:00,
07/10/16,03:33:00,
07/10/16,03:34:00,
07/10/16,03:35:00,
07/10/16,03:36:00,
07/10/16,03:37:00,
07/10/16,03:38:00,
07/10/16,03:39:00,
07/10/16,03:40:00,
07/10/16,03:41:00,
07/10/16,03:42:00,
07/10/16,03:43:00,
07/10/16,03:44:00,
07/10/16,03:45:00,
07/10/16,03:46:00,
07/10/16,03:47:00,
07/10/16,03:48:00,
07/10/16,03:49:00,
07/10/16,03:50:00,
07/10/16,03:51:00,
07/10/16,03:52:00,
07/10/16,03:53:00,
07/10/16,03:54:00,
07/10/16,03:55:00,
07/10/16,03:56:00,
07/10/16,03:57:00,
07/10/16,03:58:00,
07/10/16,03:59:00,
07/10/16,04:00:00,
07/10/16,04:01:00,
07/10/16,04:02:00,
07/10/16,04:03:00,
07/10/16,04:04:00,
07/10/16,04:05:00,
07/10/16,04:06:00,
07/10/16,04:07:00,
07/10/16,04:08:00,
07/10/16,04:09:00,
07/10/16,04:10:00,
07/10/16,04:11:00,
07/10/16,04:12:00,
07/10/16,04:13:00,
07/10/16,04:14:00,
07/10/16,04:15:00,
07/10/16,04:16:00,
07/10/16,04:17:00,
07/10/16,04:18:00,
07/10/16,04:19:00,
07/10/16,04:20:00,
07/10/16,04:21:00,
07/10/16,04:22:00,
07/10/16,04:23:00,
07/10/16,04:24:00,
07/10/16,04:25:00,
07/10/16,04:26:00,
07/10/16,04:27:00,
07/10/16,04:28:00,
07/10/16,04:29:00,
07/10/16,04:30:00,
07/10/16,04:31:00,
07/10/16,04:32:00,
07/10/16,04:33:00,
07/10/16,04:34:00,
07/10/16,04:35:00,
07/10/16,04:36:00,
07/10/16,04:37:00,
07/10/16,04:38:00,
07/10/16,04:39:00,
07/10/16,04:40:00,
07/10/16,04:41:00,
07/10/16,04:42:00,
07/10/16,04:43:00,
07/10/16,04:44:00,
07/10/16,04:45:00,
07/10/16,04:46:00,
07/10/16,04:47:00,
07/10/16,04:48:00,
07/10/16,04:49:00,
07/10/16,04:50:00,
07/10/16,04:51:00,
07/10/16,04:52:00,
07/10/16,04:53:00,
07/10/16,04:54:00,
07/10/16,04:55:00,
07/10/16,04:56:00,
07/10/16,04:57:00,
07/10/16,04:58:00,
07/10/16,04:59:00,
07/10/16,05:00:00,
07/10/16,05:01:00,
07/10/16,05:02:00,
07/10/16,05:03:00,
07/10/16,05:04:00,
07/10/16,05:05:00,
07/10/16,05:06:00,
07/10/16,05:07:00,
07/10/16,05:08:00,
07/10/16,05:09:00,
07/10/16,05:10:00,
07/10/16,05:11:00,
07/10/16,05:12:00,
07/10/16,05:13:00,
07/10/16,05:14:00,
07/10/16,05:15:00,
07/10/16,05:16:00,
07/10/16,05:17:00,
07/10/16,05:18:00,
07/10/16,05:19:00,
07/10/16,05:20:00,
07/10/16,05:21:00,
07/10/16,05:22:00,
07/10/16,05:23:00,
07/10/16,05:24:00,
07/10/16,05:25:00,
07/10/16,05:26:00,
07/10/16,05:27:00,
07/10/16,05:28:00,
07/10/16,05:29:00,
07/10/16,05:30:00,
07/10/16,05:31:00,
07/10/16,05:32:00,
07/10/16,05:33:00,
07/10/16,05:34:00,
07/10/16,05:35:00,
07/10/16,05:36:00,
07/10/16,05:37:00,
07/10/16,05:38:00,
07/10/16,05:39:00,
07/10/16,05:40:00,
07/10/16,05:41:00,
07/10/16,05:42:00,
07/10/16,05:43:00,
07/10/16,05:44:00,
07/10/16,05:45:00,
07/10/16,05:46:00,
07/10/16,05:47:00,
07/10/16,05:48:00,
07/10/16,05:49:00,
07/10/16,05:50:00,
07/10/16,05:51:00,
07/10/16,05:52:00,
07/10/16,05:53:00,
07/10/16,05:54:00,
07/10/16,05:55:00,
07/10/16,05:56:00,
07/10/16,05:57:00,
07/10/16,05:58:00,
07/10/16,05:59:00,
07/10/16,06:00:00,
07/10/16,06:01:00,
07/10/16,06:02:00,
07/10/16,06:03:00,
07/10/16,06:04:00,
07/10/16,06:05:00,
07/10/16,06:06:00,
07/10/16,06:07:00,
07/10/16,06:08:00,
07/10/16,06:09:00,
07/10/16,06:10:00,
07/10/16,06:11:00,
07/10/16,06:12:00,
07/10/16,06:13:00,
07/10/16,06:14:00,
07/10/16,06:15:00,
07/10/16,06:16:00,
07/10/16,06:17:00,
07/10/16,06:18:00,
07/10/16,06:19:00,
07/10/16,06:20:00,
07/10/16,06:21:00,
07/10/16,06:22:00,
07/10/16,06:23:00,
07/10/16,06:24:00,
07/10/16,06:25:00,
07/10/16,06:26:00,
07/10/16,06:27:00,
07/10/16,06:28:00,
07/10/16,06:29:00,
07/10/16,06:30:00,
07/10/16,06:31:00,
07/10/16,06:32:00,
07/10/16,06:33:00,
07/10/16,06:34:00,
07/10/16,06:35:00,
07/10/16,06:36:00,
07/10/16,06:37:00,
07/10/16,06:38:00,
07/10/16,06:39:00,
07/10/16,06:40:00,
07/10/16,06:41:00,
07/10/16,06:42:00,
07/10/16,06:43:00,
07/10/16,06:44:00,
07/10/16,06:45:00,
07/10/16,06:46:00,
07/10/16,06:47:00,
07/10/16,06:48:00,
07/10/16,06:49:00,
07/10/16,06:50:00,
07/10/16,06:51:00,
07/10/16,06:52:00,
07/10/16,06:53:00,
07/10/16,06:54:00,
07/10/16,06:55:00,
07/10/16,06:56:00,
07/10/16,06:57:00,
07/10/16,06:58:00,
07/10/16,06:59:00,
07/10/16,07:00:00,
07/10/16,07:01:00,
07/10/16,07:02:00,
07/10/16,07:03:00,
07/10/16,07:04:00,
07/10/16,07:05:00,
07/10/16,07:06:00,
07/10/16,07:07:00,
07/10/16,07:08:00,
07/10/16,07:09:00,
07/10/16,07:10:00,
07/10/16,07:11:00,
07/10/16,07:12:00,
07/10/16,07:13:00,
07/10/16,07:14:00,
07/10/16,07:15:00,
07/10/16,07:16:00,
07/10/16,07:17:00,
07/10/16,07:18:00,
07/10/16,07:19:00,
07/10/16,07:20:00,
07/10/16,07:21:00,
07/10/16,07:22:00,
07/10/16,07:23:00,
07/10/16,07:24:00,
07/10/16,07:25:00,
07/10/16,07:26:00,
07/10/16,07:27:00,
07/10/16,07:28:00,
07/10/16,07:29:00,
07/10/16,07:30:00,
07/10/16,07:31:00,
07/10/16,07:32:00,
07/10/16,07:33:00,
07/10/16,07:34:00,
07/10/16,07:35:00,
07/10/16,07:36:00,
07/10/16,07:37:00,
07/10/16,07:38:00,
07/10/16,07:39:00,
07/10/16,07:40:00,
07/10/16,07:41:00,
07/10/16,07:42:00,
07/10/16,07:43:00,
07/10/16,07:44:00,
07/10/16,07:45:00,
07/10/16,07:46:00,
07/10/16,07:47:00,
07/10/16,07:48:00,
07/10/16,07:49:00,
07/10/16,07:50:00,
07/10/16,07:51:00,
07/10/16,07:52:00,
07/10/16,07:53:00,
07/10/16,07:54:00,
07/10/16,07:55:00,
07/10/16,07:56:00,
07/10/16,07:57:00,
07/10/16,07:58:00,
07/10/16,07:59:00,
07/10/16,08:00:00,
07/10/16,08:01:00,
07/10/16,08:02:00,
07/10/16,08:03:00,
07/10/16,08:04:00,
07/10/16,08:05:00,
07/10/16,08:06:00,
07/10/16,08:07:00,
07/10/16,08:08:00,
07/10/16,08:09:00,
07/10/16,08:10:00,
07/10/16,08:11:00,
07/10/16,08:12:00,
07/10/16,08:13:00,
07/10/16,08:14:00,
07/10/16,08:15:00,
07/10/16,08:16:00,
07/10/16,08:17:00,
07/10/16,08:18:00,
07/10/16,08:19:00,
07/10/16,08:20:00,
07/10/16,08:21:00,
07/10/16,08:22:00,
07/10/16,08:23:00,
07/10/16,08:24:00,
07/10/16,08:25:00,
07/10/16,08:26:00,
07/10/16,08:27:00,
07/10/16,08:28:00,
07/10/16,08:29:00,
07/10/16,08:30:00,
07/10/16,08:31:00,
07/10/16,08:32:00,
07/10/16,08:33:00,
07/10/16,08:34:00,
07/10/16,08:35:00,
07/10/16,08:36:00,
07/10/16,08:37:00,
07/10/16,08:38:00,
07/10/16,08:39:00,
07/10/16,08:40:00,
07/10/16,08:41:00,
07/10/16,08:42:00,
07/10/16,08:43:00,
07/10/16,08:44:00,
07/10/16,08:45:00,
07/10/16,08:46:00,
07/10/16,08:47:00,
07/10/16,08:48:00,
07/10/16,08:49:00,
07/10/16,08:50:00,
07/10/16,08:51:00,
07/10/16,08:52:00,
07/10/16,08:53:00,
07/10/16,08:54:00,
07/10/16,08:55:00,
07/10/16,08:56:00,
07/10/16,08:57:00,
07/10/16,08:58:00,
07/10/16,08:59:00,
07/10/16,09:00:00,
07/10/16,09:01:00,
07/10/16,09:02:00,
07/10/16,09:03:00,
07/10/16,09:04:00,
07/10/16,09:05:00,
07/10/16,09:06:00,
07/10/16,09:07:00,
07/10/16,09:08:00,
07/10/16,09:09:00,
07/10/16,09:10:00,
07/10/16,09:11:00,
07/10/16,09:12:00,
07/10/16,09:13:00,
07/10/16,09:14:00,
07/10/16,09:15:00,
07/10/16,09:16:00,
07/10/16,09:17:00,
07/10/16,09:18:00,
07/10/16,09:19:00,
07/10/16,09:20:00,
07/10/16,09:21:00,
07/10/16,09:22:00,
07/10/16,09:23:00,
07/10/16,09:24:00,
07/10/16,09:25:00,
07/10/16,09:26:00,
07/10/16,09:27:00,
07/10/16,09:28:00,
07/10/16,09:29:00,
07/10/16,09:30:00,
07/10/16,09:31:00,
07/10/16,09:32:00,
07/10/16,09:33:00,
07/10/16,09:34:00,
07/10/16,09:35:00,
07/10/16,09:36:00,
07/10/16,09:37:00,
07/10/16,09:38:00,
07/10/16,09:39:00,
07/10/16,09:40:00,
07/10/16,09:41:00,
07/10/16,09:42:00,
07/10/16,09:43:00,
07/10/16,09:44:00,
07/10/16,09:45:00,
07/10/16,09:46:00,
07/10/16,09:47:00,
07/10/16,09:48:00,
07/10/16,09:49:00,
07/10/16,09:50:00,
07/10/16,09:51:00,
07/10/16,09:52:00,
07/10/16,09:53:00,
07/10/16,09:54:00,
07/10/16,09:55:00,
07/10/16,09:56:00,
07/10/16,09:57:00,
07/10/16,09:58:00,
07/10/16,09:59:00,
07/10/16,10:00:00,
07/10/16,10:01:00,
07/10/16,10:02:00,
07/10/16,10:03:00,
07/10/16,10:04:00,
07/10/16,10:05:00,
07/10/16,10:06:00,
07/10/16,10:07:00,
07/10/16,10:08:00,
07/10/16,10:09:00,
07/10/16,10:10:00,
07/10/16,10:11:00,
07/10/16,10:12:00,
07/10/16,10:13:00,
07/10/16,10:14:00,
07/10/16,10:15:00,
07/10/16,10:16:00,
07/10/16,10:17:00,
07/10/16,10:18:00,
07/10/16,10:19:00,
07/10/16,10:20:00,
07/10/16,10:21:00,
07/10/16,10:22:00,
07/10/16,10:23:00,
07/10/16,10:24:00,
07/10/16,10:25:00,
07/10/16,10:26:00,
07/10/16,10:27:00,
07/10/16,10:28:00,
07/10/16,10:29:00,
07/10/16,10:30:00,
07/10/16,10:31:00,
07/10/16,10:32:00,
07/10/16,10:33:00,
07/10/16,10:34:00,
07/10/16,10:35:00,
07/10/16,10:36:00,
07/10/16,10:37:00,
07/10/16,10:38:00,
07/10/16,10:39:00,
07/10/16,10:40:00,
07/10/16,10:41:00,
07/10/16,10:42:00,
07/10/16,10:43:00,
07/10/16,10:44:00,
07/10/16,10:45:00,
07/10/16,10:46:00,
07/10/16,10:47:00,
07/10/16,10:48:00,
07/10/16,10:49:00,
07/10/16,10:50:00,
07/10/16,10:51:00,
07/10/16,10:52:00,
07/10/16,10:53:00,
07/10/16,10:54:00,
07/10/16,10:55:00,
07/10/16,10:56:00,
07/10/16,10:57:00,
07/10/16,10:58:00,
07/10/16,10:59:00,
07/10/16,11:00:00,
07/10/16,11:01:00,
07/10/16,11:02:00,
07/10/16,11:03:00,
07/10/16,11:04:00,
07/10/16,11:05:00,
07/10/16,11:06:00,
07/10/16,11:07:00,
07/10/16,11:08:00,
07/10/16,11:09:00,
07/10/16,11:10:00,
07/10/16,11:11:00,
07/10/16,11:12:00,
07/10/16,11:13:00,
07/10/16,11:14:00,
07/10/16,11:15:00,
07/10/16,11:16:00,
07/10/16,11:17:00,
07/10/16,11:18:00,
07/10/16,11:19:00,
07/10/16,11:20:00,
07/10/16,11:21:00,
07/10/16,11:22:00,
07/10/16,11:23:00,
07/10/16,11:24:00,
07/10/16,11:25:00,
07/10/16,11:26:00,
07/10/16,11:27:00,
07/10/16,11:28:00,
07/10/16,11:29:00,
07/10/16,11:30:00,
07/10/16,11:31:00,
07/10/16,11:32:00,
07/10/16,11:33:00,
07/10/16,11:34:00,
07/10/16,11:35:00,
07/10/16,11:36:00,
07/10/16,11:37:00,
07/10/16,11:38:00,
07/10/16,11:39:00,
07/10/16,11:40:00,
07/10/16,11:41:00,
07/10/16,11:42:00,
07/10/16,11:43:00,
07/10/16,11:44:00,
07/10/16,11:45:00,
07/10/16,11:46:00,
07/10/16,11:47:00,
07/10/16,11:48:00,
07/10/16,11:49:00,
07/10/16,11:50:00,
07/10/16,11:51:00,
07/10/16,11:52:00,
07/10/16,11:53:00,
07/10/16,11:54:00,
07/10/16,11:55:00,
07/10/16,11:56:00,
07/10/16,11:57:00,
07/10/16,11:58:00,
07/10/16,11:59:00,
07/10/16,12:00:00,
07/10/16,12:01:00,
07/10/16,12:02:00,
07/10/16,12:03:00,
07/10/16,12:04:00,
07/10/16,12:05:00,
07/10/16,12:06:00,
07/10/16,12:07:00,
07/10/16,12:08:00,
07/10/16,12:09:00,
07/10/16,12:10:00,
07/10/16,12:11:00,
07/10/16,12:12:00,
07/10/16,12:13:00,
07/10/16,12:14:00,
07/10/16,12:15:00,
07/10/16,12:16:00,
07/10/16,12:17:00,
07/10/16,12:18:00,
07/10/16,12:19:00,
07/10/16,12:20:00,
07/10/16,12:21:00,
07/10/16,12:22:00,
07/10/16,12:23:00,
07/10/16,12:24:00,
07/10/16,12:25:00,
07/10/16,12:26:00,
07/10/16,12:27:00,
07/10/16,12:28:00,
07/10/16,12:29:00,
07/10/16,12:30:00,
07/10/16,12:31:00,
07/10/16,12:32:00,
07/10/16,12:33:00,
07/10/16,12:34:00,
07/10/16,12:35:00,
07/10/16,12:36:00,
07/10/16,12:37:00,
07/10/16,12:38:00,
07/10/16,12:39:00,
07/10/16,12:40:00,
07/10/16,12:41:00,
07/10/16,12:42:00,
07/10/16,12:43:00,
07/10/16,12:44:00,
07/10/16,12:45:00,
07/10/16,12:46:00,
07/10/16,12:47:00,
07/10/16,12:48:00,
07/10/16,12:49:00,
07/10/16,12:50:00,
07/10/16,12:51:00,
07/10/16,12:52:00,
07/10/16,12:53:00,
07/10/16,12:54:00,
07/10/16,12:55:00,
07/10/16,12:56:00,
07/10/16,12:57:00,
07/10/16,12:58:00,
07/10/16,12:59:00,
07/10/16,13:00:00,
07/10/16,13:01:00,
07/10/16,13:02:00,
07/10/16,13:03:00,
07/10/16,13:04:00,
07/10/16,13:05:00,
07/10/16,13:06:00,
07/10/16,13:07:00,
07/10/16,13:08:00,
07/10/16,13:09:00,
07/10/16,13:10:00,
07/10/16,13:11:00,
07/10/16,13:12:00,
07/10/16,13:13:00,
07/10/16,13:14:00,
07/10/16,13:15:00,
07/10/16,13:16:00,
07/10/16,13:17:00,
07/10/16,13:18:00,
07/10/16,13:19:00,
07/10/16,13:20:00,
07/10/16,13:21:00,
07/10/16,13:22:00,
07/10/16,13:23:00,
07/10/16,13:24:00,
07/10/16,13:25:00,
07/10/16,13:26:00,
07/10/16,13:27:00,
07/10/16,13:28:00,
07/10/16,13:29:00,
07/10/16,13:30:00,
07/10/16,13:31:00,
07/10/16,13:32:00,
07/10/16,13:33:00,
07/10/16,13:34:00,
07/10/16,13:35:00,
07/10/16,13:36:00,
07/10/16,13:37:00,
07/10/16,13:38:00,
07/10/16,13:39:00,
07/10/16,13:40:00,
07/10/16,13:41:00,
07/10/16,13:42:00,
07/10/16,13:43:00,
07/10/16,13:44:00,
07/10/16,13:45:00,
07/10/16,13:46:00,
07/10/16,13:47:00,
07/10/16,13:48:00,
07/10/16,13:49:00,
07/10/16,13:50:00,
07/10/16,13:51:00,
07/10/16,13:52:00,
07/10/16,13:53:00,
07/10/16,13:54:00,
07/10/16,13:55:00,
07/10/16,13:56:00,
07/10/16,13:57:00,
07/10/16,13:58:00,
07/10/16,13:59:00,
07/10/16,14:00:00,
07/10/16,14:01:00,4,02756
07/10/16,14:02:00,3,929522
07/10/16,14:03:00,3,953865
07/10/16,14:04:00,3,932388
07/10/16,14:05:00,4,027895
07/10/16,14:06:00,
07/10/16,14:07:00,
07/10/16,14:08:00,
07/10/16,14:09:00,
07/10/16,14:10:00,
07/10/16,14:11:00,
07/10/16,14:12:00,
07/10/16,14:13:00,
07/10/16,14:14:00,
07/10/16,14:15:00,
07/10/16,14:16:00,
07/10/16,14:17:00,
07/10/16,14:18:00,
07/10/16,14:19:00,
07/10/16,14:20:00,
07/10/16,14:21:00,
07/10/16,14:22:00,
07/10/16,14:23:00,
07/10/16,14:24:00,
07/10/16,14:25:00,
07/10/16,14:26:00,
07/10/16,14:27:00,
07/10/16,14:28:00,
07/10/16,14:29:00,
07/10/16,14:30:00,
07/10/16,14:31:00,
07/10/16,14:32:00,
07/10/16,14:33:00,
07/10/16,14:34:00,
07/10/16,14:35:00,
07/10/16,14:36:00,
07/10/16,14:37:00,
07/10/16,14:38:00,
07/10/16,14:39:00,
07/10/16,14:40:00,
07/10/16,14:41:00,
07/10/16,14:42:00,
07/10/16,14:43:00,
07/10/16,14:44:00,
07/10/16,14:45:00,
07/10/16,14:46:00,
07/10/16,14:47:00,
07/10/16,14:48:00,
07/10/16,14:49:00,
07/10/16,14:50:00,
07/10/16,14:51:00,
07/10/16,14:52:00,
07/10/16,14:53:00,
07/10/16,14:54:00,
07/10/16,14:55:00,
07/10/16,14:56:00,
07/10/16,14:57:00,
07/10/16,14:58:00,
07/10/16,14:59:00,
07/10/16,15:00:00,
07/10/16,15:01:00,
07/10/16,15:02:00,
07/10/16,15:03:00,
07/10/16,15:04:00,
07/10/16,15:05:00,
07/10/16,15:06:00,
07/10/16,15:07:00,
07/10/16,15:08:00,
07/10/16,15:09:00,
07/10/16,15:10:00,
07/10/16,15:11:00,
07/10/16,15:12:00,
07/10/16,15:13:00,
07/10/16,15:14:00,
07/10/16,15:15:00,
07/10/16,15:16:00,
07/10/16,15:17:00,
07/10/16,15:18:00,
07/10/16,15:19:00,
07/10/16,15:20:00,
07/10/16,15:21:00,
07/10/16,15:22:00,
07/10/16,15:23:00,
07/10/16,15:24:00,
07/10/16,15:25:00,
07/10/16,15:26:00,
07/10/16,15:27:00,
07/10/16,15:28:00,
07/10/16,15:29:00,
07/10/16,15:30:00,
07/10/16,15:31:00,
07/10/16,15:32:00,
07/10/16,15:33:00,
07/10/16,15:34:00,
07/10/16,15:35:00,
07/10/16,15:36:00,
07/10/16,15:37:00,
07/10/16,15:38:00,
07/10/16,15:39:00,
07/10/16,15:40:00,
07/10/16,15:41:00,
07/10/16,15:42:00,
07/10/16,15:43:00,
07/10/16,15:44:00,
07/10/16,15:45:00,
07/10/16,15:46:00,
07/10/16,15:47:00,
07/10/16,15:48:00,
07/10/16,15:49:00,
07/10/16,15:50:00,
07/10/16,15:51:00,
07/10/16,15:52:00,
07/10/16,15:53:00,
07/10/16,15:54:00,
07/10/16,15:55:00,
07/10/16,15:56:00,
07/10/16,15:57:00,
07/10/16,15:58:00,
07/10/16,15:59:00,
07/10/16,16:00:00,
07/10/16,16:01:00,
07/10/16,16:02:00,
07/10/16,16:03:00,
07/10/16,16:04:00,
07/10/16,16:05:00,
07/10/16,16:06:00,
07/10/16,16:07:00,
07/10/16,16:08:00,
07/10/16,16:09:00,
07/10/16,16:10:00,
07/10/16,16:11:00,
07/10/16,16:12:00,
07/10/16,16:13:00,
07/10/16,16:14:00,
07/10/16,16:15:00,
07/10/16,16:16:00,
07/10/16,16:17:00,
07/10/16,16:18:00,
07/10/16,16:19:00,
07/10/16,16:20:00,
07/10/16,16:21:00,
07/10/16,16:22:00,
07/10/16,16:23:00,
07/10/16,16:24:00,
07/10/16,16:25:00,
07/10/16,16:26:00,
07/10/16,16:27:00,
07/10/16,16:28:00,
07/10/16,16:29:00,
07/10/16,16:30:00,
07/10/16,16:31:00,
07/10/16,16:32:00,
07/10/16,16:33:00,
07/10/16,16:34:00,
07/10/16,16:35:00,
07/10/16,16:36:00,
07/10/16,16:37:00,
07/10/16,16:38:00,
07/10/16,16:39:00,
07/10/16,16:40:00,
07/10/16,16:41:00,
07/10/16,16:42:00,
07/10/16,16:43:00,
07/10/16,16:44:00,
07/10/16,16:45:00,
07/10/16,16:46:00,
07/10/16,16:47:00,
07/10/16,16:48:00,
07/10/16,16:49:00,
07/10/16,16:50:00,
07/10/16,16:51:00,
07/10/16,16:52:00,
07/10/16,16:53:00,
07/10/16,16:54:00,
07/10/16,16:55:00,
07/10/16,16:56:00,
07/10/16,16:57:00,
07/10/16,16:58:00,
07/10/16,16:59:00,
07/10/16,17:00:00,
07/10/16,17:01:00,
07/10/16,17:02:00,
07/10/16,17:03:00,
07/10/16,17:04:00,
07/10/16,17:05:00,
07/10/16,17:06:00,
07/10/16,17:07:00,
07/10/16,17:08:00,
07/10/16,17:09:00,
07/10/16,17:10:00,
07/10/16,17:11:00,
07/10/16,17:12:00,
07/10/16,17:13:00,
07/10/16,17:14:00,
07/10/16,17:15:00,
07/10/16,17:16:00,
07/10/16,17:17:00,
07/10/16,17:18:00,
07/10/16,17:19:00,
07/10/16,17:20:00,
07/10/16,17:21:00,
07/10/16,17:22:00,
07/10/16,17:23:00,
07/10/16,17:24:00,
07/10/16,17:25:00,
07/10/16,17:26:00,
07/10/16,17:27:00,
07/10/16,17:28:00,
07/10/16,17:29:00,
07/10/16,17:30:00,
07/10/16,17:31:00,
07/10/16,17:32:00,
07/10/16,17:33:00,
07/10/16,17:34:00,
07/10/16,17:35:00,
07/10/16,17:36:00,
07/10/16,17:37:00,
07/10/16,17:38:00,
07/10/16,17:39:00,
07/10/16,17:40:00,
07/10/16,17:41:00,
07/10/16,17:42:00,
07/10/16,17:43:00,
07/10/16,17:44:00,
07/10/16,17:45:00,
07/10/16,17:46:00,
07/10/16,17:47:00,
07/10/16,17:48:00,
07/10/16,17:49:00,
07/10/16,17:50:00,
07/10/16,17:51:00,
07/10/16,17:52:00,
07/10/16,17:53:00,
07/10/16,17:54:00,
07/10/16,17:55:00,
07/10/16,17:56:00,
07/10/16,17:57:00,
07/10/16,17:58:00,
07/10/16,17:59:00,
07/10/16,18:00:00,
07/10/16,18:01:00,
07/10/16,18:02:00,
07/10/16,18:03:00,
07/10/16,18:04:00,
07/10/16,18:05:00,
07/10/16,18:06:00,
07/10/16,18:07:00,
07/10/16,18:08:00,
07/10/16,18:09:00,
07/10/16,18:10:00,
07/10/16,18:11:00,
07/10/16,18:12:00,
07/10/16,18:13:00,
07/10/16,18:14:00,
07/10/16,18:15:00,
07/10/16,18:16:00,
07/10/16,18:17:00,
07/10/16,18:18:00,
07/10/16,18:19:00,
07/10/16,18:20:00,
07/10/16,18:21:00,
07/10/16,18:22:00,
07/10/16,18:23:00,
07/10/16,18:24:00,
07/10/16,18:25:00,
07/10/16,18:26:00,
07/10/16,18:27:00,
07/10/16,18:28:00,
07/10/16,18:29:00,
07/10/16,18:30:00,
07/10/16,18:31:00,
07/10/16,18:32:00,
07/10/16,18:33:00,
07/10/16,18:34:00,
07/10/16,18:35:00,
07/10/16,18:36:00,
07/10/16,18:37:00,
07/10/16,18:38:00,
07/10/16,18:39:00,
07/10/16,18:40:00,
07/10/16,18:41:00,
07/10/16,18:42:00,
07/10/16,18:43:00,
07/10/16,18:44:00,
07/10/16,18:45:00,
07/10/16,18:46:00,
07/10/16,18:47:00,
07/10/16,18:48:00,
07/10/16,18:49:00,
07/10/16,18:50:00,
07/10/16,18:51:00,
07/10/16,18:52:00,
07/10/16,18:53:00,
07/10/16,18:54:00,
07/10/16,18:55:00,
07/10/16,18:56:00,
07/10/16,18:57:00,
07/10/16,18:58:00,
07/10/16,18:59:00,
07/10/16,19:00:00,
07/10/16,19:01:00,
07/10/16,19:02:00,
07/10/16,19:03:00,
07/10/16,19:04:00,
07/10/16,19:05:00,
07/10/16,19:06:00,
07/10/16,19:07:00,
07/10/16,19:08:00,
07/10/16,19:09:00,
07/10/16,19:10:00,
07/10/16,19:11:00,
07/10/16,19:12:00,
07/10/16,19:13:00,
07/10/16,19:14:00,
07/10/16,19:15:00,
07/10/16,19:16:00,
07/10/16,19:17:00,
07/10/16,19:18:00,
07/10/16,19:19:00,
07/10/16,19:20:00,
07/10/16,19:21:00,
07/10/16,19:22:00,
07/10/16,19:23:00,
07/10/16,19:24:00,
07/10/16,19:25:00,
07/10/16,19:26:00,
07/10/16,19:27:00,
07/10/16,19:28:00,
07/10/16,19:29:00,
07/10/16,19:30:00,
07/10/16,19:31:00,
07/10/16,19:32:00,
07/10/16,19:33:00,
07/10/16,19:34:00,
07/10/16,19:35:00,
07/10/16,19:36:00,
07/10/16,19:37:00,
07/10/16,19:38:00,
07/10/16,19:39:00,
07/10/16,19:40:00,
07/10/16,19:41:00,
07/10/16,19:42:00,
07/10/16,19:43:00,
07/10/16,19:44:00,
07/10/16,19:45:00,
07/10/16,19:46:00,
07/10/16,19:47:00,
07/10/16,19:48:00,
07/10/16,19:49:00,
07/10/16,19:50:00,
07/10/16,19:51:00,
07/10/16,19:52:00,
07/10/16,19:53:00,
07/10/16,19:54:00,
07/10/16,19:55:00,
07/10/16,19:56:00,
07/10/16,19:57:00,
07/10/16,19:58:00,
07/10/16,19:59:00,
07/10/16,20:00:00,
07/10/16,20:01:00,
07/10/16,20:02:00,
07/10/16,20:03:00,
07/10/16,20:04:00,
07/10/16,20:05:00,
07/10/16,20:06:00,
07/10/16,20:07:00,
07/10/16,20:08:00,
07/10/16,20:09:00,
07/10/16,20:10:00,
07/10/16,20:11:00,
07/10/16,20:12:00,
07/10/16,20:13:00,
07/10/16,20:14:00,
07/10/16,20:15:00,
07/10/16,20:16:00,
07/10/16,20:17:00,
07/10/16,20:18:00,
07/10/16,20:19:00,
07/10/16,20:20:00,
07/10/16,20:21:00,
07/10/16,20:22:00,
07/10/16,20:23:00,
07/10/16,20:24:00,
07/10/16,20:25:00,
07/10/16,20:26:00,
07/10/16,20:27:00,
07/10/16,20:28:00,
07/10/16,20:29:00,
07/10/16,20:30:00,
07/10/16,20:31:00,
07/10/16,20:32:00,
07/10/16,20:33:00,
07/10/16,20:34:00,
07/10/16,20:35:00,
07/10/16,20:36:00,
07/10/16,20:37:00,
07/10/16,20:38:00,
07/10/16,20:39:00,
07/10/16,20:40:00,
07/10/16,20:41:00,
07/10/16,20:42:00,
07/10/16,20:43:00,
07/10/16,20:44:00,
07/10/16,20:45:00,
07/10/16,20:46:00,
07/10/16,20:47:00,
07/10/16,20:48:00,
07/10/16,20:49:00,
07/10/16,20:50:00,
07/10/16,20:51:00,
07/10/16,20:52:00,
07/10/16,20:53:00,
07/10/16,20:54:00,
07/10/16,20:55:00,
07/10/16,20:56:00,
07/10/16,20:57:00,
07/10/16,20:58:00,
07/10/16,20:59:00,
07/10/16,21:00:00,
07/10/16,21:01:00,
07/10/16,21:02:00,
07/10/16,21:03:00,
07/10/16,21:04:00,
07/10/16,21:05:00,
07/10/16,21:06:00,
07/10/16,21:07:00,
07/10/16,21:08:00,
07/10/16,21:09:00,
07/10/16,21:10:00,
07/10/16,21:11:00,
07/10/16,21:12:00,
07/10/16,21:13:00,
07/10/16,21:14:00,
07/10/16,21:15:00,
07/10/16,21:16:00,
07/10/16,21:17:00,
07/10/16,21:18:00,
07/10/16,21:19:00,
07/10/16,21:20:00,
07/10/16,21:21:00,
07/10/16,21:22:00,
07/10/16,21:23:00,
07/10/16,21:24:00,
07/10/16,21:25:00,
07/10/16,21:26:00,
07/10/16,21:27:00,
07/10/16,21:28:00,
07/10/16,21:29:00,
07/10/16,21:30:00,
07/10/16,21:31:00,
07/10/16,21:32:00,
07/10/16,21:33:00,
07/10/16,21:34:00,
07/10/16,21:35:00,
07/10/16,21:36:00,
07/10/16,21:37:00,
07/10/16,21:38:00,
07/10/16,21:39:00,
07/10/16,21:40:00,
07/10/16,21:41:00,
07/10/16,21:42:00,
07/10/16,21:43:00,
07/10/16,21:44:00,
07/10/16,21:45:00,
07/10/16,21:46:00,
07/10/16,21:47:00,
07/10/16,21:48:00,
07/10/16,21:49:00,
07/10/16,21:50:00,
07/10/16,21:51:00,
07/10/16,21:52:00,
07/10/16,21:53:00,
07/10/16,21:54:00,
07/10/16,21:55:00,
07/10/16,21:56:00,
07/10/16,21:57:00,
07/10/16,21:58:00,
07/10/16,21:59:00,
07/10/16,22:00:00,
07/10/16,22:01:00,
07/10/16,22:02:00,
07/10/16,22:03:00,
07/10/16,22:04:00,
07/10/16,22:05:00,
07/10/16,22:06:00,
07/10/16,22:07:00,
07/10/16,22:08:00,
07/10/16,22:09:00,
07/10/16,22:10:00,
07/10/16,22:11:00,
07/10/16,22:12:00,
07/10/16,22:13:00,
07/10/16,22:14:00,
07/10/16,22:15:00,
07/10/16,22:16:00,
07/10/16,22:17:00,
07/10/16,22:18:00,
07/10/16,22:19:00,
07/10/16,22:20:00,
07/10/16,22:21:00,
07/10/16,22:22:00,
07/10/16,22:23:00,
07/10/16,22:24:00,
07/10/16,22:25:00,
07/10/16,22:26:00,
07/10/16,22:27:00,
07/10/16,22:28:00,
07/10/16,22:29:00,
07/10/16,22:30:00,
07/10/16,22:31:00,
07/10/16,22:32:00,
07/10/16,22:33:00,
07/10/16,22:34:00,
07/10/16,22:35:00,
07/10/16,22:36:00,
07/10/16,22:37:00,
07/10/16,22:38:00,
07/10/16,22:39:00,
07/10/16,22:40:00,
07/10/16,22:41:00,
07/10/16,22:42:00,
07/10/16,22:43:00,
07/10/16,22:44:00,
07/10/16,22:45:00,
07/10/16,22:46:00,
07/10/16,22:47:00,
07/10/16,22:48:00,
07/10/16,22:49:00,
07/10/16,22:50:00,
07/10/16,22:51:00,
07/10/16,22:52:00,
07/10/16,22:53:00,
07/10/16,22:54:00,
07/10/16,22:55:00,
07/10/16,22:56:00,
07/10/16,22:57:00,
07/10/16,22:58:00,
07/10/16,22:59:00,
07/10/16,23:00:00,
07/10/16,23:01:00,
07/10/16,23:02:00,
07/10/16,23:03:00,
07/10/16,23:04:00,
07/10/16,23:05:00,
07/10/16,23:06:00,
07/10/16,23:07:00,
07/10/16,23:08:00,
07/10/16,23:09:00,
07/10/16,23:10:00,
07/10/16,23:11:00,
07/10/16,23:12:00,
07/10/16,23:13:00,
07/10/16,23:14:00,
07/10/16,23:15:00,
07/10/16,23:16:00,
07/10/16,23:17:00,
07/10/16,23:18:00,
07/10/16,23:19:00,
07/10/16,23:20:00,
07/10/16,23:21:00,
07/10/16,23:22:00,
07/10/16,23:23:00,
07/10/16,23:24:00,
07/10/16,23:25:00,
07/10/16,23:26:00,
07/10/16,23:27:00,
07/10/16,23:28:00,
07/10/16,23:29:00,
07/10/16,23:30:00,
07/10/16,23:31:00,
07/10/16,23:32:00,
07/10/16,23:33:00,
07/10/16,23:34:00,
07/10/16,23:35:00,
07/10/16,23:36:00,
07/10/16,23:37:00,
07/10/16,23:38:00,
07/10/16,23:39:00,
07/10/16,23:40:00,
07/10/16,23:41:00,
07/10/16,23:42:00,
07/10/16,23:43:00,
07/10/16,23:44:00,
07/10/16,23:45:00,
07/10/16,23:46:00,
07/10/16,23:47:00,
07/10/16,23:48:00,
07/10/16,23:49:00,
07/10/16,23:50:00,
07/10/16,23:51:00,
07/10/16,23:52:00,
07/10/16,23:53:00,
07/10/16,23:54:00,
07/10/16,23:55:00,
07/10/16,23:56:00,
07/10/16,23:57:00,
07/10/16,23:58:00,
07/10/16,23:59:00,
07/11/16,00:00:00,
07/11/16,00:01:00,
07/11/16,00:02:00,
07/11/16,00:03:00,
07/11/16,00:04:00,
07/11/16,00:05:00,
07/11/16,00:06:00,
07/11/16,00:07:00,
07/11/16,00:08:00,
07/11/16,00:09:00,
07/11/16,00:10:00,
07/11/16,00:11:00,
07/11/16,00:12:00,
07/11/16,00:13:00,
07/11/16,00:14:00,
07/11/16,00:15:00,
07/11/16,00:16:00,
07/11/16,00:17:00,
07/11/16,00:18:00,
07/11/16,00:19:00,
07/11/16,00:20:00,
07/11/16,00:21:00,
07/11/16,00:22:00,
07/11/16,00:23:00,
07/11/16,00:24:00,
07/11/16,00:25:00,
07/11/16,00:26:00,
07/11/16,00:27:00,
07/11/16,00:28:00,
07/11/16,00:29:00,
07/11/16,00:30:00,
07/11/16,00:31:00,
07/11/16,00:32:00,
07/11/16,00:33:00,
07/11/16,00:34:00,
07/11/16,00:35:00,
07/11/16,00:36:00,
07/11/16,00:37:00,
07/11/16,00:38:00,
07/11/16,00:39:00,
07/11/16,00:40:00,
07/11/16,00:41:00,
07/11/16,00:42:00,
07/11/16,00:43:00,
07/11/16,00:44:00,
07/11/16,00:45:00,
07/11/16,00:46:00,
07/11/16,00:47:00,
07/11/16,00:48:00,
07/11/16,00:49:00,
07/11/16,00:50:00,
07/11/16,00:51:00,
07/11/16,00:52:00,
07/11/16,00:53:00,
07/11/16,00:54:00,
07/11/16,00:55:00,
07/11/16,00:56:00,
07/11/16,00:57:00,
07/11/16,00:58:00,
07/11/16,00:59:00,
07/11/16,01:00:00,
07/11/16,01:01:00,
07/11/16,01:02:00,
07/11/16,01:03:00,
07/11/16,01:04:00,
07/11/16,01:05:00,
07/11/16,01:06:00,
07/11/16,01:07:00,
07/11/16,01:08:00,
07/11/16,01:09:00,
07/11/16,01:10:00,
07/11/16,01:11:00,
07/11/16,01:12:00,
07/11/16,01:13:00,
07/11/16,01:14:00,
07/11/16,01:15:00,
07/11/16,01:16:00,
07/11/16,01:17:00,
07/11/16,01:18:00,
07/11/16,01:19:00,
07/11/16,01:20:00,
07/11/16,01:21:00,
07/11/16,01:22:00,
07/11/16,01:23:00,
07/11/16,01:24:00,
07/11/16,01:25:00,
07/11/16,01:26:00,
07/11/16,01:27:00,
07/11/16,01:28:00,
07/11/16,01:29:00,
07/11/16,01:30:00,
07/11/16,01:31:00,
07/11/16,01:32:00,
07/11/16,01:33:00,
07/11/16,01:34:00,
07/11/16,01:35:00,
07/11/16,01:36:00,
07/11/16,01:37:00,
07/11/16,01:38:00,
07/11/16,01:39:00,
07/11/16,01:40:00,
07/11/16,01:41:00,
07/11/16,01:42:00,
07/11/16,01:43:00,
07/11/16,01:44:00,
07/11/16,01:45:00,
07/11/16,01:46:00,
07/11/16,01:47:00,
07/11/16,01:48:00,
07/11/16,01:49:00,
07/11/16,01:50:00,
07/11/16,01:51:00,
07/11/16,01:52:00,
07/11/16,01:53:00,
07/11/16,01:54:00,
07/11/16,01:55:00,
07/11/16,01:56:00,
07/11/16,01:57:00,
07/11/16,01:58:00,
07/11/16,01:59:00,
07/11/16,02:00:00,
07/11/16,02:01:00,
07/11/16,02:02:00,
07/11/16,02:03:00,
07/11/16,02:04:00,
07/11/16,02:05:00,
07/11/16,02:06:00,
07/11/16,02:07:00,
07/11/16,02:08:00,
07/11/16,02:09:00,
07/11/16,02:10:00,
07/11/16,02:11:00,
07/11/16,02:12:00,
07/11/16,02:13:00,
07/11/16,02:14:00,
07/11/16,02:15:00,
07/11/16,02:16:00,
07/11/16,02:17:00,
07/11/16,02:18:00,
07/11/16,02:19:00,
07/11/16,02:20:00,
07/11/16,02:21:00,
07/11/16,02:22:00,
07/11/16,02:23:00,
07/11/16,02:24:00,
07/11/16,02:25:00,
07/11/16,02:26:00,
07/11/16,02:27:00,
07/11/16,02:28:00,
07/11/16,02:29:00,
07/11/16,02:30:00,
07/11/16,02:31:00,
07/11/16,02:32:00,
07/11/16,02:33:00,
07/11/16,02:34:00,
07/11/16,02:35:00,
07/11/16,02:36:00,
07/11/16,02:37:00,
07/11/16,02:38:00,
07/11/16,02:39:00,
07/11/16,02:40:00,
07/11/16,02:41:00,
07/11/16,02:42:00,
07/11/16,02:43:00,
07/11/16,02:44:00,
07/11/16,02:45:00,
07/11/16,02:46:00,
07/11/16,02:47:00,
07/11/16,02:48:00,
07/11/16,02:49:00,
07/11/16,02:50:00,
07/11/16,02:51:00,
07/11/16,02:52:00,
07/11/16,02:53:00,
07/11/16,02:54:00,
07/11/16,02:55:00,
07/11/16,02:56:00,
07/11/16,02:57:00,
07/11/16,02:58:00,
07/11/16,02:59:00,
07/11/16,03:00:00,
07/11/16,03:01:00,
07/11/16,03:02:00,
07/11/16,03:03:00,
07/11/16,03:04:00,
07/11/16,03:05:00,
07/11/16,03:06:00,
07/11/16,03:07:00,
07/11/16,03:08:00,
07/11/16,03:09:00,
07/11/16,03:10:00,
07/11/16,03:11:00,
07/11/16,03:12:00,
07/11/16,03:13:00,
07/11/16,03:14:00,
07/11/16,03:15:00,
07/11/16,03:16:00,
07/11/16,03:17:00,
07/11/16,03:18:00,
07/11/16,03:19:00,
07/11/16,03:20:00,
07/11/16,03:21:00,
07/11/16,03:22:00,
07/11/16,03:23:00,
07/11/16,03:24:00,
07/11/16,03:25:00,
07/11/16,03:26:00,
07/11/16,03:27:00,
07/11/16,03:28:00,
07/11/16,03:29:00,
07/11/16,03:30:00,
07/11/16,03:31:00,
07/11/16,03:32:00,
07/11/16,03:33:00,
07/11/16,03:34:00,
07/11/16,03:35:00,
07/11/16,03:36:00,
07/11/16,03:37:00,
07/11/16,03:38:00,
07/11/16,03:39:00,
07/11/16,03:40:00,
07/11/16,03:41:00,
07/11/16,03:42:00,
07/11/16,03:43:00,
07/11/16,03:44:00,
07/11/16,03:45:00,
07/11/16,03:46:00,
07/11/16,03:47:00,
07/11/16,03:48:00,
07/11/16,03:49:00,
07/11/16,03:50:00,
07/11/16,03:51:00,
07/11/16,03:52:00,
07/11/16,03:53:00,
07/11/16,03:54:00,
07/11/16,03:55:00,
07/11/16,03:56:00,
07/11/16,03:57:00,
07/11/16,03:58:00,
07/11/16,03:59:00,
07/11/16,04:00:00,
07/11/16,04:01:00,
07/11/16,04:02:00,
07/11/16,04:03:00,
07/11/16,04:04:00,
07/11/16,04:05:00,
07/11/16,04:06:00,
07/11/16,04:07:00,
07/11/16,04:08:00,
07/11/16,04:09:00,
07/11/16,04:10:00,
07/11/16,04:11:00,
07/11/16,04:12:00,
07/11/16,04:13:00,
07/11/16,04:14:00,
07/11/16,04:15:00,
07/11/16,04:16:00,
07/11/16,04:17:00,
07/11/16,04:18:00,
07/11/16,04:19:00,
07/11/16,04:20:00,
07/11/16,04:21:00,
07/11/16,04:22:00,
07/11/16,04:23:00,
07/11/16,04:24:00,
07/11/16,04:25:00,
07/11/16,04:26:00,
07/11/16,04:27:00,
07/11/16,04:28:00,
07/11/16,04:29:00,
07/11/16,04:30:00,
07/11/16,04:31:00,
07/11/16,04:32:00,
07/11/16,04:33:00,
07/11/16,04:34:00,
07/11/16,04:35:00,
07/11/16,04:36:00,
07/11/16,04:37:00,
07/11/16,04:38:00,
07/11/16,04:39:00,
07/11/16,04:40:00,
07/11/16,04:41:00,
07/11/16,04:42:00,
07/11/16,04:43:00,
07/11/16,04:44:00,
07/11/16,04:45:00,
07/11/16,04:46:00,
07/11/16,04:47:00,
07/11/16,04:48:00,
07/11/16,04:49:00,
07/11/16,04:50:00,
07/11/16,04:51:00,
07/11/16,04:52:00,
07/11/16,04:53:00,
07/11/16,04:54:00,
07/11/16,04:55:00,
07/11/16,04:56:00,
07/11/16,04:57:00,
07/11/16,04:58:00,
07/11/16,04:59:00,
07/11/16,05:00:00,
07/11/16,05:01:00,
07/11/16,05:02:00,
07/11/16,05:03:00,
07/11/16,05:04:00,
07/11/16,05:05:00,
07/11/16,05:06:00,
07/11/16,05:07:00,
07/11/16,05:08:00,
07/11/16,05:09:00,
07/11/16,05:10:00,
07/11/16,05:11:00,
07/11/16,05:12:00,
07/11/16,05:13:00,
07/11/16,05:14:00,
07/11/16,05:15:00,
07/11/16,05:16:00,
07/11/16,05:17:00,
07/11/16,05:18:00,
07/11/16,05:19:00,
07/11/16,05:20:00,
07/11/16,05:21:00,
07/11/16,05:22:00,
07/11/16,05:23:00,
07/11/16,05:24:00,
07/11/16,05:25:00,
07/11/16,05:26:00,
07/11/16,05:27:00,
07/11/16,05:28:00,
07/11/16,05:29:00,
07/11/16,05:30:00,
07/11/16,05:31:00,
07/11/16,05:32:00,
07/11/16,05:33:00,
07/11/16,05:34:00,
07/11/16,05:35:00,
07/11/16,05:36:00,
07/11/16,05:37:00,
07/11/16,05:38:00,
07/11/16,05:39:00,
07/11/16,05:40:00,
07/11/16,05:41:00,
07/11/16,05:42:00,
07/11/16,05:43:00,
07/11/16,05:44:00,
07/11/16,05:45:00,
07/11/16,05:46:00,
07/11/16,05:47:00,
07/11/16,05:48:00,
07/11/16,05:49:00,
07/11/16,05:50:00,
07/11/16,05:51:00,
07/11/16,05:52:00,
07/11/16,05:53:00,
07/11/16,05:54:00,
07/11/16,05:55:00,
07/11/16,05:56:00,
07/11/16,05:57:00,
07/11/16,05:58:00,
07/11/16,05:59:00,
07/11/16,06:00:00,
07/11/16,06:01:00,
07/11/16,06:02:00,
07/11/16,06:03:00,
07/11/16,06:04:00,
07/11/16,06:05:00,
07/11/16,06:06:00,
07/11/16,06:07:00,
07/11/16,06:08:00,
07/11/16,06:09:00,
07/11/16,06:10:00,
07/11/16,06:11:00,
07/11/16,06:12:00,
07/11/16,06:13:00,
07/11/16,06:14:00,
07/11/16,06:15:00,
07/11/16,06:16:00,
07/11/16,06:17:00,
07/11/16,06:18:00,
07/11/16,06:19:00,
07/11/16,06:20:00,
07/11/16,06:21:00,
07/11/16,06:22:00,
07/11/16,06:23:00,
07/11/16,06:24:00,
07/11/16,06:25:00,
07/11/16,06:26:00,
07/11/16,06:27:00,
07/11/16,06:28:00,
07/11/16,06:29:00,
07/11/16,06:30:00,
07/11/16,06:31:00,
07/11/16,06:32:00,
07/11/16,06:33:00,
07/11/16,06:34:00,
07/11/16,06:35:00,
07/11/16,06:36:00,
07/11/16,06:37:00,
07/11/16,06:38:00,
07/11/16,06:39:00,3,783305
07/11/16,06:40:00,3,70414
07/11/16,06:41:00,3,921053
07/11/16,06:42:00,2,666904
07/11/16,06:43:00,1,80942
07/11/16,06:44:00,1,534459
07/11/16,06:45:00,1,179203
07/11/16,06:46:00,1,47608
07/11/16,06:47:00,1,380089
07/11/16,06:48:00,1,24967
07/11/16,06:49:00,1,296097
07/11/16,06:50:00,1,469836
07/11/16,06:51:00,1,407657
07/11/16,06:52:00,1,246268
07/11/16,06:53:00,1,259112
07/11/16,06:54:00,1,415389
07/11/16,06:55:00,1,367737
07/11/16,06:56:00,1,366362
07/11/16,06:57:00,1,624087
07/11/16,06:58:00,1,74709
07/11/16,06:59:00,1,907051
07/11/16,07:00:00,2,675463
07/11/16,07:01:00,2,800133
07/11/16,07:02:00,2,579841
07/11/16,07:03:00,2,639695
07/11/16,07:04:00,2,535042
07/11/16,07:05:00,2,315112
07/11/16,07:06:00,1,530489
07/11/16,07:07:00,1,438581
07/11/16,07:08:00,1,363224
07/11/16,07:09:00,1,400326
07/11/16,07:10:00,1,322994
07/11/16,07:11:00,1,430488
07/11/16,07:12:00,1,556758
07/11/16,07:13:00,1,246135
07/11/16,07:14:00,1,413861
07/11/16,07:15:00,1,338335
07/11/16,07:16:00,1,453931
07/11/16,07:17:00,1,258165
07/11/16,07:18:00,1,323691
07/11/16,07:19:00,1,442879
07/11/16,07:20:00,1,400898
07/11/16,07:21:00,1,404485
07/11/16,07:22:00,1,003447
07/11/16,07:23:00,0
07/11/16,07:24:00,0,8519163
07/11/16,07:25:00,1,133904
07/11/16,07:26:00,1,343027
07/11/16,07:27:00,1,478318
07/11/16,07:28:00,1,476904
07/11/16,07:29:00,1,407951
07/11/16,07:30:00,1,397057
07/11/16,07:31:00,1,312056
07/11/16,07:32:00,1,566579
07/11/16,07:33:00,8,437104
07/11/16,07:34:00,8,00559
07/11/16,07:35:00,4,865451
07/11/16,07:36:00,7,75437
07/11/16,07:37:00,6,671207
07/11/16,07:38:00,5,709999
07/11/16,07:39:00,6,855883
07/11/16,07:40:00,6,08349
07/11/16,07:41:00,6,244687
07/11/16,07:42:00,6,826155
07/11/16,07:43:00,0,6273581
07/11/16,07:44:00,1,202094
07/11/16,07:45:00,2,903554
07/11/16,07:46:00,0,4564174
07/11/16,07:47:00,1,589745
07/11/16,07:48:00,1,416287
07/11/16,07:49:00,0,6420957
07/11/16,07:50:00,1,368828
07/11/16,07:51:00,1,008835
07/11/16,07:52:00,0,8234684
07/11/16,07:53:00,0,911194
07/11/16,07:54:00,0,7369306
07/11/16,07:55:00,0,6131097
07/11/16,07:56:00,0,6166247
07/11/16,07:57:00,0,6190716
07/11/16,07:58:00,0,4223366
07/11/16,07:59:00,0,5061059
07/11/16,08:00:00,0,378211
07/11/16,08:01:00,0,3568604
07/11/16,08:02:00,0,2701136
07/11/16,08:03:00,0
07/11/16,08:04:00,0
07/11/16,08:05:00,0
07/11/16,08:06:00,0
07/11/16,08:07:00,0
07/11/16,08:08:00,0
07/11/16,08:09:00,0
07/11/16,08:10:00,0
07/11/16,08:11:00,0
07/11/16,08:12:00,0
07/11/16,08:13:00,0
07/11/16,08:14:00,0
07/11/16,08:15:00,0
07/11/16,08:16:00,0
07/11/16,08:17:00,0
07/11/16,08:18:00,0
07/11/16,08:19:00,0
07/11/16,08:20:00,0
07/11/16,08:21:00,0
07/11/16,08:22:00,0
07/11/16,08:23:00,0
07/11/16,08:24:00,0
07/11/16,08:25:00,0
07/11/16,08:26:00,0
07/11/16,08:27:00,0
07/11/16,08:28:00,0
07/11/16,08:29:00,0
07/11/16,08:30:00,0
07/11/16,08:31:00,0
07/11/16,08:32:00,0
07/11/16,08:33:00,0
07/11/16,08:34:00,0
07/11/16,08:35:00,0
07/11/16,08:36:00,0
07/11/16,08:37:00,0
07/11/16,08:38:00,0
07/11/16,08:39:00,0
07/11/16,08:40:00,0
07/11/16,08:41:00,0
07/11/16,08:42:00,0
07/11/16,08:43:00,0
07/11/16,08:44:00,0
07/11/16,08:45:00,0
07/11/16,08:46:00,0
07/11/16,08:47:00,0
07/11/16,08:48:00,0
07/11/16,08:49:00,6,997152
07/11/16,08:50:00,1,557342
07/11/16,08:51:00,0
07/11/16,08:52:00,2,467253
07/11/16,08:53:00,0
07/11/16,08:54:00,0
07/11/16,08:55:00,1,164133
07/11/16,08:56:00,0
07/11/16,08:57:00,0,370334
07/11/16,08:58:00,0,2981048
07/11/16,08:59:00,0
07/11/16,09:00:00,0,2056044
07/11/16,09:01:00,0
07/11/16,09:02:00,0,02934598
07/11/16,09:03:00,0,03207919
07/11/16,09:04:00,0
07/11/16,09:05:00,0
07/11/16,09:06:00,0,0004641712
07/11/16,09:07:00,0
07/11/16,09:08:00,0
07/11/16,09:09:00,0
07/11/16,09:10:00,0
07/11/16,09:11:00,0
07/11/16,09:12:00,0
07/11/16,09:13:00,0
07/11/16,09:14:00,0
07/11/16,09:15:00,0
07/11/16,09:16:00,0
07/11/16,09:17:00,0
07/11/16,09:18:00,0
07/11/16,09:19:00,0
07/11/16,09:20:00,0
07/11/16,09:21:00,0
07/11/16,09:22:00,0
07/11/16,09:23:00,0
07/11/16,09:24:00,0
07/11/16,09:25:00,0
07/11/16,09:26:00,0
07/11/16,09:27:00,0
07/11/16,09:28:00,0
07/11/16,09:29:00,0
07/11/16,09:30:00,0
07/11/16,09:31:00,0
07/11/16,09:32:00,1,770177
07/11/16,09:33:00,0,1133769
07/11/16,09:34:00,0
07/11/16,09:35:00,0,1543061
07/11/16,09:36:00,0
07/11/16,09:37:00,0
07/11/16,09:38:00,0
07/11/16,09:39:00,0,2343853
07/11/16,09:40:00,0,6261904
07/11/16,09:41:00,0,03668239
07/11/16,09:42:00,0,1967975
07/11/16,09:43:00,0,1126372
07/11/16,09:44:00,0,2582101
07/11/16,09:45:00,0,2829447
07/11/16,09:46:00,0,3445803
07/11/16,09:47:00,0,2341902
07/11/16,09:48:00,0,149394
07/11/16,09:49:00,0,2786367
07/11/16,09:50:00,0,4329526
07/11/16,09:51:00,0,2434968
07/11/16,09:52:00,0,4362996
07/11/16,09:53:00,0,3252908
07/11/16,09:54:00,0,3968859
07/11/16,09:55:00,0,4117239
07/11/16,09:56:00,0,4538762
07/11/16,09:57:00,0,4771601
07/11/16,09:58:00,0,1393953
07/11/16,09:59:00,0,5464902
07/11/16,10:00:00,8,654421
07/11/16,10:01:00,14,8888
07/11/16,10:02:00,18,22998
07/11/16,10:03:00,21,53895
07/11/16,10:04:00,24,32066
07/11/16,10:05:00,25,84857
07/11/16,10:06:00,30
07/11/16,10:07:00,30
07/11/16,10:08:00,30
07/11/16,10:09:00,30
07/11/16,10:10:00,30
07/11/16,10:11:00,30
07/11/16,10:12:00,30
07/11/16,10:13:00,26,55663
07/11/16,10:14:00,4,685484
07/11/16,10:15:00,1,244101
07/11/16,10:16:00,0,5472248
07/11/16,10:17:00,0,2837038
07/11/16,10:18:00,0
07/11/16,10:19:00,0,2131282
07/11/16,10:20:00,0
07/11/16,10:21:00,0,5046431
07/11/16,10:22:00,2,217653
07/11/16,10:23:00,3,558832
07/11/16,10:24:00,7,066639
07/11/16,10:25:00,8,783076
07/11/16,10:26:00,8,917991
07/11/16,10:27:00,8,076351
07/11/16,10:28:00,5,462813
07/11/16,10:29:00,4,274084
07/11/16,10:30:00,1,317419
07/11/16,10:31:00,0,4482935
07/11/16,10:32:00,0,8054168
07/11/16,10:33:00,1,890383
07/11/16,10:34:00,1,218005
07/11/16,10:35:00,1,062827
07/11/16,10:36:00,0,7231628
07/11/16,10:37:00,0,8147244
07/11/16,10:38:00,0,8326521
07/11/16,10:39:00,0,9531254
07/11/16,10:40:00,0,8009787
07/11/16,10:41:00,0,8679338
07/11/16,10:42:00,0,8039113
07/11/16,10:43:00,0,8183147
07/11/16,10:44:00,1,016501
07/11/16,10:45:00,1,021269
07/11/16,10:46:00,1,217904
07/11/16,10:47:00,0,8013965
07/11/16,10:48:00,0,8953118
07/11/16,10:49:00,0,8639801
07/11/16,10:50:00,1,248608
07/11/16,10:51:00,1,394717
07/11/16,10:52:00,1,97881
07/11/16,10:53:00,2,273593
07/11/16,10:54:00,2,656025
07/11/16,10:55:00,2,577821
07/11/16,10:56:00,2,382924
07/11/16,10:57:00,2,762413
07/11/16,10:58:00,3,897692
07/11/16,10:59:00,4,163139
07/11/16,11:00:00,4,07268
07/11/16,11:01:00,4,068661
07/11/16,11:02:00,4,105682
07/11/16,11:03:00,4,110039
07/11/16,11:04:00,4,129777
07/11/16,11:05:00,4,138236
07/11/16,11:06:00,4,24429
07/11/16,11:07:00,3,332008
07/11/16,11:08:00,1,5447
07/11/16,11:09:00,1,393577
07/11/16,11:10:00,1,512288
07/11/16,11:11:00,1,349688
07/11/16,11:12:00,1,334723
07/11/16,11:13:00,1,225404
07/11/16,11:14:00,1,257819
07/11/16,11:15:00,1,387257
07/11/16,11:16:00,1,299528
07/11/16,11:17:00,1,367258
07/11/16,11:18:00,1,279323
07/11/16,11:19:00,1,240922
07/11/16,11:20:00,1,268393
07/11/16,11:21:00,1,421142
07/11/16,11:22:00,1,301661
07/11/16,11:23:00,1,265977
07/11/16,11:24:00,1,362139
07/11/16,11:25:00,1,280298
07/11/16,11:26:00,1,378095
07/11/16,11:27:00,1,375613
07/11/16,11:28:00,1,371305
07/11/16,11:29:00,1,403177
07/11/16,11:30:00,1,295243
07/11/16,11:31:00,1,372489
07/11/16,11:32:00,1,370204
07/11/16,11:33:00,1,360577
07/11/16,11:34:00,1,268062
07/11/16,11:35:00,1,323297
07/11/16,11:36:00,1,14352
07/11/16,11:37:00,1,224067
07/11/16,11:38:00,1,298181
07/11/16,11:39:00,1,343139
07/11/16,11:40:00,1,421425
07/11/16,11:41:00,1,378338
07/11/16,11:42:00,1,228402
07/11/16,11:43:00,1,290523
07/11/16,11:44:00,1,219632
07/11/16,11:45:00,1,288921
07/11/16,11:46:00,1,341665
07/11/16,11:47:00,1,418879
07/11/16,11:48:00,1,384102
07/11/16,11:49:00,1,491687
07/11/16,11:50:00,1,301646
07/11/16,11:51:00,1,233541
07/11/16,11:52:00,1,214856
07/11/16,11:53:00,1,196334
07/11/16,11:54:00,1,184522
07/11/16,11:55:00,1,342411
07/11/16,11:56:00,1,204549
07/11/16,11:57:00,1,113356
07/11/16,11:58:00,1,345562
07/11/16,11:59:00,1,333045
07/11/16,12:00:00,1,332301
07/11/16,12:01:00,1,443948
07/11/16,12:02:00,1,383187
07/11/16,12:03:00,1,394588
07/11/16,12:04:00,1,592006
07/11/16,12:05:00,1,318493
07/11/16,12:06:00,1,197347
07/11/16,12:07:00,1,351771
07/11/16,12:08:00,1,233248
07/11/16,12:09:00,1,308422
07/11/16,12:10:00,1,159366
07/11/16,12:11:00,1,169886
07/11/16,12:12:00,1,270986
07/11/16,12:13:00,1,187954
07/11/16,12:14:00,1,141015
07/11/16,12:15:00,1,199485
07/11/16,12:16:00,1,201456
07/11/16,12:17:00,1,185881
07/11/16,12:18:00,1,230498
07/11/16,12:19:00,1,300933
07/11/16,12:20:00,1,369098
07/11/16,12:21:00,1,291007
07/11/16,12:22:00,1,293352
07/11/16,12:23:00,1,195594
07/11/16,12:24:00,1,178619
07/11/16,12:25:00,1,365122
07/11/16,12:26:00,1,332951
07/11/16,12:27:00,1,348974
07/11/16,12:28:00,1,286958
07/11/16,12:29:00,1,305516
07/11/16,12:30:00,1,318745
07/11/16,12:31:00,1,182679
07/11/16,12:32:00,1,255975
07/11/16,12:33:00,1,248376
07/11/16,12:34:00,1,19249
07/11/16,12:35:00,1,232428
07/11/16,12:36:00,1,066444
07/11/16,12:37:00,1,117617
07/11/16,12:38:00,1,169695
07/11/16,12:39:00,1,096268
07/11/16,12:40:00,1,084437
07/11/16,12:41:00,1,12784
07/11/16,12:42:00,1,655813
07/11/16,12:43:00,3,030238
07/11/16,12:44:00,3,972001
07/11/16,12:45:00,4,382313
07/11/16,12:46:00,5,204999
07/11/16,12:47:00,6,029973
07/11/16,12:48:00,6,717884
07/11/16,12:49:00,6,844643
07/11/16,12:50:00,6,957806
07/11/16,12:51:00,7,299452
07/11/16,12:52:00,7,430717
07/11/16,12:53:00,7,813271
07/11/16,12:54:00,7,636397
07/11/16,12:55:00,7,733929
07/11/16,12:56:00,7,642908
07/11/16,12:57:00,7,672485
07/11/16,12:58:00,7,618374
07/11/16,12:59:00,7,698801
07/11/16,13:00:00,7,790674
07/11/16,13:01:00,7,789948
07/11/16,13:02:00,7,931982
07/11/16,13:03:00,7,921225
07/11/16,13:04:00,7,865377
07/11/16,13:05:00,7,997318
07/11/16,13:06:00,7,866607
07/11/16,13:07:00,7,987272
07/11/16,13:08:00,7,99712
07/11/16,13:09:00,8,010203
07/11/16,13:10:00,8,084212
07/11/16,13:11:00,8,076465
07/11/16,13:12:00,8,046343
07/11/16,13:13:00,8,158131
07/11/16,13:14:00,8,130529
07/11/16,13:15:00,8,256447
07/11/16,13:16:00,8,183798
07/11/16,13:17:00,8,175252
07/11/16,13:18:00,8,272286
07/11/16,13:19:00,8,272169
07/11/16,13:20:00,8,370197
07/11/16,13:21:00,8,330948
07/11/16,13:22:00,8,26754
07/11/16,13:23:00,8,283735
07/11/16,13:24:00,8,196521
07/11/16,13:25:00,8,335928
07/11/16,13:26:00,8,237644
07/11/16,13:27:00,8,194358
07/11/16,13:28:00,8,061971
07/11/16,13:29:00,8,192214
07/11/16,13:30:00,8,035221
07/11/16,13:31:00,8,042604
07/11/16,13:32:00,8,026635
07/11/16,13:33:00,8,026663
07/11/16,13:34:00,7,898937
07/11/16,13:35:00,7,933582
07/11/16,13:36:00,7,99093
07/11/16,13:37:00,7,981232
07/11/16,13:38:00,7,980092
07/11/16,13:39:00,8,077999
07/11/16,13:40:00,8,077982
07/11/16,13:41:00,8,013986
07/11/16,13:42:00,8,070451
07/11/16,13:43:00,8,052754
07/11/16,13:44:00,8,015315
07/11/16,13:45:00,8,00416
07/11/16,13:46:00,8,093873
07/11/16,13:47:00,8,035707
07/11/16,13:48:00,8,047246
07/11/16,13:49:00,8,022304
07/11/16,13:50:00,8,007531
07/11/16,13:51:00,8,185503
07/11/16,13:52:00,8,178209
07/11/16,13:53:00,8,176524
07/11/16,13:54:00,8,132992
07/11/16,13:55:00,8,189033
07/11/16,13:56:00,8,277215
07/11/16,13:57:00,8,276058
07/11/16,13:58:00,8,177272
07/11/16,13:59:00,8,255385
07/11/16,14:00:00,8,256459
07/11/16,14:01:00,8,328127
07/11/16,14:02:00,8,358534
07/11/16,14:03:00,8,335865
07/11/16,14:04:00,8,467508
07/11/16,14:05:00,8,412347
07/11/16,14:06:00,8,450655
07/11/16,14:07:00,8,52637
07/11/16,14:08:00,8,530119
07/11/16,14:09:00,8,630004
07/11/16,14:10:00,8,51929
07/11/16,14:11:00,8,479372
07/11/16,14:12:00,8,49817
07/11/16,14:13:00,8,475869
07/11/16,14:14:00,8,582945
07/11/16,14:15:00,8,415159
07/11/16,14:16:00,8,450645
07/11/16,14:17:00,8,518174
07/11/16,14:18:00,8,504791
07/11/16,14:19:00,8,501313
07/11/16,14:20:00,8,447342
07/11/16,14:21:00,8,405603
07/11/16,14:22:00,8,400694
07/11/16,14:23:00,8,390708
07/11/16,14:24:00,8,515548
07/11/16,14:25:00,8,497619
07/11/16,14:26:00,8,626654
07/11/16,14:27:00,8,521392
07/11/16,14:28:00,8,627348
07/11/16,14:29:00,8,516564
07/11/16,14:30:00,8,595775
07/11/16,14:31:00,8,605776
07/11/16,14:32:00,8,585442
07/11/16,14:33:00,8,451293
07/11/16,14:34:00,8,589878
07/11/16,14:35:00,8,548072
07/11/16,14:36:00,8,532137
07/11/16,14:37:00,8,479678
07/11/16,14:38:00,8,578848
07/11/16,14:39:00,8,564664
07/11/16,14:40:00,8,562993
07/11/16,14:41:00,8,562798
07/11/16,14:42:00,8,562774
07/11/16,14:43:00,8,474753
07/11/16,14:44:00,8,730808
07/11/16,14:45:00,8,559472
07/11/16,14:46:00,8,488368
07/11/16,14:47:00,8,420589
07/11/16,14:48:00,8,442499
07/11/16,14:49:00,8,381084
07/11/16,14:50:00,8,415205
07/11/16,14:51:00,8,400077
07/11/16,14:52:00,8,37118
07/11/16,14:53:00,8,557724
07/11/16,14:54:00,8,342317
07/11/16,14:55:00,8,364387
07/11/16,14:56:00,8,394011
07/11/16,14:57:00,8,219019
07/11/16,14:58:00,8,249002
07/11/16,14:59:00,8,090498
07/11/16,15:00:00,8,161519
07/11/16,15:01:00,8,138612
07/11/16,15:02:00,8,123822
07/11/16,15:03:00,8,166792
07/11/16,15:04:00,8,148226
07/11/16,15:05:00,8,087194
07/11/16,15:06:00,8,099957
07/11/16,15:07:00,8,20198
07/11/16,15:08:00,8,087102
07/11/16,15:09:00,7,977059
07/11/16,15:10:00,8,083707
07/11/16,15:11:00,8,08472
07/11/16,15:12:00,7,986801
07/11/16,15:13:00,8,084853
07/11/16,15:14:00,8,074832
07/11/16,15:15:00,7,985639
07/11/16,15:16:00,8,056259
07/11/16,15:17:00,8,000461
07/11/16,15:18:00,7,915255
07/11/16,15:19:00,7,990493
07/11/16,15:20:00,7,967357
07/11/16,15:21:00,7,897073
07/11/16,15:22:00,7,93868
07/11/16,15:23:00,7,95547
07/11/16,15:24:00,7,887725
07/11/16,15:25:00,7,910233
07/11/16,15:26:00,7,793772
07/11/16,15:27:00,7,883244
07/11/16,15:28:00,7,894162
07/11/16,15:29:00,7,876217
07/11/16,15:30:00,7,755613
07/11/16,15:31:00,7,823357
07/11/16,15:32:00,7,867271
07/11/16,15:33:00,7,830649
07/11/16,15:34:00,7,79712
07/11/16,15:35:00,7,715592
07/11/16,15:36:00,7,615861
07/11/16,15:37:00,7,800782
07/11/16,15:38:00,7,803629
07/11/16,15:39:00,7,593351
07/11/16,15:40:00,7,693079
07/11/16,15:41:00,7,678888
07/11/16,15:42:00,7,604529
07/11/16,15:43:00,7,665174
07/11/16,15:44:00,7,602915
07/11/16,15:45:00,7,792242
07/11/16,15:46:00,7,694564
07/11/16,15:47:00,7,775606
07/11/16,15:48:00,7,749736
07/11/16,15:49:00,7,594314
07/11/16,15:50:00,7,649654
07/11/16,15:51:00,7,653935
07/11/16,15:52:00,7,551038
07/11/16,15:53:00,7,63693
07/11/16,15:54:00,7,643672
07/11/16,15:55:00,7,632513
07/11/16,15:56:00,7,653174
07/11/16,15:57:00,7,586569
07/11/16,15:58:00,7,692481
07/11/16,15:59:00,7,475783
07/11/16,16:00:00,7,533607
07/11/16,16:01:00,7,498046
07/11/16,16:02:00,7,488901
07/11/16,16:03:00,7,635909
07/11/16,16:04:00,7,528627
07/11/16,16:05:00,7,608252
07/11/16,16:06:00,7,643489
07/11/16,16:07:00,7,431263
07/11/16,16:08:00,7,413891
07/11/16,16:09:00,7,411848
07/11/16,16:10:00,7,485522
07/11/16,16:11:00,7,409894
07/11/16,16:12:00,7,344663
07/11/16,16:13:00,7,443487
07/11/16,16:14:00,7,23289
07/11/16,16:15:00,7,328072
07/11/16,16:16:00,7,343279
07/11/16,16:17:00,7,317598
07/11/16,16:18:00,7,348708
07/11/16,16:19:00,7,347458
07/11/16,16:20:00,7,220051
07/11/16,16:21:00,7,350871
07/11/16,16:22:00,7,230474
07/11/16,16:23:00,7,227845
07/11/16,16:24:00,7,21021
07/11/16,16:25:00,7,215438
07/11/16,16:26:00,7,20051
07/11/16,16:27:00,7,186827
07/11/16,16:28:00,7,212687
07/11/16,16:29:00,7,178237
07/11/16,16:30:00,7,154985
07/11/16,16:31:00,7,171448
07/11/16,16:32:00,7,041215
07/11/16,16:33:00,7,07492
07/11/16,16:34:00,7,027074
07/11/16,16:35:00,6,928317
07/11/16,16:36:00,7,031382
07/11/16,16:37:00,6,923912
07/11/16,16:38:00,6,932826
07/11/16,16:39:00,6,923847
07/11/16,16:40:00,6,922792
07/11/16,16:41:00,6,92758
07/11/16,16:42:00,7,050492
07/11/16,16:43:00,6,800684
07/11/16,16:44:00,6,764199
07/11/16,16:45:00,6,753039
07/11/16,16:46:00,6,640801
07/11/16,16:47:00,6,763467
07/11/16,16:48:00,6,642028
07/11/16,16:49:00,6,665574
07/11/16,16:50:00,6,663432
07/11/16,16:51:00,6,65205
07/11/16,16:52:00,6,733194
07/11/16,16:53:00,6,749391
07/11/16,16:54:00,6,709189
07/11/16,16:55:00,6,628627
07/11/16,16:56:00,6,737741
07/11/16,16:57:00,6,639002
07/11/16,16:58:00,6,682967
07/11/16,16:59:00,6,644092
07/11/16,17:00:00,6,725629
07/11/16,17:01:00,6,739705
07/11/16,17:02:00,6,632217
07/11/16,17:03:00,6,607644
07/11/16,17:04:00,6,63523
07/11/16,17:05:00,6,638475
07/11/16,17:06:00,6,613491
07/11/16,17:07:00,6,729044
07/11/16,17:08:00,6,704659
07/11/16,17:09:00,6,625212
07/11/16,17:10:00,6,622979
07/11/16,17:11:00,6,492296
07/11/16,17:12:00,6,497661
07/11/16,17:13:00,6,621899
07/11/16,17:14:00,6,516918
07/11/16,17:15:00,6,488345
07/11/16,17:16:00,6,625715
07/11/16,17:17:00,6,704917
07/11/16,17:18:00,6,475499
07/11/16,17:19:00,6,496911
07/11/16,17:20:00,6,459779
07/11/16,17:21:00,6,471632
07/11/16,17:22:00,6,549733
07/11/16,17:23:00,6,451451
07/11/16,17:24:00,6,410975
07/11/16,17:25:00,6,490423
07/11/16,17:26:00,6,372902
07/11/16,17:27:00,6,486385
07/11/16,17:28:00,6,498193
07/11/16,17:29:00,6,366186
07/11/16,17:30:00,6,472156
07/11/16,17:31:00,6,288039
07/11/16,17:32:00,6,327536
07/11/16,17:33:00,6,402153
07/11/16,17:34:00,6,39836
07/11/16,17:35:00,6,278355
07/11/16,17:36:00,6,424795
07/11/16,17:37:00,6,317084
07/11/16,17:38:00,6,286187
07/11/16,17:39:00,6,272527
07/11/16,17:40:00,6,369179
07/11/16,17:41:00,6,308436
07/11/16,17:42:00,6,235634
07/11/16,17:43:00,6,233637
07/11/16,17:44:00,6,316508
07/11/16,17:45:00,6,290414
07/11/16,17:46:00,6,325092
07/11/16,17:47:00,6,323651
07/11/16,17:48:00,6,290373
07/11/16,17:49:00,6,266004
07/11/16,17:50:00,6,325721
07/11/16,17:51:00,6,192576
07/11/16,17:52:00,6,288593
07/11/16,17:53:00,6,184794
07/11/16,17:54:00,6,162164
07/11/16,17:55:00,6,307249
07/11/16,17:56:00,6,318545
07/11/16,17:57:00,6,190708
07/11/16,17:58:00,6,196992
07/11/16,17:59:00,6,268655
07/11/16,18:00:00,6,179728
07/11/16,18:01:00,6,080569
07/11/16,18:02:00,6,190662
07/11/16,18:03:00,6,143748
07/11/16,18:04:00,6,25487
07/11/16,18:05:00,6,201768
07/11/16,18:06:00,6,200404
07/11/16,18:07:00,6,178936
07/11/16,18:08:00,6,166389
07/11/16,18:09:00,6,174321
07/11/16,18:10:00,6,084844
07/11/16,18:11:00,6,190616
07/11/16,18:12:00,6,022242
07/11/16,18:13:00,6,127782
07/11/16,18:14:00,6,000145
07/11/16,18:15:00,6,013319
07/11/16,18:16:00,6,008679
07/11/16,18:17:00,6,117658
07/11/16,18:18:00,6,020288
07/11/16,18:19:00,5,886704
07/11/16,18:20:00,6,051568
07/11/16,18:21:00,5,927252
07/11/16,18:22:00,6,042014
07/11/16,18:23:00,5,960264
07/11/16,18:24:00,5,922934
07/11/16,18:25:00,5,936453
07/11/16,18:26:00,6,04739
07/11/16,18:27:00,5,957992
07/11/16,18:28:00,5,838511
07/11/16,18:29:00,5,763308
07/11/16,18:30:00,5,77642
07/11/16,18:31:00,5,767538
07/11/16,18:32:00,5,798347
07/11/16,18:33:00,5,672078
07/11/16,18:34:00,5,746346
07/11/16,18:35:00,5,68437
07/11/16,18:36:00,5,674629
07/11/16,18:37:00,5,663454
07/11/16,18:38:00,5,676131
07/11/16,18:39:00,5,565599
07/11/16,18:40:00,5,569734
07/11/16,18:41:00,5,46153
07/11/16,18:42:00,5,567873
07/11/16,18:43:00,5,638817
07/11/16,18:44:00,5,4876
07/11/16,18:45:00,5,482704
07/11/16,18:46:00,5,51342
07/11/16,18:47:00,5,578086
07/11/16,18:48:00,5,559765
07/11/16,18:49:00,5,393866
07/11/16,18:50:00,5,389584
07/11/16,18:51:00,5,415385
07/11/16,18:52:00,5,409609
07/11/16,18:53:00,5,399906
07/11/16,18:54:00,5,438505
07/11/16,18:55:00,5,451493
07/11/16,18:56:00,5,362242
07/11/16,18:57:00,5,318096
07/11/16,18:58:00,5,336382
07/11/16,18:59:00,5,319331
07/11/16,19:00:00,5,269208
07/11/16,19:01:00,5,346587
07/11/16,19:02:00,5,359717
07/11/16,19:03:00,5,367575
07/11/16,19:04:00,5,372923
07/11/16,19:05:00,5,347251
07/11/16,19:06:00,5,254081
07/11/16,19:07:00,5,297177
07/11/16,19:08:00,5,260284
07/11/16,19:09:00,5,234611
07/11/16,19:10:00,5,27077
07/11/16,19:11:00,5,282041
07/11/16,19:12:00,5,250056
07/11/16,19:13:00,5,247867
07/11/16,19:14:00,5,370369
07/11/16,19:15:00,5,275211
07/11/16,19:16:00,5,271126
07/11/16,19:17:00,5,28509
07/11/16,19:18:00,5,286732
07/11/16,19:19:00,5,260629
07/11/16,19:20:00,5,175793
07/11/16,19:21:00,5,250663
07/11/16,19:22:00,5,377715
07/11/16,19:23:00,5,305293
07/11/16,19:24:00,5,306904
07/11/16,19:25:00,5,198275
07/11/16,19:26:00,5,288052
07/11/16,19:27:00,5,316742
07/11/16,19:28:00,5,292358
07/11/16,19:29:00,5,203864
07/11/16,19:30:00,5,192571
07/11/16,19:31:00,5,141736
07/11/16,19:32:00,5,36394
07/11/16,19:33:00,5,218421
07/11/16,19:34:00,5,319642
07/11/16,19:35:00,5,23732
07/11/16,19:36:00,5,292642
07/11/16,19:37:00,5,28762
07/11/16,19:38:00,5,254884
07/11/16,19:39:00,5,224143
07/11/16,19:40:00,5,243607
07/11/16,19:41:00,5,227107
07/11/16,19:42:00,5,227532
07/11/16,19:43:00,5,213905
07/11/16,19:44:00,5,233636
07/11/16,19:45:00,5,240868
07/11/16,19:46:00,5,162879
07/11/16,19:47:00,5,165238
07/11/16,19:48:00,5,24821
07/11/16,19:49:00,5,170759
07/11/16,19:50:00,5,176188
07/11/16,19:51:00,5,147605
07/11/16,19:52:00,5,173468
07/11/16,19:53:00,5,155172
07/11/16,19:54:00,5,272393
07/11/16,19:55:00,5,092892
07/11/16,19:56:00,5,163221
07/11/16,19:57:00,5,084284
07/11/16,19:58:00,5,08653
07/11/16,19:59:00,5,007104
07/11/16,20:00:00,5,088984
07/11/16,20:01:00,5,10929
07/11/16,20:02:00,5,112933
07/11/16,20:03:00,5,092909
07/11/16,20:04:00,5,08053
07/11/16,20:05:00,5,085209
07/11/16,20:06:00,5,144233
07/11/16,20:07:00,4,988529
07/11/16,20:08:00,5,119026
07/11/16,20:09:00,5,054381
07/11/16,20:10:00,4,982869
07/11/16,20:11:00,5,002411
07/11/16,20:12:00,5,00383
07/11/16,20:13:00,5,003997
07/11/16,20:14:00,5,034732
07/11/16,20:15:00,5,063098
07/11/16,20:16:00,5,135255
07/11/16,20:17:00,5,161431
07/11/16,20:18:00,5,061559
07/11/16,20:19:00,5,149975
07/11/16,20:20:00,5,025469
07/11/16,20:21:00,5,07203
07/11/16,20:22:00,4,956892
07/11/16,20:23:00,4,924507
07/11/16,20:24:00,4,915586
07/11/16,20:25:00,4,828626
07/11/16,20:26:00,4,939016
07/11/16,20:27:00,4,97699
07/11/16,20:28:00,4,938799
07/11/16,20:29:00,4,962647
07/11/16,20:30:00,4,969748
07/11/16,20:31:00,4,846045
07/11/16,20:32:00,4,881653
07/11/16,20:33:00,4,951299
07/11/16,20:34:00,4,925754
07/11/16,20:35:00,4,947058
07/11/16,20:36:00,4,963618
07/11/16,20:37:00,4,881847
07/11/16,20:38:00,5,029378
07/11/16,20:39:00,4,984615
07/11/16,20:40:00,4,789876
07/11/16,20:41:00,4,982547
07/11/16,20:42:00,4,845493
07/11/16,20:43:00,4,969046
07/11/16,20:44:00,4,846536
07/11/16,20:45:00,4,829339
07/11/16,20:46:00,4,881931
07/11/16,20:47:00,4,849077
07/11/16,20:48:00,4,969468
07/11/16,20:49:00,4,891381
07/11/16,20:50:00,4,843736
07/11/16,20:51:00,4,822754
07/11/16,20:52:00,4,79732
07/11/16,20:53:00,4,768555
07/11/16,20:54:00,4,844883
07/11/16,20:55:00,4,846624
07/11/16,20:56:00,4,82447
07/11/16,20:57:00,4,832911
07/11/16,20:58:00,4,798516
07/11/16,20:59:00,4,816418
07/11/16,21:00:00,4,765251
07/11/16,21:01:00,4,758637
07/11/16,21:02:00,4,882959
07/11/16,21:03:00,4,811507
07/11/16,21:04:00,4,914808
07/11/16,21:05:00,4,894093
07/11/16,21:06:00,4,838414
07/11/16,21:07:00,4,69565
07/11/16,21:08:00,4,818705
07/11/16,21:09:00,4,823754
07/11/16,21:10:00,4,845327
07/11/16,21:11:00,4,912356
07/11/16,21:12:00,4,693431
07/11/16,21:13:00,4,724258
07/11/16,21:14:00,4,748335
07/11/16,21:15:00,4,69974
07/11/16,21:16:00,4,80875
07/11/16,21:17:00,4,936685
07/11/16,21:18:00,4,712509
07/11/16,21:19:00,4,843769
07/11/16,21:20:00,4,711208
07/11/16,21:21:00,4,830554
07/11/16,21:22:00,4,836917
07/11/16,21:23:00,4,732759
07/11/16,21:24:00,4,699657
07/11/16,21:25:00,4,755461
07/11/16,21:26:00,4,719366
07/11/16,21:27:00,4,825347
07/11/16,21:28:00,4,723765
07/11/16,21:29:00,4,7602
07/11/16,21:30:00,4,724839
07/11/16,21:31:00,4,726197
07/11/16,21:32:00,4,713204
07/11/16,21:33:00,4,659895
07/11/16,21:34:00,4,669189
07/11/16,21:35:00,4,677298
07/11/16,21:36:00,4,450205
07/11/16,21:37:00,4,657564
07/11/16,21:38:00,4,645454
07/11/16,21:39:00,4,683913
07/11/16,21:40:00,4,672894
07/11/16,21:41:00,4,757708
07/11/16,21:42:00,4,660019
07/11/16,21:43:00,4,556231
07/11/16,21:44:00,4,657479
07/11/16,21:45:00,4,663994
07/11/16,21:46:00,4,555474
07/11/16,21:47:00,4,639218
07/11/16,21:48:00,4,643936
07/11/16,21:49:00,4,624652
07/11/16,21:50:00,4,507307
07/11/16,21:51:00,4,619496
07/11/16,21:52:00,4,660404
07/11/16,21:53:00,4,530943
07/11/16,21:54:00,4,774901
07/11/16,21:55:00,4,663298
07/11/16,21:56:00,4,556617
07/11/16,21:57:00,4,560512
07/11/16,21:58:00,4,66991
07/11/16,21:59:00,4,558275
07/11/16,22:00:00,4,623388
07/11/16,22:01:00,4,646984
07/11/16,22:02:00,4,638449
07/11/16,22:03:00,4,657523
07/11/16,22:04:00,4,625635
07/11/16,22:05:00,4,631906
07/11/16,22:06:00,4,650962
07/11/16,22:07:00,4,743971
07/11/16,22:08:00,4,654108
07/11/16,22:09:00,4,581782
07/11/16,22:10:00,4,668526
07/11/16,22:11:00,4,690223
07/11/16,22:12:00,4,644418
07/11/16,22:13:00,4,756266
07/11/16,22:14:00,4,861042
07/11/16,22:15:00,4,862861
07/11/16,22:16:00,4,772334
07/11/16,22:17:00,4,752764
07/11/16,22:18:00,4,753824
07/11/16,22:19:00,4,75331
07/11/16,22:20:00,4,753251
07/11/16,22:21:00,4,780997
07/11/16,22:22:00,4,875002
07/11/16,22:23:00,4,763334
07/11/16,22:24:00,4,92859
07/11/16,22:25:00,4,947518
07/11/16,22:26:00,4,773482
07/11/16,22:27:00,4,859214
07/11/16,22:28:00,4,713025
07/11/16,22:29:00,4,778368
07/11/16,22:30:00,4,741295
07/11/16,22:31:00,4,982686
07/11/16,22:32:00,4,882968
07/11/16,22:33:00,4,869332
07/11/16,22:34:00,5,033707
07/11/16,22:35:00,4,970563
07/11/16,22:36:00,5,064183
07/11/16,22:37:00,4,888038
07/11/16,22:38:00,4,98351
07/11/16,22:39:00,4,869627
07/11/16,22:40:00,4,866883
07/11/16,22:41:00,4,985932
07/11/16,22:42:00,4,967949
07/11/16,22:43:00,4,958818
07/11/16,22:44:00,4,941675
07/11/16,22:45:00,4,952721
07/11/16,22:46:00,4,930934
07/11/16,22:47:00,4,981933
07/11/16,22:48:00,4,944395
07/11/16,22:49:00,4,992283
07/11/16,22:50:00,4,944356
07/11/16,22:51:00,4,928925
07/11/16,22:52:00,5,052266
07/11/16,22:53:00,5,077801
07/11/16,22:54:00,5,154502
07/11/16,22:55:00,5,130074
07/11/16,22:56:00,5,152125
07/11/16,22:57:00,5,242953
07/11/16,22:58:00,5,235371
07/11/16,22:59:00,5,218056
07/11/16,23:00:00,5,297901
07/11/16,23:01:00,5,203855
07/11/16,23:02:00,5,326707
07/11/16,23:03:00,5,321068
07/11/16,23:04:00,5,324053
07/11/16,23:05:00,5,315847
07/11/16,23:06:00,5,328319
07/11/16,23:07:00,5,42441
07/11/16,23:08:00,5,432502
07/11/16,23:09:00,5,393801
07/11/16,23:10:00,5,489391
07/11/16,23:11:00,5,580127
07/11/16,23:12:00,5,477372
07/11/16,23:13:00,5,499904
07/11/16,23:14:00,5,522978
07/11/16,23:15:00,5,583463
07/11/16,23:16:00,5,675952
07/11/16,23:17:00,5,527637
07/11/16,23:18:00,5,549272
07/11/16,23:19:00,5,479674
07/11/16,23:20:00,5,558654
07/11/16,23:21:00,5,413895
07/11/16,23:22:00,5,659263
07/11/16,23:23:00,5,631018
07/11/16,23:24:00,5,57865
07/11/16,23:25:00,5,488244
07/11/16,23:26:00,5,492542
07/11/16,23:27:00,5,473001
07/11/16,23:28:00,5,511611
07/11/16,23:29:00,5,347985
07/11/16,23:30:00,5,457506
07/11/16,23:31:00,5,468231
07/11/16,23:32:00,5,430899
07/11/16,23:33:00,5,517532
07/11/16,23:34:00,5,454386
07/11/16,23:35:00,5,454195
07/11/16,23:36:00,5,365538
07/11/16,23:37:00,5,346189
07/11/16,23:38:00,5,341807
07/11/16,23:39:00,5,41324
07/11/16,23:40:00,5,377727
07/11/16,23:41:00,5,275512
07/11/16,23:42:00,5,300382
07/11/16,23:43:00,5,408365
07/11/16,23:44:00,5,382064
07/11/16,23:45:00,5,297351
07/11/16,23:46:00,5,287609
07/11/16,23:47:00,5,40195
07/11/16,23:48:00,5,27836
07/11/16,23:49:00,5,378304
07/11/16,23:50:00,5,300325
07/11/16,23:51:00,5,263617
07/11/16,23:52:00,5,258684
07/11/16,23:53:00,5,157959
07/11/16,23:54:00,5,267809
07/11/16,23:55:00,5,322443
07/11/16,23:56:00,5,268387
07/11/16,23:57:00,5,236686
07/11/16,23:58:00,5,1481
07/11/16,23:59:00,5,251106
07/12/16,00:00:00,5,188424
07/12/16,00:01:00,5,024763
07/12/16,00:02:00,5,139192
07/12/16,00:03:00,5,126216
07/12/16,00:04:00,5,126183
07/12/16,00:05:00,5,131264
07/12/16,00:06:00,5,120371
07/12/16,00:07:00,5,017638
07/12/16,00:08:00,4,99064
07/12/16,00:09:00,5,038021
07/12/16,00:10:00,5,029919
07/12/16,00:11:00,5,036881
07/12/16,00:12:00,5,044687
07/12/16,00:13:00,4,928367
07/12/16,00:14:00,5,058388
07/12/16,00:15:00,5,042334
07/12/16,00:16:00,5,040449
07/12/16,00:17:00,5,000657
07/12/16,00:18:00,5,081209
07/12/16,00:19:00,4,981111
07/12/16,00:20:00,4,887725
07/12/16,00:21:00,5,050832
07/12/16,00:22:00,4,967516
07/12/16,00:23:00,4,999724
07/12/16,00:24:00,5,004394
07/12/16,00:25:00,4,792425
07/12/16,00:26:00,4,902373
07/12/16,00:27:00,4,981986
07/12/16,00:28:00,4,970949
07/12/16,00:29:00,4,911894
07/12/16,00:30:00,4,879971
07/12/16,00:31:00,4,891117
07/12/16,00:32:00,4,885413
07/12/16,00:33:00,4,828492
07/12/16,00:34:00,4,913633
07/12/16,00:35:00,4,790025
07/12/16,00:36:00,4,906388
07/12/16,00:37:00,4,673806
07/12/16,00:38:00,4,869479
07/12/16,00:39:00,4,80187
07/12/16,00:40:00,4,795427
07/12/16,00:41:00,4,844346
07/12/16,00:42:00,4,860124
07/12/16,00:43:00,4,85584
07/12/16,00:44:00,4,822231
07/12/16,00:45:00,4,709804
07/12/16,00:46:00,4,702999
07/12/16,00:47:00,4,750849
07/12/16,00:48:00,4,702919
07/12/16,00:49:00,4,740818
07/12/16,00:50:00,4,708753
07/12/16,00:51:00,4,698583
07/12/16,00:52:00,4,75346
07/12/16,00:53:00,4,649983
07/12/16,00:54:00,4,736717
07/12/16,00:55:00,4,713184
07/12/16,00:56:00,4,641882
07/12/16,00:57:00,4,752188
07/12/16,00:58:00,4,659623
07/12/16,00:59:00,4,725666
07/12/16,01:00:00,4,653727
07/12/16,01:01:00,4,58587
07/12/16,01:02:00,4,575983
07/12/16,01:03:00,4,774315
07/12/16,01:04:00,4,762395
07/12/16,01:05:00,4,547879
07/12/16,01:06:00,4,591966
07/12/16,01:07:00,4,538679
07/12/16,01:08:00,4,59088
07/12/16,01:09:00,4,695065
07/12/16,01:10:00,4,605633
07/12/16,01:11:00,4,679765
07/12/16,01:12:00,4,566724
07/12/16,01:13:00,4,682201
07/12/16,01:14:00,4,644601
07/12/16,01:15:00,4,562592
07/12/16,01:16:00,4,652495
07/12/16,01:17:00,4,712984
07/12/16,01:18:00,4,683579
07/12/16,01:19:00,4,634742
07/12/16,01:20:00,4,56318
07/12/16,01:21:00,4,706122
07/12/16,01:22:00,4,467493
07/12/16,01:23:00,4,597929
07/12/16,01:24:00,4,504728
07/12/16,01:25:00,4,503102
07/12/16,01:26:00,4,635721
07/12/16,01:27:00,4,528569
07/12/16,01:28:00,4,523004
07/12/16,01:29:00,4,536896
07/12/16,01:30:00,4,534643
07/12/16,01:31:00,4,742385
07/12/16,01:32:00,4,648076
07/12/16,01:33:00,4,639987
07/12/16,01:34:00,4,557597
07/12/16,01:35:00,4,625094
07/12/16,01:36:00,4,630267
07/12/16,01:37:00,4,530479
07/12/16,01:38:00,4,537543
07/12/16,01:39:00,4,518561
07/12/16,01:40:00,4,541253
07/12/16,01:41:00,4,576304
07/12/16,01:42:00,4,594746
07/12/16,01:43:00,4,503957
07/12/16,01:44:00,4,531648
07/12/16,01:45:00,4,583701
07/12/16,01:46:00,4,568114
07/12/16,01:47:00,4,528294
07/12/16,01:48:00,4,584186
07/12/16,01:49:00,4,672377
07/12/16,01:50:00,4,524233
07/12/16,01:51:00,4,46588
07/12/16,01:52:00,4,476022
07/12/16,01:53:00,4,477015
07/12/16,01:54:00,4,432568
07/12/16,01:55:00,4,563124
07/12/16,01:56:00,4,501294
07/12/16,01:57:00,4,49001
07/12/16,01:58:00,4,492978
07/12/16,01:59:00,4,559016
07/12/16,02:00:00,4,60302
07/12/16,02:01:00,4,649058
07/12/16,02:02:00,4,54451
07/12/16,02:03:00,4,568495
07/12/16,02:04:00,4,551477
07/12/16,02:05:00,4,623813
07/12/16,02:06:00,4,517231
07/12/16,02:07:00,4,547551
07/12/16,02:08:00,4,531105
07/12/16,02:09:00,4,635093
07/12/16,02:10:00,4,680589
07/12/16,02:11:00,4,555554
07/12/16,02:12:00,4,581721
07/12/16,02:13:00,4,667494
07/12/16,02:14:00,4,684401
07/12/16,02:15:00,4,695479
07/12/16,02:16:00,4,604247
07/12/16,02:17:00,4,499995
07/12/16,02:18:00,4,700251
07/12/16,02:19:00,4,627015
07/12/16,02:20:00,4,502674
07/12/16,02:21:00,4,511506
07/12/16,02:22:00,4,631037
07/12/16,02:23:00,4,611208
07/12/16,02:24:00,4,53705
07/12/16,02:25:00,4,658384
07/12/16,02:26:00,4,644086
07/12/16,02:27:00,4,607631
07/12/16,02:28:00,4,507409
07/12/16,02:29:00,4,554723
07/12/16,02:30:00,4,632961
07/12/16,02:31:00,4,522603
07/12/16,02:32:00,4,567412
07/12/16,02:33:00,4,734628
07/12/16,02:34:00,4,469756
07/12/16,02:35:00,4,571849
07/12/16,02:36:00,4,536938
07/12/16,02:37:00,4,675664
07/12/16,02:38:00,4,537649
07/12/16,02:39:00,4,513717
07/12/16,02:40:00,4,430311
07/12/16,02:41:00,4,440799
07/12/16,02:42:00,4,447585
07/12/16,02:43:00,4,313465
07/12/16,02:44:00,4,431572
07/12/16,02:45:00,4,350208
07/12/16,02:46:00,4,456348
07/12/16,02:47:00,4,520597
07/12/16,02:48:00,4,432871
07/12/16,02:49:00,4,553457
07/12/16,02:50:00,4,510467
07/12/16,02:51:00,4,500497
07/12/16,02:52:00,4,433669
07/12/16,02:53:00,4,502996
07/12/16,02:54:00,4,406491
07/12/16,02:55:00,4,448459
07/12/16,02:56:00,4,575745
07/12/16,02:57:00,4,444911
07/12/16,02:58:00,4,40628
07/12/16,02:59:00,4,458427
07/12/16,03:00:00,4,417894
07/12/16,03:01:00,4,454273
07/12/16,03:02:00,4,338561
07/12/16,03:03:00,4,419622
07/12/16,03:04:00,4,335743
07/12/16,03:05:00,4,344424
07/12/16,03:06:00,4,427329
07/12/16,03:07:00,4,293859
07/12/16,03:08:00,4,348622
07/12/16,03:09:00,4,344715
07/12/16,03:10:00,4,350391
07/12/16,03:11:00,4,374144
07/12/16,03:12:00,4,284818
07/12/16,03:13:00,4,265491
07/12/16,03:14:00,4,257083
07/12/16,03:15:00,4,352854
07/12/16,03:16:00,4,450526
07/12/16,03:17:00,4,341281
07/12/16,03:18:00,4,331926
07/12/16,03:19:00,4,342721
07/12/16,03:20:00,4,366225
07/12/16,03:21:00,4,455458
07/12/16,03:22:00,4,429761
07/12/16,03:23:00,4,364931
07/12/16,03:24:00,4,468106
07/12/16,03:25:00,4,237054
07/12/16,03:26:00,4,489688
07/12/16,03:27:00,4,461227
07/12/16,03:28:00,4,365625
07/12/16,03:29:00,4,361
07/12/16,03:30:00,4,486873
07/12/16,03:31:00,4,384215
07/12/16,03:32:00,4,333089
07/12/16,03:33:00,4,235426
07/12/16,03:34:00,4,337892
07/12/16,03:35:00,4,451485
07/12/16,03:36:00,4,471049
07/12/16,03:37:00,4,357574
07/12/16,03:38:00,4,345767
07/12/16,03:39:00,4,342883
07/12/16,03:40:00,4,270708
07/12/16,03:41:00,4,335027
07/12/16,03:42:00,4,45845
07/12/16,03:43:00,4,429827
07/12/16,03:44:00,4,345709
07/12/16,03:45:00,4,368682
07/12/16,03:46:00,4,439327
07/12/16,03:47:00,4,416058
07/12/16,03:48:00,4,452563
07/12/16,03:49:00,4,235225
07/12/16,03:50:00,4,298284
07/12/16,03:51:00,4,442304
07/12/16,03:52:00,4,373422
07/12/16,03:53:00,4,323293
07/12/16,03:54:00,4,433985
07/12/16,03:55:00,4,436353
07/12/16,03:56:00,4,344727
07/12/16,03:57:00,4,342761
07/12/16,03:58:00,4,364479
07/12/16,03:59:00,4,449501
07/12/16,04:00:00,4,446504
07/12/16,04:01:00,4,40647
07/12/16,04:02:00,4,467249
07/12/16,04:03:00,4,382493
07/12/16,04:04:00,4,329472
07/12/16,04:05:00,4,419171
07/12/16,04:06:00,4,42862
07/12/16,04:07:00,4,451066
07/12/16,04:08:00,4,431349
07/12/16,04:09:00,4,411702
07/12/16,04:10:00,4,34612
07/12/16,04:11:00,4,347395
07/12/16,04:12:00,4,334546
07/12/16,04:13:00,4,323831
07/12/16,04:14:00,4,447108
07/12/16,04:15:00,4,417588
07/12/16,04:16:00,4,228919
07/12/16,04:17:00,4,368737
07/12/16,04:18:00,4,445708
07/12/16,04:19:00,4,308332
07/12/16,04:20:00,4,348502
07/12/16,04:21:00,4,573415
07/12/16,04:22:00,4,391692
07/12/16,04:23:00,4,322434
07/12/16,04:24:00,4,300254
07/12/16,04:25:00,4,349456
07/12/16,04:26:00,4,446269
07/12/16,04:27:00,4,384319
07/12/16,04:28:00,4,284888
07/12/16,04:29:00,4,48002
07/12/16,04:30:00,4,458861
07/12/16,04:31:00,4,359586
07/12/16,04:32:00,4,338988
07/12/16,04:33:00,4,308808
07/12/16,04:34:00,4,43316
07/12/16,04:35:00,4,245256
07/12/16,04:36:00,4,297164
07/12/16,04:37:00,4,39041
07/12/16,04:38:00,4,392854
07/12/16,04:39:00,4,30337
07/12/16,04:40:00,4,306128
07/12/16,04:41:00,4,344797
07/12/16,04:42:00,4,549486
07/12/16,04:43:00,4,51336
07/12/16,04:44:00,4,259114
07/12/16,04:45:00,4,226291
07/12/16,04:46:00,4,257816
07/12/16,04:47:00,4,515431
07/12/16,04:48:00,4,398748
07/12/16,04:49:00,4,258014
07/12/16,04:50:00,4,312524
07/12/16,04:51:00,4,359582
07/12/16,04:52:00,4,387036
07/12/16,04:53:00,4,476177
07/12/16,04:54:00,4,294247
07/12/16,04:55:00,4,373846
07/12/16,04:56:00,4,354381
07/12/16,04:57:00,4,464448
07/12/16,04:58:00,4,417499
07/12/16,04:59:00,4,32904
07/12/16,05:00:00,4,356412
07/12/16,05:01:00,4,385846
07/12/16,05:02:00,4,370112
07/12/16,05:03:00,4,368262
07/12/16,05:04:00,4,31132
07/12/16,05:05:00,4,367103
07/12/16,05:06:00,4,240202
07/12/16,05:07:00,4,33704
07/12/16,05:08:00,4,385959
07/12/16,05:09:00,4,430669
07/12/16,05:10:00,4,328461
07/12/16,05:11:00,4,357193
07/12/16,05:12:00,4,437276
07/12/16,05:13:00,4,571861
07/12/16,05:14:00,4,3949
07/12/16,05:15:00,4,400957
07/12/16,05:16:00,4,528928
07/12/16,05:17:00,4,383858
07/12/16,05:18:00,4,373413
07/12/16,05:19:00,4,476013
07/12/16,05:20:00,4,497004
07/12/16,05:21:00,4,47814
07/12/16,05:22:00,4,335223
07/12/16,05:23:00,4,33935
07/12/16,05:24:00,4,359649
07/12/16,05:25:00,4,474394
07/12/16,05:26:00,4,476359
07/12/16,05:27:00,4,384073
07/12/16,05:28:00,4,365552
07/12/16,05:29:00,4,371259
07/12/16,05:30:00,4,417287
07/12/16,05:31:00,4,438925
07/12/16,05:32:00,4,446381
07/12/16,05:33:00,4,321465
07/12/16,05:34:00,4,342612
07/12/16,05:35:00,4,308863
07/12/16,05:36:00,4,329233
07/12/16,05:37:00,4,381017
07/12/16,05:38:00,4,326188
07/12/16,05:39:00,4,306931
07/12/16,05:40:00,4,446857
07/12/16,05:41:00,4,452426
07/12/16,05:42:00,4,437507
07/12/16,05:43:00,4,346833
07/12/16,05:44:00,4,395863
07/12/16,05:45:00,4,341934
07/12/16,05:46:00,4,422315
07/12/16,05:47:00,4,343535
07/12/16,05:48:00,4,383548
07/12/16,05:49:00,4,477769
07/12/16,05:50:00,4,497772
07/12/16,05:51:00,4,450421
07/12/16,05:52:00,4,475327
07/12/16,05:53:00,4,458242
07/12/16,05:54:00,4,507577
07/12/16,05:55:00,4,550296
07/12/16,05:56:00,4,413742
07/12/16,05:57:00,4,433524
07/12/16,05:58:00,4,413639
07/12/16,05:59:00,4,414308
07/12/16,06:00:00,4,404365
07/12/16,06:01:00,4,419531
07/12/16,06:02:00,4,503021
07/12/16,06:03:00,4,521513
07/12/16,06:04:00,4,341539
07/12/16,06:05:00,4,505072
07/12/16,06:06:00,4,31905
07/12/16,06:07:00,4,331149
07/12/16,06:08:00,4,421592
07/12/16,06:09:00,4,316344
07/12/16,06:10:00,4,340267
07/12/16,06:11:00,4,32733
07/12/16,06:12:00,4,335195
07/12/16,06:13:00,4,317713
07/12/16,06:14:00,4,305632
07/12/16,06:15:00,4,314235
07/12/16,06:16:00,4,413289
07/12/16,06:17:00,4,349416
07/12/16,06:18:00,4,307851
07/12/16,06:19:00,4,364089
07/12/16,06:20:00,4,485201
07/12/16,06:21:00,4,297357
07/12/16,06:22:00,4,385936
07/12/16,06:23:00,4,456414
07/12/16,06:24:00,4,779272
07/12/16,06:25:00,4,8407
07/12/16,06:26:00,2,674166
07/12/16,06:27:00,0,6303592
07/12/16,06:28:00,0,2331443
07/12/16,06:29:00,0,9221807
07/12/16,06:30:00,1,295367
07/12/16,06:31:00,2,294828
07/12/16,06:32:00,3,564079
07/12/16,06:33:00,3,896416
07/12/16,06:34:00,4,050806
07/12/16,06:35:00,4,397566
07/12/16,06:36:00,4,518017
07/12/16,06:37:00,4,622041
07/12/16,06:38:00,4,995606
07/12/16,06:39:00,5,700366
07/12/16,06:40:00,5,869295
07/12/16,06:41:00,5,88744
07/12/16,06:42:00,5,730508
07/12/16,06:43:00,5,507485
07/12/16,06:44:00,4,162623
07/12/16,06:45:00,4,561904
07/12/16,06:46:00,4,763728
07/12/16,06:47:00,4,8376
07/12/16,06:48:00,5,045237
07/12/16,06:49:00,5,558973
07/12/16,06:50:00,5,746187
07/12/16,06:51:00,5,590023
07/12/16,06:52:00,5,259633
07/12/16,06:53:00,5,14571
07/12/16,06:54:00,5,097582
07/12/16,06:55:00,4,964661
07/12/16,06:56:00,4,773243
07/12/16,06:57:00,4,785475
07/12/16,06:58:00,3,540785
07/12/16,06:59:00,3,304968
07/12/16,07:00:00,2,825459
07/12/16,07:01:00,3,073595
07/12/16,07:02:00,3,149785
07/12/16,07:03:00,3,620583
07/12/16,07:04:00,3,425483
07/12/16,07:05:00,3,038133
07/12/16,07:06:00,2,95444
07/12/16,07:07:00,2,733802
07/12/16,07:08:00,2,154674
07/12/16,07:09:00,1,5527
07/12/16,07:10:00,1,418709
07/12/16,07:11:00,1,381075
07/12/16,07:12:00,1,266122
07/12/16,07:13:00,1,426219
07/12/16,07:14:00,1,204027
07/12/16,07:15:00,1,362
07/12/16,07:16:00,1,299273
07/12/16,07:17:00,1,472731
07/12/16,07:18:00,1,446979
07/12/16,07:19:00,1,347643
07/12/16,07:20:00,1,491647
07/12/16,07:21:00,0,8574687
07/12/16,07:22:00,0
07/12/16,07:23:00,0
07/12/16,07:24:00,0
07/12/16,07:25:00,2,053971
07/12/16,07:26:00,13,92716
07/12/16,07:27:00,23,96141
07/12/16,07:28:00,19,29104
07/12/16,07:29:00,11,56507
07/12/16,07:30:00,6,667991
07/12/16,07:31:00,5,25265
07/12/16,07:32:00,4,217279
07/12/16,07:33:00,3,849512
07/12/16,07:34:00,3,542215
07/12/16,07:35:00,1,717457
07/12/16,07:36:00,1,192531
07/12/16,07:37:00,0,9042743
07/12/16,07:38:00,0,5217232
07/12/16,07:39:00,0,3148643
07/12/16,07:40:00,0,1709018
07/12/16,07:41:00,0,1284094
07/12/16,07:42:00,0,05023189
07/12/16,07:43:00,0,003756939
07/12/16,07:44:00,0
07/12/16,07:45:00,0
07/12/16,07:46:00,0
07/12/16,07:47:00,0
07/12/16,07:48:00,0
07/12/16,07:49:00,9,841158
07/12/16,07:50:00,30
07/12/16,07:51:00,17,02397
07/12/16,07:52:00,3,056276
07/12/16,07:53:00,0,2474925
07/12/16,07:54:00,0
07/12/16,07:55:00,0
07/12/16,07:56:00,0
07/12/16,07:57:00,0
07/12/16,07:58:00,0
07/12/16,07:59:00,0
07/12/16,08:00:00,0
07/12/16,08:01:00,4,027159
07/12/16,08:02:00,5,177893
07/12/16,08:03:00,0
07/12/16,08:04:00,0
07/12/16,08:05:00,0
07/12/16,08:06:00,0
07/12/16,08:07:00,0
07/12/16,08:08:00,0
07/12/16,08:09:00,0
07/12/16,08:10:00,0
07/12/16,08:11:00,0
07/12/16,08:12:00,0
07/12/16,08:13:00,6,875381
07/12/16,08:14:00,14,41739
07/12/16,08:15:00,19,51666
07/12/16,08:16:00,16,35234
07/12/16,08:17:00,14,5716
07/12/16,08:18:00,14,19668
07/12/16,08:19:00,13,28242
07/12/16,08:20:00,13,09371
07/12/16,08:21:00,13,77821
07/12/16,08:22:00,13,80745
07/12/16,08:23:00,13,919
07/12/16,08:24:00,12,31577
07/12/16,08:25:00,11,48841
07/12/16,08:26:00,10,98895
07/12/16,08:27:00,9,213577
07/12/16,08:28:00,9,539652
07/12/16,08:29:00,9,551457
07/12/16,08:30:00,10,70542
07/12/16,08:31:00,12,56379
07/12/16,08:32:00,13,75573
07/12/16,08:33:00,12,56247
07/12/16,08:34:00,11,70891
07/12/16,08:35:00,10,22936
07/12/16,08:36:00,6,113891
07/12/16,08:37:00,9,189296
07/12/16,08:38:00,9,181365
07/12/16,08:39:00,8,697794
07/12/16,08:40:00,10,25579
07/12/16,08:41:00,11,56529
07/12/16,08:42:00,14,08242
07/12/16,08:43:00,14,49977
07/12/16,08:44:00,14,49323
07/12/16,08:45:00,15,78962
07/12/16,08:46:00,16,93844
07/12/16,08:47:00,17,48967
07/12/16,08:48:00,17,96626
07/12/16,08:49:00,17,25979
07/12/16,08:50:00,16,87018
07/12/16,08:51:00,16,08065
07/12/16,08:52:00,16,70162
07/12/16,08:53:00,17,10306
07/12/16,08:54:00,16,56188
07/12/16,08:55:00,18,47775
07/12/16,08:56:00,19,37558
07/12/16,08:57:00,20,25911
07/12/16,08:58:00,17,56357
07/12/16,08:59:00,17,39387
07/12/16,09:00:00,17,40677
07/12/16,09:01:00,17,26512
07/12/16,09:02:00,17,63936
07/12/16,09:03:00,17,43834
07/12/16,09:04:00,16,63576
07/12/16,09:05:00,15,642
07/12/16,09:06:00,15,68412
07/12/16,09:07:00,16,55867
07/12/16,09:08:00,16,92004
07/12/16,09:09:00,16,85747
07/12/16,09:10:00,16,65849
07/12/16,09:11:00,16,65183
07/12/16,09:12:00,16,79683
07/12/16,09:13:00,16,91736
07/12/16,09:14:00,15,90713
07/12/16,09:15:00,16,32567
07/12/16,09:16:00,16,77639
07/12/16,09:17:00,15,81535
07/12/16,09:18:00,16,92769
07/12/16,09:19:00,15,7909
07/12/16,09:20:00,16,08759
07/12/16,09:21:00,16,4385
07/12/16,09:22:00,16,83839
07/12/16,09:23:00,17,4718
07/12/16,09:24:00,17,30405
07/12/16,09:25:00,17,07657
07/12/16,09:26:00,16,85414
07/12/16,09:27:00,16,86799
07/12/16,09:28:00,17,08378
07/12/16,09:29:00,16,88166
07/12/16,09:30:00,17,39306
07/12/16,09:31:00,17,12131
07/12/16,09:32:00,16,81493
07/12/16,09:33:00,16,3612
07/12/16,09:34:00,16,22241
07/12/16,09:35:00,16,70827
07/12/16,09:36:00,16,52571
07/12/16,09:37:00,17,3388
07/12/16,09:38:00,16,66222
07/12/16,09:39:00,16,07484
07/12/16,09:40:00,16,38146
07/12/16,09:41:00,16,75947
07/12/16,09:42:00,16,44038
07/12/16,09:43:00,16,53187
07/12/16,09:44:00,17,30166
07/12/16,09:45:00,16,92975
07/12/16,09:46:00,16,96495
07/12/16,09:47:00,16,32315
07/12/16,09:48:00,16,08847
07/12/16,09:49:00,15,51132
07/12/16,09:50:00,15,53951
07/12/16,09:51:00,15,08805
07/12/16,09:52:00,15,08893
07/12/16,09:53:00,15,53751
07/12/16,09:54:00,15,46127
07/12/16,09:55:00,15,77843
07/12/16,09:56:00,15,19507
07/12/16,09:57:00,15,85922
07/12/16,09:58:00,15,39826
07/12/16,09:59:00,15,60667
07/12/16,10:00:00,15,16694
07/12/16,10:01:00,14,61465
07/12/16,10:02:00,14,7506
07/12/16,10:03:00,15,109
07/12/16,10:04:00,15,38742
07/12/16,10:05:00,16,29913
07/12/16,10:06:00,17,25253
07/12/16,10:07:00,16,40179
07/12/16,10:08:00,15,74566
07/12/16,10:09:00,14,97597
07/12/16,10:10:00,15,66138
07/12/16,10:11:00,14,94086
07/12/16,10:12:00,15,44215
07/12/16,10:13:00,15,74867
07/12/16,10:14:00,15,23288
07/12/16,10:15:00,14,4355
07/12/16,10:16:00,15,26452
07/12/16,10:17:00,15,46861
07/12/16,10:18:00,15,36686
07/12/16,10:19:00,16,24246
07/12/16,10:20:00,16,30249
07/12/16,10:21:00,16,08172
07/12/16,10:22:00,15,14615
07/12/16,10:23:00,16,21688
07/12/16,10:24:00,17,39885
07/12/16,10:25:00,16,31269
07/12/16,10:26:00,16,55177
07/12/16,10:27:00,17,43507
07/12/16,10:28:00,16,56065
07/12/16,10:29:00,16,70413
07/12/16,10:30:00,16,28058
07/12/16,10:31:00,15,68834
07/12/16,10:32:00,17,15228
07/12/16,10:33:00,17,74224
07/12/16,10:34:00,16,82071
07/12/16,10:35:00,16,20485
07/12/16,10:36:00,16,06706
07/12/16,10:37:00,16,30204
07/12/16,10:38:00,15,84183
07/12/16,10:39:00,15,58212
07/12/16,10:40:00,15,68576
07/12/16,10:41:00,15,64495
07/12/16,10:42:00,16,68415
07/12/16,10:43:00,16,35168
07/12/16,10:44:00,16,26876
07/12/16,10:45:00,16,28218
07/12/16,10:46:00,16,04489
07/12/16,10:47:00,17,58242
07/12/16,10:48:00,17,86258
07/12/16,10:49:00,16,57881
07/12/16,10:50:00,16,49452
07/12/16,10:51:00,16,18692
07/12/16,10:52:00,15,66117
07/12/16,10:53:00,15,78029
07/12/16,10:54:00,15,65678
07/12/16,10:55:00,15,192
07/12/16,10:56:00,14,66167
07/12/16,10:57:00,14,52398
07/12/16,10:58:00,14,98711
07/12/16,10:59:00,14,1836
07/12/16,11:00:00,14,79592
07/12/16,11:01:00,14,67085
07/12/16,11:02:00,14,58573
07/12/16,11:03:00,14,52691
07/12/16,11:04:00,14,59682
07/12/16,11:05:00,14,13305
07/12/16,11:06:00,15,44548
07/12/16,11:07:00,16,12959
07/12/16,11:08:00,16,47247
07/12/16,11:09:00,16,29877
07/12/16,11:10:00,15,13717
07/12/16,11:11:00,16,01694
07/12/16,11:12:00,16,24122
07/12/16,11:13:00,16,19236
07/12/16,11:14:00,15,99774
07/12/16,11:15:00,15,86022
07/12/16,11:16:00,15,89397
07/12/16,11:17:00,16,67697
07/12/16,11:18:00,17,42353
07/12/16,11:19:00,16,95024
07/12/16,11:20:00,16,18363
07/12/16,11:21:00,15,8523
07/12/16,11:22:00,17,03863
07/12/16,11:23:00,16,88158
07/12/16,11:24:00,16,8124
07/12/16,11:25:00,17,04614
07/12/16,11:26:00,15,81997
07/12/16,11:27:00,15,9947
07/12/16,11:28:00,15,38763
07/12/16,11:29:00,15,55818
07/12/16,11:30:00,16,08397
07/12/16,11:31:00,13,93651
07/12/16,11:32:00,13,08081
07/12/16,11:33:00,14,88599
07/12/16,11:34:00,16,02326
07/12/16,11:35:00,15,36084
07/12/16,11:36:00,17,1601
07/12/16,11:37:00,19,5671
07/12/16,11:38:00,19,95028
07/12/16,11:39:00,19,49463
07/12/16,11:40:00,18,13347
07/12/16,11:41:00,17,29701
07/12/16,11:42:00,17,32889
07/12/16,11:43:00,17,12913
07/12/16,11:44:00,16,64405
07/12/16,11:45:00,17,24287
07/12/16,11:46:00,17,3895
07/12/16,11:47:00,17,67521
07/12/16,11:48:00,17,44228
07/12/16,11:49:00,16,95587
07/12/16,11:50:00,17,24087
07/12/16,11:51:00,18,13164
07/12/16,11:52:00,18,84061
07/12/16,11:53:00,18,68962
07/12/16,11:54:00,18,26278
07/12/16,11:55:00,18,17158
07/12/16,11:56:00,17,96992
07/12/16,11:57:00,18,30954
07/12/16,11:58:00,16,50385
07/12/16,11:59:00,16,97469
07/12/16,12:00:00,16,52394
07/12/16,12:01:00,16,02395
07/12/16,12:02:00,16,54909
07/12/16,12:03:00,18,08359
07/12/16,12:04:00,18,02177
07/12/16,12:05:00,18,37051
07/12/16,12:06:00,17,50358
07/12/16,12:07:00,17,04118
07/12/16,12:08:00,17,30702
07/12/16,12:09:00,17,55549
07/12/16,12:10:00,17,52891
07/12/16,12:11:00,17,29675
07/12/16,12:12:00,17,15984
07/12/16,12:13:00,16,95818
07/12/16,12:14:00,17,04978
07/12/16,12:15:00,16,81884
07/12/16,12:16:00,15,99605
07/12/16,12:17:00,16,08593
07/12/16,12:18:00,17,02066
07/12/16,12:19:00,17,78509
07/12/16,12:20:00,18,24445
07/12/16,12:21:00,18,18289
07/12/16,12:22:00,18,05868
07/12/16,12:23:00,17,37968
07/12/16,12:24:00,16,90744
07/12/16,12:25:00,17,22098
07/12/16,12:26:00,17,45982
07/12/16,12:27:00,17,63566
07/12/16,12:28:00,16,55991
07/12/16,12:29:00,15,66523
07/12/16,12:30:00,15,58114
07/12/16,12:31:00,16,97041
07/12/16,12:32:00,16,94636
07/12/16,12:33:00,14,3423
07/12/16,12:34:00,16,00442
07/12/16,12:35:00,16,93865
07/12/16,12:36:00,18,55715
07/12/16,12:37:00,20,39184
07/12/16,12:38:00,21,34106
07/12/16,12:39:00,21,32312
07/12/16,12:40:00,19,53936
07/12/16,12:41:00,18,20301
07/12/16,12:42:00,18,3243
07/12/16,12:43:00,18,99673
07/12/16,12:44:00,19,6575
07/12/16,12:45:00,20,31919
07/12/16,12:46:00,19,12048
07/12/16,12:47:00,20,1157
07/12/16,12:48:00,20,28859
07/12/16,12:49:00,20,74123
07/12/16,12:50:00,21,1188
07/12/16,12:51:00,21,78218
07/12/16,12:52:00,20,97051
07/12/16,12:53:00,21,31462
07/12/16,12:54:00,22,66611
07/12/16,12:55:00,22,22577
07/12/16,12:56:00,21,15541
07/12/16,12:57:00,20,99141
07/12/16,12:58:00,20,64057
07/12/16,12:59:00,20,88355
07/12/16,13:00:00,22,09958
07/12/16,13:01:00,22,37056
07/12/16,13:02:00,22,03392
07/12/16,13:03:00,21,49874
07/12/16,13:04:00,20,35737
07/12/16,13:05:00,21,08966
07/12/16,13:06:00,20,74807
07/12/16,13:07:00,20,34045
07/12/16,13:08:00,20,90162
07/12/16,13:09:00,20,76986
07/12/16,13:10:00,21,0758
07/12/16,13:11:00,20,72511
07/12/16,13:12:00,20,82625
07/12/16,13:13:00,19,46386
07/12/16,13:14:00,20,12661
07/12/16,13:15:00,19,00167
07/12/16,13:16:00,18,00037
07/12/16,13:17:00,17,88389
07/12/16,13:18:00,16,86586
07/12/16,13:19:00,16,64763
07/12/16,13:20:00,17,36817
07/12/16,13:21:00,18,0989
07/12/16,13:22:00,18,57737
07/12/16,13:23:00,18,4457
07/12/16,13:24:00,17,92401
07/12/16,13:25:00,17,60628
07/12/16,13:26:00,17,60513
07/12/16,13:27:00,17,1497
07/12/16,13:28:00,16,66574
07/12/16,13:29:00,16,99145
07/12/16,13:30:00,18,14051
07/12/16,13:31:00,18,51198
07/12/16,13:32:00,18,59541
07/12/16,13:33:00,19,16121
07/12/16,13:34:00,18,67743
07/12/16,13:35:00,18,26476
07/12/16,13:36:00,18,47189
07/12/16,13:37:00,18,65957
07/12/16,13:38:00,19,00585
07/12/16,13:39:00,17,54692
07/12/16,13:40:00,17,0103
07/12/16,13:41:00,17,90066
07/12/16,13:42:00,18,43792
07/12/16,13:43:00,7,433277
07/12/16,13:44:00,0
07/12/16,13:45:00,0
07/12/16,13:46:00,0
07/12/16,13:47:00,0
07/12/16,13:48:00,0
07/12/16,13:49:00,0
07/12/16,13:50:00,0
07/12/16,13:51:00,0
07/12/16,13:52:00,0
07/12/16,13:53:00,0
07/12/16,13:54:00,0
07/12/16,13:55:00,0
07/12/16,13:56:00,0
07/12/16,13:57:00,0
07/12/16,13:58:00,0
07/12/16,13:59:00,0
07/12/16,14:00:00,0
07/12/16,14:01:00,0
07/12/16,14:02:00,0
07/12/16,14:03:00,0
07/12/16,14:04:00,0
07/12/16,14:05:00,0
07/12/16,14:06:00,0
07/12/16,14:07:00,0
07/12/16,14:08:00,0
07/12/16,14:09:00,0
07/12/16,14:10:00,0
07/12/16,14:11:00,11,87998
07/12/16,14:12:00,14,41767
07/12/16,14:13:00,15,67251
07/12/16,14:14:00,16,41268
07/12/16,14:15:00,16,85863
07/12/16,14:16:00,16,41933
07/12/16,14:17:00,16,28904
07/12/16,14:18:00,16,30341
07/12/16,14:19:00,16,3463
07/12/16,14:20:00,16,71422
07/12/16,14:21:00,17,06429
07/12/16,14:22:00,17,63022
07/12/16,14:23:00,16,76448
07/12/16,14:24:00,15,39228
07/12/16,14:25:00,14,69817
07/12/16,14:26:00,14,35034
07/12/16,14:27:00,15,40647
07/12/16,14:28:00,15,44144
07/12/16,14:29:00,16,4343
07/12/16,14:30:00,15,07063
07/12/16,14:31:00,15,98674
07/12/16,14:32:00,15,95183
07/12/16,14:33:00,15,83266
07/12/16,14:34:00,16,94726
07/12/16,14:35:00,17,18429
07/12/16,14:36:00,16,93513
07/12/16,14:37:00,17,04283
07/12/16,14:38:00,17,08295
07/12/16,14:39:00,17,06047
07/12/16,14:40:00,17,18912
07/12/16,14:41:00,17,29388
07/12/16,14:42:00,17,09467
07/12/16,14:43:00,15,84813
07/12/16,14:44:00,17,09659
07/12/16,14:45:00,17,44977
07/12/16,14:46:00,17,79629
07/12/16,14:47:00,18,01478
07/12/16,14:48:00,17,40488
07/12/16,14:49:00,15,62285
07/12/16,14:50:00,15,99235
07/12/16,14:51:00,16,78436
07/12/16,14:52:00,17,20664
07/12/16,14:53:00,17,09386
07/12/16,14:54:00,17,00025
07/12/16,14:55:00,16,28715
07/12/16,14:56:00,15,29809
07/12/16,14:57:00,18,78263
07/12/16,14:58:00,17,69208
07/12/16,14:59:00,17,44046
07/12/16,15:00:00,18,27532
07/12/16,15:01:00,17,29198
07/12/16,15:02:00,16,80923
07/12/16,15:03:00,17,91046
07/12/16,15:04:00,18,31132
07/12/16,15:05:00,16,75755
07/12/16,15:06:00,15,51869
07/12/16,15:07:00,16,85473
07/12/16,15:08:00,17,83216
07/12/16,15:09:00,16,91208
07/12/16,15:10:00,16,86302
07/12/16,15:11:00,16,91161
07/12/16,15:12:00,15,21333
07/12/16,15:13:00,13,76001
07/12/16,15:14:00,13,31212
07/12/16,15:15:00,14,17668
07/12/16,15:16:00,13,95313
07/12/16,15:17:00,14,92895
07/12/16,15:18:00,15,61777
07/12/16,15:19:00,14,19408
07/12/16,15:20:00,16,20504
07/12/16,15:21:00,17,63412
07/12/16,15:22:00,17,66604
07/12/16,15:23:00,17,22724
07/12/16,15:24:00,18,64323
07/12/16,15:25:00,18,17086
07/12/16,15:26:00,18,15071
07/12/16,15:27:00,19,08688
07/12/16,15:28:00,18,83223
07/12/16,15:29:00,18,0799
07/12/16,15:30:00,18,47153
07/12/16,15:31:00,18,62775
07/12/16,15:32:00,18,9424
07/12/16,15:33:00,19,59347
07/12/16,15:34:00,20,62151
07/12/16,15:35:00,19,81382
07/12/16,15:36:00,19,90348
07/12/16,15:37:00,20,16683
07/12/16,15:38:00,19,37896
07/12/16,15:39:00,19,20092
07/12/16,15:40:00,18,6967
07/12/16,15:41:00,19,25635
07/12/16,15:42:00,18,7692
07/12/16,15:43:00,18,38236
07/12/16,15:44:00,18,45629
07/12/16,15:45:00,17,62898
07/12/16,15:46:00,17,13382
07/12/16,15:47:00,17,39062
07/12/16,15:48:00,18,08824
07/12/16,15:49:00,20,51616
07/12/16,15:50:00,20,53596
07/12/16,15:51:00,20,43167
07/12/16,15:52:00,19,49644
07/12/16,15:53:00,19,57717
07/12/16,15:54:00,19,89551
07/12/16,15:55:00,18,98003
07/12/16,15:56:00,19,05294
07/12/16,15:57:00,19,06002
07/12/16,15:58:00,18,6902
07/12/16,15:59:00,18,12528
07/12/16,16:00:00,18,69172
07/12/16,16:01:00,18,46403
07/12/16,16:02:00,17,96265
07/12/16,16:03:00,17,61185
07/12/16,16:04:00,17,69844
07/12/16,16:05:00,17,70199
07/12/16,16:06:00,18,52762
07/12/16,16:07:00,18,15812
07/12/16,16:08:00,18,99676
07/12/16,16:09:00,18,65599
07/12/16,16:10:00,18,28112
07/12/16,16:11:00,18,74808
07/12/16,16:12:00,19,95764
07/12/16,16:13:00,19,49919
07/12/16,16:14:00,18,82958
07/12/16,16:15:00,19,25769
07/12/16,16:16:00,19,09003
07/12/16,16:17:00,20,20477
07/12/16,16:18:00,19,20516
07/12/16,16:19:00,19,35703
07/12/16,16:20:00,19,66523
07/12/16,16:21:00,19,39741
07/12/16,16:22:00,19,22432
07/12/16,16:23:00,19,22677
07/12/16,16:24:00,18,61949
07/12/16,16:25:00,19,13616
07/12/16,16:26:00,18,75973
07/12/16,16:27:00,19,40234
07/12/16,16:28:00,18,30885
07/12/16,16:29:00,17,77871
07/12/16,16:30:00,18,22041
07/12/16,16:31:00,18,37844
07/12/16,16:32:00,18,20468
07/12/16,16:33:00,18,73241
07/12/16,16:34:00,19,01869
07/12/16,16:35:00,18,52497
07/12/16,16:36:00,18,07334
07/12/16,16:37:00,19,13003
07/12/16,16:38:00,19,1792
07/12/16,16:39:00,19,02538
07/12/16,16:40:00,19,90213
07/12/16,16:41:00,18,53282
07/12/16,16:42:00,18,07803
07/12/16,16:43:00,18,07028
07/12/16,16:44:00,19,40897
07/12/16,16:45:00,19,26698
07/12/16,16:46:00,18,79459
07/12/16,16:47:00,19,4576
07/12/16,16:48:00,19,99406
07/12/16,16:49:00,19,56895
07/12/16,16:50:00,19,08306
07/12/16,16:51:00,19,73549
07/12/16,16:52:00,19,97004
07/12/16,16:53:00,18,78461
07/12/16,16:54:00,19,63582
07/12/16,16:55:00,20,15784
07/12/16,16:56:00,18,72687
07/12/16,16:57:00,18,78806
07/12/16,16:58:00,18,50123
07/12/16,16:59:00,19,13048
07/12/16,17:00:00,19,4524
07/12/16,17:01:00,19,65116
07/12/16,17:02:00,19,06208
07/12/16,17:03:00,19,23886
07/12/16,17:04:00,18,62712
07/12/16,17:05:00,19,24524
07/12/16,17:06:00,19,35532
07/12/16,17:07:00,19,26846
07/12/16,17:08:00,19,7751
07/12/16,17:09:00,19,63198
07/12/16,17:10:00,20,15689
07/12/16,17:11:00,21,14366
07/12/16,17:12:00,19,89285
07/12/16,17:13:00,18,70445
07/12/16,17:14:00,18,05383
07/12/16,17:15:00,15,85018
07/12/16,17:16:00,16,16684
07/12/16,17:17:00,17,65344
07/12/16,17:18:00,18,8882
07/12/16,17:19:00,18,67867
07/12/16,17:20:00,19,22943
07/12/16,17:21:00,18,73905
07/12/16,17:22:00,19,21284
07/12/16,17:23:00,18,75405
07/12/16,17:24:00,17,91924
07/12/16,17:25:00,19,0421
07/12/16,17:26:00,18,78636
07/12/16,17:27:00,18,41112
07/12/16,17:28:00,18,94544
07/12/16,17:29:00,18,97486
07/12/16,17:30:00,19,04797
07/12/16,17:31:00,18,90502
07/12/16,17:32:00,19,01709
07/12/16,17:33:00,19,0969
07/12/16,17:34:00,18,88444
07/12/16,17:35:00,18,47445
07/12/16,17:36:00,19,25131
07/12/16,17:37:00,17,9153
07/12/16,17:38:00,18,6125
07/12/16,17:39:00,18,58823
07/12/16,17:40:00,19,91316
07/12/16,17:41:00,18,10351
07/12/16,17:42:00,18,03959
07/12/16,17:43:00,18,09758
07/12/16,17:44:00,18,08125
07/12/16,17:45:00,17,48238
07/12/16,17:46:00,18,18816
07/12/16,17:47:00,18,7329
07/12/16,17:48:00,18,13012
07/12/16,17:49:00,17,76578
07/12/16,17:50:00,18,17682
07/12/16,17:51:00,18,69186
07/12/16,17:52:00,19,66025
07/12/16,17:53:00,19,70391
07/12/16,17:54:00,18,80717
07/12/16,17:55:00,18,37412
07/12/16,17:56:00,18,01111
07/12/16,17:57:00,18,65676
07/12/16,17:58:00,18,9135
07/12/16,17:59:00,18,83201
07/12/16,18:00:00,18,41756
07/12/16,18:01:00,18,39529
07/12/16,18:02:00,17,74243
07/12/16,18:03:00,17,97695
07/12/16,18:04:00,17,88677
07/12/16,18:05:00,17,62038
07/12/16,18:06:00,18,34566
07/12/16,18:07:00,19,61467
07/12/16,18:08:00,19,84977
07/12/16,18:09:00,18,56714
07/12/16,18:10:00,19,31275
07/12/16,18:11:00,19,04977
07/12/16,18:12:00,19,65943
07/12/16,18:13:00,20,34291
07/12/16,18:14:00,20,53437
07/12/16,18:15:00,20,45187
07/12/16,18:16:00,20,23847
07/12/16,18:17:00,20,64282
07/12/16,18:18:00,20,45327
07/12/16,18:19:00,20,09242
07/12/16,18:20:00,19,82101
07/12/16,18:21:00,19,30166
07/12/16,18:22:00,19,07527
07/12/16,18:23:00,19,25718
07/12/16,18:24:00,18,91687
07/12/16,18:25:00,18,41632
07/12/16,18:26:00,18,9497
07/12/16,18:27:00,17,61943
07/12/16,18:28:00,18,14974
07/12/16,18:29:00,18,31828
07/12/16,18:30:00,19,12444
07/12/16,18:31:00,18,41617
07/12/16,18:32:00,17,67438
07/12/16,18:33:00,18,00404
07/12/16,18:34:00,18,64506
07/12/16,18:35:00,17,83576
07/12/16,18:36:00,16,93871
07/12/16,18:37:00,18,27165
07/12/16,18:38:00,19,03583
07/12/16,18:39:00,18,34011
07/12/16,18:40:00,17,86789
07/12/16,18:41:00,17,01298
07/12/16,18:42:00,18,51049
07/12/16,18:43:00,17,98112
07/12/16,18:44:00,17,9316
07/12/16,18:45:00,18,13437
07/12/16,18:46:00,18,2589
07/12/16,18:47:00,17,94988
07/12/16,18:48:00,18,10578
07/12/16,18:49:00,18,48347
07/12/16,18:50:00,18,04557
07/12/16,18:51:00,18,19935
07/12/16,18:52:00,19,11069
07/12/16,18:53:00,18,85583
07/12/16,18:54:00,18,43616
07/12/16,18:55:00,18,72503
07/12/16,18:56:00,18,33485
07/12/16,18:57:00,18,70716
07/12/16,18:58:00,19,15615
07/12/16,18:59:00,19,01873
07/12/16,19:00:00,19,1982
07/12/16,19:01:00,18,50352
07/12/16,19:02:00,18,26728
07/12/16,19:03:00,19,29033
07/12/16,19:04:00,19,30699
07/12/16,19:05:00,19,08505
07/12/16,19:06:00,18,50158
07/12/16,19:07:00,17,84358
07/12/16,19:08:00,18,15653
07/12/16,19:09:00,18,77204
07/12/16,19:10:00,18,56116
07/12/16,19:11:00,18,51307
07/12/16,19:12:00,19,30926
07/12/16,19:13:00,18,60099
07/12/16,19:14:00,18,90244
07/12/16,19:15:00,18,69948
07/12/16,19:16:00,18,88659
07/12/16,19:17:00,20,12322
07/12/16,19:18:00,21,07085
07/12/16,19:19:00,20,27583
07/12/16,19:20:00,18,94018
07/12/16,19:21:00,18,58585
07/12/16,19:22:00,19,44523
07/12/16,19:23:00,20,24501
07/12/16,19:24:00,20,00739
07/12/16,19:25:00,18,61237
07/12/16,19:26:00,20,05827
07/12/16,19:27:00,19,48841
07/12/16,19:28:00,19,29034
07/12/16,19:29:00,19,00549
07/12/16,19:30:00,18,50374
07/12/16,19:31:00,18,93103
07/12/16,19:32:00,19,09189
07/12/16,19:33:00,9,248331
07/12/16,19:34:00,0
07/12/16,19:35:00,0
07/12/16,19:36:00,0
07/12/16,19:37:00,0
07/12/16,19:38:00,0
07/12/16,19:39:00,10,58944
07/12/16,19:40:00,17,67108
07/12/16,19:41:00,19,63826
07/12/16,19:42:00,19,73671
07/12/16,19:43:00,17,98597
07/12/16,19:44:00,17,05957
07/12/16,19:45:00,18,3285
07/12/16,19:46:00,18,13713
07/12/16,19:47:00,19,1975
07/12/16,19:48:00,18,66205
07/12/16,19:49:00,18,18533
07/12/16,19:50:00,18,14501
07/12/16,19:51:00,18,75729
07/12/16,19:52:00,18,65249
07/12/16,19:53:00,19,24267
07/12/16,19:54:00,19,52164
07/12/16,19:55:00,18,79838
07/12/16,19:56:00,18,23945
07/12/16,19:57:00,18,50728
07/12/16,19:58:00,18,23359
07/12/16,19:59:00,18,28678
07/12/16,20:00:00,19,1545
07/12/16,20:01:00,19,94884
07/12/16,20:02:00,20,58712
07/12/16,20:03:00,19,54861
07/12/16,20:04:00,18,585
07/12/16,20:05:00,18,5782
07/12/16,20:06:00,17,14641
07/12/16,20:07:00,15,95903
07/12/16,20:08:00,4,338537
07/12/16,20:09:00,1,095368
07/12/16,20:10:00,8,598106
07/12/16,20:11:00,13,76825
07/12/16,20:12:00,16,20795
07/12/16,20:13:00,16,98854
07/12/16,20:14:00,17,05098
07/12/16,20:15:00,17,25642
07/12/16,20:16:00,18,63106
07/12/16,20:17:00,19,58551
07/12/16,20:18:00,19,86161
07/12/16,20:19:00,19,97227
07/12/16,20:20:00,18,75952
07/12/16,20:21:00,18,88728
07/12/16,20:22:00,18,20668
07/12/16,20:23:00,19,64013
07/12/16,20:24:00,20,42791
07/12/16,20:25:00,20,86637
07/12/16,20:26:00,20,23985
07/12/16,20:27:00,19,86122
07/12/16,20:28:00,20,06155
07/12/16,20:29:00,19,19998
07/12/16,20:30:00,19,2158
07/12/16,20:31:00,19,41698
07/12/16,20:32:00,18,62698
07/12/16,20:33:00,18,51305
07/12/16,20:34:00,18,86044
07/12/16,20:35:00,18,64942
07/12/16,20:36:00,19,61433
07/12/16,20:37:00,20,47571
07/12/16,20:38:00,19,94772
07/12/16,20:39:00,19,39735
07/12/16,20:40:00,18,66471
07/12/16,20:41:00,19,56793
07/12/16,20:42:00,19,99679
07/12/16,20:43:00,19,3392
07/12/16,20:44:00,19,3435
07/12/16,20:45:00,18,76123
07/12/16,20:46:00,5,849482
07/12/16,20:47:00,0
07/12/16,20:48:00,0
07/12/16,20:49:00,0
07/12/16,20:50:00,0
07/12/16,20:51:00,0
07/12/16,20:52:00,0
07/12/16,20:53:00,0
07/12/16,20:54:00,8,56677
07/12/16,20:55:00,15,52039
07/12/16,20:56:00,18,17879
07/12/16,20:57:00,17,63469
07/12/16,20:58:00,18,46212
07/12/16,20:59:00,18,51009
07/12/16,21:00:00,18,31774
07/12/16,21:01:00,18,74419
07/12/16,21:02:00,19,24334
07/12/16,21:03:00,18,94574
07/12/16,21:04:00,20,25528
07/12/16,21:05:00,18,82094
07/12/16,21:06:00,17,94011
07/12/16,21:07:00,18,48683
07/12/16,21:08:00,18,37441
07/12/16,21:09:00,18,59131
07/12/16,21:10:00,19,4956
07/12/16,21:11:00,18,35033
07/12/16,21:12:00,18,44264
07/12/16,21:13:00,17,54938
07/12/16,21:14:00,19,65944
07/12/16,21:15:00,19,67783
07/12/16,21:16:00,18,38194
07/12/16,21:17:00,17,22261
07/12/16,21:18:00,18,22762
07/12/16,21:19:00,18,62095
07/12/16,21:20:00,18,26619
07/12/16,21:21:00,18,06507
07/12/16,21:22:00,19,07828
07/12/16,21:23:00,19,4576
07/12/16,21:24:00,18,30523
07/12/16,21:25:00,18,8246
07/12/16,21:26:00,19,39368
07/12/16,21:27:00,19,76841
07/12/16,21:28:00,19,59673
07/12/16,21:29:00,6,623347
07/12/16,21:30:00,0
07/12/16,21:31:00,0
07/12/16,21:32:00,0
07/12/16,21:33:00,0
07/12/16,21:34:00,0
07/12/16,21:35:00,0
07/12/16,21:36:00,0
07/12/16,21:37:00,0
07/12/16,21:38:00,0
07/12/16,21:39:00,0
07/12/16,21:40:00,0
07/12/16,21:41:00,0
07/12/16,21:42:00,0
07/12/16,21:43:00,0
07/12/16,21:44:00,0
07/12/16,21:45:00,0
07/12/16,21:46:00,0
07/12/16,21:47:00,0
07/12/16,21:48:00,0
07/12/16,21:49:00,0
07/12/16,21:50:00,0
07/12/16,21:51:00,0
07/12/16,21:52:00,0
07/12/16,21:53:00,0
07/12/16,21:54:00,0
07/12/16,21:55:00,0
07/12/16,21:56:00,0
07/12/16,21:57:00,0
07/12/16,21:58:00,0
07/12/16,21:59:00,0
07/12/16,22:00:00,0
07/12/16,22:01:00,0
07/12/16,22:02:00,0
07/12/16,22:03:00,0
07/12/16,22:04:00,0
07/12/16,22:05:00,0
07/12/16,22:06:00,0
07/12/16,22:07:00,0
07/12/16,22:08:00,0
07/12/16,22:09:00,0
07/12/16,22:10:00,0
07/12/16,22:11:00,0
07/12/16,22:12:00,3,438384
07/12/16,22:13:00,15,27835
07/12/16,22:14:00,13,8871
07/12/16,22:15:00,1,676059
07/12/16,22:16:00,0
07/12/16,22:17:00,0
07/12/16,22:18:00,0
07/12/16,22:19:00,10,20559
07/12/16,22:20:00,18,93784
07/12/16,22:21:00,13,30758
07/12/16,22:22:00,11,94789
07/12/16,22:23:00,16,19499
07/12/16,22:24:00,16,50162
07/12/16,22:25:00,17,92034
07/12/16,22:26:00,18,04461
07/12/16,22:27:00,17,86615
07/12/16,22:28:00,17,62792
07/12/16,22:29:00,17,94672
07/12/16,22:30:00,17,79121
07/12/16,22:31:00,17,84647
07/12/16,22:32:00,18,24413
07/12/16,22:33:00,17,7172
07/12/16,22:34:00,17,73806
07/12/16,22:35:00,17,64852
07/12/16,22:36:00,17,74315
07/12/16,22:37:00,16,73641
07/12/16,22:38:00,16,57088
07/12/16,22:39:00,17,36801
07/12/16,22:40:00,17,46341
07/12/16,22:41:00,17,8932
07/12/16,22:42:00,17,92331
07/12/16,22:43:00,17,43777
07/12/16,22:44:00,16,84307
07/12/16,22:45:00,16,22877
07/12/16,22:46:00,16,49626
07/12/16,22:47:00,17,8232
07/12/16,22:48:00,17,82517
07/12/16,22:49:00,17,20921
07/12/16,22:50:00,17,15059
07/12/16,22:51:00,18,38933
07/12/16,22:52:00,17,65557
07/12/16,22:53:00,17,58912
07/12/16,22:54:00,17,07828
07/12/16,22:55:00,17,94751
07/12/16,22:56:00,19,35952
07/12/16,22:57:00,18,12711
07/12/16,22:58:00,17,22937
07/12/16,22:59:00,18,02338
07/12/16,23:00:00,18,28467
07/12/16,23:01:00,18,36337
07/12/16,23:02:00,16,12026
07/12/16,23:03:00,16,6708
07/12/16,23:04:00,16,89307
07/12/16,23:05:00,16,97667
07/12/16,23:06:00,17,01787
07/12/16,23:07:00,17,53958
07/12/16,23:08:00,17,16428
07/12/16,23:09:00,17,5809
07/12/16,23:10:00,16,8675
07/12/16,23:11:00,18,17609
07/12/16,23:12:00,17,02608
07/12/16,23:13:00,16,30457
07/12/16,23:14:00,16,30189
07/12/16,23:15:00,18,01851
07/12/16,23:16:00,17,68121
07/12/16,23:17:00,17,01682
07/12/16,23:18:00,17,6971
07/12/16,23:19:00,17,10165
07/12/16,23:20:00,16,69548
07/12/16,23:21:00,16,66545
07/12/16,23:22:00,17,48743
07/12/16,23:23:00,17,58863
07/12/16,23:24:00,17,11351
07/12/16,23:25:00,17,05356
07/12/16,23:26:00,16,74112
07/12/16,23:27:00,15,77908
07/12/16,23:28:00,16,69465
07/12/16,23:29:00,17,58543
07/12/16,23:30:00,17,77622
07/12/16,23:31:00,17,52505
07/12/16,23:32:00,18,43589
07/12/16,23:33:00,18,45161
07/12/16,23:34:00,16,59994
07/12/16,23:35:00,16,61677
07/12/16,23:36:00,16,44578
07/12/16,23:37:00,16,09257
07/12/16,23:38:00,17,06749
07/12/16,23:39:00,17,43404
07/12/16,23:40:00,15,17683
07/12/16,23:41:00,14,06913
07/12/16,23:42:00,8,350937
07/12/16,23:43:00,0
07/12/16,23:44:00,0
07/12/16,23:45:00,0
07/12/16,23:46:00,0
07/12/16,23:47:00,0
07/12/16,23:48:00,0
07/12/16,23:49:00,0
07/12/16,23:50:00,0
07/12/16,23:51:00,0
07/12/16,23:52:00,0
07/12/16,23:53:00,0
07/12/16,23:54:00,3,741559
07/12/16,23:55:00,15,07591
07/12/16,23:56:00,17,22623
07/12/16,23:57:00,16,91005
07/12/16,23:58:00,17,24061
07/12/16,23:59:00,17,34474
07/13/16,00:00:00,17,63867
07/13/16,00:01:00,17,35763
07/13/16,00:02:00,16,59496
07/13/16,00:03:00,17,13634
07/13/16,00:04:00,18,00624
07/13/16,00:05:00,18,10294
07/13/16,00:06:00,18,36008
07/13/16,00:07:00,17,26362
07/13/16,00:08:00,16,94019
07/13/16,00:09:00,16,82418
07/13/16,00:10:00,16,79743
07/13/16,00:11:00,17,25508
07/13/16,00:12:00,17,66027
07/13/16,00:13:00,17,6803
07/13/16,00:14:00,17,62668
07/13/16,00:15:00,17,72168
07/13/16,00:16:00,16,99839
07/13/16,00:17:00,17,11243
07/13/16,00:18:00,17,16603
07/13/16,00:19:00,17,12867
07/13/16,00:20:00,17,33503
07/13/16,00:21:00,17,131
07/13/16,00:22:00,17,87643
07/13/16,00:23:00,17,74196
07/13/16,00:24:00,17,56146
07/13/16,00:25:00,17,71464
07/13/16,00:26:00,17,02998
07/13/16,00:27:00,17,44831
07/13/16,00:28:00,17,87524
07/13/16,00:29:00,17,70479
07/13/16,00:30:00,16,99528
07/13/16,00:31:00,16,94799
07/13/16,00:32:00,17,75654
07/13/16,00:33:00,16,38707
07/13/16,00:34:00,17,0649
07/13/16,00:35:00,16,98997
07/13/16,00:36:00,17,65627
07/13/16,00:37:00,17,55678
07/13/16,00:38:00,16,64264
07/13/16,00:39:00,16,47893
07/13/16,00:40:00,16,54954
07/13/16,00:41:00,16,85098
07/13/16,00:42:00,16,98841
07/13/16,00:43:00,17,62863
07/13/16,00:44:00,17,58571
07/13/16,00:45:00,16,71715
07/13/16,00:46:00,17,14473
07/13/16,00:47:00,16,78312
07/13/16,00:48:00,17,42197
07/13/16,00:49:00,17,43547
07/13/16,00:50:00,17,91979
07/13/16,00:51:00,17,74139
07/13/16,00:52:00,16,08107
07/13/16,00:53:00,16,49455
07/13/16,00:54:00,17,88064
07/13/16,00:55:00,17,16148
07/13/16,00:56:00,16,86645
07/13/16,00:57:00,17,37057
07/13/16,00:58:00,16,92525
07/13/16,00:59:00,16,26109
07/13/16,01:00:00,16,31218
07/13/16,01:01:00,16,56458
07/13/16,01:02:00,17,1537
07/13/16,01:03:00,17,92943
07/13/16,01:04:00,16,5304
07/13/16,01:05:00,16,62828
07/13/16,01:06:00,16,41699
07/13/16,01:07:00,16,84793
07/13/16,01:08:00,16,92325
07/13/16,01:09:00,17,32239
07/13/16,01:10:00,17,87117
07/13/16,01:11:00,16,4718
07/13/16,01:12:00,16,85282
07/13/16,01:13:00,18,25314
07/13/16,01:14:00,17,53112
07/13/16,01:15:00,16,88694
07/13/16,01:16:00,17,00188
07/13/16,01:17:00,17,15373
07/13/16,01:18:00,16,36297
07/13/16,01:19:00,16,62277
07/13/16,01:20:00,17,80513
07/13/16,01:21:00,18,53262
07/13/16,01:22:00,18,18467
07/13/16,01:23:00,16,11618
07/13/16,01:24:00,17,63791
07/13/16,01:25:00,17,54228
07/13/16,01:26:00,17,45713
07/13/16,01:27:00,17,02967
07/13/16,01:28:00,16,33386
07/13/16,01:29:00,17,87027
07/13/16,01:30:00,17,16621
07/13/16,01:31:00,16,29002
07/13/16,01:32:00,17,70794
07/13/16,01:33:00,17,31697
07/13/16,01:34:00,17,35707
07/13/16,01:35:00,17,39537
07/13/16,01:36:00,18,39046
07/13/16,01:37:00,17,17666
07/13/16,01:38:00,16,98386
07/13/16,01:39:00,16,69572
07/13/16,01:40:00,17,18224
07/13/16,01:41:00,18,15876
07/13/16,01:42:00,18,5994
07/13/16,01:43:00,19,88796
07/13/16,01:44:00,19,30257
07/13/16,01:45:00,18,15373
07/13/16,01:46:00,17,97728
07/13/16,01:47:00,17,92611
07/13/16,01:48:00,18,43444
07/13/16,01:49:00,18,87457
07/13/16,01:50:00,18,41873
07/13/16,01:51:00,17,71343
07/13/16,01:52:00,18,53617
07/13/16,01:53:00,18,31958
07/13/16,01:54:00,17,37754
07/13/16,01:55:00,17,10188
07/13/16,01:56:00,17,21173
07/13/16,01:57:00,17,41998
07/13/16,01:58:00,15,04491
07/13/16,01:59:00,3,24175
07/13/16,02:00:00,0
07/13/16,02:01:00,0
07/13/16,02:02:00,0
07/13/16,02:03:00,0
07/13/16,02:04:00,0
07/13/16,02:05:00,0
07/13/16,02:06:00,0
07/13/16,02:07:00,0
07/13/16,02:08:00,0
07/13/16,02:09:00,9,800436
07/13/16,02:10:00,17,06518
07/13/16,02:11:00,17,34248
07/13/16,02:12:00,17,76379
07/13/16,02:13:00,17,94615
07/13/16,02:14:00,17,54094
07/13/16,02:15:00,17,47398
07/13/16,02:16:00,18,49957
07/13/16,02:17:00,17,62067
07/13/16,02:18:00,18,16895
07/13/16,02:19:00,18,63472
07/13/16,02:20:00,18,31802
07/13/16,02:21:00,17,36723
07/13/16,02:22:00,17,61534
07/13/16,02:23:00,17,4131
07/13/16,02:24:00,17,84483
07/13/16,02:25:00,18,47181
07/13/16,02:26:00,18,61801
07/13/16,02:27:00,17,76421
07/13/16,02:28:00,16,19141
07/13/16,02:29:00,16,5733
07/13/16,02:30:00,16,58972
07/13/16,02:31:00,17,71733
07/13/16,02:32:00,18,42035
07/13/16,02:33:00,17,72829
07/13/16,02:34:00,17,32287
07/13/16,02:35:00,17,60424
07/13/16,02:36:00,17,90171
07/13/16,02:37:00,18,09344
07/13/16,02:38:00,17,20108
07/13/16,02:39:00,17,8754
07/13/16,02:40:00,17,68456
07/13/16,02:41:00,16,77831
07/13/16,02:42:00,17,54961
07/13/16,02:43:00,18,55095
07/13/16,02:44:00,17,64094
07/13/16,02:45:00,16,74066
07/13/16,02:46:00,17,86977
07/13/16,02:47:00,17,69987
07/13/16,02:48:00,16,12369
07/13/16,02:49:00,17,05919
07/13/16,02:50:00,17,15536
07/13/16,02:51:00,17,56261
07/13/16,02:52:00,18,31091
07/13/16,02:53:00,18,34577
07/13/16,02:54:00,17,8301
07/13/16,02:55:00,18,55001
07/13/16,02:56:00,17,28737
07/13/16,02:57:00,17,73092
07/13/16,02:58:00,17,3161
07/13/16,02:59:00,19,0086
07/13/16,03:00:00,18,22538
07/13/16,03:01:00,18,72055
07/13/16,03:02:00,18,10002
07/13/16,03:03:00,18,56828
07/13/16,03:04:00,18,03845
07/13/16,03:05:00,18,35711
07/13/16,03:06:00,17,9051
07/13/16,03:07:00,17,95487
07/13/16,03:08:00,17,95583
07/13/16,03:09:00,17,38119
07/13/16,03:10:00,17,81036
07/13/16,03:11:00,16,7199
07/13/16,03:12:00,17,32903
07/13/16,03:13:00,19,04571
07/13/16,03:14:00,18,68799
07/13/16,03:15:00,18,52078
07/13/16,03:16:00,19,18333
07/13/16,03:17:00,18,34203
07/13/16,03:18:00,18,26806
07/13/16,03:19:00,17,10902
07/13/16,03:20:00,16,24977
07/13/16,03:21:00,13,76186
07/13/16,03:22:00,5,09147
07/13/16,03:23:00,0
07/13/16,03:24:00,0
07/13/16,03:25:00,0
07/13/16,03:26:00,0
07/13/16,03:27:00,0
07/13/16,03:28:00,0
07/13/16,03:29:00,9,184059
07/13/16,03:30:00,16,7497
07/13/16,03:31:00,17,00386
07/13/16,03:32:00,16,97847
07/13/16,03:33:00,17,22656
07/13/16,03:34:00,17,09353
07/13/16,03:35:00,17,39846
07/13/16,03:36:00,18,02288
07/13/16,03:37:00,18,00471
07/13/16,03:38:00,17,21626
07/13/16,03:39:00,17,73864
07/13/16,03:40:00,17,75931
07/13/16,03:41:00,15,82744
07/13/16,03:42:00,15,82368
07/13/16,03:43:00,17,8759
07/13/16,03:44:00,16,80301
07/13/16,03:45:00,15,76698
07/13/16,03:46:00,17,0992
07/13/16,03:47:00,17,36565
07/13/16,03:48:00,17,56922
07/13/16,03:49:00,17,36968
07/13/16,03:50:00,16,1665
07/13/16,03:51:00,15,99068
07/13/16,03:52:00,16,7223
07/13/16,03:53:00,17,54675
07/13/16,03:54:00,17,51096
07/13/16,03:55:00,17,56179
07/13/16,03:56:00,17,00698
07/13/16,03:57:00,17,59141
07/13/16,03:58:00,16,79836
07/13/16,03:59:00,17,0761
07/13/16,04:00:00,17,34708
07/13/16,04:01:00,18,43274
07/13/16,04:02:00,17,36423
07/13/16,04:03:00,16,8233
07/13/16,04:04:00,15,31709
07/13/16,04:05:00,13,51088
07/13/16,04:06:00,1,966046
07/13/16,04:07:00,0
07/13/16,04:08:00,0
07/13/16,04:09:00,0
07/13/16,04:10:00,0
07/13/16,04:11:00,0
07/13/16,04:12:00,0
07/13/16,04:13:00,0
07/13/16,04:14:00,0
07/13/16,04:15:00,6,946405
07/13/16,04:16:00,11,45945
07/13/16,04:17:00,14,21645
07/13/16,04:18:00,16,30023
07/13/16,04:19:00,16,58019
07/13/16,04:20:00,17,47963
07/13/16,04:21:00,17,18843
07/13/16,04:22:00,16,55875
07/13/16,04:23:00,16,88203
07/13/16,04:24:00,16,47664
07/13/16,04:25:00,16,60151
07/13/16,04:26:00,16,87566
07/13/16,04:27:00,15,72669
07/13/16,04:28:00,15,88686
07/13/16,04:29:00,14,84299
07/13/16,04:30:00,15,11925
07/13/16,04:31:00,16,71099
07/13/16,04:32:00,16,64116
07/13/16,04:33:00,16,48689
07/13/16,04:34:00,16,63931
07/13/16,04:35:00,16,73964
07/13/16,04:36:00,16,85753
07/13/16,04:37:00,16,39684
07/13/16,04:38:00,16,08009
07/13/16,04:39:00,16,46783
07/13/16,04:40:00,15,65412
07/13/16,04:41:00,15,99863
07/13/16,04:42:00,17,27415
07/13/16,04:43:00,16,01985
07/13/16,04:44:00,16,94403
07/13/16,04:45:00,16,15978
07/13/16,04:46:00,16,53522
07/13/16,04:47:00,14,91126
07/13/16,04:48:00,16,09335
07/13/16,04:49:00,16,00157
07/13/16,04:50:00,15,31373
07/13/16,04:51:00,15,78356
07/13/16,04:52:00,15,98087
07/13/16,04:53:00,15,81351
07/13/16,04:54:00,16,16986
07/13/16,04:55:00,17,53405
07/13/16,04:56:00,17,04605
07/13/16,04:57:00,16,26573
07/13/16,04:58:00,16,84064
07/13/16,04:59:00,17,62042
07/13/16,05:00:00,17,00953
07/13/16,05:01:00,18,01593
07/13/16,05:02:00,17,49882
07/13/16,05:03:00,17,4133
07/13/16,05:04:00,16,87292
07/13/16,05:05:00,16,72116
07/13/16,05:06:00,16,8809
07/13/16,05:07:00,16,98171
07/13/16,05:08:00,17,19698
07/13/16,05:09:00,17,19111
07/13/16,05:10:00,17,56433
07/13/16,05:11:00,16,68399
07/13/16,05:12:00,16,95727
07/13/16,05:13:00,17,29528
07/13/16,05:14:00,16,60083
07/13/16,05:15:00,16,84689
07/13/16,05:16:00,15,02685
07/13/16,05:17:00,15,47028
07/13/16,05:18:00,15,63616
07/13/16,05:19:00,16,9512
07/13/16,05:20:00,17,24725
07/13/16,05:21:00,17,21972
07/13/16,05:22:00,16,38121
07/13/16,05:23:00,15,90419
07/13/16,05:24:00,15,26048
07/13/16,05:25:00,16,55026
07/13/16,05:26:00,16,82375
07/13/16,05:27:00,16,24934
07/13/16,05:28:00,17,17913
07/13/16,05:29:00,16,53504
07/13/16,05:30:00,14,86036
07/13/16,05:31:00,15,80583
07/13/16,05:32:00,16,37427
07/13/16,05:33:00,15,47355
07/13/16,05:34:00,16,40667
07/13/16,05:35:00,16,87789
07/13/16,05:36:00,17,37977
07/13/16,05:37:00,17,1036
07/13/16,05:38:00,17,20098
07/13/16,05:39:00,5,835669
07/13/16,05:40:00,0
07/13/16,05:41:00,0
07/13/16,05:42:00,0
07/13/16,05:43:00,0
07/13/16,05:44:00,0
07/13/16,05:45:00,0
07/13/16,05:46:00,0
07/13/16,05:47:00,0
07/13/16,05:48:00,0
07/13/16,05:49:00,0
07/13/16,05:50:00,0
07/13/16,05:51:00,0
07/13/16,05:52:00,0
07/13/16,05:53:00,0
07/13/16,05:54:00,0
07/13/16,05:55:00,0
07/13/16,05:56:00,0
07/13/16,05:57:00,0
07/13/16,05:58:00,0
07/13/16,05:59:00,0
07/13/16,06:00:00,0
07/13/16,06:01:00,0
07/13/16,06:02:00,0
07/13/16,06:03:00,0
07/13/16,06:04:00,0
07/13/16,06:05:00,0
07/13/16,06:06:00,0
07/13/16,06:07:00,0
07/13/16,06:08:00,0
07/13/16,06:09:00,0
07/13/16,06:10:00,0
07/13/16,06:11:00,0
07/13/16,06:12:00,0
07/13/16,06:13:00,0
07/13/16,06:14:00,0
07/13/16,06:15:00,0
07/13/16,06:16:00,0
07/13/16,06:17:00,0
07/13/16,06:18:00,0
07/13/16,06:19:00,0
07/13/16,06:20:00,0
07/13/16,06:21:00,0
07/13/16,06:22:00,0
07/13/16,06:23:00,0
07/13/16,06:24:00,0
07/13/16,06:25:00,0
07/13/16,06:26:00,0
07/13/16,06:27:00,6,916388
07/13/16,06:28:00,14,9357
07/13/16,06:29:00,17,76815
07/13/16,06:30:00,17,304
07/13/16,06:31:00,17,35407
07/13/16,06:32:00,18,99337
07/13/16,06:33:00,17,23628
07/13/16,06:34:00,17,9097
07/13/16,06:35:00,18,87075
07/13/16,06:36:00,18,98412
07/13/16,06:37:00,19,53251
07/13/16,06:38:00,19,61482
07/13/16,06:39:00,18,65434
07/13/16,06:40:00,19,0701
07/13/16,06:41:00,18,81298
07/13/16,06:42:00,18,70293
07/13/16,06:43:00,18,54326
07/13/16,06:44:00,17,9678
07/13/16,06:45:00,18,75738
07/13/16,06:46:00,18,78857
07/13/16,06:47:00,19,16142
07/13/16,06:48:00,19,76123
07/13/16,06:49:00,19,77634
07/13/16,06:50:00,19,08287
07/13/16,06:51:00,19,12582
07/13/16,06:52:00,17,82222
07/13/16,06:53:00,17,24661
07/13/16,06:54:00,18,65697
07/13/16,06:55:00,18,59405
07/13/16,06:56:00,18,0001
07/13/16,06:57:00,17,86401
07/13/16,06:58:00,18,52924
07/13/16,06:59:00,18,95541
07/13/16,07:00:00,19,39199
07/13/16,07:01:00,18,45839
07/13/16,07:02:00,18,18163
07/13/16,07:03:00,17,0532
07/13/16,07:04:00,17,48265
07/13/16,07:05:00,17,22034
07/13/16,07:06:00,17,22675
07/13/16,07:07:00,17,47241
07/13/16,07:08:00,18,01165
07/13/16,07:09:00,17,99219
07/13/16,07:10:00,18,38074
07/13/16,07:11:00,17,52723
07/13/16,07:12:00,17,43946
07/13/16,07:13:00,18,08035
07/13/16,07:14:00,19,08393
07/13/16,07:15:00,18,51575
07/13/16,07:16:00,18,13473
07/13/16,07:17:00,18,31877
07/13/16,07:18:00,17,77633
07/13/16,07:19:00,17,27162
07/13/16,07:20:00,18,64649
07/13/16,07:21:00,18,51383
07/13/16,07:22:00,18,7595
07/13/16,07:23:00,18,81568
07/13/16,07:24:00,19,49872
07/13/16,07:25:00,19,35026
07/13/16,07:26:00,17,85485
07/13/16,07:27:00,17,71524
07/13/16,07:28:00,17,88496
07/13/16,07:29:00,17,71121
07/13/16,07:30:00,18,03761
07/13/16,07:31:00,17,31353
07/13/16,07:32:00,16,04399
07/13/16,07:33:00,15,68123
07/13/16,07:34:00,16,06495
07/13/16,07:35:00,16,61654
07/13/16,07:36:00,16,12187
07/13/16,07:37:00,15,25814
07/13/16,07:38:00,16,33993
07/13/16,07:39:00,16,9939
07/13/16,07:40:00,15,66688
07/13/16,07:41:00,15,73732
07/13/16,07:42:00,16,27332
07/13/16,07:43:00,15,91138
07/13/16,07:44:00,16,14649
07/13/16,07:45:00,17,19235
07/13/16,07:46:00,16,94402
07/13/16,07:47:00,16,2542
07/13/16,07:48:00,17,06343
07/13/16,07:49:00,16,20173
07/13/16,07:50:00,15,83488
07/13/16,07:51:00,16,63394
07/13/16,07:52:00,16,1398
07/13/16,07:53:00,15,58239
07/13/16,07:54:00,15,6524
07/13/16,07:55:00,16,2312
07/13/16,07:56:00,15,38928
07/13/16,07:57:00,15,32279
07/13/16,07:58:00,15,60964
07/13/16,07:59:00,15,01742
07/13/16,08:00:00,15,22085
